CRITICAL - 2025-10-10 11:30:38 --> CodeIgniter\Filters\Exceptions\FilterException: "role" filter must have a matching alias defined.
[Method: GET, Route: student/enrollments]
in SYSTEMPATH\Filters\Filters.php on line 590.
 1 SYSTEMPATH\Filters\Filters.php(590): CodeIgniter\Filters\Exceptions\FilterException::forNoAlias('role')
 2 SYSTEMPATH\Filters\Filters.php(641): CodeIgniter\Filters\Filters->enableFilter('role:student', 'before')
 3 SYSTEMPATH\CodeIgniter.php(467): CodeIgniter\Filters\Filters->enableFilters([...], 'before')
 4 SYSTEMPATH\CodeIgniter.php(354): CodeIgniter\CodeIgniter->handleRequest(null, Object(Config\Cache), false)
 5 SYSTEMPATH\Boot.php(363): CodeIgniter\CodeIgniter->run()
 6 SYSTEMPATH\Boot.php(68): CodeIgniter\Boot::runCodeIgniter(Object(CodeIgniter\CodeIgniter))
 7 FCPATH\index.php(59): CodeIgniter\Boot::bootWeb(Object(Config\Paths))
 8 SYSTEMPATH\rewrite.php(44): require_once('C:\\xampp\\htdocs\\ITE311-CASTILLO\\public\\index.php')
CRITICAL - 2025-10-10 11:30:42 --> CodeIgniter\Filters\Exceptions\FilterException: "role" filter must have a matching alias defined.
[Method: GET, Route: student/enrollments]
in SYSTEMPATH\Filters\Filters.php on line 590.
 1 SYSTEMPATH\Filters\Filters.php(590): CodeIgniter\Filters\Exceptions\FilterException::forNoAlias('role')
 2 SYSTEMPATH\Filters\Filters.php(641): CodeIgniter\Filters\Filters->enableFilter('role:student', 'before')
 3 SYSTEMPATH\CodeIgniter.php(467): CodeIgniter\Filters\Filters->enableFilters([...], 'before')
 4 SYSTEMPATH\CodeIgniter.php(354): CodeIgniter\CodeIgniter->handleRequest(null, Object(Config\Cache), false)
 5 SYSTEMPATH\Boot.php(363): CodeIgniter\CodeIgniter->run()
 6 SYSTEMPATH\Boot.php(68): CodeIgniter\Boot::runCodeIgniter(Object(CodeIgniter\CodeIgniter))
 7 FCPATH\index.php(59): CodeIgniter\Boot::bootWeb(Object(Config\Paths))
 8 SYSTEMPATH\rewrite.php(44): require_once('C:\\xampp\\htdocs\\ITE311-CASTILLO\\public\\index.php')
CRITICAL - 2025-10-10 11:30:43 --> CodeIgniter\Filters\Exceptions\FilterException: "role" filter must have a matching alias defined.
[Method: GET, Route: student/grades]
in SYSTEMPATH\Filters\Filters.php on line 590.
 1 SYSTEMPATH\Filters\Filters.php(590): CodeIgniter\Filters\Exceptions\FilterException::forNoAlias('role')
 2 SYSTEMPATH\Filters\Filters.php(641): CodeIgniter\Filters\Filters->enableFilter('role:student', 'before')
 3 SYSTEMPATH\CodeIgniter.php(467): CodeIgniter\Filters\Filters->enableFilters([...], 'before')
 4 SYSTEMPATH\CodeIgniter.php(354): CodeIgniter\CodeIgniter->handleRequest(null, Object(Config\Cache), false)
 5 SYSTEMPATH\Boot.php(363): CodeIgniter\CodeIgniter->run()
 6 SYSTEMPATH\Boot.php(68): CodeIgniter\Boot::runCodeIgniter(Object(CodeIgniter\CodeIgniter))
 7 FCPATH\index.php(59): CodeIgniter\Boot::bootWeb(Object(Config\Paths))
 8 SYSTEMPATH\rewrite.php(44): require_once('C:\\xampp\\htdocs\\ITE311-CASTILLO\\public\\index.php')
CRITICAL - 2025-10-10 11:30:45 --> CodeIgniter\Filters\Exceptions\FilterException: "role" filter must have a matching alias defined.
[Method: GET, Route: student/grades]
in SYSTEMPATH\Filters\Filters.php on line 590.
 1 SYSTEMPATH\Filters\Filters.php(590): CodeIgniter\Filters\Exceptions\FilterException::forNoAlias('role')
 2 SYSTEMPATH\Filters\Filters.php(641): CodeIgniter\Filters\Filters->enableFilter('role:student', 'before')
 3 SYSTEMPATH\CodeIgniter.php(467): CodeIgniter\Filters\Filters->enableFilters([...], 'before')
 4 SYSTEMPATH\CodeIgniter.php(354): CodeIgniter\CodeIgniter->handleRequest(null, Object(Config\Cache), false)
 5 SYSTEMPATH\Boot.php(363): CodeIgniter\CodeIgniter->run()
 6 SYSTEMPATH\Boot.php(68): CodeIgniter\Boot::runCodeIgniter(Object(CodeIgniter\CodeIgniter))
 7 FCPATH\index.php(59): CodeIgniter\Boot::bootWeb(Object(Config\Paths))
 8 SYSTEMPATH\rewrite.php(44): require_once('C:\\xampp\\htdocs\\ITE311-CASTILLO\\public\\index.php')
CRITICAL - 2025-10-10 11:30:46 --> CodeIgniter\Filters\Exceptions\FilterException: "role" filter must have a matching alias defined.
[Method: GET, Route: student/enrollments]
in SYSTEMPATH\Filters\Filters.php on line 590.
 1 SYSTEMPATH\Filters\Filters.php(590): CodeIgniter\Filters\Exceptions\FilterException::forNoAlias('role')
 2 SYSTEMPATH\Filters\Filters.php(641): CodeIgniter\Filters\Filters->enableFilter('role:student', 'before')
 3 SYSTEMPATH\CodeIgniter.php(467): CodeIgniter\Filters\Filters->enableFilters([...], 'before')
 4 SYSTEMPATH\CodeIgniter.php(354): CodeIgniter\CodeIgniter->handleRequest(null, Object(Config\Cache), false)
 5 SYSTEMPATH\Boot.php(363): CodeIgniter\CodeIgniter->run()
 6 SYSTEMPATH\Boot.php(68): CodeIgniter\Boot::runCodeIgniter(Object(CodeIgniter\CodeIgniter))
 7 FCPATH\index.php(59): CodeIgniter\Boot::bootWeb(Object(Config\Paths))
 8 SYSTEMPATH\rewrite.php(44): require_once('C:\\xampp\\htdocs\\ITE311-CASTILLO\\public\\index.php')
CRITICAL - 2025-10-10 11:30:47 --> CodeIgniter\Filters\Exceptions\FilterException: "role" filter must have a matching alias defined.
[Method: GET, Route: student/enrollments]
in SYSTEMPATH\Filters\Filters.php on line 590.
 1 SYSTEMPATH\Filters\Filters.php(590): CodeIgniter\Filters\Exceptions\FilterException::forNoAlias('role')
 2 SYSTEMPATH\Filters\Filters.php(641): CodeIgniter\Filters\Filters->enableFilter('role:student', 'before')
 3 SYSTEMPATH\CodeIgniter.php(467): CodeIgniter\Filters\Filters->enableFilters([...], 'before')
 4 SYSTEMPATH\CodeIgniter.php(354): CodeIgniter\CodeIgniter->handleRequest(null, Object(Config\Cache), false)
 5 SYSTEMPATH\Boot.php(363): CodeIgniter\CodeIgniter->run()
 6 SYSTEMPATH\Boot.php(68): CodeIgniter\Boot::runCodeIgniter(Object(CodeIgniter\CodeIgniter))
 7 FCPATH\index.php(59): CodeIgniter\Boot::bootWeb(Object(Config\Paths))
 8 SYSTEMPATH\rewrite.php(44): require_once('C:\\xampp\\htdocs\\ITE311-CASTILLO\\public\\index.php')
CRITICAL - 2025-10-10 11:30:48 --> CodeIgniter\Filters\Exceptions\FilterException: "role" filter must have a matching alias defined.
[Method: GET, Route: student/grades]
in SYSTEMPATH\Filters\Filters.php on line 590.
 1 SYSTEMPATH\Filters\Filters.php(590): CodeIgniter\Filters\Exceptions\FilterException::forNoAlias('role')
 2 SYSTEMPATH\Filters\Filters.php(641): CodeIgniter\Filters\Filters->enableFilter('role:student', 'before')
 3 SYSTEMPATH\CodeIgniter.php(467): CodeIgniter\Filters\Filters->enableFilters([...], 'before')
 4 SYSTEMPATH\CodeIgniter.php(354): CodeIgniter\CodeIgniter->handleRequest(null, Object(Config\Cache), false)
 5 SYSTEMPATH\Boot.php(363): CodeIgniter\CodeIgniter->run()
 6 SYSTEMPATH\Boot.php(68): CodeIgniter\Boot::runCodeIgniter(Object(CodeIgniter\CodeIgniter))
 7 FCPATH\index.php(59): CodeIgniter\Boot::bootWeb(Object(Config\Paths))
 8 SYSTEMPATH\rewrite.php(44): require_once('C:\\xampp\\htdocs\\ITE311-CASTILLO\\public\\index.php')
CRITICAL - 2025-10-10 11:30:49 --> CodeIgniter\Filters\Exceptions\FilterException: "role" filter must have a matching alias defined.
[Method: GET, Route: student/enrollments]
in SYSTEMPATH\Filters\Filters.php on line 590.
 1 SYSTEMPATH\Filters\Filters.php(590): CodeIgniter\Filters\Exceptions\FilterException::forNoAlias('role')
 2 SYSTEMPATH\Filters\Filters.php(641): CodeIgniter\Filters\Filters->enableFilter('role:student', 'before')
 3 SYSTEMPATH\CodeIgniter.php(467): CodeIgniter\Filters\Filters->enableFilters([...], 'before')
 4 SYSTEMPATH\CodeIgniter.php(354): CodeIgniter\CodeIgniter->handleRequest(null, Object(Config\Cache), false)
 5 SYSTEMPATH\Boot.php(363): CodeIgniter\CodeIgniter->run()
 6 SYSTEMPATH\Boot.php(68): CodeIgniter\Boot::runCodeIgniter(Object(CodeIgniter\CodeIgniter))
 7 FCPATH\index.php(59): CodeIgniter\Boot::bootWeb(Object(Config\Paths))
 8 SYSTEMPATH\rewrite.php(44): require_once('C:\\xampp\\htdocs\\ITE311-CASTILLO\\public\\index.php')
CRITICAL - 2025-10-10 11:30:51 --> CodeIgniter\Filters\Exceptions\FilterException: "role" filter must have a matching alias defined.
[Method: GET, Route: student/enrollments]
in SYSTEMPATH\Filters\Filters.php on line 590.
 1 SYSTEMPATH\Filters\Filters.php(590): CodeIgniter\Filters\Exceptions\FilterException::forNoAlias('role')
 2 SYSTEMPATH\Filters\Filters.php(641): CodeIgniter\Filters\Filters->enableFilter('role:student', 'before')
 3 SYSTEMPATH\CodeIgniter.php(467): CodeIgniter\Filters\Filters->enableFilters([...], 'before')
 4 SYSTEMPATH\CodeIgniter.php(354): CodeIgniter\CodeIgniter->handleRequest(null, Object(Config\Cache), false)
 5 SYSTEMPATH\Boot.php(363): CodeIgniter\CodeIgniter->run()
 6 SYSTEMPATH\Boot.php(68): CodeIgniter\Boot::runCodeIgniter(Object(CodeIgniter\CodeIgniter))
 7 FCPATH\index.php(59): CodeIgniter\Boot::bootWeb(Object(Config\Paths))
 8 SYSTEMPATH\rewrite.php(44): require_once('C:\\xampp\\htdocs\\ITE311-CASTILLO\\public\\index.php')
CRITICAL - 2025-10-10 11:32:05 --> CodeIgniter\Filters\Exceptions\FilterException: "role" filter must have a matching alias defined.
[Method: GET, Route: student/enrollments]
in SYSTEMPATH\Filters\Filters.php on line 590.
 1 SYSTEMPATH\Filters\Filters.php(590): CodeIgniter\Filters\Exceptions\FilterException::forNoAlias('role')
 2 SYSTEMPATH\Filters\Filters.php(641): CodeIgniter\Filters\Filters->enableFilter('role:student', 'before')
 3 SYSTEMPATH\CodeIgniter.php(467): CodeIgniter\Filters\Filters->enableFilters([...], 'before')
 4 SYSTEMPATH\CodeIgniter.php(354): CodeIgniter\CodeIgniter->handleRequest(null, Object(Config\Cache), false)
 5 SYSTEMPATH\Boot.php(363): CodeIgniter\CodeIgniter->run()
 6 SYSTEMPATH\Boot.php(68): CodeIgniter\Boot::runCodeIgniter(Object(CodeIgniter\CodeIgniter))
 7 FCPATH\index.php(59): CodeIgniter\Boot::bootWeb(Object(Config\Paths))
 8 SYSTEMPATH\rewrite.php(44): require_once('C:\\xampp\\htdocs\\ITE311-CASTILLO\\public\\index.php')
CRITICAL - 2025-10-10 11:32:24 --> CodeIgniter\Filters\Exceptions\FilterException: "role" filter must have a matching alias defined.
[Method: GET, Route: student/enrollments]
in SYSTEMPATH\Filters\Filters.php on line 590.
 1 SYSTEMPATH\Filters\Filters.php(590): CodeIgniter\Filters\Exceptions\FilterException::forNoAlias('role')
 2 SYSTEMPATH\Filters\Filters.php(641): CodeIgniter\Filters\Filters->enableFilter('role:student', 'before')
 3 SYSTEMPATH\CodeIgniter.php(467): CodeIgniter\Filters\Filters->enableFilters([...], 'before')
 4 SYSTEMPATH\CodeIgniter.php(354): CodeIgniter\CodeIgniter->handleRequest(null, Object(Config\Cache), false)
 5 SYSTEMPATH\Boot.php(363): CodeIgniter\CodeIgniter->run()
 6 SYSTEMPATH\Boot.php(68): CodeIgniter\Boot::runCodeIgniter(Object(CodeIgniter\CodeIgniter))
 7 FCPATH\index.php(59): CodeIgniter\Boot::bootWeb(Object(Config\Paths))
 8 SYSTEMPATH\rewrite.php(44): require_once('C:\\xampp\\htdocs\\ITE311-CASTILLO\\public\\index.php')
CRITICAL - 2025-10-10 11:32:24 --> CodeIgniter\Filters\Exceptions\FilterException: "role" filter must have a matching alias defined.
[Method: GET, Route: student/enrollments]
in SYSTEMPATH\Filters\Filters.php on line 590.
 1 SYSTEMPATH\Filters\Filters.php(590): CodeIgniter\Filters\Exceptions\FilterException::forNoAlias('role')
 2 SYSTEMPATH\Filters\Filters.php(641): CodeIgniter\Filters\Filters->enableFilter('role:student', 'before')
 3 SYSTEMPATH\CodeIgniter.php(467): CodeIgniter\Filters\Filters->enableFilters([...], 'before')
 4 SYSTEMPATH\CodeIgniter.php(354): CodeIgniter\CodeIgniter->handleRequest(null, Object(Config\Cache), false)
 5 SYSTEMPATH\Boot.php(363): CodeIgniter\CodeIgniter->run()
 6 SYSTEMPATH\Boot.php(68): CodeIgniter\Boot::runCodeIgniter(Object(CodeIgniter\CodeIgniter))
 7 FCPATH\index.php(59): CodeIgniter\Boot::bootWeb(Object(Config\Paths))
 8 SYSTEMPATH\rewrite.php(44): require_once('C:\\xampp\\htdocs\\ITE311-CASTILLO\\public\\index.php')
CRITICAL - 2025-10-10 11:32:24 --> CodeIgniter\Filters\Exceptions\FilterException: "role" filter must have a matching alias defined.
[Method: GET, Route: student/enrollments]
in SYSTEMPATH\Filters\Filters.php on line 590.
 1 SYSTEMPATH\Filters\Filters.php(590): CodeIgniter\Filters\Exceptions\FilterException::forNoAlias('role')
 2 SYSTEMPATH\Filters\Filters.php(641): CodeIgniter\Filters\Filters->enableFilter('role:student', 'before')
 3 SYSTEMPATH\CodeIgniter.php(467): CodeIgniter\Filters\Filters->enableFilters([...], 'before')
 4 SYSTEMPATH\CodeIgniter.php(354): CodeIgniter\CodeIgniter->handleRequest(null, Object(Config\Cache), false)
 5 SYSTEMPATH\Boot.php(363): CodeIgniter\CodeIgniter->run()
 6 SYSTEMPATH\Boot.php(68): CodeIgniter\Boot::runCodeIgniter(Object(CodeIgniter\CodeIgniter))
 7 FCPATH\index.php(59): CodeIgniter\Boot::bootWeb(Object(Config\Paths))
 8 SYSTEMPATH\rewrite.php(44): require_once('C:\\xampp\\htdocs\\ITE311-CASTILLO\\public\\index.php')
CRITICAL - 2025-10-10 11:34:50 --> CodeIgniter\Filters\Exceptions\FilterException: "role" filter must have a matching alias defined.
[Method: GET, Route: student/enrollments]
in SYSTEMPATH\Filters\Filters.php on line 590.
 1 SYSTEMPATH\Filters\Filters.php(590): CodeIgniter\Filters\Exceptions\FilterException::forNoAlias('role')
 2 SYSTEMPATH\Filters\Filters.php(641): CodeIgniter\Filters\Filters->enableFilter('role:student', 'before')
 3 SYSTEMPATH\CodeIgniter.php(467): CodeIgniter\Filters\Filters->enableFilters([...], 'before')
 4 SYSTEMPATH\CodeIgniter.php(354): CodeIgniter\CodeIgniter->handleRequest(null, Object(Config\Cache), false)
 5 SYSTEMPATH\Boot.php(363): CodeIgniter\CodeIgniter->run()
 6 SYSTEMPATH\Boot.php(68): CodeIgniter\Boot::runCodeIgniter(Object(CodeIgniter\CodeIgniter))
 7 FCPATH\index.php(59): CodeIgniter\Boot::bootWeb(Object(Config\Paths))
 8 SYSTEMPATH\rewrite.php(44): require_once('C:\\xampp\\htdocs\\ITE311-CASTILLO\\public\\index.php')
CRITICAL - 2025-10-10 11:34:52 --> CodeIgniter\Filters\Exceptions\FilterException: "role" filter must have a matching alias defined.
[Method: GET, Route: student/grades]
in SYSTEMPATH\Filters\Filters.php on line 590.
 1 SYSTEMPATH\Filters\Filters.php(590): CodeIgniter\Filters\Exceptions\FilterException::forNoAlias('role')
 2 SYSTEMPATH\Filters\Filters.php(641): CodeIgniter\Filters\Filters->enableFilter('role:student', 'before')
 3 SYSTEMPATH\CodeIgniter.php(467): CodeIgniter\Filters\Filters->enableFilters([...], 'before')
 4 SYSTEMPATH\CodeIgniter.php(354): CodeIgniter\CodeIgniter->handleRequest(null, Object(Config\Cache), false)
 5 SYSTEMPATH\Boot.php(363): CodeIgniter\CodeIgniter->run()
 6 SYSTEMPATH\Boot.php(68): CodeIgniter\Boot::runCodeIgniter(Object(CodeIgniter\CodeIgniter))
 7 FCPATH\index.php(59): CodeIgniter\Boot::bootWeb(Object(Config\Paths))
 8 SYSTEMPATH\rewrite.php(44): require_once('C:\\xampp\\htdocs\\ITE311-CASTILLO\\public\\index.php')
CRITICAL - 2025-10-10 11:37:38 --> ParseError: syntax error, unexpected token "<", expecting end of file
[Method: GET, Route: student/enrollments]
in APPPATH\Controllers\Student\Enrollments.php on line 30.
 1 SYSTEMPATH\Autoloader\Autoloader.php(295): CodeIgniter\Autoloader\Autoloader->includeFile('C:\\xampp\\htdocs\\ITE311-CASTILLO\\app\\Controllers\\Student\\Enrollments.php')
 2 SYSTEMPATH\Autoloader\Autoloader.php(271): CodeIgniter\Autoloader\Autoloader->loadInNamespace('App\\Controllers\\Student\\Enrollments')
 3 [internal function]: CodeIgniter\Autoloader\Autoloader->loadClass('App\\Controllers\\Student\\Enrollments')
 4 SYSTEMPATH\CodeIgniter.php(885): class_exists('\\App\\Controllers\\Student\\Enrollments', true)
 5 SYSTEMPATH\CodeIgniter.php(494): CodeIgniter\CodeIgniter->startController()
 6 SYSTEMPATH\CodeIgniter.php(354): CodeIgniter\CodeIgniter->handleRequest(null, Object(Config\Cache), false)
 7 SYSTEMPATH\Boot.php(363): CodeIgniter\CodeIgniter->run()
 8 SYSTEMPATH\Boot.php(68): CodeIgniter\Boot::runCodeIgniter(Object(CodeIgniter\CodeIgniter))
 9 FCPATH\index.php(59): CodeIgniter\Boot::bootWeb(Object(Config\Paths))
10 SYSTEMPATH\rewrite.php(44): require_once('C:\\xampp\\htdocs\\ITE311-CASTILLO\\public\\index.php')
CRITICAL - 2025-10-10 11:37:59 --> ParseError: syntax error, unexpected token "<", expecting end of file
[Method: GET, Route: student/enrollments]
in APPPATH\Controllers\Student\Enrollments.php on line 30.
 1 SYSTEMPATH\Autoloader\Autoloader.php(295): CodeIgniter\Autoloader\Autoloader->includeFile('C:\\xampp\\htdocs\\ITE311-CASTILLO\\app\\Controllers\\Student\\Enrollments.php')
 2 SYSTEMPATH\Autoloader\Autoloader.php(271): CodeIgniter\Autoloader\Autoloader->loadInNamespace('App\\Controllers\\Student\\Enrollments')
 3 [internal function]: CodeIgniter\Autoloader\Autoloader->loadClass('App\\Controllers\\Student\\Enrollments')
 4 SYSTEMPATH\CodeIgniter.php(885): class_exists('\\App\\Controllers\\Student\\Enrollments', true)
 5 SYSTEMPATH\CodeIgniter.php(494): CodeIgniter\CodeIgniter->startController()
 6 SYSTEMPATH\CodeIgniter.php(354): CodeIgniter\CodeIgniter->handleRequest(null, Object(Config\Cache), false)
 7 SYSTEMPATH\Boot.php(363): CodeIgniter\CodeIgniter->run()
 8 SYSTEMPATH\Boot.php(68): CodeIgniter\Boot::runCodeIgniter(Object(CodeIgniter\CodeIgniter))
 9 FCPATH\index.php(59): CodeIgniter\Boot::bootWeb(Object(Config\Paths))
10 SYSTEMPATH\rewrite.php(44): require_once('C:\\xampp\\htdocs\\ITE311-CASTILLO\\public\\index.php')
CRITICAL - 2025-10-10 11:41:24 --> ParseError: syntax error, unexpected token "<", expecting end of file
[Method: GET, Route: student/enrollments]
in APPPATH\Controllers\Student\Enrollments.php on line 30.
 1 SYSTEMPATH\Autoloader\Autoloader.php(295): CodeIgniter\Autoloader\Autoloader->includeFile('C:\\xampp\\htdocs\\ITE311-CASTILLO\\app\\Controllers\\Student\\Enrollments.php')
 2 SYSTEMPATH\Autoloader\Autoloader.php(271): CodeIgniter\Autoloader\Autoloader->loadInNamespace('App\\Controllers\\Student\\Enrollments')
 3 [internal function]: CodeIgniter\Autoloader\Autoloader->loadClass('App\\Controllers\\Student\\Enrollments')
 4 SYSTEMPATH\CodeIgniter.php(885): class_exists('\\App\\Controllers\\Student\\Enrollments', true)
 5 SYSTEMPATH\CodeIgniter.php(494): CodeIgniter\CodeIgniter->startController()
 6 SYSTEMPATH\CodeIgniter.php(354): CodeIgniter\CodeIgniter->handleRequest(null, Object(Config\Cache), false)
 7 SYSTEMPATH\Boot.php(363): CodeIgniter\CodeIgniter->run()
 8 SYSTEMPATH\Boot.php(68): CodeIgniter\Boot::runCodeIgniter(Object(CodeIgniter\CodeIgniter))
 9 FCPATH\index.php(59): CodeIgniter\Boot::bootWeb(Object(Config\Paths))
10 SYSTEMPATH\rewrite.php(44): require_once('C:\\xampp\\htdocs\\ITE311-CASTILLO\\public\\index.php')
CRITICAL - 2025-10-10 11:41:25 --> ParseError: syntax error, unexpected token "<", expecting end of file
[Method: GET, Route: student/enrollments]
in APPPATH\Controllers\Student\Enrollments.php on line 30.
 1 SYSTEMPATH\Autoloader\Autoloader.php(295): CodeIgniter\Autoloader\Autoloader->includeFile('C:\\xampp\\htdocs\\ITE311-CASTILLO\\app\\Controllers\\Student\\Enrollments.php')
 2 SYSTEMPATH\Autoloader\Autoloader.php(271): CodeIgniter\Autoloader\Autoloader->loadInNamespace('App\\Controllers\\Student\\Enrollments')
 3 [internal function]: CodeIgniter\Autoloader\Autoloader->loadClass('App\\Controllers\\Student\\Enrollments')
 4 SYSTEMPATH\CodeIgniter.php(885): class_exists('\\App\\Controllers\\Student\\Enrollments', true)
 5 SYSTEMPATH\CodeIgniter.php(494): CodeIgniter\CodeIgniter->startController()
 6 SYSTEMPATH\CodeIgniter.php(354): CodeIgniter\CodeIgniter->handleRequest(null, Object(Config\Cache), false)
 7 SYSTEMPATH\Boot.php(363): CodeIgniter\CodeIgniter->run()
 8 SYSTEMPATH\Boot.php(68): CodeIgniter\Boot::runCodeIgniter(Object(CodeIgniter\CodeIgniter))
 9 FCPATH\index.php(59): CodeIgniter\Boot::bootWeb(Object(Config\Paths))
10 SYSTEMPATH\rewrite.php(44): require_once('C:\\xampp\\htdocs\\ITE311-CASTILLO\\public\\index.php')
CRITICAL - 2025-10-10 11:41:34 --> ParseError: syntax error, unexpected token "<", expecting end of file
[Method: GET, Route: student/enrollments]
in APPPATH\Controllers\Student\Enrollments.php on line 30.
 1 SYSTEMPATH\Autoloader\Autoloader.php(295): CodeIgniter\Autoloader\Autoloader->includeFile('C:\\xampp\\htdocs\\ITE311-CASTILLO\\app\\Controllers\\Student\\Enrollments.php')
 2 SYSTEMPATH\Autoloader\Autoloader.php(271): CodeIgniter\Autoloader\Autoloader->loadInNamespace('App\\Controllers\\Student\\Enrollments')
 3 [internal function]: CodeIgniter\Autoloader\Autoloader->loadClass('App\\Controllers\\Student\\Enrollments')
 4 SYSTEMPATH\CodeIgniter.php(885): class_exists('\\App\\Controllers\\Student\\Enrollments', true)
 5 SYSTEMPATH\CodeIgniter.php(494): CodeIgniter\CodeIgniter->startController()
 6 SYSTEMPATH\CodeIgniter.php(354): CodeIgniter\CodeIgniter->handleRequest(null, Object(Config\Cache), false)
 7 SYSTEMPATH\Boot.php(363): CodeIgniter\CodeIgniter->run()
 8 SYSTEMPATH\Boot.php(68): CodeIgniter\Boot::runCodeIgniter(Object(CodeIgniter\CodeIgniter))
 9 FCPATH\index.php(59): CodeIgniter\Boot::bootWeb(Object(Config\Paths))
10 SYSTEMPATH\rewrite.php(44): require_once('C:\\xampp\\htdocs\\ITE311-CASTILLO\\public\\index.php')
CRITICAL - 2025-10-10 11:41:34 --> ParseError: syntax error, unexpected token "<", expecting end of file
[Method: GET, Route: student/enrollments]
in APPPATH\Controllers\Student\Enrollments.php on line 30.
 1 SYSTEMPATH\Autoloader\Autoloader.php(295): CodeIgniter\Autoloader\Autoloader->includeFile('C:\\xampp\\htdocs\\ITE311-CASTILLO\\app\\Controllers\\Student\\Enrollments.php')
 2 SYSTEMPATH\Autoloader\Autoloader.php(271): CodeIgniter\Autoloader\Autoloader->loadInNamespace('App\\Controllers\\Student\\Enrollments')
 3 [internal function]: CodeIgniter\Autoloader\Autoloader->loadClass('App\\Controllers\\Student\\Enrollments')
 4 SYSTEMPATH\CodeIgniter.php(885): class_exists('\\App\\Controllers\\Student\\Enrollments', true)
 5 SYSTEMPATH\CodeIgniter.php(494): CodeIgniter\CodeIgniter->startController()
 6 SYSTEMPATH\CodeIgniter.php(354): CodeIgniter\CodeIgniter->handleRequest(null, Object(Config\Cache), false)
 7 SYSTEMPATH\Boot.php(363): CodeIgniter\CodeIgniter->run()
 8 SYSTEMPATH\Boot.php(68): CodeIgniter\Boot::runCodeIgniter(Object(CodeIgniter\CodeIgniter))
 9 FCPATH\index.php(59): CodeIgniter\Boot::bootWeb(Object(Config\Paths))
10 SYSTEMPATH\rewrite.php(44): require_once('C:\\xampp\\htdocs\\ITE311-CASTILLO\\public\\index.php')
CRITICAL - 2025-10-10 11:41:45 --> ParseError: syntax error, unexpected token "<", expecting end of file
[Method: GET, Route: student/enrollments]
in APPPATH\Controllers\Student\Enrollments.php on line 30.
 1 SYSTEMPATH\Autoloader\Autoloader.php(295): CodeIgniter\Autoloader\Autoloader->includeFile('C:\\xampp\\htdocs\\ITE311-CASTILLO\\app\\Controllers\\Student\\Enrollments.php')
 2 SYSTEMPATH\Autoloader\Autoloader.php(271): CodeIgniter\Autoloader\Autoloader->loadInNamespace('App\\Controllers\\Student\\Enrollments')
 3 [internal function]: CodeIgniter\Autoloader\Autoloader->loadClass('App\\Controllers\\Student\\Enrollments')
 4 SYSTEMPATH\CodeIgniter.php(885): class_exists('\\App\\Controllers\\Student\\Enrollments', true)
 5 SYSTEMPATH\CodeIgniter.php(494): CodeIgniter\CodeIgniter->startController()
 6 SYSTEMPATH\CodeIgniter.php(354): CodeIgniter\CodeIgniter->handleRequest(null, Object(Config\Cache), false)
 7 SYSTEMPATH\Boot.php(363): CodeIgniter\CodeIgniter->run()
 8 SYSTEMPATH\Boot.php(68): CodeIgniter\Boot::runCodeIgniter(Object(CodeIgniter\CodeIgniter))
 9 FCPATH\index.php(59): CodeIgniter\Boot::bootWeb(Object(Config\Paths))
10 SYSTEMPATH\rewrite.php(44): require_once('C:\\xampp\\htdocs\\ITE311-CASTILLO\\public\\index.php')
CRITICAL - 2025-10-10 11:41:47 --> ParseError: syntax error, unexpected token "<", expecting end of file
[Method: GET, Route: student/enrollments]
in APPPATH\Controllers\Student\Enrollments.php on line 30.
 1 SYSTEMPATH\Autoloader\Autoloader.php(295): CodeIgniter\Autoloader\Autoloader->includeFile('C:\\xampp\\htdocs\\ITE311-CASTILLO\\app\\Controllers\\Student\\Enrollments.php')
 2 SYSTEMPATH\Autoloader\Autoloader.php(271): CodeIgniter\Autoloader\Autoloader->loadInNamespace('App\\Controllers\\Student\\Enrollments')
 3 [internal function]: CodeIgniter\Autoloader\Autoloader->loadClass('App\\Controllers\\Student\\Enrollments')
 4 SYSTEMPATH\CodeIgniter.php(885): class_exists('\\App\\Controllers\\Student\\Enrollments', true)
 5 SYSTEMPATH\CodeIgniter.php(494): CodeIgniter\CodeIgniter->startController()
 6 SYSTEMPATH\CodeIgniter.php(354): CodeIgniter\CodeIgniter->handleRequest(null, Object(Config\Cache), false)
 7 SYSTEMPATH\Boot.php(363): CodeIgniter\CodeIgniter->run()
 8 SYSTEMPATH\Boot.php(68): CodeIgniter\Boot::runCodeIgniter(Object(CodeIgniter\CodeIgniter))
 9 FCPATH\index.php(59): CodeIgniter\Boot::bootWeb(Object(Config\Paths))
10 SYSTEMPATH\rewrite.php(44): require_once('C:\\xampp\\htdocs\\ITE311-CASTILLO\\public\\index.php')
CRITICAL - 2025-10-10 11:41:48 --> ParseError: syntax error, unexpected token "<", expecting end of file
[Method: GET, Route: student/enrollments]
in APPPATH\Controllers\Student\Enrollments.php on line 30.
 1 SYSTEMPATH\Autoloader\Autoloader.php(295): CodeIgniter\Autoloader\Autoloader->includeFile('C:\\xampp\\htdocs\\ITE311-CASTILLO\\app\\Controllers\\Student\\Enrollments.php')
 2 SYSTEMPATH\Autoloader\Autoloader.php(271): CodeIgniter\Autoloader\Autoloader->loadInNamespace('App\\Controllers\\Student\\Enrollments')
 3 [internal function]: CodeIgniter\Autoloader\Autoloader->loadClass('App\\Controllers\\Student\\Enrollments')
 4 SYSTEMPATH\CodeIgniter.php(885): class_exists('\\App\\Controllers\\Student\\Enrollments', true)
 5 SYSTEMPATH\CodeIgniter.php(494): CodeIgniter\CodeIgniter->startController()
 6 SYSTEMPATH\CodeIgniter.php(354): CodeIgniter\CodeIgniter->handleRequest(null, Object(Config\Cache), false)
 7 SYSTEMPATH\Boot.php(363): CodeIgniter\CodeIgniter->run()
 8 SYSTEMPATH\Boot.php(68): CodeIgniter\Boot::runCodeIgniter(Object(CodeIgniter\CodeIgniter))
 9 FCPATH\index.php(59): CodeIgniter\Boot::bootWeb(Object(Config\Paths))
10 SYSTEMPATH\rewrite.php(44): require_once('C:\\xampp\\htdocs\\ITE311-CASTILLO\\public\\index.php')
CRITICAL - 2025-10-10 11:41:50 --> ParseError: syntax error, unexpected token "<", expecting end of file
[Method: GET, Route: student/enrollments]
in APPPATH\Controllers\Student\Enrollments.php on line 30.
 1 SYSTEMPATH\Autoloader\Autoloader.php(295): CodeIgniter\Autoloader\Autoloader->includeFile('C:\\xampp\\htdocs\\ITE311-CASTILLO\\app\\Controllers\\Student\\Enrollments.php')
 2 SYSTEMPATH\Autoloader\Autoloader.php(271): CodeIgniter\Autoloader\Autoloader->loadInNamespace('App\\Controllers\\Student\\Enrollments')
 3 [internal function]: CodeIgniter\Autoloader\Autoloader->loadClass('App\\Controllers\\Student\\Enrollments')
 4 SYSTEMPATH\CodeIgniter.php(885): class_exists('\\App\\Controllers\\Student\\Enrollments', true)
 5 SYSTEMPATH\CodeIgniter.php(494): CodeIgniter\CodeIgniter->startController()
 6 SYSTEMPATH\CodeIgniter.php(354): CodeIgniter\CodeIgniter->handleRequest(null, Object(Config\Cache), false)
 7 SYSTEMPATH\Boot.php(363): CodeIgniter\CodeIgniter->run()
 8 SYSTEMPATH\Boot.php(68): CodeIgniter\Boot::runCodeIgniter(Object(CodeIgniter\CodeIgniter))
 9 FCPATH\index.php(59): CodeIgniter\Boot::bootWeb(Object(Config\Paths))
10 SYSTEMPATH\rewrite.php(44): require_once('C:\\xampp\\htdocs\\ITE311-CASTILLO\\public\\index.php')
CRITICAL - 2025-10-10 11:41:52 --> ParseError: syntax error, unexpected token "<", expecting end of file
[Method: GET, Route: student/enrollments]
in APPPATH\Controllers\Student\Enrollments.php on line 30.
 1 SYSTEMPATH\Autoloader\Autoloader.php(295): CodeIgniter\Autoloader\Autoloader->includeFile('C:\\xampp\\htdocs\\ITE311-CASTILLO\\app\\Controllers\\Student\\Enrollments.php')
 2 SYSTEMPATH\Autoloader\Autoloader.php(271): CodeIgniter\Autoloader\Autoloader->loadInNamespace('App\\Controllers\\Student\\Enrollments')
 3 [internal function]: CodeIgniter\Autoloader\Autoloader->loadClass('App\\Controllers\\Student\\Enrollments')
 4 SYSTEMPATH\CodeIgniter.php(885): class_exists('\\App\\Controllers\\Student\\Enrollments', true)
 5 SYSTEMPATH\CodeIgniter.php(494): CodeIgniter\CodeIgniter->startController()
 6 SYSTEMPATH\CodeIgniter.php(354): CodeIgniter\CodeIgniter->handleRequest(null, Object(Config\Cache), false)
 7 SYSTEMPATH\Boot.php(363): CodeIgniter\CodeIgniter->run()
 8 SYSTEMPATH\Boot.php(68): CodeIgniter\Boot::runCodeIgniter(Object(CodeIgniter\CodeIgniter))
 9 FCPATH\index.php(59): CodeIgniter\Boot::bootWeb(Object(Config\Paths))
10 SYSTEMPATH\rewrite.php(44): require_once('C:\\xampp\\htdocs\\ITE311-CASTILLO\\public\\index.php')
CRITICAL - 2025-10-10 11:42:03 --> ParseError: syntax error, unexpected token "<", expecting end of file
[Method: GET, Route: student/enrollments]
in APPPATH\Controllers\Student\Enrollments.php on line 30.
 1 SYSTEMPATH\Autoloader\Autoloader.php(295): CodeIgniter\Autoloader\Autoloader->includeFile('C:\\xampp\\htdocs\\ITE311-CASTILLO\\app\\Controllers\\Student\\Enrollments.php')
 2 SYSTEMPATH\Autoloader\Autoloader.php(271): CodeIgniter\Autoloader\Autoloader->loadInNamespace('App\\Controllers\\Student\\Enrollments')
 3 [internal function]: CodeIgniter\Autoloader\Autoloader->loadClass('App\\Controllers\\Student\\Enrollments')
 4 SYSTEMPATH\CodeIgniter.php(885): class_exists('\\App\\Controllers\\Student\\Enrollments', true)
 5 SYSTEMPATH\CodeIgniter.php(494): CodeIgniter\CodeIgniter->startController()
 6 SYSTEMPATH\CodeIgniter.php(354): CodeIgniter\CodeIgniter->handleRequest(null, Object(Config\Cache), false)
 7 SYSTEMPATH\Boot.php(363): CodeIgniter\CodeIgniter->run()
 8 SYSTEMPATH\Boot.php(68): CodeIgniter\Boot::runCodeIgniter(Object(CodeIgniter\CodeIgniter))
 9 FCPATH\index.php(59): CodeIgniter\Boot::bootWeb(Object(Config\Paths))
10 SYSTEMPATH\rewrite.php(44): require_once('C:\\xampp\\htdocs\\ITE311-CASTILLO\\public\\index.php')
CRITICAL - 2025-10-10 11:42:54 --> ParseError: syntax error, unexpected token "<", expecting end of file
[Method: GET, Route: student/enrollments]
in APPPATH\Controllers\Student\Enrollments.php on line 30.
 1 SYSTEMPATH\Autoloader\Autoloader.php(295): CodeIgniter\Autoloader\Autoloader->includeFile('C:\\xampp\\htdocs\\ITE311-CASTILLO\\app\\Controllers\\Student\\Enrollments.php')
 2 SYSTEMPATH\Autoloader\Autoloader.php(271): CodeIgniter\Autoloader\Autoloader->loadInNamespace('App\\Controllers\\Student\\Enrollments')
 3 [internal function]: CodeIgniter\Autoloader\Autoloader->loadClass('App\\Controllers\\Student\\Enrollments')
 4 SYSTEMPATH\CodeIgniter.php(885): class_exists('\\App\\Controllers\\Student\\Enrollments', true)
 5 SYSTEMPATH\CodeIgniter.php(494): CodeIgniter\CodeIgniter->startController()
 6 SYSTEMPATH\CodeIgniter.php(354): CodeIgniter\CodeIgniter->handleRequest(null, Object(Config\Cache), false)
 7 SYSTEMPATH\Boot.php(363): CodeIgniter\CodeIgniter->run()
 8 SYSTEMPATH\Boot.php(68): CodeIgniter\Boot::runCodeIgniter(Object(CodeIgniter\CodeIgniter))
 9 FCPATH\index.php(59): CodeIgniter\Boot::bootWeb(Object(Config\Paths))
10 SYSTEMPATH\rewrite.php(44): require_once('C:\\xampp\\htdocs\\ITE311-CASTILLO\\public\\index.php')
CRITICAL - 2025-10-10 11:44:07 --> ParseError: syntax error, unexpected token "<", expecting end of file
[Method: GET, Route: student/enrollments]
in APPPATH\Controllers\Student\Enrollments.php on line 30.
 1 SYSTEMPATH\Autoloader\Autoloader.php(295): CodeIgniter\Autoloader\Autoloader->includeFile('C:\\xampp\\htdocs\\ITE311-CASTILLO\\app\\Controllers\\Student\\Enrollments.php')
 2 SYSTEMPATH\Autoloader\Autoloader.php(271): CodeIgniter\Autoloader\Autoloader->loadInNamespace('App\\Controllers\\Student\\Enrollments')
 3 [internal function]: CodeIgniter\Autoloader\Autoloader->loadClass('App\\Controllers\\Student\\Enrollments')
 4 SYSTEMPATH\CodeIgniter.php(885): class_exists('\\App\\Controllers\\Student\\Enrollments', true)
 5 SYSTEMPATH\CodeIgniter.php(494): CodeIgniter\CodeIgniter->startController()
 6 SYSTEMPATH\CodeIgniter.php(354): CodeIgniter\CodeIgniter->handleRequest(null, Object(Config\Cache), false)
 7 SYSTEMPATH\Boot.php(363): CodeIgniter\CodeIgniter->run()
 8 SYSTEMPATH\Boot.php(68): CodeIgniter\Boot::runCodeIgniter(Object(CodeIgniter\CodeIgniter))
 9 FCPATH\index.php(59): CodeIgniter\Boot::bootWeb(Object(Config\Paths))
10 SYSTEMPATH\rewrite.php(44): require_once('C:\\xampp\\htdocs\\ITE311-CASTILLO\\public\\index.php')
CRITICAL - 2025-10-10 11:44:09 --> ParseError: syntax error, unexpected token "<", expecting end of file
[Method: GET, Route: student/enrollments]
in APPPATH\Controllers\Student\Enrollments.php on line 30.
 1 SYSTEMPATH\Autoloader\Autoloader.php(295): CodeIgniter\Autoloader\Autoloader->includeFile('C:\\xampp\\htdocs\\ITE311-CASTILLO\\app\\Controllers\\Student\\Enrollments.php')
 2 SYSTEMPATH\Autoloader\Autoloader.php(271): CodeIgniter\Autoloader\Autoloader->loadInNamespace('App\\Controllers\\Student\\Enrollments')
 3 [internal function]: CodeIgniter\Autoloader\Autoloader->loadClass('App\\Controllers\\Student\\Enrollments')
 4 SYSTEMPATH\CodeIgniter.php(885): class_exists('\\App\\Controllers\\Student\\Enrollments', true)
 5 SYSTEMPATH\CodeIgniter.php(494): CodeIgniter\CodeIgniter->startController()
 6 SYSTEMPATH\CodeIgniter.php(354): CodeIgniter\CodeIgniter->handleRequest(null, Object(Config\Cache), false)
 7 SYSTEMPATH\Boot.php(363): CodeIgniter\CodeIgniter->run()
 8 SYSTEMPATH\Boot.php(68): CodeIgniter\Boot::runCodeIgniter(Object(CodeIgniter\CodeIgniter))
 9 FCPATH\index.php(59): CodeIgniter\Boot::bootWeb(Object(Config\Paths))
10 SYSTEMPATH\rewrite.php(44): require_once('C:\\xampp\\htdocs\\ITE311-CASTILLO\\public\\index.php')
CRITICAL - 2025-10-10 11:44:10 --> ParseError: syntax error, unexpected token "<", expecting end of file
[Method: GET, Route: student/enrollments]
in APPPATH\Controllers\Student\Enrollments.php on line 30.
 1 SYSTEMPATH\Autoloader\Autoloader.php(295): CodeIgniter\Autoloader\Autoloader->includeFile('C:\\xampp\\htdocs\\ITE311-CASTILLO\\app\\Controllers\\Student\\Enrollments.php')
 2 SYSTEMPATH\Autoloader\Autoloader.php(271): CodeIgniter\Autoloader\Autoloader->loadInNamespace('App\\Controllers\\Student\\Enrollments')
 3 [internal function]: CodeIgniter\Autoloader\Autoloader->loadClass('App\\Controllers\\Student\\Enrollments')
 4 SYSTEMPATH\CodeIgniter.php(885): class_exists('\\App\\Controllers\\Student\\Enrollments', true)
 5 SYSTEMPATH\CodeIgniter.php(494): CodeIgniter\CodeIgniter->startController()
 6 SYSTEMPATH\CodeIgniter.php(354): CodeIgniter\CodeIgniter->handleRequest(null, Object(Config\Cache), false)
 7 SYSTEMPATH\Boot.php(363): CodeIgniter\CodeIgniter->run()
 8 SYSTEMPATH\Boot.php(68): CodeIgniter\Boot::runCodeIgniter(Object(CodeIgniter\CodeIgniter))
 9 FCPATH\index.php(59): CodeIgniter\Boot::bootWeb(Object(Config\Paths))
10 SYSTEMPATH\rewrite.php(44): require_once('C:\\xampp\\htdocs\\ITE311-CASTILLO\\public\\index.php')
CRITICAL - 2025-10-10 11:44:24 --> ParseError: syntax error, unexpected token "<", expecting end of file
[Method: GET, Route: student/enrollments]
in APPPATH\Controllers\Student\Enrollments.php on line 30.
 1 SYSTEMPATH\Autoloader\Autoloader.php(295): CodeIgniter\Autoloader\Autoloader->includeFile('C:\\xampp\\htdocs\\ITE311-CASTILLO\\app\\Controllers\\Student\\Enrollments.php')
 2 SYSTEMPATH\Autoloader\Autoloader.php(271): CodeIgniter\Autoloader\Autoloader->loadInNamespace('App\\Controllers\\Student\\Enrollments')
 3 [internal function]: CodeIgniter\Autoloader\Autoloader->loadClass('App\\Controllers\\Student\\Enrollments')
 4 SYSTEMPATH\CodeIgniter.php(885): class_exists('\\App\\Controllers\\Student\\Enrollments', true)
 5 SYSTEMPATH\CodeIgniter.php(494): CodeIgniter\CodeIgniter->startController()
 6 SYSTEMPATH\CodeIgniter.php(354): CodeIgniter\CodeIgniter->handleRequest(null, Object(Config\Cache), false)
 7 SYSTEMPATH\Boot.php(363): CodeIgniter\CodeIgniter->run()
 8 SYSTEMPATH\Boot.php(68): CodeIgniter\Boot::runCodeIgniter(Object(CodeIgniter\CodeIgniter))
 9 FCPATH\index.php(59): CodeIgniter\Boot::bootWeb(Object(Config\Paths))
10 SYSTEMPATH\rewrite.php(44): require_once('C:\\xampp\\htdocs\\ITE311-CASTILLO\\public\\index.php')
CRITICAL - 2025-10-10 11:44:25 --> ParseError: syntax error, unexpected token "<", expecting end of file
[Method: GET, Route: student/enrollments]
in APPPATH\Controllers\Student\Enrollments.php on line 30.
 1 SYSTEMPATH\Autoloader\Autoloader.php(295): CodeIgniter\Autoloader\Autoloader->includeFile('C:\\xampp\\htdocs\\ITE311-CASTILLO\\app\\Controllers\\Student\\Enrollments.php')
 2 SYSTEMPATH\Autoloader\Autoloader.php(271): CodeIgniter\Autoloader\Autoloader->loadInNamespace('App\\Controllers\\Student\\Enrollments')
 3 [internal function]: CodeIgniter\Autoloader\Autoloader->loadClass('App\\Controllers\\Student\\Enrollments')
 4 SYSTEMPATH\CodeIgniter.php(885): class_exists('\\App\\Controllers\\Student\\Enrollments', true)
 5 SYSTEMPATH\CodeIgniter.php(494): CodeIgniter\CodeIgniter->startController()
 6 SYSTEMPATH\CodeIgniter.php(354): CodeIgniter\CodeIgniter->handleRequest(null, Object(Config\Cache), false)
 7 SYSTEMPATH\Boot.php(363): CodeIgniter\CodeIgniter->run()
 8 SYSTEMPATH\Boot.php(68): CodeIgniter\Boot::runCodeIgniter(Object(CodeIgniter\CodeIgniter))
 9 FCPATH\index.php(59): CodeIgniter\Boot::bootWeb(Object(Config\Paths))
10 SYSTEMPATH\rewrite.php(44): require_once('C:\\xampp\\htdocs\\ITE311-CASTILLO\\public\\index.php')
CRITICAL - 2025-10-10 11:44:32 --> ParseError: syntax error, unexpected token "<", expecting end of file
[Method: GET, Route: student/enrollments]
in APPPATH\Controllers\Student\Enrollments.php on line 30.
 1 SYSTEMPATH\Autoloader\Autoloader.php(295): CodeIgniter\Autoloader\Autoloader->includeFile('C:\\xampp\\htdocs\\ITE311-CASTILLO\\app\\Controllers\\Student\\Enrollments.php')
 2 SYSTEMPATH\Autoloader\Autoloader.php(271): CodeIgniter\Autoloader\Autoloader->loadInNamespace('App\\Controllers\\Student\\Enrollments')
 3 [internal function]: CodeIgniter\Autoloader\Autoloader->loadClass('App\\Controllers\\Student\\Enrollments')
 4 SYSTEMPATH\CodeIgniter.php(885): class_exists('\\App\\Controllers\\Student\\Enrollments', true)
 5 SYSTEMPATH\CodeIgniter.php(494): CodeIgniter\CodeIgniter->startController()
 6 SYSTEMPATH\CodeIgniter.php(354): CodeIgniter\CodeIgniter->handleRequest(null, Object(Config\Cache), false)
 7 SYSTEMPATH\Boot.php(363): CodeIgniter\CodeIgniter->run()
 8 SYSTEMPATH\Boot.php(68): CodeIgniter\Boot::runCodeIgniter(Object(CodeIgniter\CodeIgniter))
 9 FCPATH\index.php(59): CodeIgniter\Boot::bootWeb(Object(Config\Paths))
10 SYSTEMPATH\rewrite.php(44): require_once('C:\\xampp\\htdocs\\ITE311-CASTILLO\\public\\index.php')
CRITICAL - 2025-10-10 11:44:34 --> ParseError: syntax error, unexpected token "<", expecting end of file
[Method: GET, Route: student/enrollments]
in APPPATH\Controllers\Student\Enrollments.php on line 30.
 1 SYSTEMPATH\Autoloader\Autoloader.php(295): CodeIgniter\Autoloader\Autoloader->includeFile('C:\\xampp\\htdocs\\ITE311-CASTILLO\\app\\Controllers\\Student\\Enrollments.php')
 2 SYSTEMPATH\Autoloader\Autoloader.php(271): CodeIgniter\Autoloader\Autoloader->loadInNamespace('App\\Controllers\\Student\\Enrollments')
 3 [internal function]: CodeIgniter\Autoloader\Autoloader->loadClass('App\\Controllers\\Student\\Enrollments')
 4 SYSTEMPATH\CodeIgniter.php(885): class_exists('\\App\\Controllers\\Student\\Enrollments', true)
 5 SYSTEMPATH\CodeIgniter.php(494): CodeIgniter\CodeIgniter->startController()
 6 SYSTEMPATH\CodeIgniter.php(354): CodeIgniter\CodeIgniter->handleRequest(null, Object(Config\Cache), false)
 7 SYSTEMPATH\Boot.php(363): CodeIgniter\CodeIgniter->run()
 8 SYSTEMPATH\Boot.php(68): CodeIgniter\Boot::runCodeIgniter(Object(CodeIgniter\CodeIgniter))
 9 FCPATH\index.php(59): CodeIgniter\Boot::bootWeb(Object(Config\Paths))
10 SYSTEMPATH\rewrite.php(44): require_once('C:\\xampp\\htdocs\\ITE311-CASTILLO\\public\\index.php')
CRITICAL - 2025-10-10 11:44:44 --> ParseError: syntax error, unexpected token "<", expecting end of file
[Method: GET, Route: student/enrollments]
in APPPATH\Controllers\Student\Enrollments.php on line 30.
 1 SYSTEMPATH\Autoloader\Autoloader.php(295): CodeIgniter\Autoloader\Autoloader->includeFile('C:\\xampp\\htdocs\\ITE311-CASTILLO\\app\\Controllers\\Student\\Enrollments.php')
 2 SYSTEMPATH\Autoloader\Autoloader.php(271): CodeIgniter\Autoloader\Autoloader->loadInNamespace('App\\Controllers\\Student\\Enrollments')
 3 [internal function]: CodeIgniter\Autoloader\Autoloader->loadClass('App\\Controllers\\Student\\Enrollments')
 4 SYSTEMPATH\CodeIgniter.php(885): class_exists('\\App\\Controllers\\Student\\Enrollments', true)
 5 SYSTEMPATH\CodeIgniter.php(494): CodeIgniter\CodeIgniter->startController()
 6 SYSTEMPATH\CodeIgniter.php(354): CodeIgniter\CodeIgniter->handleRequest(null, Object(Config\Cache), false)
 7 SYSTEMPATH\Boot.php(363): CodeIgniter\CodeIgniter->run()
 8 SYSTEMPATH\Boot.php(68): CodeIgniter\Boot::runCodeIgniter(Object(CodeIgniter\CodeIgniter))
 9 FCPATH\index.php(59): CodeIgniter\Boot::bootWeb(Object(Config\Paths))
10 SYSTEMPATH\rewrite.php(44): require_once('C:\\xampp\\htdocs\\ITE311-CASTILLO\\public\\index.php')
CRITICAL - 2025-10-10 11:44:45 --> ParseError: syntax error, unexpected token "<", expecting end of file
[Method: GET, Route: student/enrollments]
in APPPATH\Controllers\Student\Enrollments.php on line 30.
 1 SYSTEMPATH\Autoloader\Autoloader.php(295): CodeIgniter\Autoloader\Autoloader->includeFile('C:\\xampp\\htdocs\\ITE311-CASTILLO\\app\\Controllers\\Student\\Enrollments.php')
 2 SYSTEMPATH\Autoloader\Autoloader.php(271): CodeIgniter\Autoloader\Autoloader->loadInNamespace('App\\Controllers\\Student\\Enrollments')
 3 [internal function]: CodeIgniter\Autoloader\Autoloader->loadClass('App\\Controllers\\Student\\Enrollments')
 4 SYSTEMPATH\CodeIgniter.php(885): class_exists('\\App\\Controllers\\Student\\Enrollments', true)
 5 SYSTEMPATH\CodeIgniter.php(494): CodeIgniter\CodeIgniter->startController()
 6 SYSTEMPATH\CodeIgniter.php(354): CodeIgniter\CodeIgniter->handleRequest(null, Object(Config\Cache), false)
 7 SYSTEMPATH\Boot.php(363): CodeIgniter\CodeIgniter->run()
 8 SYSTEMPATH\Boot.php(68): CodeIgniter\Boot::runCodeIgniter(Object(CodeIgniter\CodeIgniter))
 9 FCPATH\index.php(59): CodeIgniter\Boot::bootWeb(Object(Config\Paths))
10 SYSTEMPATH\rewrite.php(44): require_once('C:\\xampp\\htdocs\\ITE311-CASTILLO\\public\\index.php')
CRITICAL - 2025-10-10 11:44:47 --> ParseError: syntax error, unexpected token "<", expecting end of file
[Method: GET, Route: student/enrollments]
in APPPATH\Controllers\Student\Enrollments.php on line 30.
 1 SYSTEMPATH\Autoloader\Autoloader.php(295): CodeIgniter\Autoloader\Autoloader->includeFile('C:\\xampp\\htdocs\\ITE311-CASTILLO\\app\\Controllers\\Student\\Enrollments.php')
 2 SYSTEMPATH\Autoloader\Autoloader.php(271): CodeIgniter\Autoloader\Autoloader->loadInNamespace('App\\Controllers\\Student\\Enrollments')
 3 [internal function]: CodeIgniter\Autoloader\Autoloader->loadClass('App\\Controllers\\Student\\Enrollments')
 4 SYSTEMPATH\CodeIgniter.php(885): class_exists('\\App\\Controllers\\Student\\Enrollments', true)
 5 SYSTEMPATH\CodeIgniter.php(494): CodeIgniter\CodeIgniter->startController()
 6 SYSTEMPATH\CodeIgniter.php(354): CodeIgniter\CodeIgniter->handleRequest(null, Object(Config\Cache), false)
 7 SYSTEMPATH\Boot.php(363): CodeIgniter\CodeIgniter->run()
 8 SYSTEMPATH\Boot.php(68): CodeIgniter\Boot::runCodeIgniter(Object(CodeIgniter\CodeIgniter))
 9 FCPATH\index.php(59): CodeIgniter\Boot::bootWeb(Object(Config\Paths))
10 SYSTEMPATH\rewrite.php(44): require_once('C:\\xampp\\htdocs\\ITE311-CASTILLO\\public\\index.php')
ERROR - 2025-10-10 11:46:03 --> mysqli_sql_exception: Duplicate entry 'admin@example.com' for key 'email' in C:\xampp\htdocs\ITE311-CASTILLO\system\Database\MySQLi\Connection.php:327
Stack trace:
#0 C:\xampp\htdocs\ITE311-CASTILLO\system\Database\MySQLi\Connection.php(327): mysqli->query('INSERT INTO `us...', 0)
#1 C:\xampp\htdocs\ITE311-CASTILLO\system\Database\BaseConnection.php(729): CodeIgniter\Database\MySQLi\Connection->execute('INSERT INTO `us...')
#2 C:\xampp\htdocs\ITE311-CASTILLO\system\Database\BaseConnection.php(646): CodeIgniter\Database\BaseConnection->simpleQuery('INSERT INTO `us...')
#3 C:\xampp\htdocs\ITE311-CASTILLO\system\Database\BaseBuilder.php(1841): CodeIgniter\Database\BaseConnection->query('INSERT INTO `us...', NULL, false)
#4 C:\xampp\htdocs\ITE311-CASTILLO\system\Database\BaseBuilder.php(2230): CodeIgniter\Database\BaseBuilder->batchExecute('_insertBatch', 100)
#5 C:\xampp\htdocs\ITE311-CASTILLO\app\Database\Seeds\RbacUserSeeder.php(38): CodeIgniter\Database\BaseBuilder->insertBatch(Array)
#6 C:\xampp\htdocs\ITE311-CASTILLO\system\Database\Seeder.php(149): App\Database\Seeds\RbacUserSeeder->run()
#7 C:\xampp\htdocs\ITE311-CASTILLO\system\Commands\Database\Seed.php(79): CodeIgniter\Database\Seeder->call('App\\Database\\Se...')
#8 C:\xampp\htdocs\ITE311-CASTILLO\system\CLI\Commands.php(74): CodeIgniter\Commands\Database\Seed->run(Array)
#9 C:\xampp\htdocs\ITE311-CASTILLO\system\CLI\Console.php(47): CodeIgniter\CLI\Commands->run('db:seed', Array)
#10 C:\xampp\htdocs\ITE311-CASTILLO\system\Boot.php(388): CodeIgniter\CLI\Console->run()
#11 C:\xampp\htdocs\ITE311-CASTILLO\system\Boot.php(133): CodeIgniter\Boot::runCommand(Object(CodeIgniter\CLI\Console))
#12 C:\xampp\htdocs\ITE311-CASTILLO\spark(87): CodeIgniter\Boot::bootSpark(Object(Config\Paths))
#13 {main}
ERROR - 2025-10-10 11:46:19 --> mysqli_sql_exception: Unknown column 'enrollments.enrollment_date' in 'field list' in C:\xampp\htdocs\ITE311-CASTILLO\system\Database\MySQLi\Connection.php:327
Stack trace:
#0 C:\xampp\htdocs\ITE311-CASTILLO\system\Database\MySQLi\Connection.php(327): mysqli->query('SELECT `courses...', 0)
#1 C:\xampp\htdocs\ITE311-CASTILLO\system\Database\BaseConnection.php(729): CodeIgniter\Database\MySQLi\Connection->execute('SELECT `courses...')
#2 C:\xampp\htdocs\ITE311-CASTILLO\system\Database\BaseConnection.php(646): CodeIgniter\Database\BaseConnection->simpleQuery('SELECT `courses...')
#3 C:\xampp\htdocs\ITE311-CASTILLO\system\Database\BaseBuilder.php(1649): CodeIgniter\Database\BaseConnection->query('SELECT `courses...', Array, false)
#4 C:\xampp\htdocs\ITE311-CASTILLO\system\Model.php(286): CodeIgniter\Database\BaseBuilder->get()
#5 C:\xampp\htdocs\ITE311-CASTILLO\system\BaseModel.php(677): CodeIgniter\Model->doFindAll(0, 0)
#6 C:\xampp\htdocs\ITE311-CASTILLO\app\Models\EnrollmentModel.php(54): CodeIgniter\BaseModel->findAll()
#7 C:\xampp\htdocs\ITE311-CASTILLO\app\Controllers\Student\Enrollments.php(22): App\Models\EnrollmentModel->getUserEnrollments(11)
#8 C:\xampp\htdocs\ITE311-CASTILLO\system\CodeIgniter.php(933): App\Controllers\Student\Enrollments->index()
#9 C:\xampp\htdocs\ITE311-CASTILLO\system\CodeIgniter.php(507): CodeIgniter\CodeIgniter->runController(Object(App\Controllers\Student\Enrollments))
#10 C:\xampp\htdocs\ITE311-CASTILLO\system\CodeIgniter.php(354): CodeIgniter\CodeIgniter->handleRequest(NULL, Object(Config\Cache), false)
#11 C:\xampp\htdocs\ITE311-CASTILLO\system\Boot.php(363): CodeIgniter\CodeIgniter->run()
#12 C:\xampp\htdocs\ITE311-CASTILLO\system\Boot.php(68): CodeIgniter\Boot::runCodeIgniter(Object(CodeIgniter\CodeIgniter))
#13 C:\xampp\htdocs\ITE311-CASTILLO\public\index.php(59): CodeIgniter\Boot::bootWeb(Object(Config\Paths))
#14 C:\xampp\htdocs\ITE311-CASTILLO\system\rewrite.php(44): require_once('C:\\xampp\\htdocs...')
#15 {main}
CRITICAL - 2025-10-10 11:46:19 --> CodeIgniter\Database\Exceptions\DatabaseException: Unknown column 'enrollments.enrollment_date' in 'field list'
[Method: GET, Route: student/enrollments]
in SYSTEMPATH\Database\BaseConnection.php on line 684.
 1 SYSTEMPATH\Database\BaseBuilder.php(1649): CodeIgniter\Database\BaseConnection->query('SELECT `courses`.`id` as `id`, `courses`.`title` as `title`, `courses`.`description` as `description`, `enrollments`.`enrollment_date` as `enrollment_date`
FROM `enrollments`
INNER JOIN `courses` ON `courses`.`id` = `enrollments`.`course_id`
WHERE `enrollments`.`user_id` = :enrollments.user_id:
ORDER BY `courses`.`title` ASC', [...], false)
 2 SYSTEMPATH\Model.php(286): CodeIgniter\Database\BaseBuilder->get()
 3 SYSTEMPATH\BaseModel.php(677): CodeIgniter\Model->doFindAll(0, 0)
 4 APPPATH\Models\EnrollmentModel.php(54): CodeIgniter\BaseModel->findAll()
 5 APPPATH\Controllers\Student\Enrollments.php(22): App\Models\EnrollmentModel->getUserEnrollments(11)
 6 SYSTEMPATH\CodeIgniter.php(933): App\Controllers\Student\Enrollments->index()
 7 SYSTEMPATH\CodeIgniter.php(507): CodeIgniter\CodeIgniter->runController(Object(App\Controllers\Student\Enrollments))
 8 SYSTEMPATH\CodeIgniter.php(354): CodeIgniter\CodeIgniter->handleRequest(null, Object(Config\Cache), false)
 9 SYSTEMPATH\Boot.php(363): CodeIgniter\CodeIgniter->run()
10 SYSTEMPATH\Boot.php(68): CodeIgniter\Boot::runCodeIgniter(Object(CodeIgniter\CodeIgniter))
11 FCPATH\index.php(59): CodeIgniter\Boot::bootWeb(Object(Config\Paths))
12 SYSTEMPATH\rewrite.php(44): require_once('C:\\xampp\\htdocs\\ITE311-CASTILLO\\public\\index.php')
CRITICAL - 2025-10-10 11:46:19 --> [Caused by] CodeIgniter\Database\Exceptions\DatabaseException: Unknown column 'enrollments.enrollment_date' in 'field list'
in SYSTEMPATH\Database\MySQLi\Connection.php on line 332.
 1 SYSTEMPATH\Database\BaseConnection.php(729): CodeIgniter\Database\MySQLi\Connection->execute('SELECT `courses`.`id` as `id`, `courses`.`title` as `title`, `courses`.`description` as `description`, `enrollments`.`enrollment_date` as `enrollment_date`
FROM `enrollments`
INNER JOIN `courses` ON `courses`.`id` = `enrollments`.`course_id`
WHERE `enrollments`.`user_id` = 11
ORDER BY `courses`.`title` ASC')
 2 SYSTEMPATH\Database\BaseConnection.php(646): CodeIgniter\Database\BaseConnection->simpleQuery('SELECT `courses`.`id` as `id`, `courses`.`title` as `title`, `courses`.`description` as `description`, `enrollments`.`enrollment_date` as `enrollment_date`
FROM `enrollments`
INNER JOIN `courses` ON `courses`.`id` = `enrollments`.`course_id`
WHERE `enrollments`.`user_id` = 11
ORDER BY `courses`.`title` ASC')
 3 SYSTEMPATH\Database\BaseBuilder.php(1649): CodeIgniter\Database\BaseConnection->query('SELECT `courses`.`id` as `id`, `courses`.`title` as `title`, `courses`.`description` as `description`, `enrollments`.`enrollment_date` as `enrollment_date`
FROM `enrollments`
INNER JOIN `courses` ON `courses`.`id` = `enrollments`.`course_id`
WHERE `enrollments`.`user_id` = :enrollments.user_id:
ORDER BY `courses`.`title` ASC', [...], false)
 4 SYSTEMPATH\Model.php(286): CodeIgniter\Database\BaseBuilder->get()
 5 SYSTEMPATH\BaseModel.php(677): CodeIgniter\Model->doFindAll(0, 0)
 6 APPPATH\Models\EnrollmentModel.php(54): CodeIgniter\BaseModel->findAll()
 7 APPPATH\Controllers\Student\Enrollments.php(22): App\Models\EnrollmentModel->getUserEnrollments(11)
 8 SYSTEMPATH\CodeIgniter.php(933): App\Controllers\Student\Enrollments->index()
 9 SYSTEMPATH\CodeIgniter.php(507): CodeIgniter\CodeIgniter->runController(Object(App\Controllers\Student\Enrollments))
10 SYSTEMPATH\CodeIgniter.php(354): CodeIgniter\CodeIgniter->handleRequest(null, Object(Config\Cache), false)
11 SYSTEMPATH\Boot.php(363): CodeIgniter\CodeIgniter->run()
12 SYSTEMPATH\Boot.php(68): CodeIgniter\Boot::runCodeIgniter(Object(CodeIgniter\CodeIgniter))
13 FCPATH\index.php(59): CodeIgniter\Boot::bootWeb(Object(Config\Paths))
14 SYSTEMPATH\rewrite.php(44): require_once('C:\\xampp\\htdocs\\ITE311-CASTILLO\\public\\index.php')
CRITICAL - 2025-10-10 11:46:19 --> [Caused by] mysqli_sql_exception: Unknown column 'enrollments.enrollment_date' in 'field list'
in SYSTEMPATH\Database\MySQLi\Connection.php on line 327.
 1 SYSTEMPATH\Database\MySQLi\Connection.php(327): mysqli->query('SELECT `courses`.`id` as `id`, `courses`.`title` as `title`, `courses`.`description` as `description`, `enrollments`.`enrollment_date` as `enrollment_date`
FROM `enrollments`
INNER JOIN `courses` ON `courses`.`id` = `enrollments`.`course_id`
WHERE `enrollments`.`user_id` = 11
ORDER BY `courses`.`title` ASC', 0)
 2 SYSTEMPATH\Database\BaseConnection.php(729): CodeIgniter\Database\MySQLi\Connection->execute('SELECT `courses`.`id` as `id`, `courses`.`title` as `title`, `courses`.`description` as `description`, `enrollments`.`enrollment_date` as `enrollment_date`
FROM `enrollments`
INNER JOIN `courses` ON `courses`.`id` = `enrollments`.`course_id`
WHERE `enrollments`.`user_id` = 11
ORDER BY `courses`.`title` ASC')
 3 SYSTEMPATH\Database\BaseConnection.php(646): CodeIgniter\Database\BaseConnection->simpleQuery('SELECT `courses`.`id` as `id`, `courses`.`title` as `title`, `courses`.`description` as `description`, `enrollments`.`enrollment_date` as `enrollment_date`
FROM `enrollments`
INNER JOIN `courses` ON `courses`.`id` = `enrollments`.`course_id`
WHERE `enrollments`.`user_id` = 11
ORDER BY `courses`.`title` ASC')
 4 SYSTEMPATH\Database\BaseBuilder.php(1649): CodeIgniter\Database\BaseConnection->query('SELECT `courses`.`id` as `id`, `courses`.`title` as `title`, `courses`.`description` as `description`, `enrollments`.`enrollment_date` as `enrollment_date`
FROM `enrollments`
INNER JOIN `courses` ON `courses`.`id` = `enrollments`.`course_id`
WHERE `enrollments`.`user_id` = :enrollments.user_id:
ORDER BY `courses`.`title` ASC', [...], false)
 5 SYSTEMPATH\Model.php(286): CodeIgniter\Database\BaseBuilder->get()
 6 SYSTEMPATH\BaseModel.php(677): CodeIgniter\Model->doFindAll(0, 0)
 7 APPPATH\Models\EnrollmentModel.php(54): CodeIgniter\BaseModel->findAll()
 8 APPPATH\Controllers\Student\Enrollments.php(22): App\Models\EnrollmentModel->getUserEnrollments(11)
 9 SYSTEMPATH\CodeIgniter.php(933): App\Controllers\Student\Enrollments->index()
10 SYSTEMPATH\CodeIgniter.php(507): CodeIgniter\CodeIgniter->runController(Object(App\Controllers\Student\Enrollments))
11 SYSTEMPATH\CodeIgniter.php(354): CodeIgniter\CodeIgniter->handleRequest(null, Object(Config\Cache), false)
12 SYSTEMPATH\Boot.php(363): CodeIgniter\CodeIgniter->run()
13 SYSTEMPATH\Boot.php(68): CodeIgniter\Boot::runCodeIgniter(Object(CodeIgniter\CodeIgniter))
14 FCPATH\index.php(59): CodeIgniter\Boot::bootWeb(Object(Config\Paths))
15 SYSTEMPATH\rewrite.php(44): require_once('C:\\xampp\\htdocs\\ITE311-CASTILLO\\public\\index.php')
ERROR - 2025-10-10 11:46:55 --> mysqli_sql_exception: Unknown column 'enrollments.enrollment_date' in 'field list' in C:\xampp\htdocs\ITE311-CASTILLO\system\Database\MySQLi\Connection.php:327
Stack trace:
#0 C:\xampp\htdocs\ITE311-CASTILLO\system\Database\MySQLi\Connection.php(327): mysqli->query('SELECT `courses...', 0)
#1 C:\xampp\htdocs\ITE311-CASTILLO\system\Database\BaseConnection.php(729): CodeIgniter\Database\MySQLi\Connection->execute('SELECT `courses...')
#2 C:\xampp\htdocs\ITE311-CASTILLO\system\Database\BaseConnection.php(646): CodeIgniter\Database\BaseConnection->simpleQuery('SELECT `courses...')
#3 C:\xampp\htdocs\ITE311-CASTILLO\system\Database\BaseBuilder.php(1649): CodeIgniter\Database\BaseConnection->query('SELECT `courses...', Array, false)
#4 C:\xampp\htdocs\ITE311-CASTILLO\system\Model.php(286): CodeIgniter\Database\BaseBuilder->get()
#5 C:\xampp\htdocs\ITE311-CASTILLO\system\BaseModel.php(677): CodeIgniter\Model->doFindAll(0, 0)
#6 C:\xampp\htdocs\ITE311-CASTILLO\app\Models\EnrollmentModel.php(54): CodeIgniter\BaseModel->findAll()
#7 C:\xampp\htdocs\ITE311-CASTILLO\app\Controllers\Student\Enrollments.php(22): App\Models\EnrollmentModel->getUserEnrollments(11)
#8 C:\xampp\htdocs\ITE311-CASTILLO\system\CodeIgniter.php(933): App\Controllers\Student\Enrollments->index()
#9 C:\xampp\htdocs\ITE311-CASTILLO\system\CodeIgniter.php(507): CodeIgniter\CodeIgniter->runController(Object(App\Controllers\Student\Enrollments))
#10 C:\xampp\htdocs\ITE311-CASTILLO\system\CodeIgniter.php(354): CodeIgniter\CodeIgniter->handleRequest(NULL, Object(Config\Cache), false)
#11 C:\xampp\htdocs\ITE311-CASTILLO\system\Boot.php(363): CodeIgniter\CodeIgniter->run()
#12 C:\xampp\htdocs\ITE311-CASTILLO\system\Boot.php(68): CodeIgniter\Boot::runCodeIgniter(Object(CodeIgniter\CodeIgniter))
#13 C:\xampp\htdocs\ITE311-CASTILLO\public\index.php(59): CodeIgniter\Boot::bootWeb(Object(Config\Paths))
#14 C:\xampp\htdocs\ITE311-CASTILLO\system\rewrite.php(44): require_once('C:\\xampp\\htdocs...')
#15 {main}
CRITICAL - 2025-10-10 11:46:55 --> CodeIgniter\Database\Exceptions\DatabaseException: Unknown column 'enrollments.enrollment_date' in 'field list'
[Method: GET, Route: student/enrollments]
in SYSTEMPATH\Database\BaseConnection.php on line 684.
 1 SYSTEMPATH\Database\BaseBuilder.php(1649): CodeIgniter\Database\BaseConnection->query('SELECT `courses`.`id` as `id`, `courses`.`title` as `title`, `courses`.`description` as `description`, `enrollments`.`enrollment_date` as `enrollment_date`
FROM `enrollments`
INNER JOIN `courses` ON `courses`.`id` = `enrollments`.`course_id`
WHERE `enrollments`.`user_id` = :enrollments.user_id:
ORDER BY `courses`.`title` ASC', [...], false)
 2 SYSTEMPATH\Model.php(286): CodeIgniter\Database\BaseBuilder->get()
 3 SYSTEMPATH\BaseModel.php(677): CodeIgniter\Model->doFindAll(0, 0)
 4 APPPATH\Models\EnrollmentModel.php(54): CodeIgniter\BaseModel->findAll()
 5 APPPATH\Controllers\Student\Enrollments.php(22): App\Models\EnrollmentModel->getUserEnrollments(11)
 6 SYSTEMPATH\CodeIgniter.php(933): App\Controllers\Student\Enrollments->index()
 7 SYSTEMPATH\CodeIgniter.php(507): CodeIgniter\CodeIgniter->runController(Object(App\Controllers\Student\Enrollments))
 8 SYSTEMPATH\CodeIgniter.php(354): CodeIgniter\CodeIgniter->handleRequest(null, Object(Config\Cache), false)
 9 SYSTEMPATH\Boot.php(363): CodeIgniter\CodeIgniter->run()
10 SYSTEMPATH\Boot.php(68): CodeIgniter\Boot::runCodeIgniter(Object(CodeIgniter\CodeIgniter))
11 FCPATH\index.php(59): CodeIgniter\Boot::bootWeb(Object(Config\Paths))
12 SYSTEMPATH\rewrite.php(44): require_once('C:\\xampp\\htdocs\\ITE311-CASTILLO\\public\\index.php')
CRITICAL - 2025-10-10 11:46:55 --> [Caused by] CodeIgniter\Database\Exceptions\DatabaseException: Unknown column 'enrollments.enrollment_date' in 'field list'
in SYSTEMPATH\Database\MySQLi\Connection.php on line 332.
 1 SYSTEMPATH\Database\BaseConnection.php(729): CodeIgniter\Database\MySQLi\Connection->execute('SELECT `courses`.`id` as `id`, `courses`.`title` as `title`, `courses`.`description` as `description`, `enrollments`.`enrollment_date` as `enrollment_date`
FROM `enrollments`
INNER JOIN `courses` ON `courses`.`id` = `enrollments`.`course_id`
WHERE `enrollments`.`user_id` = 11
ORDER BY `courses`.`title` ASC')
 2 SYSTEMPATH\Database\BaseConnection.php(646): CodeIgniter\Database\BaseConnection->simpleQuery('SELECT `courses`.`id` as `id`, `courses`.`title` as `title`, `courses`.`description` as `description`, `enrollments`.`enrollment_date` as `enrollment_date`
FROM `enrollments`
INNER JOIN `courses` ON `courses`.`id` = `enrollments`.`course_id`
WHERE `enrollments`.`user_id` = 11
ORDER BY `courses`.`title` ASC')
 3 SYSTEMPATH\Database\BaseBuilder.php(1649): CodeIgniter\Database\BaseConnection->query('SELECT `courses`.`id` as `id`, `courses`.`title` as `title`, `courses`.`description` as `description`, `enrollments`.`enrollment_date` as `enrollment_date`
FROM `enrollments`
INNER JOIN `courses` ON `courses`.`id` = `enrollments`.`course_id`
WHERE `enrollments`.`user_id` = :enrollments.user_id:
ORDER BY `courses`.`title` ASC', [...], false)
 4 SYSTEMPATH\Model.php(286): CodeIgniter\Database\BaseBuilder->get()
 5 SYSTEMPATH\BaseModel.php(677): CodeIgniter\Model->doFindAll(0, 0)
 6 APPPATH\Models\EnrollmentModel.php(54): CodeIgniter\BaseModel->findAll()
 7 APPPATH\Controllers\Student\Enrollments.php(22): App\Models\EnrollmentModel->getUserEnrollments(11)
 8 SYSTEMPATH\CodeIgniter.php(933): App\Controllers\Student\Enrollments->index()
 9 SYSTEMPATH\CodeIgniter.php(507): CodeIgniter\CodeIgniter->runController(Object(App\Controllers\Student\Enrollments))
10 SYSTEMPATH\CodeIgniter.php(354): CodeIgniter\CodeIgniter->handleRequest(null, Object(Config\Cache), false)
11 SYSTEMPATH\Boot.php(363): CodeIgniter\CodeIgniter->run()
12 SYSTEMPATH\Boot.php(68): CodeIgniter\Boot::runCodeIgniter(Object(CodeIgniter\CodeIgniter))
13 FCPATH\index.php(59): CodeIgniter\Boot::bootWeb(Object(Config\Paths))
14 SYSTEMPATH\rewrite.php(44): require_once('C:\\xampp\\htdocs\\ITE311-CASTILLO\\public\\index.php')
CRITICAL - 2025-10-10 11:46:55 --> [Caused by] mysqli_sql_exception: Unknown column 'enrollments.enrollment_date' in 'field list'
in SYSTEMPATH\Database\MySQLi\Connection.php on line 327.
 1 SYSTEMPATH\Database\MySQLi\Connection.php(327): mysqli->query('SELECT `courses`.`id` as `id`, `courses`.`title` as `title`, `courses`.`description` as `description`, `enrollments`.`enrollment_date` as `enrollment_date`
FROM `enrollments`
INNER JOIN `courses` ON `courses`.`id` = `enrollments`.`course_id`
WHERE `enrollments`.`user_id` = 11
ORDER BY `courses`.`title` ASC', 0)
 2 SYSTEMPATH\Database\BaseConnection.php(729): CodeIgniter\Database\MySQLi\Connection->execute('SELECT `courses`.`id` as `id`, `courses`.`title` as `title`, `courses`.`description` as `description`, `enrollments`.`enrollment_date` as `enrollment_date`
FROM `enrollments`
INNER JOIN `courses` ON `courses`.`id` = `enrollments`.`course_id`
WHERE `enrollments`.`user_id` = 11
ORDER BY `courses`.`title` ASC')
 3 SYSTEMPATH\Database\BaseConnection.php(646): CodeIgniter\Database\BaseConnection->simpleQuery('SELECT `courses`.`id` as `id`, `courses`.`title` as `title`, `courses`.`description` as `description`, `enrollments`.`enrollment_date` as `enrollment_date`
FROM `enrollments`
INNER JOIN `courses` ON `courses`.`id` = `enrollments`.`course_id`
WHERE `enrollments`.`user_id` = 11
ORDER BY `courses`.`title` ASC')
 4 SYSTEMPATH\Database\BaseBuilder.php(1649): CodeIgniter\Database\BaseConnection->query('SELECT `courses`.`id` as `id`, `courses`.`title` as `title`, `courses`.`description` as `description`, `enrollments`.`enrollment_date` as `enrollment_date`
FROM `enrollments`
INNER JOIN `courses` ON `courses`.`id` = `enrollments`.`course_id`
WHERE `enrollments`.`user_id` = :enrollments.user_id:
ORDER BY `courses`.`title` ASC', [...], false)
 5 SYSTEMPATH\Model.php(286): CodeIgniter\Database\BaseBuilder->get()
 6 SYSTEMPATH\BaseModel.php(677): CodeIgniter\Model->doFindAll(0, 0)
 7 APPPATH\Models\EnrollmentModel.php(54): CodeIgniter\BaseModel->findAll()
 8 APPPATH\Controllers\Student\Enrollments.php(22): App\Models\EnrollmentModel->getUserEnrollments(11)
 9 SYSTEMPATH\CodeIgniter.php(933): App\Controllers\Student\Enrollments->index()
10 SYSTEMPATH\CodeIgniter.php(507): CodeIgniter\CodeIgniter->runController(Object(App\Controllers\Student\Enrollments))
11 SYSTEMPATH\CodeIgniter.php(354): CodeIgniter\CodeIgniter->handleRequest(null, Object(Config\Cache), false)
12 SYSTEMPATH\Boot.php(363): CodeIgniter\CodeIgniter->run()
13 SYSTEMPATH\Boot.php(68): CodeIgniter\Boot::runCodeIgniter(Object(CodeIgniter\CodeIgniter))
14 FCPATH\index.php(59): CodeIgniter\Boot::bootWeb(Object(Config\Paths))
15 SYSTEMPATH\rewrite.php(44): require_once('C:\\xampp\\htdocs\\ITE311-CASTILLO\\public\\index.php')
ERROR - 2025-10-10 11:47:20 --> mysqli_sql_exception: Unknown column 'enrollments.enrollment_date' in 'field list' in C:\xampp\htdocs\ITE311-CASTILLO\system\Database\MySQLi\Connection.php:327
Stack trace:
#0 C:\xampp\htdocs\ITE311-CASTILLO\system\Database\MySQLi\Connection.php(327): mysqli->query('SELECT `courses...', 0)
#1 C:\xampp\htdocs\ITE311-CASTILLO\system\Database\BaseConnection.php(729): CodeIgniter\Database\MySQLi\Connection->execute('SELECT `courses...')
#2 C:\xampp\htdocs\ITE311-CASTILLO\system\Database\BaseConnection.php(646): CodeIgniter\Database\BaseConnection->simpleQuery('SELECT `courses...')
#3 C:\xampp\htdocs\ITE311-CASTILLO\system\Database\BaseBuilder.php(1649): CodeIgniter\Database\BaseConnection->query('SELECT `courses...', Array, false)
#4 C:\xampp\htdocs\ITE311-CASTILLO\system\Model.php(286): CodeIgniter\Database\BaseBuilder->get()
#5 C:\xampp\htdocs\ITE311-CASTILLO\system\BaseModel.php(677): CodeIgniter\Model->doFindAll(0, 0)
#6 C:\xampp\htdocs\ITE311-CASTILLO\app\Models\EnrollmentModel.php(54): CodeIgniter\BaseModel->findAll()
#7 C:\xampp\htdocs\ITE311-CASTILLO\app\Controllers\Student\Enrollments.php(22): App\Models\EnrollmentModel->getUserEnrollments(11)
#8 C:\xampp\htdocs\ITE311-CASTILLO\system\CodeIgniter.php(933): App\Controllers\Student\Enrollments->index()
#9 C:\xampp\htdocs\ITE311-CASTILLO\system\CodeIgniter.php(507): CodeIgniter\CodeIgniter->runController(Object(App\Controllers\Student\Enrollments))
#10 C:\xampp\htdocs\ITE311-CASTILLO\system\CodeIgniter.php(354): CodeIgniter\CodeIgniter->handleRequest(NULL, Object(Config\Cache), false)
#11 C:\xampp\htdocs\ITE311-CASTILLO\system\Boot.php(363): CodeIgniter\CodeIgniter->run()
#12 C:\xampp\htdocs\ITE311-CASTILLO\system\Boot.php(68): CodeIgniter\Boot::runCodeIgniter(Object(CodeIgniter\CodeIgniter))
#13 C:\xampp\htdocs\ITE311-CASTILLO\public\index.php(59): CodeIgniter\Boot::bootWeb(Object(Config\Paths))
#14 C:\xampp\htdocs\ITE311-CASTILLO\system\rewrite.php(44): require_once('C:\\xampp\\htdocs...')
#15 {main}
CRITICAL - 2025-10-10 11:47:20 --> CodeIgniter\Database\Exceptions\DatabaseException: Unknown column 'enrollments.enrollment_date' in 'field list'
[Method: GET, Route: student/enrollments]
in SYSTEMPATH\Database\BaseConnection.php on line 684.
 1 SYSTEMPATH\Database\BaseBuilder.php(1649): CodeIgniter\Database\BaseConnection->query('SELECT `courses`.`id` as `id`, `courses`.`title` as `title`, `courses`.`description` as `description`, `enrollments`.`enrollment_date` as `enrollment_date`
FROM `enrollments`
INNER JOIN `courses` ON `courses`.`id` = `enrollments`.`course_id`
WHERE `enrollments`.`user_id` = :enrollments.user_id:
ORDER BY `courses`.`title` ASC', [...], false)
 2 SYSTEMPATH\Model.php(286): CodeIgniter\Database\BaseBuilder->get()
 3 SYSTEMPATH\BaseModel.php(677): CodeIgniter\Model->doFindAll(0, 0)
 4 APPPATH\Models\EnrollmentModel.php(54): CodeIgniter\BaseModel->findAll()
 5 APPPATH\Controllers\Student\Enrollments.php(22): App\Models\EnrollmentModel->getUserEnrollments(11)
 6 SYSTEMPATH\CodeIgniter.php(933): App\Controllers\Student\Enrollments->index()
 7 SYSTEMPATH\CodeIgniter.php(507): CodeIgniter\CodeIgniter->runController(Object(App\Controllers\Student\Enrollments))
 8 SYSTEMPATH\CodeIgniter.php(354): CodeIgniter\CodeIgniter->handleRequest(null, Object(Config\Cache), false)
 9 SYSTEMPATH\Boot.php(363): CodeIgniter\CodeIgniter->run()
10 SYSTEMPATH\Boot.php(68): CodeIgniter\Boot::runCodeIgniter(Object(CodeIgniter\CodeIgniter))
11 FCPATH\index.php(59): CodeIgniter\Boot::bootWeb(Object(Config\Paths))
12 SYSTEMPATH\rewrite.php(44): require_once('C:\\xampp\\htdocs\\ITE311-CASTILLO\\public\\index.php')
CRITICAL - 2025-10-10 11:47:20 --> [Caused by] CodeIgniter\Database\Exceptions\DatabaseException: Unknown column 'enrollments.enrollment_date' in 'field list'
in SYSTEMPATH\Database\MySQLi\Connection.php on line 332.
 1 SYSTEMPATH\Database\BaseConnection.php(729): CodeIgniter\Database\MySQLi\Connection->execute('SELECT `courses`.`id` as `id`, `courses`.`title` as `title`, `courses`.`description` as `description`, `enrollments`.`enrollment_date` as `enrollment_date`
FROM `enrollments`
INNER JOIN `courses` ON `courses`.`id` = `enrollments`.`course_id`
WHERE `enrollments`.`user_id` = 11
ORDER BY `courses`.`title` ASC')
 2 SYSTEMPATH\Database\BaseConnection.php(646): CodeIgniter\Database\BaseConnection->simpleQuery('SELECT `courses`.`id` as `id`, `courses`.`title` as `title`, `courses`.`description` as `description`, `enrollments`.`enrollment_date` as `enrollment_date`
FROM `enrollments`
INNER JOIN `courses` ON `courses`.`id` = `enrollments`.`course_id`
WHERE `enrollments`.`user_id` = 11
ORDER BY `courses`.`title` ASC')
 3 SYSTEMPATH\Database\BaseBuilder.php(1649): CodeIgniter\Database\BaseConnection->query('SELECT `courses`.`id` as `id`, `courses`.`title` as `title`, `courses`.`description` as `description`, `enrollments`.`enrollment_date` as `enrollment_date`
FROM `enrollments`
INNER JOIN `courses` ON `courses`.`id` = `enrollments`.`course_id`
WHERE `enrollments`.`user_id` = :enrollments.user_id:
ORDER BY `courses`.`title` ASC', [...], false)
 4 SYSTEMPATH\Model.php(286): CodeIgniter\Database\BaseBuilder->get()
 5 SYSTEMPATH\BaseModel.php(677): CodeIgniter\Model->doFindAll(0, 0)
 6 APPPATH\Models\EnrollmentModel.php(54): CodeIgniter\BaseModel->findAll()
 7 APPPATH\Controllers\Student\Enrollments.php(22): App\Models\EnrollmentModel->getUserEnrollments(11)
 8 SYSTEMPATH\CodeIgniter.php(933): App\Controllers\Student\Enrollments->index()
 9 SYSTEMPATH\CodeIgniter.php(507): CodeIgniter\CodeIgniter->runController(Object(App\Controllers\Student\Enrollments))
10 SYSTEMPATH\CodeIgniter.php(354): CodeIgniter\CodeIgniter->handleRequest(null, Object(Config\Cache), false)
11 SYSTEMPATH\Boot.php(363): CodeIgniter\CodeIgniter->run()
12 SYSTEMPATH\Boot.php(68): CodeIgniter\Boot::runCodeIgniter(Object(CodeIgniter\CodeIgniter))
13 FCPATH\index.php(59): CodeIgniter\Boot::bootWeb(Object(Config\Paths))
14 SYSTEMPATH\rewrite.php(44): require_once('C:\\xampp\\htdocs\\ITE311-CASTILLO\\public\\index.php')
CRITICAL - 2025-10-10 11:47:20 --> [Caused by] mysqli_sql_exception: Unknown column 'enrollments.enrollment_date' in 'field list'
in SYSTEMPATH\Database\MySQLi\Connection.php on line 327.
 1 SYSTEMPATH\Database\MySQLi\Connection.php(327): mysqli->query('SELECT `courses`.`id` as `id`, `courses`.`title` as `title`, `courses`.`description` as `description`, `enrollments`.`enrollment_date` as `enrollment_date`
FROM `enrollments`
INNER JOIN `courses` ON `courses`.`id` = `enrollments`.`course_id`
WHERE `enrollments`.`user_id` = 11
ORDER BY `courses`.`title` ASC', 0)
 2 SYSTEMPATH\Database\BaseConnection.php(729): CodeIgniter\Database\MySQLi\Connection->execute('SELECT `courses`.`id` as `id`, `courses`.`title` as `title`, `courses`.`description` as `description`, `enrollments`.`enrollment_date` as `enrollment_date`
FROM `enrollments`
INNER JOIN `courses` ON `courses`.`id` = `enrollments`.`course_id`
WHERE `enrollments`.`user_id` = 11
ORDER BY `courses`.`title` ASC')
 3 SYSTEMPATH\Database\BaseConnection.php(646): CodeIgniter\Database\BaseConnection->simpleQuery('SELECT `courses`.`id` as `id`, `courses`.`title` as `title`, `courses`.`description` as `description`, `enrollments`.`enrollment_date` as `enrollment_date`
FROM `enrollments`
INNER JOIN `courses` ON `courses`.`id` = `enrollments`.`course_id`
WHERE `enrollments`.`user_id` = 11
ORDER BY `courses`.`title` ASC')
 4 SYSTEMPATH\Database\BaseBuilder.php(1649): CodeIgniter\Database\BaseConnection->query('SELECT `courses`.`id` as `id`, `courses`.`title` as `title`, `courses`.`description` as `description`, `enrollments`.`enrollment_date` as `enrollment_date`
FROM `enrollments`
INNER JOIN `courses` ON `courses`.`id` = `enrollments`.`course_id`
WHERE `enrollments`.`user_id` = :enrollments.user_id:
ORDER BY `courses`.`title` ASC', [...], false)
 5 SYSTEMPATH\Model.php(286): CodeIgniter\Database\BaseBuilder->get()
 6 SYSTEMPATH\BaseModel.php(677): CodeIgniter\Model->doFindAll(0, 0)
 7 APPPATH\Models\EnrollmentModel.php(54): CodeIgniter\BaseModel->findAll()
 8 APPPATH\Controllers\Student\Enrollments.php(22): App\Models\EnrollmentModel->getUserEnrollments(11)
 9 SYSTEMPATH\CodeIgniter.php(933): App\Controllers\Student\Enrollments->index()
10 SYSTEMPATH\CodeIgniter.php(507): CodeIgniter\CodeIgniter->runController(Object(App\Controllers\Student\Enrollments))
11 SYSTEMPATH\CodeIgniter.php(354): CodeIgniter\CodeIgniter->handleRequest(null, Object(Config\Cache), false)
12 SYSTEMPATH\Boot.php(363): CodeIgniter\CodeIgniter->run()
13 SYSTEMPATH\Boot.php(68): CodeIgniter\Boot::runCodeIgniter(Object(CodeIgniter\CodeIgniter))
14 FCPATH\index.php(59): CodeIgniter\Boot::bootWeb(Object(Config\Paths))
15 SYSTEMPATH\rewrite.php(44): require_once('C:\\xampp\\htdocs\\ITE311-CASTILLO\\public\\index.php')
ERROR - 2025-10-10 11:47:22 --> mysqli_sql_exception: Unknown column 'enrollments.enrollment_date' in 'field list' in C:\xampp\htdocs\ITE311-CASTILLO\system\Database\MySQLi\Connection.php:327
Stack trace:
#0 C:\xampp\htdocs\ITE311-CASTILLO\system\Database\MySQLi\Connection.php(327): mysqli->query('SELECT `courses...', 0)
#1 C:\xampp\htdocs\ITE311-CASTILLO\system\Database\BaseConnection.php(729): CodeIgniter\Database\MySQLi\Connection->execute('SELECT `courses...')
#2 C:\xampp\htdocs\ITE311-CASTILLO\system\Database\BaseConnection.php(646): CodeIgniter\Database\BaseConnection->simpleQuery('SELECT `courses...')
#3 C:\xampp\htdocs\ITE311-CASTILLO\system\Database\BaseBuilder.php(1649): CodeIgniter\Database\BaseConnection->query('SELECT `courses...', Array, false)
#4 C:\xampp\htdocs\ITE311-CASTILLO\system\Model.php(286): CodeIgniter\Database\BaseBuilder->get()
#5 C:\xampp\htdocs\ITE311-CASTILLO\system\BaseModel.php(677): CodeIgniter\Model->doFindAll(0, 0)
#6 C:\xampp\htdocs\ITE311-CASTILLO\app\Models\EnrollmentModel.php(54): CodeIgniter\BaseModel->findAll()
#7 C:\xampp\htdocs\ITE311-CASTILLO\app\Controllers\Student\Enrollments.php(22): App\Models\EnrollmentModel->getUserEnrollments(11)
#8 C:\xampp\htdocs\ITE311-CASTILLO\system\CodeIgniter.php(933): App\Controllers\Student\Enrollments->index()
#9 C:\xampp\htdocs\ITE311-CASTILLO\system\CodeIgniter.php(507): CodeIgniter\CodeIgniter->runController(Object(App\Controllers\Student\Enrollments))
#10 C:\xampp\htdocs\ITE311-CASTILLO\system\CodeIgniter.php(354): CodeIgniter\CodeIgniter->handleRequest(NULL, Object(Config\Cache), false)
#11 C:\xampp\htdocs\ITE311-CASTILLO\system\Boot.php(363): CodeIgniter\CodeIgniter->run()
#12 C:\xampp\htdocs\ITE311-CASTILLO\system\Boot.php(68): CodeIgniter\Boot::runCodeIgniter(Object(CodeIgniter\CodeIgniter))
#13 C:\xampp\htdocs\ITE311-CASTILLO\public\index.php(59): CodeIgniter\Boot::bootWeb(Object(Config\Paths))
#14 C:\xampp\htdocs\ITE311-CASTILLO\system\rewrite.php(44): require_once('C:\\xampp\\htdocs...')
#15 {main}
CRITICAL - 2025-10-10 11:47:22 --> CodeIgniter\Database\Exceptions\DatabaseException: Unknown column 'enrollments.enrollment_date' in 'field list'
[Method: GET, Route: student/enrollments]
in SYSTEMPATH\Database\BaseConnection.php on line 684.
 1 SYSTEMPATH\Database\BaseBuilder.php(1649): CodeIgniter\Database\BaseConnection->query('SELECT `courses`.`id` as `id`, `courses`.`title` as `title`, `courses`.`description` as `description`, `enrollments`.`enrollment_date` as `enrollment_date`
FROM `enrollments`
INNER JOIN `courses` ON `courses`.`id` = `enrollments`.`course_id`
WHERE `enrollments`.`user_id` = :enrollments.user_id:
ORDER BY `courses`.`title` ASC', [...], false)
 2 SYSTEMPATH\Model.php(286): CodeIgniter\Database\BaseBuilder->get()
 3 SYSTEMPATH\BaseModel.php(677): CodeIgniter\Model->doFindAll(0, 0)
 4 APPPATH\Models\EnrollmentModel.php(54): CodeIgniter\BaseModel->findAll()
 5 APPPATH\Controllers\Student\Enrollments.php(22): App\Models\EnrollmentModel->getUserEnrollments(11)
 6 SYSTEMPATH\CodeIgniter.php(933): App\Controllers\Student\Enrollments->index()
 7 SYSTEMPATH\CodeIgniter.php(507): CodeIgniter\CodeIgniter->runController(Object(App\Controllers\Student\Enrollments))
 8 SYSTEMPATH\CodeIgniter.php(354): CodeIgniter\CodeIgniter->handleRequest(null, Object(Config\Cache), false)
 9 SYSTEMPATH\Boot.php(363): CodeIgniter\CodeIgniter->run()
10 SYSTEMPATH\Boot.php(68): CodeIgniter\Boot::runCodeIgniter(Object(CodeIgniter\CodeIgniter))
11 FCPATH\index.php(59): CodeIgniter\Boot::bootWeb(Object(Config\Paths))
12 SYSTEMPATH\rewrite.php(44): require_once('C:\\xampp\\htdocs\\ITE311-CASTILLO\\public\\index.php')
CRITICAL - 2025-10-10 11:47:22 --> [Caused by] CodeIgniter\Database\Exceptions\DatabaseException: Unknown column 'enrollments.enrollment_date' in 'field list'
in SYSTEMPATH\Database\MySQLi\Connection.php on line 332.
 1 SYSTEMPATH\Database\BaseConnection.php(729): CodeIgniter\Database\MySQLi\Connection->execute('SELECT `courses`.`id` as `id`, `courses`.`title` as `title`, `courses`.`description` as `description`, `enrollments`.`enrollment_date` as `enrollment_date`
FROM `enrollments`
INNER JOIN `courses` ON `courses`.`id` = `enrollments`.`course_id`
WHERE `enrollments`.`user_id` = 11
ORDER BY `courses`.`title` ASC')
 2 SYSTEMPATH\Database\BaseConnection.php(646): CodeIgniter\Database\BaseConnection->simpleQuery('SELECT `courses`.`id` as `id`, `courses`.`title` as `title`, `courses`.`description` as `description`, `enrollments`.`enrollment_date` as `enrollment_date`
FROM `enrollments`
INNER JOIN `courses` ON `courses`.`id` = `enrollments`.`course_id`
WHERE `enrollments`.`user_id` = 11
ORDER BY `courses`.`title` ASC')
 3 SYSTEMPATH\Database\BaseBuilder.php(1649): CodeIgniter\Database\BaseConnection->query('SELECT `courses`.`id` as `id`, `courses`.`title` as `title`, `courses`.`description` as `description`, `enrollments`.`enrollment_date` as `enrollment_date`
FROM `enrollments`
INNER JOIN `courses` ON `courses`.`id` = `enrollments`.`course_id`
WHERE `enrollments`.`user_id` = :enrollments.user_id:
ORDER BY `courses`.`title` ASC', [...], false)
 4 SYSTEMPATH\Model.php(286): CodeIgniter\Database\BaseBuilder->get()
 5 SYSTEMPATH\BaseModel.php(677): CodeIgniter\Model->doFindAll(0, 0)
 6 APPPATH\Models\EnrollmentModel.php(54): CodeIgniter\BaseModel->findAll()
 7 APPPATH\Controllers\Student\Enrollments.php(22): App\Models\EnrollmentModel->getUserEnrollments(11)
 8 SYSTEMPATH\CodeIgniter.php(933): App\Controllers\Student\Enrollments->index()
 9 SYSTEMPATH\CodeIgniter.php(507): CodeIgniter\CodeIgniter->runController(Object(App\Controllers\Student\Enrollments))
10 SYSTEMPATH\CodeIgniter.php(354): CodeIgniter\CodeIgniter->handleRequest(null, Object(Config\Cache), false)
11 SYSTEMPATH\Boot.php(363): CodeIgniter\CodeIgniter->run()
12 SYSTEMPATH\Boot.php(68): CodeIgniter\Boot::runCodeIgniter(Object(CodeIgniter\CodeIgniter))
13 FCPATH\index.php(59): CodeIgniter\Boot::bootWeb(Object(Config\Paths))
14 SYSTEMPATH\rewrite.php(44): require_once('C:\\xampp\\htdocs\\ITE311-CASTILLO\\public\\index.php')
CRITICAL - 2025-10-10 11:47:22 --> [Caused by] mysqli_sql_exception: Unknown column 'enrollments.enrollment_date' in 'field list'
in SYSTEMPATH\Database\MySQLi\Connection.php on line 327.
 1 SYSTEMPATH\Database\MySQLi\Connection.php(327): mysqli->query('SELECT `courses`.`id` as `id`, `courses`.`title` as `title`, `courses`.`description` as `description`, `enrollments`.`enrollment_date` as `enrollment_date`
FROM `enrollments`
INNER JOIN `courses` ON `courses`.`id` = `enrollments`.`course_id`
WHERE `enrollments`.`user_id` = 11
ORDER BY `courses`.`title` ASC', 0)
 2 SYSTEMPATH\Database\BaseConnection.php(729): CodeIgniter\Database\MySQLi\Connection->execute('SELECT `courses`.`id` as `id`, `courses`.`title` as `title`, `courses`.`description` as `description`, `enrollments`.`enrollment_date` as `enrollment_date`
FROM `enrollments`
INNER JOIN `courses` ON `courses`.`id` = `enrollments`.`course_id`
WHERE `enrollments`.`user_id` = 11
ORDER BY `courses`.`title` ASC')
 3 SYSTEMPATH\Database\BaseConnection.php(646): CodeIgniter\Database\BaseConnection->simpleQuery('SELECT `courses`.`id` as `id`, `courses`.`title` as `title`, `courses`.`description` as `description`, `enrollments`.`enrollment_date` as `enrollment_date`
FROM `enrollments`
INNER JOIN `courses` ON `courses`.`id` = `enrollments`.`course_id`
WHERE `enrollments`.`user_id` = 11
ORDER BY `courses`.`title` ASC')
 4 SYSTEMPATH\Database\BaseBuilder.php(1649): CodeIgniter\Database\BaseConnection->query('SELECT `courses`.`id` as `id`, `courses`.`title` as `title`, `courses`.`description` as `description`, `enrollments`.`enrollment_date` as `enrollment_date`
FROM `enrollments`
INNER JOIN `courses` ON `courses`.`id` = `enrollments`.`course_id`
WHERE `enrollments`.`user_id` = :enrollments.user_id:
ORDER BY `courses`.`title` ASC', [...], false)
 5 SYSTEMPATH\Model.php(286): CodeIgniter\Database\BaseBuilder->get()
 6 SYSTEMPATH\BaseModel.php(677): CodeIgniter\Model->doFindAll(0, 0)
 7 APPPATH\Models\EnrollmentModel.php(54): CodeIgniter\BaseModel->findAll()
 8 APPPATH\Controllers\Student\Enrollments.php(22): App\Models\EnrollmentModel->getUserEnrollments(11)
 9 SYSTEMPATH\CodeIgniter.php(933): App\Controllers\Student\Enrollments->index()
10 SYSTEMPATH\CodeIgniter.php(507): CodeIgniter\CodeIgniter->runController(Object(App\Controllers\Student\Enrollments))
11 SYSTEMPATH\CodeIgniter.php(354): CodeIgniter\CodeIgniter->handleRequest(null, Object(Config\Cache), false)
12 SYSTEMPATH\Boot.php(363): CodeIgniter\CodeIgniter->run()
13 SYSTEMPATH\Boot.php(68): CodeIgniter\Boot::runCodeIgniter(Object(CodeIgniter\CodeIgniter))
14 FCPATH\index.php(59): CodeIgniter\Boot::bootWeb(Object(Config\Paths))
15 SYSTEMPATH\rewrite.php(44): require_once('C:\\xampp\\htdocs\\ITE311-CASTILLO\\public\\index.php')
ERROR - 2025-10-10 11:47:23 --> mysqli_sql_exception: Unknown column 'enrollments.enrollment_date' in 'field list' in C:\xampp\htdocs\ITE311-CASTILLO\system\Database\MySQLi\Connection.php:327
Stack trace:
#0 C:\xampp\htdocs\ITE311-CASTILLO\system\Database\MySQLi\Connection.php(327): mysqli->query('SELECT `courses...', 0)
#1 C:\xampp\htdocs\ITE311-CASTILLO\system\Database\BaseConnection.php(729): CodeIgniter\Database\MySQLi\Connection->execute('SELECT `courses...')
#2 C:\xampp\htdocs\ITE311-CASTILLO\system\Database\BaseConnection.php(646): CodeIgniter\Database\BaseConnection->simpleQuery('SELECT `courses...')
#3 C:\xampp\htdocs\ITE311-CASTILLO\system\Database\BaseBuilder.php(1649): CodeIgniter\Database\BaseConnection->query('SELECT `courses...', Array, false)
#4 C:\xampp\htdocs\ITE311-CASTILLO\system\Model.php(286): CodeIgniter\Database\BaseBuilder->get()
#5 C:\xampp\htdocs\ITE311-CASTILLO\system\BaseModel.php(677): CodeIgniter\Model->doFindAll(0, 0)
#6 C:\xampp\htdocs\ITE311-CASTILLO\app\Models\EnrollmentModel.php(54): CodeIgniter\BaseModel->findAll()
#7 C:\xampp\htdocs\ITE311-CASTILLO\app\Controllers\Student\Enrollments.php(22): App\Models\EnrollmentModel->getUserEnrollments(11)
#8 C:\xampp\htdocs\ITE311-CASTILLO\system\CodeIgniter.php(933): App\Controllers\Student\Enrollments->index()
#9 C:\xampp\htdocs\ITE311-CASTILLO\system\CodeIgniter.php(507): CodeIgniter\CodeIgniter->runController(Object(App\Controllers\Student\Enrollments))
#10 C:\xampp\htdocs\ITE311-CASTILLO\system\CodeIgniter.php(354): CodeIgniter\CodeIgniter->handleRequest(NULL, Object(Config\Cache), false)
#11 C:\xampp\htdocs\ITE311-CASTILLO\system\Boot.php(363): CodeIgniter\CodeIgniter->run()
#12 C:\xampp\htdocs\ITE311-CASTILLO\system\Boot.php(68): CodeIgniter\Boot::runCodeIgniter(Object(CodeIgniter\CodeIgniter))
#13 C:\xampp\htdocs\ITE311-CASTILLO\public\index.php(59): CodeIgniter\Boot::bootWeb(Object(Config\Paths))
#14 C:\xampp\htdocs\ITE311-CASTILLO\system\rewrite.php(44): require_once('C:\\xampp\\htdocs...')
#15 {main}
CRITICAL - 2025-10-10 11:47:23 --> CodeIgniter\Database\Exceptions\DatabaseException: Unknown column 'enrollments.enrollment_date' in 'field list'
[Method: GET, Route: student/enrollments]
in SYSTEMPATH\Database\BaseConnection.php on line 684.
 1 SYSTEMPATH\Database\BaseBuilder.php(1649): CodeIgniter\Database\BaseConnection->query('SELECT `courses`.`id` as `id`, `courses`.`title` as `title`, `courses`.`description` as `description`, `enrollments`.`enrollment_date` as `enrollment_date`
FROM `enrollments`
INNER JOIN `courses` ON `courses`.`id` = `enrollments`.`course_id`
WHERE `enrollments`.`user_id` = :enrollments.user_id:
ORDER BY `courses`.`title` ASC', [...], false)
 2 SYSTEMPATH\Model.php(286): CodeIgniter\Database\BaseBuilder->get()
 3 SYSTEMPATH\BaseModel.php(677): CodeIgniter\Model->doFindAll(0, 0)
 4 APPPATH\Models\EnrollmentModel.php(54): CodeIgniter\BaseModel->findAll()
 5 APPPATH\Controllers\Student\Enrollments.php(22): App\Models\EnrollmentModel->getUserEnrollments(11)
 6 SYSTEMPATH\CodeIgniter.php(933): App\Controllers\Student\Enrollments->index()
 7 SYSTEMPATH\CodeIgniter.php(507): CodeIgniter\CodeIgniter->runController(Object(App\Controllers\Student\Enrollments))
 8 SYSTEMPATH\CodeIgniter.php(354): CodeIgniter\CodeIgniter->handleRequest(null, Object(Config\Cache), false)
 9 SYSTEMPATH\Boot.php(363): CodeIgniter\CodeIgniter->run()
10 SYSTEMPATH\Boot.php(68): CodeIgniter\Boot::runCodeIgniter(Object(CodeIgniter\CodeIgniter))
11 FCPATH\index.php(59): CodeIgniter\Boot::bootWeb(Object(Config\Paths))
12 SYSTEMPATH\rewrite.php(44): require_once('C:\\xampp\\htdocs\\ITE311-CASTILLO\\public\\index.php')
CRITICAL - 2025-10-10 11:47:23 --> [Caused by] CodeIgniter\Database\Exceptions\DatabaseException: Unknown column 'enrollments.enrollment_date' in 'field list'
in SYSTEMPATH\Database\MySQLi\Connection.php on line 332.
 1 SYSTEMPATH\Database\BaseConnection.php(729): CodeIgniter\Database\MySQLi\Connection->execute('SELECT `courses`.`id` as `id`, `courses`.`title` as `title`, `courses`.`description` as `description`, `enrollments`.`enrollment_date` as `enrollment_date`
FROM `enrollments`
INNER JOIN `courses` ON `courses`.`id` = `enrollments`.`course_id`
WHERE `enrollments`.`user_id` = 11
ORDER BY `courses`.`title` ASC')
 2 SYSTEMPATH\Database\BaseConnection.php(646): CodeIgniter\Database\BaseConnection->simpleQuery('SELECT `courses`.`id` as `id`, `courses`.`title` as `title`, `courses`.`description` as `description`, `enrollments`.`enrollment_date` as `enrollment_date`
FROM `enrollments`
INNER JOIN `courses` ON `courses`.`id` = `enrollments`.`course_id`
WHERE `enrollments`.`user_id` = 11
ORDER BY `courses`.`title` ASC')
 3 SYSTEMPATH\Database\BaseBuilder.php(1649): CodeIgniter\Database\BaseConnection->query('SELECT `courses`.`id` as `id`, `courses`.`title` as `title`, `courses`.`description` as `description`, `enrollments`.`enrollment_date` as `enrollment_date`
FROM `enrollments`
INNER JOIN `courses` ON `courses`.`id` = `enrollments`.`course_id`
WHERE `enrollments`.`user_id` = :enrollments.user_id:
ORDER BY `courses`.`title` ASC', [...], false)
 4 SYSTEMPATH\Model.php(286): CodeIgniter\Database\BaseBuilder->get()
 5 SYSTEMPATH\BaseModel.php(677): CodeIgniter\Model->doFindAll(0, 0)
 6 APPPATH\Models\EnrollmentModel.php(54): CodeIgniter\BaseModel->findAll()
 7 APPPATH\Controllers\Student\Enrollments.php(22): App\Models\EnrollmentModel->getUserEnrollments(11)
 8 SYSTEMPATH\CodeIgniter.php(933): App\Controllers\Student\Enrollments->index()
 9 SYSTEMPATH\CodeIgniter.php(507): CodeIgniter\CodeIgniter->runController(Object(App\Controllers\Student\Enrollments))
10 SYSTEMPATH\CodeIgniter.php(354): CodeIgniter\CodeIgniter->handleRequest(null, Object(Config\Cache), false)
11 SYSTEMPATH\Boot.php(363): CodeIgniter\CodeIgniter->run()
12 SYSTEMPATH\Boot.php(68): CodeIgniter\Boot::runCodeIgniter(Object(CodeIgniter\CodeIgniter))
13 FCPATH\index.php(59): CodeIgniter\Boot::bootWeb(Object(Config\Paths))
14 SYSTEMPATH\rewrite.php(44): require_once('C:\\xampp\\htdocs\\ITE311-CASTILLO\\public\\index.php')
CRITICAL - 2025-10-10 11:47:23 --> [Caused by] mysqli_sql_exception: Unknown column 'enrollments.enrollment_date' in 'field list'
in SYSTEMPATH\Database\MySQLi\Connection.php on line 327.
 1 SYSTEMPATH\Database\MySQLi\Connection.php(327): mysqli->query('SELECT `courses`.`id` as `id`, `courses`.`title` as `title`, `courses`.`description` as `description`, `enrollments`.`enrollment_date` as `enrollment_date`
FROM `enrollments`
INNER JOIN `courses` ON `courses`.`id` = `enrollments`.`course_id`
WHERE `enrollments`.`user_id` = 11
ORDER BY `courses`.`title` ASC', 0)
 2 SYSTEMPATH\Database\BaseConnection.php(729): CodeIgniter\Database\MySQLi\Connection->execute('SELECT `courses`.`id` as `id`, `courses`.`title` as `title`, `courses`.`description` as `description`, `enrollments`.`enrollment_date` as `enrollment_date`
FROM `enrollments`
INNER JOIN `courses` ON `courses`.`id` = `enrollments`.`course_id`
WHERE `enrollments`.`user_id` = 11
ORDER BY `courses`.`title` ASC')
 3 SYSTEMPATH\Database\BaseConnection.php(646): CodeIgniter\Database\BaseConnection->simpleQuery('SELECT `courses`.`id` as `id`, `courses`.`title` as `title`, `courses`.`description` as `description`, `enrollments`.`enrollment_date` as `enrollment_date`
FROM `enrollments`
INNER JOIN `courses` ON `courses`.`id` = `enrollments`.`course_id`
WHERE `enrollments`.`user_id` = 11
ORDER BY `courses`.`title` ASC')
 4 SYSTEMPATH\Database\BaseBuilder.php(1649): CodeIgniter\Database\BaseConnection->query('SELECT `courses`.`id` as `id`, `courses`.`title` as `title`, `courses`.`description` as `description`, `enrollments`.`enrollment_date` as `enrollment_date`
FROM `enrollments`
INNER JOIN `courses` ON `courses`.`id` = `enrollments`.`course_id`
WHERE `enrollments`.`user_id` = :enrollments.user_id:
ORDER BY `courses`.`title` ASC', [...], false)
 5 SYSTEMPATH\Model.php(286): CodeIgniter\Database\BaseBuilder->get()
 6 SYSTEMPATH\BaseModel.php(677): CodeIgniter\Model->doFindAll(0, 0)
 7 APPPATH\Models\EnrollmentModel.php(54): CodeIgniter\BaseModel->findAll()
 8 APPPATH\Controllers\Student\Enrollments.php(22): App\Models\EnrollmentModel->getUserEnrollments(11)
 9 SYSTEMPATH\CodeIgniter.php(933): App\Controllers\Student\Enrollments->index()
10 SYSTEMPATH\CodeIgniter.php(507): CodeIgniter\CodeIgniter->runController(Object(App\Controllers\Student\Enrollments))
11 SYSTEMPATH\CodeIgniter.php(354): CodeIgniter\CodeIgniter->handleRequest(null, Object(Config\Cache), false)
12 SYSTEMPATH\Boot.php(363): CodeIgniter\CodeIgniter->run()
13 SYSTEMPATH\Boot.php(68): CodeIgniter\Boot::runCodeIgniter(Object(CodeIgniter\CodeIgniter))
14 FCPATH\index.php(59): CodeIgniter\Boot::bootWeb(Object(Config\Paths))
15 SYSTEMPATH\rewrite.php(44): require_once('C:\\xampp\\htdocs\\ITE311-CASTILLO\\public\\index.php')
ERROR - 2025-10-10 11:47:25 --> mysqli_sql_exception: Unknown column 'enrollments.enrollment_date' in 'field list' in C:\xampp\htdocs\ITE311-CASTILLO\system\Database\MySQLi\Connection.php:327
Stack trace:
#0 C:\xampp\htdocs\ITE311-CASTILLO\system\Database\MySQLi\Connection.php(327): mysqli->query('SELECT `courses...', 0)
#1 C:\xampp\htdocs\ITE311-CASTILLO\system\Database\BaseConnection.php(729): CodeIgniter\Database\MySQLi\Connection->execute('SELECT `courses...')
#2 C:\xampp\htdocs\ITE311-CASTILLO\system\Database\BaseConnection.php(646): CodeIgniter\Database\BaseConnection->simpleQuery('SELECT `courses...')
#3 C:\xampp\htdocs\ITE311-CASTILLO\system\Database\BaseBuilder.php(1649): CodeIgniter\Database\BaseConnection->query('SELECT `courses...', Array, false)
#4 C:\xampp\htdocs\ITE311-CASTILLO\system\Model.php(286): CodeIgniter\Database\BaseBuilder->get()
#5 C:\xampp\htdocs\ITE311-CASTILLO\system\BaseModel.php(677): CodeIgniter\Model->doFindAll(0, 0)
#6 C:\xampp\htdocs\ITE311-CASTILLO\app\Models\EnrollmentModel.php(54): CodeIgniter\BaseModel->findAll()
#7 C:\xampp\htdocs\ITE311-CASTILLO\app\Controllers\Student\Enrollments.php(22): App\Models\EnrollmentModel->getUserEnrollments(11)
#8 C:\xampp\htdocs\ITE311-CASTILLO\system\CodeIgniter.php(933): App\Controllers\Student\Enrollments->index()
#9 C:\xampp\htdocs\ITE311-CASTILLO\system\CodeIgniter.php(507): CodeIgniter\CodeIgniter->runController(Object(App\Controllers\Student\Enrollments))
#10 C:\xampp\htdocs\ITE311-CASTILLO\system\CodeIgniter.php(354): CodeIgniter\CodeIgniter->handleRequest(NULL, Object(Config\Cache), false)
#11 C:\xampp\htdocs\ITE311-CASTILLO\system\Boot.php(363): CodeIgniter\CodeIgniter->run()
#12 C:\xampp\htdocs\ITE311-CASTILLO\system\Boot.php(68): CodeIgniter\Boot::runCodeIgniter(Object(CodeIgniter\CodeIgniter))
#13 C:\xampp\htdocs\ITE311-CASTILLO\public\index.php(59): CodeIgniter\Boot::bootWeb(Object(Config\Paths))
#14 C:\xampp\htdocs\ITE311-CASTILLO\system\rewrite.php(44): require_once('C:\\xampp\\htdocs...')
#15 {main}
CRITICAL - 2025-10-10 11:47:25 --> CodeIgniter\Database\Exceptions\DatabaseException: Unknown column 'enrollments.enrollment_date' in 'field list'
[Method: GET, Route: student/enrollments]
in SYSTEMPATH\Database\BaseConnection.php on line 684.
 1 SYSTEMPATH\Database\BaseBuilder.php(1649): CodeIgniter\Database\BaseConnection->query('SELECT `courses`.`id` as `id`, `courses`.`title` as `title`, `courses`.`description` as `description`, `enrollments`.`enrollment_date` as `enrollment_date`
FROM `enrollments`
INNER JOIN `courses` ON `courses`.`id` = `enrollments`.`course_id`
WHERE `enrollments`.`user_id` = :enrollments.user_id:
ORDER BY `courses`.`title` ASC', [...], false)
 2 SYSTEMPATH\Model.php(286): CodeIgniter\Database\BaseBuilder->get()
 3 SYSTEMPATH\BaseModel.php(677): CodeIgniter\Model->doFindAll(0, 0)
 4 APPPATH\Models\EnrollmentModel.php(54): CodeIgniter\BaseModel->findAll()
 5 APPPATH\Controllers\Student\Enrollments.php(22): App\Models\EnrollmentModel->getUserEnrollments(11)
 6 SYSTEMPATH\CodeIgniter.php(933): App\Controllers\Student\Enrollments->index()
 7 SYSTEMPATH\CodeIgniter.php(507): CodeIgniter\CodeIgniter->runController(Object(App\Controllers\Student\Enrollments))
 8 SYSTEMPATH\CodeIgniter.php(354): CodeIgniter\CodeIgniter->handleRequest(null, Object(Config\Cache), false)
 9 SYSTEMPATH\Boot.php(363): CodeIgniter\CodeIgniter->run()
10 SYSTEMPATH\Boot.php(68): CodeIgniter\Boot::runCodeIgniter(Object(CodeIgniter\CodeIgniter))
11 FCPATH\index.php(59): CodeIgniter\Boot::bootWeb(Object(Config\Paths))
12 SYSTEMPATH\rewrite.php(44): require_once('C:\\xampp\\htdocs\\ITE311-CASTILLO\\public\\index.php')
CRITICAL - 2025-10-10 11:47:25 --> [Caused by] CodeIgniter\Database\Exceptions\DatabaseException: Unknown column 'enrollments.enrollment_date' in 'field list'
in SYSTEMPATH\Database\MySQLi\Connection.php on line 332.
 1 SYSTEMPATH\Database\BaseConnection.php(729): CodeIgniter\Database\MySQLi\Connection->execute('SELECT `courses`.`id` as `id`, `courses`.`title` as `title`, `courses`.`description` as `description`, `enrollments`.`enrollment_date` as `enrollment_date`
FROM `enrollments`
INNER JOIN `courses` ON `courses`.`id` = `enrollments`.`course_id`
WHERE `enrollments`.`user_id` = 11
ORDER BY `courses`.`title` ASC')
 2 SYSTEMPATH\Database\BaseConnection.php(646): CodeIgniter\Database\BaseConnection->simpleQuery('SELECT `courses`.`id` as `id`, `courses`.`title` as `title`, `courses`.`description` as `description`, `enrollments`.`enrollment_date` as `enrollment_date`
FROM `enrollments`
INNER JOIN `courses` ON `courses`.`id` = `enrollments`.`course_id`
WHERE `enrollments`.`user_id` = 11
ORDER BY `courses`.`title` ASC')
 3 SYSTEMPATH\Database\BaseBuilder.php(1649): CodeIgniter\Database\BaseConnection->query('SELECT `courses`.`id` as `id`, `courses`.`title` as `title`, `courses`.`description` as `description`, `enrollments`.`enrollment_date` as `enrollment_date`
FROM `enrollments`
INNER JOIN `courses` ON `courses`.`id` = `enrollments`.`course_id`
WHERE `enrollments`.`user_id` = :enrollments.user_id:
ORDER BY `courses`.`title` ASC', [...], false)
 4 SYSTEMPATH\Model.php(286): CodeIgniter\Database\BaseBuilder->get()
 5 SYSTEMPATH\BaseModel.php(677): CodeIgniter\Model->doFindAll(0, 0)
 6 APPPATH\Models\EnrollmentModel.php(54): CodeIgniter\BaseModel->findAll()
 7 APPPATH\Controllers\Student\Enrollments.php(22): App\Models\EnrollmentModel->getUserEnrollments(11)
 8 SYSTEMPATH\CodeIgniter.php(933): App\Controllers\Student\Enrollments->index()
 9 SYSTEMPATH\CodeIgniter.php(507): CodeIgniter\CodeIgniter->runController(Object(App\Controllers\Student\Enrollments))
10 SYSTEMPATH\CodeIgniter.php(354): CodeIgniter\CodeIgniter->handleRequest(null, Object(Config\Cache), false)
11 SYSTEMPATH\Boot.php(363): CodeIgniter\CodeIgniter->run()
12 SYSTEMPATH\Boot.php(68): CodeIgniter\Boot::runCodeIgniter(Object(CodeIgniter\CodeIgniter))
13 FCPATH\index.php(59): CodeIgniter\Boot::bootWeb(Object(Config\Paths))
14 SYSTEMPATH\rewrite.php(44): require_once('C:\\xampp\\htdocs\\ITE311-CASTILLO\\public\\index.php')
CRITICAL - 2025-10-10 11:47:25 --> [Caused by] mysqli_sql_exception: Unknown column 'enrollments.enrollment_date' in 'field list'
in SYSTEMPATH\Database\MySQLi\Connection.php on line 327.
 1 SYSTEMPATH\Database\MySQLi\Connection.php(327): mysqli->query('SELECT `courses`.`id` as `id`, `courses`.`title` as `title`, `courses`.`description` as `description`, `enrollments`.`enrollment_date` as `enrollment_date`
FROM `enrollments`
INNER JOIN `courses` ON `courses`.`id` = `enrollments`.`course_id`
WHERE `enrollments`.`user_id` = 11
ORDER BY `courses`.`title` ASC', 0)
 2 SYSTEMPATH\Database\BaseConnection.php(729): CodeIgniter\Database\MySQLi\Connection->execute('SELECT `courses`.`id` as `id`, `courses`.`title` as `title`, `courses`.`description` as `description`, `enrollments`.`enrollment_date` as `enrollment_date`
FROM `enrollments`
INNER JOIN `courses` ON `courses`.`id` = `enrollments`.`course_id`
WHERE `enrollments`.`user_id` = 11
ORDER BY `courses`.`title` ASC')
 3 SYSTEMPATH\Database\BaseConnection.php(646): CodeIgniter\Database\BaseConnection->simpleQuery('SELECT `courses`.`id` as `id`, `courses`.`title` as `title`, `courses`.`description` as `description`, `enrollments`.`enrollment_date` as `enrollment_date`
FROM `enrollments`
INNER JOIN `courses` ON `courses`.`id` = `enrollments`.`course_id`
WHERE `enrollments`.`user_id` = 11
ORDER BY `courses`.`title` ASC')
 4 SYSTEMPATH\Database\BaseBuilder.php(1649): CodeIgniter\Database\BaseConnection->query('SELECT `courses`.`id` as `id`, `courses`.`title` as `title`, `courses`.`description` as `description`, `enrollments`.`enrollment_date` as `enrollment_date`
FROM `enrollments`
INNER JOIN `courses` ON `courses`.`id` = `enrollments`.`course_id`
WHERE `enrollments`.`user_id` = :enrollments.user_id:
ORDER BY `courses`.`title` ASC', [...], false)
 5 SYSTEMPATH\Model.php(286): CodeIgniter\Database\BaseBuilder->get()
 6 SYSTEMPATH\BaseModel.php(677): CodeIgniter\Model->doFindAll(0, 0)
 7 APPPATH\Models\EnrollmentModel.php(54): CodeIgniter\BaseModel->findAll()
 8 APPPATH\Controllers\Student\Enrollments.php(22): App\Models\EnrollmentModel->getUserEnrollments(11)
 9 SYSTEMPATH\CodeIgniter.php(933): App\Controllers\Student\Enrollments->index()
10 SYSTEMPATH\CodeIgniter.php(507): CodeIgniter\CodeIgniter->runController(Object(App\Controllers\Student\Enrollments))
11 SYSTEMPATH\CodeIgniter.php(354): CodeIgniter\CodeIgniter->handleRequest(null, Object(Config\Cache), false)
12 SYSTEMPATH\Boot.php(363): CodeIgniter\CodeIgniter->run()
13 SYSTEMPATH\Boot.php(68): CodeIgniter\Boot::runCodeIgniter(Object(CodeIgniter\CodeIgniter))
14 FCPATH\index.php(59): CodeIgniter\Boot::bootWeb(Object(Config\Paths))
15 SYSTEMPATH\rewrite.php(44): require_once('C:\\xampp\\htdocs\\ITE311-CASTILLO\\public\\index.php')
ERROR - 2025-10-10 11:47:27 --> mysqli_sql_exception: Unknown column 'enrollments.enrollment_date' in 'field list' in C:\xampp\htdocs\ITE311-CASTILLO\system\Database\MySQLi\Connection.php:327
Stack trace:
#0 C:\xampp\htdocs\ITE311-CASTILLO\system\Database\MySQLi\Connection.php(327): mysqli->query('SELECT `courses...', 0)
#1 C:\xampp\htdocs\ITE311-CASTILLO\system\Database\BaseConnection.php(729): CodeIgniter\Database\MySQLi\Connection->execute('SELECT `courses...')
#2 C:\xampp\htdocs\ITE311-CASTILLO\system\Database\BaseConnection.php(646): CodeIgniter\Database\BaseConnection->simpleQuery('SELECT `courses...')
#3 C:\xampp\htdocs\ITE311-CASTILLO\system\Database\BaseBuilder.php(1649): CodeIgniter\Database\BaseConnection->query('SELECT `courses...', Array, false)
#4 C:\xampp\htdocs\ITE311-CASTILLO\system\Model.php(286): CodeIgniter\Database\BaseBuilder->get()
#5 C:\xampp\htdocs\ITE311-CASTILLO\system\BaseModel.php(677): CodeIgniter\Model->doFindAll(0, 0)
#6 C:\xampp\htdocs\ITE311-CASTILLO\app\Models\EnrollmentModel.php(54): CodeIgniter\BaseModel->findAll()
#7 C:\xampp\htdocs\ITE311-CASTILLO\app\Controllers\Student\Enrollments.php(22): App\Models\EnrollmentModel->getUserEnrollments(11)
#8 C:\xampp\htdocs\ITE311-CASTILLO\system\CodeIgniter.php(933): App\Controllers\Student\Enrollments->index()
#9 C:\xampp\htdocs\ITE311-CASTILLO\system\CodeIgniter.php(507): CodeIgniter\CodeIgniter->runController(Object(App\Controllers\Student\Enrollments))
#10 C:\xampp\htdocs\ITE311-CASTILLO\system\CodeIgniter.php(354): CodeIgniter\CodeIgniter->handleRequest(NULL, Object(Config\Cache), false)
#11 C:\xampp\htdocs\ITE311-CASTILLO\system\Boot.php(363): CodeIgniter\CodeIgniter->run()
#12 C:\xampp\htdocs\ITE311-CASTILLO\system\Boot.php(68): CodeIgniter\Boot::runCodeIgniter(Object(CodeIgniter\CodeIgniter))
#13 C:\xampp\htdocs\ITE311-CASTILLO\public\index.php(59): CodeIgniter\Boot::bootWeb(Object(Config\Paths))
#14 C:\xampp\htdocs\ITE311-CASTILLO\system\rewrite.php(44): require_once('C:\\xampp\\htdocs...')
#15 {main}
CRITICAL - 2025-10-10 11:47:27 --> CodeIgniter\Database\Exceptions\DatabaseException: Unknown column 'enrollments.enrollment_date' in 'field list'
[Method: GET, Route: student/enrollments]
in SYSTEMPATH\Database\BaseConnection.php on line 684.
 1 SYSTEMPATH\Database\BaseBuilder.php(1649): CodeIgniter\Database\BaseConnection->query('SELECT `courses`.`id` as `id`, `courses`.`title` as `title`, `courses`.`description` as `description`, `enrollments`.`enrollment_date` as `enrollment_date`
FROM `enrollments`
INNER JOIN `courses` ON `courses`.`id` = `enrollments`.`course_id`
WHERE `enrollments`.`user_id` = :enrollments.user_id:
ORDER BY `courses`.`title` ASC', [...], false)
 2 SYSTEMPATH\Model.php(286): CodeIgniter\Database\BaseBuilder->get()
 3 SYSTEMPATH\BaseModel.php(677): CodeIgniter\Model->doFindAll(0, 0)
 4 APPPATH\Models\EnrollmentModel.php(54): CodeIgniter\BaseModel->findAll()
 5 APPPATH\Controllers\Student\Enrollments.php(22): App\Models\EnrollmentModel->getUserEnrollments(11)
 6 SYSTEMPATH\CodeIgniter.php(933): App\Controllers\Student\Enrollments->index()
 7 SYSTEMPATH\CodeIgniter.php(507): CodeIgniter\CodeIgniter->runController(Object(App\Controllers\Student\Enrollments))
 8 SYSTEMPATH\CodeIgniter.php(354): CodeIgniter\CodeIgniter->handleRequest(null, Object(Config\Cache), false)
 9 SYSTEMPATH\Boot.php(363): CodeIgniter\CodeIgniter->run()
10 SYSTEMPATH\Boot.php(68): CodeIgniter\Boot::runCodeIgniter(Object(CodeIgniter\CodeIgniter))
11 FCPATH\index.php(59): CodeIgniter\Boot::bootWeb(Object(Config\Paths))
12 SYSTEMPATH\rewrite.php(44): require_once('C:\\xampp\\htdocs\\ITE311-CASTILLO\\public\\index.php')
CRITICAL - 2025-10-10 11:47:27 --> [Caused by] CodeIgniter\Database\Exceptions\DatabaseException: Unknown column 'enrollments.enrollment_date' in 'field list'
in SYSTEMPATH\Database\MySQLi\Connection.php on line 332.
 1 SYSTEMPATH\Database\BaseConnection.php(729): CodeIgniter\Database\MySQLi\Connection->execute('SELECT `courses`.`id` as `id`, `courses`.`title` as `title`, `courses`.`description` as `description`, `enrollments`.`enrollment_date` as `enrollment_date`
FROM `enrollments`
INNER JOIN `courses` ON `courses`.`id` = `enrollments`.`course_id`
WHERE `enrollments`.`user_id` = 11
ORDER BY `courses`.`title` ASC')
 2 SYSTEMPATH\Database\BaseConnection.php(646): CodeIgniter\Database\BaseConnection->simpleQuery('SELECT `courses`.`id` as `id`, `courses`.`title` as `title`, `courses`.`description` as `description`, `enrollments`.`enrollment_date` as `enrollment_date`
FROM `enrollments`
INNER JOIN `courses` ON `courses`.`id` = `enrollments`.`course_id`
WHERE `enrollments`.`user_id` = 11
ORDER BY `courses`.`title` ASC')
 3 SYSTEMPATH\Database\BaseBuilder.php(1649): CodeIgniter\Database\BaseConnection->query('SELECT `courses`.`id` as `id`, `courses`.`title` as `title`, `courses`.`description` as `description`, `enrollments`.`enrollment_date` as `enrollment_date`
FROM `enrollments`
INNER JOIN `courses` ON `courses`.`id` = `enrollments`.`course_id`
WHERE `enrollments`.`user_id` = :enrollments.user_id:
ORDER BY `courses`.`title` ASC', [...], false)
 4 SYSTEMPATH\Model.php(286): CodeIgniter\Database\BaseBuilder->get()
 5 SYSTEMPATH\BaseModel.php(677): CodeIgniter\Model->doFindAll(0, 0)
 6 APPPATH\Models\EnrollmentModel.php(54): CodeIgniter\BaseModel->findAll()
 7 APPPATH\Controllers\Student\Enrollments.php(22): App\Models\EnrollmentModel->getUserEnrollments(11)
 8 SYSTEMPATH\CodeIgniter.php(933): App\Controllers\Student\Enrollments->index()
 9 SYSTEMPATH\CodeIgniter.php(507): CodeIgniter\CodeIgniter->runController(Object(App\Controllers\Student\Enrollments))
10 SYSTEMPATH\CodeIgniter.php(354): CodeIgniter\CodeIgniter->handleRequest(null, Object(Config\Cache), false)
11 SYSTEMPATH\Boot.php(363): CodeIgniter\CodeIgniter->run()
12 SYSTEMPATH\Boot.php(68): CodeIgniter\Boot::runCodeIgniter(Object(CodeIgniter\CodeIgniter))
13 FCPATH\index.php(59): CodeIgniter\Boot::bootWeb(Object(Config\Paths))
14 SYSTEMPATH\rewrite.php(44): require_once('C:\\xampp\\htdocs\\ITE311-CASTILLO\\public\\index.php')
CRITICAL - 2025-10-10 11:47:27 --> [Caused by] mysqli_sql_exception: Unknown column 'enrollments.enrollment_date' in 'field list'
in SYSTEMPATH\Database\MySQLi\Connection.php on line 327.
 1 SYSTEMPATH\Database\MySQLi\Connection.php(327): mysqli->query('SELECT `courses`.`id` as `id`, `courses`.`title` as `title`, `courses`.`description` as `description`, `enrollments`.`enrollment_date` as `enrollment_date`
FROM `enrollments`
INNER JOIN `courses` ON `courses`.`id` = `enrollments`.`course_id`
WHERE `enrollments`.`user_id` = 11
ORDER BY `courses`.`title` ASC', 0)
 2 SYSTEMPATH\Database\BaseConnection.php(729): CodeIgniter\Database\MySQLi\Connection->execute('SELECT `courses`.`id` as `id`, `courses`.`title` as `title`, `courses`.`description` as `description`, `enrollments`.`enrollment_date` as `enrollment_date`
FROM `enrollments`
INNER JOIN `courses` ON `courses`.`id` = `enrollments`.`course_id`
WHERE `enrollments`.`user_id` = 11
ORDER BY `courses`.`title` ASC')
 3 SYSTEMPATH\Database\BaseConnection.php(646): CodeIgniter\Database\BaseConnection->simpleQuery('SELECT `courses`.`id` as `id`, `courses`.`title` as `title`, `courses`.`description` as `description`, `enrollments`.`enrollment_date` as `enrollment_date`
FROM `enrollments`
INNER JOIN `courses` ON `courses`.`id` = `enrollments`.`course_id`
WHERE `enrollments`.`user_id` = 11
ORDER BY `courses`.`title` ASC')
 4 SYSTEMPATH\Database\BaseBuilder.php(1649): CodeIgniter\Database\BaseConnection->query('SELECT `courses`.`id` as `id`, `courses`.`title` as `title`, `courses`.`description` as `description`, `enrollments`.`enrollment_date` as `enrollment_date`
FROM `enrollments`
INNER JOIN `courses` ON `courses`.`id` = `enrollments`.`course_id`
WHERE `enrollments`.`user_id` = :enrollments.user_id:
ORDER BY `courses`.`title` ASC', [...], false)
 5 SYSTEMPATH\Model.php(286): CodeIgniter\Database\BaseBuilder->get()
 6 SYSTEMPATH\BaseModel.php(677): CodeIgniter\Model->doFindAll(0, 0)
 7 APPPATH\Models\EnrollmentModel.php(54): CodeIgniter\BaseModel->findAll()
 8 APPPATH\Controllers\Student\Enrollments.php(22): App\Models\EnrollmentModel->getUserEnrollments(11)
 9 SYSTEMPATH\CodeIgniter.php(933): App\Controllers\Student\Enrollments->index()
10 SYSTEMPATH\CodeIgniter.php(507): CodeIgniter\CodeIgniter->runController(Object(App\Controllers\Student\Enrollments))
11 SYSTEMPATH\CodeIgniter.php(354): CodeIgniter\CodeIgniter->handleRequest(null, Object(Config\Cache), false)
12 SYSTEMPATH\Boot.php(363): CodeIgniter\CodeIgniter->run()
13 SYSTEMPATH\Boot.php(68): CodeIgniter\Boot::runCodeIgniter(Object(CodeIgniter\CodeIgniter))
14 FCPATH\index.php(59): CodeIgniter\Boot::bootWeb(Object(Config\Paths))
15 SYSTEMPATH\rewrite.php(44): require_once('C:\\xampp\\htdocs\\ITE311-CASTILLO\\public\\index.php')
ERROR - 2025-10-10 11:47:28 --> mysqli_sql_exception: Unknown column 'enrollments.enrollment_date' in 'field list' in C:\xampp\htdocs\ITE311-CASTILLO\system\Database\MySQLi\Connection.php:327
Stack trace:
#0 C:\xampp\htdocs\ITE311-CASTILLO\system\Database\MySQLi\Connection.php(327): mysqli->query('SELECT `courses...', 0)
#1 C:\xampp\htdocs\ITE311-CASTILLO\system\Database\BaseConnection.php(729): CodeIgniter\Database\MySQLi\Connection->execute('SELECT `courses...')
#2 C:\xampp\htdocs\ITE311-CASTILLO\system\Database\BaseConnection.php(646): CodeIgniter\Database\BaseConnection->simpleQuery('SELECT `courses...')
#3 C:\xampp\htdocs\ITE311-CASTILLO\system\Database\BaseBuilder.php(1649): CodeIgniter\Database\BaseConnection->query('SELECT `courses...', Array, false)
#4 C:\xampp\htdocs\ITE311-CASTILLO\system\Model.php(286): CodeIgniter\Database\BaseBuilder->get()
#5 C:\xampp\htdocs\ITE311-CASTILLO\system\BaseModel.php(677): CodeIgniter\Model->doFindAll(0, 0)
#6 C:\xampp\htdocs\ITE311-CASTILLO\app\Models\EnrollmentModel.php(54): CodeIgniter\BaseModel->findAll()
#7 C:\xampp\htdocs\ITE311-CASTILLO\app\Controllers\Student\Enrollments.php(22): App\Models\EnrollmentModel->getUserEnrollments(11)
#8 C:\xampp\htdocs\ITE311-CASTILLO\system\CodeIgniter.php(933): App\Controllers\Student\Enrollments->index()
#9 C:\xampp\htdocs\ITE311-CASTILLO\system\CodeIgniter.php(507): CodeIgniter\CodeIgniter->runController(Object(App\Controllers\Student\Enrollments))
#10 C:\xampp\htdocs\ITE311-CASTILLO\system\CodeIgniter.php(354): CodeIgniter\CodeIgniter->handleRequest(NULL, Object(Config\Cache), false)
#11 C:\xampp\htdocs\ITE311-CASTILLO\system\Boot.php(363): CodeIgniter\CodeIgniter->run()
#12 C:\xampp\htdocs\ITE311-CASTILLO\system\Boot.php(68): CodeIgniter\Boot::runCodeIgniter(Object(CodeIgniter\CodeIgniter))
#13 C:\xampp\htdocs\ITE311-CASTILLO\public\index.php(59): CodeIgniter\Boot::bootWeb(Object(Config\Paths))
#14 C:\xampp\htdocs\ITE311-CASTILLO\system\rewrite.php(44): require_once('C:\\xampp\\htdocs...')
#15 {main}
CRITICAL - 2025-10-10 11:47:28 --> CodeIgniter\Database\Exceptions\DatabaseException: Unknown column 'enrollments.enrollment_date' in 'field list'
[Method: GET, Route: student/enrollments]
in SYSTEMPATH\Database\BaseConnection.php on line 684.
 1 SYSTEMPATH\Database\BaseBuilder.php(1649): CodeIgniter\Database\BaseConnection->query('SELECT `courses`.`id` as `id`, `courses`.`title` as `title`, `courses`.`description` as `description`, `enrollments`.`enrollment_date` as `enrollment_date`
FROM `enrollments`
INNER JOIN `courses` ON `courses`.`id` = `enrollments`.`course_id`
WHERE `enrollments`.`user_id` = :enrollments.user_id:
ORDER BY `courses`.`title` ASC', [...], false)
 2 SYSTEMPATH\Model.php(286): CodeIgniter\Database\BaseBuilder->get()
 3 SYSTEMPATH\BaseModel.php(677): CodeIgniter\Model->doFindAll(0, 0)
 4 APPPATH\Models\EnrollmentModel.php(54): CodeIgniter\BaseModel->findAll()
 5 APPPATH\Controllers\Student\Enrollments.php(22): App\Models\EnrollmentModel->getUserEnrollments(11)
 6 SYSTEMPATH\CodeIgniter.php(933): App\Controllers\Student\Enrollments->index()
 7 SYSTEMPATH\CodeIgniter.php(507): CodeIgniter\CodeIgniter->runController(Object(App\Controllers\Student\Enrollments))
 8 SYSTEMPATH\CodeIgniter.php(354): CodeIgniter\CodeIgniter->handleRequest(null, Object(Config\Cache), false)
 9 SYSTEMPATH\Boot.php(363): CodeIgniter\CodeIgniter->run()
10 SYSTEMPATH\Boot.php(68): CodeIgniter\Boot::runCodeIgniter(Object(CodeIgniter\CodeIgniter))
11 FCPATH\index.php(59): CodeIgniter\Boot::bootWeb(Object(Config\Paths))
12 SYSTEMPATH\rewrite.php(44): require_once('C:\\xampp\\htdocs\\ITE311-CASTILLO\\public\\index.php')
CRITICAL - 2025-10-10 11:47:28 --> [Caused by] CodeIgniter\Database\Exceptions\DatabaseException: Unknown column 'enrollments.enrollment_date' in 'field list'
in SYSTEMPATH\Database\MySQLi\Connection.php on line 332.
 1 SYSTEMPATH\Database\BaseConnection.php(729): CodeIgniter\Database\MySQLi\Connection->execute('SELECT `courses`.`id` as `id`, `courses`.`title` as `title`, `courses`.`description` as `description`, `enrollments`.`enrollment_date` as `enrollment_date`
FROM `enrollments`
INNER JOIN `courses` ON `courses`.`id` = `enrollments`.`course_id`
WHERE `enrollments`.`user_id` = 11
ORDER BY `courses`.`title` ASC')
 2 SYSTEMPATH\Database\BaseConnection.php(646): CodeIgniter\Database\BaseConnection->simpleQuery('SELECT `courses`.`id` as `id`, `courses`.`title` as `title`, `courses`.`description` as `description`, `enrollments`.`enrollment_date` as `enrollment_date`
FROM `enrollments`
INNER JOIN `courses` ON `courses`.`id` = `enrollments`.`course_id`
WHERE `enrollments`.`user_id` = 11
ORDER BY `courses`.`title` ASC')
 3 SYSTEMPATH\Database\BaseBuilder.php(1649): CodeIgniter\Database\BaseConnection->query('SELECT `courses`.`id` as `id`, `courses`.`title` as `title`, `courses`.`description` as `description`, `enrollments`.`enrollment_date` as `enrollment_date`
FROM `enrollments`
INNER JOIN `courses` ON `courses`.`id` = `enrollments`.`course_id`
WHERE `enrollments`.`user_id` = :enrollments.user_id:
ORDER BY `courses`.`title` ASC', [...], false)
 4 SYSTEMPATH\Model.php(286): CodeIgniter\Database\BaseBuilder->get()
 5 SYSTEMPATH\BaseModel.php(677): CodeIgniter\Model->doFindAll(0, 0)
 6 APPPATH\Models\EnrollmentModel.php(54): CodeIgniter\BaseModel->findAll()
 7 APPPATH\Controllers\Student\Enrollments.php(22): App\Models\EnrollmentModel->getUserEnrollments(11)
 8 SYSTEMPATH\CodeIgniter.php(933): App\Controllers\Student\Enrollments->index()
 9 SYSTEMPATH\CodeIgniter.php(507): CodeIgniter\CodeIgniter->runController(Object(App\Controllers\Student\Enrollments))
10 SYSTEMPATH\CodeIgniter.php(354): CodeIgniter\CodeIgniter->handleRequest(null, Object(Config\Cache), false)
11 SYSTEMPATH\Boot.php(363): CodeIgniter\CodeIgniter->run()
12 SYSTEMPATH\Boot.php(68): CodeIgniter\Boot::runCodeIgniter(Object(CodeIgniter\CodeIgniter))
13 FCPATH\index.php(59): CodeIgniter\Boot::bootWeb(Object(Config\Paths))
14 SYSTEMPATH\rewrite.php(44): require_once('C:\\xampp\\htdocs\\ITE311-CASTILLO\\public\\index.php')
CRITICAL - 2025-10-10 11:47:28 --> [Caused by] mysqli_sql_exception: Unknown column 'enrollments.enrollment_date' in 'field list'
in SYSTEMPATH\Database\MySQLi\Connection.php on line 327.
 1 SYSTEMPATH\Database\MySQLi\Connection.php(327): mysqli->query('SELECT `courses`.`id` as `id`, `courses`.`title` as `title`, `courses`.`description` as `description`, `enrollments`.`enrollment_date` as `enrollment_date`
FROM `enrollments`
INNER JOIN `courses` ON `courses`.`id` = `enrollments`.`course_id`
WHERE `enrollments`.`user_id` = 11
ORDER BY `courses`.`title` ASC', 0)
 2 SYSTEMPATH\Database\BaseConnection.php(729): CodeIgniter\Database\MySQLi\Connection->execute('SELECT `courses`.`id` as `id`, `courses`.`title` as `title`, `courses`.`description` as `description`, `enrollments`.`enrollment_date` as `enrollment_date`
FROM `enrollments`
INNER JOIN `courses` ON `courses`.`id` = `enrollments`.`course_id`
WHERE `enrollments`.`user_id` = 11
ORDER BY `courses`.`title` ASC')
 3 SYSTEMPATH\Database\BaseConnection.php(646): CodeIgniter\Database\BaseConnection->simpleQuery('SELECT `courses`.`id` as `id`, `courses`.`title` as `title`, `courses`.`description` as `description`, `enrollments`.`enrollment_date` as `enrollment_date`
FROM `enrollments`
INNER JOIN `courses` ON `courses`.`id` = `enrollments`.`course_id`
WHERE `enrollments`.`user_id` = 11
ORDER BY `courses`.`title` ASC')
 4 SYSTEMPATH\Database\BaseBuilder.php(1649): CodeIgniter\Database\BaseConnection->query('SELECT `courses`.`id` as `id`, `courses`.`title` as `title`, `courses`.`description` as `description`, `enrollments`.`enrollment_date` as `enrollment_date`
FROM `enrollments`
INNER JOIN `courses` ON `courses`.`id` = `enrollments`.`course_id`
WHERE `enrollments`.`user_id` = :enrollments.user_id:
ORDER BY `courses`.`title` ASC', [...], false)
 5 SYSTEMPATH\Model.php(286): CodeIgniter\Database\BaseBuilder->get()
 6 SYSTEMPATH\BaseModel.php(677): CodeIgniter\Model->doFindAll(0, 0)
 7 APPPATH\Models\EnrollmentModel.php(54): CodeIgniter\BaseModel->findAll()
 8 APPPATH\Controllers\Student\Enrollments.php(22): App\Models\EnrollmentModel->getUserEnrollments(11)
 9 SYSTEMPATH\CodeIgniter.php(933): App\Controllers\Student\Enrollments->index()
10 SYSTEMPATH\CodeIgniter.php(507): CodeIgniter\CodeIgniter->runController(Object(App\Controllers\Student\Enrollments))
11 SYSTEMPATH\CodeIgniter.php(354): CodeIgniter\CodeIgniter->handleRequest(null, Object(Config\Cache), false)
12 SYSTEMPATH\Boot.php(363): CodeIgniter\CodeIgniter->run()
13 SYSTEMPATH\Boot.php(68): CodeIgniter\Boot::runCodeIgniter(Object(CodeIgniter\CodeIgniter))
14 FCPATH\index.php(59): CodeIgniter\Boot::bootWeb(Object(Config\Paths))
15 SYSTEMPATH\rewrite.php(44): require_once('C:\\xampp\\htdocs\\ITE311-CASTILLO\\public\\index.php')
ERROR - 2025-10-10 11:47:30 --> mysqli_sql_exception: Unknown column 'enrollments.enrollment_date' in 'field list' in C:\xampp\htdocs\ITE311-CASTILLO\system\Database\MySQLi\Connection.php:327
Stack trace:
#0 C:\xampp\htdocs\ITE311-CASTILLO\system\Database\MySQLi\Connection.php(327): mysqli->query('SELECT `courses...', 0)
#1 C:\xampp\htdocs\ITE311-CASTILLO\system\Database\BaseConnection.php(729): CodeIgniter\Database\MySQLi\Connection->execute('SELECT `courses...')
#2 C:\xampp\htdocs\ITE311-CASTILLO\system\Database\BaseConnection.php(646): CodeIgniter\Database\BaseConnection->simpleQuery('SELECT `courses...')
#3 C:\xampp\htdocs\ITE311-CASTILLO\system\Database\BaseBuilder.php(1649): CodeIgniter\Database\BaseConnection->query('SELECT `courses...', Array, false)
#4 C:\xampp\htdocs\ITE311-CASTILLO\system\Model.php(286): CodeIgniter\Database\BaseBuilder->get()
#5 C:\xampp\htdocs\ITE311-CASTILLO\system\BaseModel.php(677): CodeIgniter\Model->doFindAll(0, 0)
#6 C:\xampp\htdocs\ITE311-CASTILLO\app\Models\EnrollmentModel.php(54): CodeIgniter\BaseModel->findAll()
#7 C:\xampp\htdocs\ITE311-CASTILLO\app\Controllers\Student\Enrollments.php(22): App\Models\EnrollmentModel->getUserEnrollments(11)
#8 C:\xampp\htdocs\ITE311-CASTILLO\system\CodeIgniter.php(933): App\Controllers\Student\Enrollments->index()
#9 C:\xampp\htdocs\ITE311-CASTILLO\system\CodeIgniter.php(507): CodeIgniter\CodeIgniter->runController(Object(App\Controllers\Student\Enrollments))
#10 C:\xampp\htdocs\ITE311-CASTILLO\system\CodeIgniter.php(354): CodeIgniter\CodeIgniter->handleRequest(NULL, Object(Config\Cache), false)
#11 C:\xampp\htdocs\ITE311-CASTILLO\system\Boot.php(363): CodeIgniter\CodeIgniter->run()
#12 C:\xampp\htdocs\ITE311-CASTILLO\system\Boot.php(68): CodeIgniter\Boot::runCodeIgniter(Object(CodeIgniter\CodeIgniter))
#13 C:\xampp\htdocs\ITE311-CASTILLO\public\index.php(59): CodeIgniter\Boot::bootWeb(Object(Config\Paths))
#14 C:\xampp\htdocs\ITE311-CASTILLO\system\rewrite.php(44): require_once('C:\\xampp\\htdocs...')
#15 {main}
CRITICAL - 2025-10-10 11:47:30 --> CodeIgniter\Database\Exceptions\DatabaseException: Unknown column 'enrollments.enrollment_date' in 'field list'
[Method: GET, Route: student/enrollments]
in SYSTEMPATH\Database\BaseConnection.php on line 684.
 1 SYSTEMPATH\Database\BaseBuilder.php(1649): CodeIgniter\Database\BaseConnection->query('SELECT `courses`.`id` as `id`, `courses`.`title` as `title`, `courses`.`description` as `description`, `enrollments`.`enrollment_date` as `enrollment_date`
FROM `enrollments`
INNER JOIN `courses` ON `courses`.`id` = `enrollments`.`course_id`
WHERE `enrollments`.`user_id` = :enrollments.user_id:
ORDER BY `courses`.`title` ASC', [...], false)
 2 SYSTEMPATH\Model.php(286): CodeIgniter\Database\BaseBuilder->get()
 3 SYSTEMPATH\BaseModel.php(677): CodeIgniter\Model->doFindAll(0, 0)
 4 APPPATH\Models\EnrollmentModel.php(54): CodeIgniter\BaseModel->findAll()
 5 APPPATH\Controllers\Student\Enrollments.php(22): App\Models\EnrollmentModel->getUserEnrollments(11)
 6 SYSTEMPATH\CodeIgniter.php(933): App\Controllers\Student\Enrollments->index()
 7 SYSTEMPATH\CodeIgniter.php(507): CodeIgniter\CodeIgniter->runController(Object(App\Controllers\Student\Enrollments))
 8 SYSTEMPATH\CodeIgniter.php(354): CodeIgniter\CodeIgniter->handleRequest(null, Object(Config\Cache), false)
 9 SYSTEMPATH\Boot.php(363): CodeIgniter\CodeIgniter->run()
10 SYSTEMPATH\Boot.php(68): CodeIgniter\Boot::runCodeIgniter(Object(CodeIgniter\CodeIgniter))
11 FCPATH\index.php(59): CodeIgniter\Boot::bootWeb(Object(Config\Paths))
12 SYSTEMPATH\rewrite.php(44): require_once('C:\\xampp\\htdocs\\ITE311-CASTILLO\\public\\index.php')
CRITICAL - 2025-10-10 11:47:30 --> [Caused by] CodeIgniter\Database\Exceptions\DatabaseException: Unknown column 'enrollments.enrollment_date' in 'field list'
in SYSTEMPATH\Database\MySQLi\Connection.php on line 332.
 1 SYSTEMPATH\Database\BaseConnection.php(729): CodeIgniter\Database\MySQLi\Connection->execute('SELECT `courses`.`id` as `id`, `courses`.`title` as `title`, `courses`.`description` as `description`, `enrollments`.`enrollment_date` as `enrollment_date`
FROM `enrollments`
INNER JOIN `courses` ON `courses`.`id` = `enrollments`.`course_id`
WHERE `enrollments`.`user_id` = 11
ORDER BY `courses`.`title` ASC')
 2 SYSTEMPATH\Database\BaseConnection.php(646): CodeIgniter\Database\BaseConnection->simpleQuery('SELECT `courses`.`id` as `id`, `courses`.`title` as `title`, `courses`.`description` as `description`, `enrollments`.`enrollment_date` as `enrollment_date`
FROM `enrollments`
INNER JOIN `courses` ON `courses`.`id` = `enrollments`.`course_id`
WHERE `enrollments`.`user_id` = 11
ORDER BY `courses`.`title` ASC')
 3 SYSTEMPATH\Database\BaseBuilder.php(1649): CodeIgniter\Database\BaseConnection->query('SELECT `courses`.`id` as `id`, `courses`.`title` as `title`, `courses`.`description` as `description`, `enrollments`.`enrollment_date` as `enrollment_date`
FROM `enrollments`
INNER JOIN `courses` ON `courses`.`id` = `enrollments`.`course_id`
WHERE `enrollments`.`user_id` = :enrollments.user_id:
ORDER BY `courses`.`title` ASC', [...], false)
 4 SYSTEMPATH\Model.php(286): CodeIgniter\Database\BaseBuilder->get()
 5 SYSTEMPATH\BaseModel.php(677): CodeIgniter\Model->doFindAll(0, 0)
 6 APPPATH\Models\EnrollmentModel.php(54): CodeIgniter\BaseModel->findAll()
 7 APPPATH\Controllers\Student\Enrollments.php(22): App\Models\EnrollmentModel->getUserEnrollments(11)
 8 SYSTEMPATH\CodeIgniter.php(933): App\Controllers\Student\Enrollments->index()
 9 SYSTEMPATH\CodeIgniter.php(507): CodeIgniter\CodeIgniter->runController(Object(App\Controllers\Student\Enrollments))
10 SYSTEMPATH\CodeIgniter.php(354): CodeIgniter\CodeIgniter->handleRequest(null, Object(Config\Cache), false)
11 SYSTEMPATH\Boot.php(363): CodeIgniter\CodeIgniter->run()
12 SYSTEMPATH\Boot.php(68): CodeIgniter\Boot::runCodeIgniter(Object(CodeIgniter\CodeIgniter))
13 FCPATH\index.php(59): CodeIgniter\Boot::bootWeb(Object(Config\Paths))
14 SYSTEMPATH\rewrite.php(44): require_once('C:\\xampp\\htdocs\\ITE311-CASTILLO\\public\\index.php')
CRITICAL - 2025-10-10 11:47:30 --> [Caused by] mysqli_sql_exception: Unknown column 'enrollments.enrollment_date' in 'field list'
in SYSTEMPATH\Database\MySQLi\Connection.php on line 327.
 1 SYSTEMPATH\Database\MySQLi\Connection.php(327): mysqli->query('SELECT `courses`.`id` as `id`, `courses`.`title` as `title`, `courses`.`description` as `description`, `enrollments`.`enrollment_date` as `enrollment_date`
FROM `enrollments`
INNER JOIN `courses` ON `courses`.`id` = `enrollments`.`course_id`
WHERE `enrollments`.`user_id` = 11
ORDER BY `courses`.`title` ASC', 0)
 2 SYSTEMPATH\Database\BaseConnection.php(729): CodeIgniter\Database\MySQLi\Connection->execute('SELECT `courses`.`id` as `id`, `courses`.`title` as `title`, `courses`.`description` as `description`, `enrollments`.`enrollment_date` as `enrollment_date`
FROM `enrollments`
INNER JOIN `courses` ON `courses`.`id` = `enrollments`.`course_id`
WHERE `enrollments`.`user_id` = 11
ORDER BY `courses`.`title` ASC')
 3 SYSTEMPATH\Database\BaseConnection.php(646): CodeIgniter\Database\BaseConnection->simpleQuery('SELECT `courses`.`id` as `id`, `courses`.`title` as `title`, `courses`.`description` as `description`, `enrollments`.`enrollment_date` as `enrollment_date`
FROM `enrollments`
INNER JOIN `courses` ON `courses`.`id` = `enrollments`.`course_id`
WHERE `enrollments`.`user_id` = 11
ORDER BY `courses`.`title` ASC')
 4 SYSTEMPATH\Database\BaseBuilder.php(1649): CodeIgniter\Database\BaseConnection->query('SELECT `courses`.`id` as `id`, `courses`.`title` as `title`, `courses`.`description` as `description`, `enrollments`.`enrollment_date` as `enrollment_date`
FROM `enrollments`
INNER JOIN `courses` ON `courses`.`id` = `enrollments`.`course_id`
WHERE `enrollments`.`user_id` = :enrollments.user_id:
ORDER BY `courses`.`title` ASC', [...], false)
 5 SYSTEMPATH\Model.php(286): CodeIgniter\Database\BaseBuilder->get()
 6 SYSTEMPATH\BaseModel.php(677): CodeIgniter\Model->doFindAll(0, 0)
 7 APPPATH\Models\EnrollmentModel.php(54): CodeIgniter\BaseModel->findAll()
 8 APPPATH\Controllers\Student\Enrollments.php(22): App\Models\EnrollmentModel->getUserEnrollments(11)
 9 SYSTEMPATH\CodeIgniter.php(933): App\Controllers\Student\Enrollments->index()
10 SYSTEMPATH\CodeIgniter.php(507): CodeIgniter\CodeIgniter->runController(Object(App\Controllers\Student\Enrollments))
11 SYSTEMPATH\CodeIgniter.php(354): CodeIgniter\CodeIgniter->handleRequest(null, Object(Config\Cache), false)
12 SYSTEMPATH\Boot.php(363): CodeIgniter\CodeIgniter->run()
13 SYSTEMPATH\Boot.php(68): CodeIgniter\Boot::runCodeIgniter(Object(CodeIgniter\CodeIgniter))
14 FCPATH\index.php(59): CodeIgniter\Boot::bootWeb(Object(Config\Paths))
15 SYSTEMPATH\rewrite.php(44): require_once('C:\\xampp\\htdocs\\ITE311-CASTILLO\\public\\index.php')
ERROR - 2025-10-10 11:51:51 --> mysqli_sql_exception: Unknown column 'enrollments.enrollment_date' in 'field list' in C:\xampp\htdocs\ITE311-CASTILLO\system\Database\MySQLi\Connection.php:327
Stack trace:
#0 C:\xampp\htdocs\ITE311-CASTILLO\system\Database\MySQLi\Connection.php(327): mysqli->query('SELECT `courses...', 0)
#1 C:\xampp\htdocs\ITE311-CASTILLO\system\Database\BaseConnection.php(729): CodeIgniter\Database\MySQLi\Connection->execute('SELECT `courses...')
#2 C:\xampp\htdocs\ITE311-CASTILLO\system\Database\BaseConnection.php(646): CodeIgniter\Database\BaseConnection->simpleQuery('SELECT `courses...')
#3 C:\xampp\htdocs\ITE311-CASTILLO\system\Database\BaseBuilder.php(1649): CodeIgniter\Database\BaseConnection->query('SELECT `courses...', Array, false)
#4 C:\xampp\htdocs\ITE311-CASTILLO\system\Model.php(286): CodeIgniter\Database\BaseBuilder->get()
#5 C:\xampp\htdocs\ITE311-CASTILLO\system\BaseModel.php(677): CodeIgniter\Model->doFindAll(0, 0)
#6 C:\xampp\htdocs\ITE311-CASTILLO\app\Models\EnrollmentModel.php(54): CodeIgniter\BaseModel->findAll()
#7 C:\xampp\htdocs\ITE311-CASTILLO\app\Controllers\Student\Enrollments.php(27): App\Models\EnrollmentModel->getUserEnrollments(11)
#8 C:\xampp\htdocs\ITE311-CASTILLO\system\CodeIgniter.php(933): App\Controllers\Student\Enrollments->index()
#9 C:\xampp\htdocs\ITE311-CASTILLO\system\CodeIgniter.php(507): CodeIgniter\CodeIgniter->runController(Object(App\Controllers\Student\Enrollments))
#10 C:\xampp\htdocs\ITE311-CASTILLO\system\CodeIgniter.php(354): CodeIgniter\CodeIgniter->handleRequest(NULL, Object(Config\Cache), false)
#11 C:\xampp\htdocs\ITE311-CASTILLO\system\Boot.php(363): CodeIgniter\CodeIgniter->run()
#12 C:\xampp\htdocs\ITE311-CASTILLO\system\Boot.php(68): CodeIgniter\Boot::runCodeIgniter(Object(CodeIgniter\CodeIgniter))
#13 C:\xampp\htdocs\ITE311-CASTILLO\public\index.php(59): CodeIgniter\Boot::bootWeb(Object(Config\Paths))
#14 C:\xampp\htdocs\ITE311-CASTILLO\system\rewrite.php(44): require_once('C:\\xampp\\htdocs...')
#15 {main}
CRITICAL - 2025-10-10 11:51:51 --> CodeIgniter\Database\Exceptions\DatabaseException: Unknown column 'enrollments.enrollment_date' in 'field list'
[Method: GET, Route: student/enrollments]
in SYSTEMPATH\Database\BaseConnection.php on line 684.
 1 SYSTEMPATH\Database\BaseBuilder.php(1649): CodeIgniter\Database\BaseConnection->query('SELECT `courses`.`id` as `id`, `courses`.`title` as `title`, `courses`.`description` as `description`, `enrollments`.`enrollment_date` as `enrollment_date`
FROM `enrollments`
INNER JOIN `courses` ON `courses`.`id` = `enrollments`.`course_id`
WHERE `enrollments`.`user_id` = :enrollments.user_id:
ORDER BY `courses`.`title` ASC', [...], false)
 2 SYSTEMPATH\Model.php(286): CodeIgniter\Database\BaseBuilder->get()
 3 SYSTEMPATH\BaseModel.php(677): CodeIgniter\Model->doFindAll(0, 0)
 4 APPPATH\Models\EnrollmentModel.php(54): CodeIgniter\BaseModel->findAll()
 5 APPPATH\Controllers\Student\Enrollments.php(27): App\Models\EnrollmentModel->getUserEnrollments(11)
 6 SYSTEMPATH\CodeIgniter.php(933): App\Controllers\Student\Enrollments->index()
 7 SYSTEMPATH\CodeIgniter.php(507): CodeIgniter\CodeIgniter->runController(Object(App\Controllers\Student\Enrollments))
 8 SYSTEMPATH\CodeIgniter.php(354): CodeIgniter\CodeIgniter->handleRequest(null, Object(Config\Cache), false)
 9 SYSTEMPATH\Boot.php(363): CodeIgniter\CodeIgniter->run()
10 SYSTEMPATH\Boot.php(68): CodeIgniter\Boot::runCodeIgniter(Object(CodeIgniter\CodeIgniter))
11 FCPATH\index.php(59): CodeIgniter\Boot::bootWeb(Object(Config\Paths))
12 SYSTEMPATH\rewrite.php(44): require_once('C:\\xampp\\htdocs\\ITE311-CASTILLO\\public\\index.php')
CRITICAL - 2025-10-10 11:51:51 --> [Caused by] CodeIgniter\Database\Exceptions\DatabaseException: Unknown column 'enrollments.enrollment_date' in 'field list'
in SYSTEMPATH\Database\MySQLi\Connection.php on line 332.
 1 SYSTEMPATH\Database\BaseConnection.php(729): CodeIgniter\Database\MySQLi\Connection->execute('SELECT `courses`.`id` as `id`, `courses`.`title` as `title`, `courses`.`description` as `description`, `enrollments`.`enrollment_date` as `enrollment_date`
FROM `enrollments`
INNER JOIN `courses` ON `courses`.`id` = `enrollments`.`course_id`
WHERE `enrollments`.`user_id` = 11
ORDER BY `courses`.`title` ASC')
 2 SYSTEMPATH\Database\BaseConnection.php(646): CodeIgniter\Database\BaseConnection->simpleQuery('SELECT `courses`.`id` as `id`, `courses`.`title` as `title`, `courses`.`description` as `description`, `enrollments`.`enrollment_date` as `enrollment_date`
FROM `enrollments`
INNER JOIN `courses` ON `courses`.`id` = `enrollments`.`course_id`
WHERE `enrollments`.`user_id` = 11
ORDER BY `courses`.`title` ASC')
 3 SYSTEMPATH\Database\BaseBuilder.php(1649): CodeIgniter\Database\BaseConnection->query('SELECT `courses`.`id` as `id`, `courses`.`title` as `title`, `courses`.`description` as `description`, `enrollments`.`enrollment_date` as `enrollment_date`
FROM `enrollments`
INNER JOIN `courses` ON `courses`.`id` = `enrollments`.`course_id`
WHERE `enrollments`.`user_id` = :enrollments.user_id:
ORDER BY `courses`.`title` ASC', [...], false)
 4 SYSTEMPATH\Model.php(286): CodeIgniter\Database\BaseBuilder->get()
 5 SYSTEMPATH\BaseModel.php(677): CodeIgniter\Model->doFindAll(0, 0)
 6 APPPATH\Models\EnrollmentModel.php(54): CodeIgniter\BaseModel->findAll()
 7 APPPATH\Controllers\Student\Enrollments.php(27): App\Models\EnrollmentModel->getUserEnrollments(11)
 8 SYSTEMPATH\CodeIgniter.php(933): App\Controllers\Student\Enrollments->index()
 9 SYSTEMPATH\CodeIgniter.php(507): CodeIgniter\CodeIgniter->runController(Object(App\Controllers\Student\Enrollments))
10 SYSTEMPATH\CodeIgniter.php(354): CodeIgniter\CodeIgniter->handleRequest(null, Object(Config\Cache), false)
11 SYSTEMPATH\Boot.php(363): CodeIgniter\CodeIgniter->run()
12 SYSTEMPATH\Boot.php(68): CodeIgniter\Boot::runCodeIgniter(Object(CodeIgniter\CodeIgniter))
13 FCPATH\index.php(59): CodeIgniter\Boot::bootWeb(Object(Config\Paths))
14 SYSTEMPATH\rewrite.php(44): require_once('C:\\xampp\\htdocs\\ITE311-CASTILLO\\public\\index.php')
CRITICAL - 2025-10-10 11:51:51 --> [Caused by] mysqli_sql_exception: Unknown column 'enrollments.enrollment_date' in 'field list'
in SYSTEMPATH\Database\MySQLi\Connection.php on line 327.
 1 SYSTEMPATH\Database\MySQLi\Connection.php(327): mysqli->query('SELECT `courses`.`id` as `id`, `courses`.`title` as `title`, `courses`.`description` as `description`, `enrollments`.`enrollment_date` as `enrollment_date`
FROM `enrollments`
INNER JOIN `courses` ON `courses`.`id` = `enrollments`.`course_id`
WHERE `enrollments`.`user_id` = 11
ORDER BY `courses`.`title` ASC', 0)
 2 SYSTEMPATH\Database\BaseConnection.php(729): CodeIgniter\Database\MySQLi\Connection->execute('SELECT `courses`.`id` as `id`, `courses`.`title` as `title`, `courses`.`description` as `description`, `enrollments`.`enrollment_date` as `enrollment_date`
FROM `enrollments`
INNER JOIN `courses` ON `courses`.`id` = `enrollments`.`course_id`
WHERE `enrollments`.`user_id` = 11
ORDER BY `courses`.`title` ASC')
 3 SYSTEMPATH\Database\BaseConnection.php(646): CodeIgniter\Database\BaseConnection->simpleQuery('SELECT `courses`.`id` as `id`, `courses`.`title` as `title`, `courses`.`description` as `description`, `enrollments`.`enrollment_date` as `enrollment_date`
FROM `enrollments`
INNER JOIN `courses` ON `courses`.`id` = `enrollments`.`course_id`
WHERE `enrollments`.`user_id` = 11
ORDER BY `courses`.`title` ASC')
 4 SYSTEMPATH\Database\BaseBuilder.php(1649): CodeIgniter\Database\BaseConnection->query('SELECT `courses`.`id` as `id`, `courses`.`title` as `title`, `courses`.`description` as `description`, `enrollments`.`enrollment_date` as `enrollment_date`
FROM `enrollments`
INNER JOIN `courses` ON `courses`.`id` = `enrollments`.`course_id`
WHERE `enrollments`.`user_id` = :enrollments.user_id:
ORDER BY `courses`.`title` ASC', [...], false)
 5 SYSTEMPATH\Model.php(286): CodeIgniter\Database\BaseBuilder->get()
 6 SYSTEMPATH\BaseModel.php(677): CodeIgniter\Model->doFindAll(0, 0)
 7 APPPATH\Models\EnrollmentModel.php(54): CodeIgniter\BaseModel->findAll()
 8 APPPATH\Controllers\Student\Enrollments.php(27): App\Models\EnrollmentModel->getUserEnrollments(11)
 9 SYSTEMPATH\CodeIgniter.php(933): App\Controllers\Student\Enrollments->index()
10 SYSTEMPATH\CodeIgniter.php(507): CodeIgniter\CodeIgniter->runController(Object(App\Controllers\Student\Enrollments))
11 SYSTEMPATH\CodeIgniter.php(354): CodeIgniter\CodeIgniter->handleRequest(null, Object(Config\Cache), false)
12 SYSTEMPATH\Boot.php(363): CodeIgniter\CodeIgniter->run()
13 SYSTEMPATH\Boot.php(68): CodeIgniter\Boot::runCodeIgniter(Object(CodeIgniter\CodeIgniter))
14 FCPATH\index.php(59): CodeIgniter\Boot::bootWeb(Object(Config\Paths))
15 SYSTEMPATH\rewrite.php(44): require_once('C:\\xampp\\htdocs\\ITE311-CASTILLO\\public\\index.php')
ERROR - 2025-10-10 11:51:54 --> mysqli_sql_exception: Unknown column 'enrollments.enrollment_date' in 'field list' in C:\xampp\htdocs\ITE311-CASTILLO\system\Database\MySQLi\Connection.php:327
Stack trace:
#0 C:\xampp\htdocs\ITE311-CASTILLO\system\Database\MySQLi\Connection.php(327): mysqli->query('SELECT `courses...', 0)
#1 C:\xampp\htdocs\ITE311-CASTILLO\system\Database\BaseConnection.php(729): CodeIgniter\Database\MySQLi\Connection->execute('SELECT `courses...')
#2 C:\xampp\htdocs\ITE311-CASTILLO\system\Database\BaseConnection.php(646): CodeIgniter\Database\BaseConnection->simpleQuery('SELECT `courses...')
#3 C:\xampp\htdocs\ITE311-CASTILLO\system\Database\BaseBuilder.php(1649): CodeIgniter\Database\BaseConnection->query('SELECT `courses...', Array, false)
#4 C:\xampp\htdocs\ITE311-CASTILLO\system\Model.php(286): CodeIgniter\Database\BaseBuilder->get()
#5 C:\xampp\htdocs\ITE311-CASTILLO\system\BaseModel.php(677): CodeIgniter\Model->doFindAll(0, 0)
#6 C:\xampp\htdocs\ITE311-CASTILLO\app\Models\EnrollmentModel.php(54): CodeIgniter\BaseModel->findAll()
#7 C:\xampp\htdocs\ITE311-CASTILLO\app\Controllers\Student\Enrollments.php(27): App\Models\EnrollmentModel->getUserEnrollments(11)
#8 C:\xampp\htdocs\ITE311-CASTILLO\system\CodeIgniter.php(933): App\Controllers\Student\Enrollments->index()
#9 C:\xampp\htdocs\ITE311-CASTILLO\system\CodeIgniter.php(507): CodeIgniter\CodeIgniter->runController(Object(App\Controllers\Student\Enrollments))
#10 C:\xampp\htdocs\ITE311-CASTILLO\system\CodeIgniter.php(354): CodeIgniter\CodeIgniter->handleRequest(NULL, Object(Config\Cache), false)
#11 C:\xampp\htdocs\ITE311-CASTILLO\system\Boot.php(363): CodeIgniter\CodeIgniter->run()
#12 C:\xampp\htdocs\ITE311-CASTILLO\system\Boot.php(68): CodeIgniter\Boot::runCodeIgniter(Object(CodeIgniter\CodeIgniter))
#13 C:\xampp\htdocs\ITE311-CASTILLO\public\index.php(59): CodeIgniter\Boot::bootWeb(Object(Config\Paths))
#14 C:\xampp\htdocs\ITE311-CASTILLO\system\rewrite.php(44): require_once('C:\\xampp\\htdocs...')
#15 {main}
CRITICAL - 2025-10-10 11:51:54 --> CodeIgniter\Database\Exceptions\DatabaseException: Unknown column 'enrollments.enrollment_date' in 'field list'
[Method: GET, Route: student/enrollments]
in SYSTEMPATH\Database\BaseConnection.php on line 684.
 1 SYSTEMPATH\Database\BaseBuilder.php(1649): CodeIgniter\Database\BaseConnection->query('SELECT `courses`.`id` as `id`, `courses`.`title` as `title`, `courses`.`description` as `description`, `enrollments`.`enrollment_date` as `enrollment_date`
FROM `enrollments`
INNER JOIN `courses` ON `courses`.`id` = `enrollments`.`course_id`
WHERE `enrollments`.`user_id` = :enrollments.user_id:
ORDER BY `courses`.`title` ASC', [...], false)
 2 SYSTEMPATH\Model.php(286): CodeIgniter\Database\BaseBuilder->get()
 3 SYSTEMPATH\BaseModel.php(677): CodeIgniter\Model->doFindAll(0, 0)
 4 APPPATH\Models\EnrollmentModel.php(54): CodeIgniter\BaseModel->findAll()
 5 APPPATH\Controllers\Student\Enrollments.php(27): App\Models\EnrollmentModel->getUserEnrollments(11)
 6 SYSTEMPATH\CodeIgniter.php(933): App\Controllers\Student\Enrollments->index()
 7 SYSTEMPATH\CodeIgniter.php(507): CodeIgniter\CodeIgniter->runController(Object(App\Controllers\Student\Enrollments))
 8 SYSTEMPATH\CodeIgniter.php(354): CodeIgniter\CodeIgniter->handleRequest(null, Object(Config\Cache), false)
 9 SYSTEMPATH\Boot.php(363): CodeIgniter\CodeIgniter->run()
10 SYSTEMPATH\Boot.php(68): CodeIgniter\Boot::runCodeIgniter(Object(CodeIgniter\CodeIgniter))
11 FCPATH\index.php(59): CodeIgniter\Boot::bootWeb(Object(Config\Paths))
12 SYSTEMPATH\rewrite.php(44): require_once('C:\\xampp\\htdocs\\ITE311-CASTILLO\\public\\index.php')
CRITICAL - 2025-10-10 11:51:54 --> [Caused by] CodeIgniter\Database\Exceptions\DatabaseException: Unknown column 'enrollments.enrollment_date' in 'field list'
in SYSTEMPATH\Database\MySQLi\Connection.php on line 332.
 1 SYSTEMPATH\Database\BaseConnection.php(729): CodeIgniter\Database\MySQLi\Connection->execute('SELECT `courses`.`id` as `id`, `courses`.`title` as `title`, `courses`.`description` as `description`, `enrollments`.`enrollment_date` as `enrollment_date`
FROM `enrollments`
INNER JOIN `courses` ON `courses`.`id` = `enrollments`.`course_id`
WHERE `enrollments`.`user_id` = 11
ORDER BY `courses`.`title` ASC')
 2 SYSTEMPATH\Database\BaseConnection.php(646): CodeIgniter\Database\BaseConnection->simpleQuery('SELECT `courses`.`id` as `id`, `courses`.`title` as `title`, `courses`.`description` as `description`, `enrollments`.`enrollment_date` as `enrollment_date`
FROM `enrollments`
INNER JOIN `courses` ON `courses`.`id` = `enrollments`.`course_id`
WHERE `enrollments`.`user_id` = 11
ORDER BY `courses`.`title` ASC')
 3 SYSTEMPATH\Database\BaseBuilder.php(1649): CodeIgniter\Database\BaseConnection->query('SELECT `courses`.`id` as `id`, `courses`.`title` as `title`, `courses`.`description` as `description`, `enrollments`.`enrollment_date` as `enrollment_date`
FROM `enrollments`
INNER JOIN `courses` ON `courses`.`id` = `enrollments`.`course_id`
WHERE `enrollments`.`user_id` = :enrollments.user_id:
ORDER BY `courses`.`title` ASC', [...], false)
 4 SYSTEMPATH\Model.php(286): CodeIgniter\Database\BaseBuilder->get()
 5 SYSTEMPATH\BaseModel.php(677): CodeIgniter\Model->doFindAll(0, 0)
 6 APPPATH\Models\EnrollmentModel.php(54): CodeIgniter\BaseModel->findAll()
 7 APPPATH\Controllers\Student\Enrollments.php(27): App\Models\EnrollmentModel->getUserEnrollments(11)
 8 SYSTEMPATH\CodeIgniter.php(933): App\Controllers\Student\Enrollments->index()
 9 SYSTEMPATH\CodeIgniter.php(507): CodeIgniter\CodeIgniter->runController(Object(App\Controllers\Student\Enrollments))
10 SYSTEMPATH\CodeIgniter.php(354): CodeIgniter\CodeIgniter->handleRequest(null, Object(Config\Cache), false)
11 SYSTEMPATH\Boot.php(363): CodeIgniter\CodeIgniter->run()
12 SYSTEMPATH\Boot.php(68): CodeIgniter\Boot::runCodeIgniter(Object(CodeIgniter\CodeIgniter))
13 FCPATH\index.php(59): CodeIgniter\Boot::bootWeb(Object(Config\Paths))
14 SYSTEMPATH\rewrite.php(44): require_once('C:\\xampp\\htdocs\\ITE311-CASTILLO\\public\\index.php')
CRITICAL - 2025-10-10 11:51:54 --> [Caused by] mysqli_sql_exception: Unknown column 'enrollments.enrollment_date' in 'field list'
in SYSTEMPATH\Database\MySQLi\Connection.php on line 327.
 1 SYSTEMPATH\Database\MySQLi\Connection.php(327): mysqli->query('SELECT `courses`.`id` as `id`, `courses`.`title` as `title`, `courses`.`description` as `description`, `enrollments`.`enrollment_date` as `enrollment_date`
FROM `enrollments`
INNER JOIN `courses` ON `courses`.`id` = `enrollments`.`course_id`
WHERE `enrollments`.`user_id` = 11
ORDER BY `courses`.`title` ASC', 0)
 2 SYSTEMPATH\Database\BaseConnection.php(729): CodeIgniter\Database\MySQLi\Connection->execute('SELECT `courses`.`id` as `id`, `courses`.`title` as `title`, `courses`.`description` as `description`, `enrollments`.`enrollment_date` as `enrollment_date`
FROM `enrollments`
INNER JOIN `courses` ON `courses`.`id` = `enrollments`.`course_id`
WHERE `enrollments`.`user_id` = 11
ORDER BY `courses`.`title` ASC')
 3 SYSTEMPATH\Database\BaseConnection.php(646): CodeIgniter\Database\BaseConnection->simpleQuery('SELECT `courses`.`id` as `id`, `courses`.`title` as `title`, `courses`.`description` as `description`, `enrollments`.`enrollment_date` as `enrollment_date`
FROM `enrollments`
INNER JOIN `courses` ON `courses`.`id` = `enrollments`.`course_id`
WHERE `enrollments`.`user_id` = 11
ORDER BY `courses`.`title` ASC')
 4 SYSTEMPATH\Database\BaseBuilder.php(1649): CodeIgniter\Database\BaseConnection->query('SELECT `courses`.`id` as `id`, `courses`.`title` as `title`, `courses`.`description` as `description`, `enrollments`.`enrollment_date` as `enrollment_date`
FROM `enrollments`
INNER JOIN `courses` ON `courses`.`id` = `enrollments`.`course_id`
WHERE `enrollments`.`user_id` = :enrollments.user_id:
ORDER BY `courses`.`title` ASC', [...], false)
 5 SYSTEMPATH\Model.php(286): CodeIgniter\Database\BaseBuilder->get()
 6 SYSTEMPATH\BaseModel.php(677): CodeIgniter\Model->doFindAll(0, 0)
 7 APPPATH\Models\EnrollmentModel.php(54): CodeIgniter\BaseModel->findAll()
 8 APPPATH\Controllers\Student\Enrollments.php(27): App\Models\EnrollmentModel->getUserEnrollments(11)
 9 SYSTEMPATH\CodeIgniter.php(933): App\Controllers\Student\Enrollments->index()
10 SYSTEMPATH\CodeIgniter.php(507): CodeIgniter\CodeIgniter->runController(Object(App\Controllers\Student\Enrollments))
11 SYSTEMPATH\CodeIgniter.php(354): CodeIgniter\CodeIgniter->handleRequest(null, Object(Config\Cache), false)
12 SYSTEMPATH\Boot.php(363): CodeIgniter\CodeIgniter->run()
13 SYSTEMPATH\Boot.php(68): CodeIgniter\Boot::runCodeIgniter(Object(CodeIgniter\CodeIgniter))
14 FCPATH\index.php(59): CodeIgniter\Boot::bootWeb(Object(Config\Paths))
15 SYSTEMPATH\rewrite.php(44): require_once('C:\\xampp\\htdocs\\ITE311-CASTILLO\\public\\index.php')
ERROR - 2025-10-10 11:51:56 --> mysqli_sql_exception: Unknown column 'enrollments.enrollment_date' in 'field list' in C:\xampp\htdocs\ITE311-CASTILLO\system\Database\MySQLi\Connection.php:327
Stack trace:
#0 C:\xampp\htdocs\ITE311-CASTILLO\system\Database\MySQLi\Connection.php(327): mysqli->query('SELECT `courses...', 0)
#1 C:\xampp\htdocs\ITE311-CASTILLO\system\Database\BaseConnection.php(729): CodeIgniter\Database\MySQLi\Connection->execute('SELECT `courses...')
#2 C:\xampp\htdocs\ITE311-CASTILLO\system\Database\BaseConnection.php(646): CodeIgniter\Database\BaseConnection->simpleQuery('SELECT `courses...')
#3 C:\xampp\htdocs\ITE311-CASTILLO\system\Database\BaseBuilder.php(1649): CodeIgniter\Database\BaseConnection->query('SELECT `courses...', Array, false)
#4 C:\xampp\htdocs\ITE311-CASTILLO\system\Model.php(286): CodeIgniter\Database\BaseBuilder->get()
#5 C:\xampp\htdocs\ITE311-CASTILLO\system\BaseModel.php(677): CodeIgniter\Model->doFindAll(0, 0)
#6 C:\xampp\htdocs\ITE311-CASTILLO\app\Models\EnrollmentModel.php(54): CodeIgniter\BaseModel->findAll()
#7 C:\xampp\htdocs\ITE311-CASTILLO\app\Controllers\Student\Enrollments.php(27): App\Models\EnrollmentModel->getUserEnrollments(11)
#8 C:\xampp\htdocs\ITE311-CASTILLO\system\CodeIgniter.php(933): App\Controllers\Student\Enrollments->index()
#9 C:\xampp\htdocs\ITE311-CASTILLO\system\CodeIgniter.php(507): CodeIgniter\CodeIgniter->runController(Object(App\Controllers\Student\Enrollments))
#10 C:\xampp\htdocs\ITE311-CASTILLO\system\CodeIgniter.php(354): CodeIgniter\CodeIgniter->handleRequest(NULL, Object(Config\Cache), false)
#11 C:\xampp\htdocs\ITE311-CASTILLO\system\Boot.php(363): CodeIgniter\CodeIgniter->run()
#12 C:\xampp\htdocs\ITE311-CASTILLO\system\Boot.php(68): CodeIgniter\Boot::runCodeIgniter(Object(CodeIgniter\CodeIgniter))
#13 C:\xampp\htdocs\ITE311-CASTILLO\public\index.php(59): CodeIgniter\Boot::bootWeb(Object(Config\Paths))
#14 C:\xampp\htdocs\ITE311-CASTILLO\system\rewrite.php(44): require_once('C:\\xampp\\htdocs...')
#15 {main}
CRITICAL - 2025-10-10 11:51:56 --> CodeIgniter\Database\Exceptions\DatabaseException: Unknown column 'enrollments.enrollment_date' in 'field list'
[Method: GET, Route: student/enrollments]
in SYSTEMPATH\Database\BaseConnection.php on line 684.
 1 SYSTEMPATH\Database\BaseBuilder.php(1649): CodeIgniter\Database\BaseConnection->query('SELECT `courses`.`id` as `id`, `courses`.`title` as `title`, `courses`.`description` as `description`, `enrollments`.`enrollment_date` as `enrollment_date`
FROM `enrollments`
INNER JOIN `courses` ON `courses`.`id` = `enrollments`.`course_id`
WHERE `enrollments`.`user_id` = :enrollments.user_id:
ORDER BY `courses`.`title` ASC', [...], false)
 2 SYSTEMPATH\Model.php(286): CodeIgniter\Database\BaseBuilder->get()
 3 SYSTEMPATH\BaseModel.php(677): CodeIgniter\Model->doFindAll(0, 0)
 4 APPPATH\Models\EnrollmentModel.php(54): CodeIgniter\BaseModel->findAll()
 5 APPPATH\Controllers\Student\Enrollments.php(27): App\Models\EnrollmentModel->getUserEnrollments(11)
 6 SYSTEMPATH\CodeIgniter.php(933): App\Controllers\Student\Enrollments->index()
 7 SYSTEMPATH\CodeIgniter.php(507): CodeIgniter\CodeIgniter->runController(Object(App\Controllers\Student\Enrollments))
 8 SYSTEMPATH\CodeIgniter.php(354): CodeIgniter\CodeIgniter->handleRequest(null, Object(Config\Cache), false)
 9 SYSTEMPATH\Boot.php(363): CodeIgniter\CodeIgniter->run()
10 SYSTEMPATH\Boot.php(68): CodeIgniter\Boot::runCodeIgniter(Object(CodeIgniter\CodeIgniter))
11 FCPATH\index.php(59): CodeIgniter\Boot::bootWeb(Object(Config\Paths))
12 SYSTEMPATH\rewrite.php(44): require_once('C:\\xampp\\htdocs\\ITE311-CASTILLO\\public\\index.php')
CRITICAL - 2025-10-10 11:51:56 --> [Caused by] CodeIgniter\Database\Exceptions\DatabaseException: Unknown column 'enrollments.enrollment_date' in 'field list'
in SYSTEMPATH\Database\MySQLi\Connection.php on line 332.
 1 SYSTEMPATH\Database\BaseConnection.php(729): CodeIgniter\Database\MySQLi\Connection->execute('SELECT `courses`.`id` as `id`, `courses`.`title` as `title`, `courses`.`description` as `description`, `enrollments`.`enrollment_date` as `enrollment_date`
FROM `enrollments`
INNER JOIN `courses` ON `courses`.`id` = `enrollments`.`course_id`
WHERE `enrollments`.`user_id` = 11
ORDER BY `courses`.`title` ASC')
 2 SYSTEMPATH\Database\BaseConnection.php(646): CodeIgniter\Database\BaseConnection->simpleQuery('SELECT `courses`.`id` as `id`, `courses`.`title` as `title`, `courses`.`description` as `description`, `enrollments`.`enrollment_date` as `enrollment_date`
FROM `enrollments`
INNER JOIN `courses` ON `courses`.`id` = `enrollments`.`course_id`
WHERE `enrollments`.`user_id` = 11
ORDER BY `courses`.`title` ASC')
 3 SYSTEMPATH\Database\BaseBuilder.php(1649): CodeIgniter\Database\BaseConnection->query('SELECT `courses`.`id` as `id`, `courses`.`title` as `title`, `courses`.`description` as `description`, `enrollments`.`enrollment_date` as `enrollment_date`
FROM `enrollments`
INNER JOIN `courses` ON `courses`.`id` = `enrollments`.`course_id`
WHERE `enrollments`.`user_id` = :enrollments.user_id:
ORDER BY `courses`.`title` ASC', [...], false)
 4 SYSTEMPATH\Model.php(286): CodeIgniter\Database\BaseBuilder->get()
 5 SYSTEMPATH\BaseModel.php(677): CodeIgniter\Model->doFindAll(0, 0)
 6 APPPATH\Models\EnrollmentModel.php(54): CodeIgniter\BaseModel->findAll()
 7 APPPATH\Controllers\Student\Enrollments.php(27): App\Models\EnrollmentModel->getUserEnrollments(11)
 8 SYSTEMPATH\CodeIgniter.php(933): App\Controllers\Student\Enrollments->index()
 9 SYSTEMPATH\CodeIgniter.php(507): CodeIgniter\CodeIgniter->runController(Object(App\Controllers\Student\Enrollments))
10 SYSTEMPATH\CodeIgniter.php(354): CodeIgniter\CodeIgniter->handleRequest(null, Object(Config\Cache), false)
11 SYSTEMPATH\Boot.php(363): CodeIgniter\CodeIgniter->run()
12 SYSTEMPATH\Boot.php(68): CodeIgniter\Boot::runCodeIgniter(Object(CodeIgniter\CodeIgniter))
13 FCPATH\index.php(59): CodeIgniter\Boot::bootWeb(Object(Config\Paths))
14 SYSTEMPATH\rewrite.php(44): require_once('C:\\xampp\\htdocs\\ITE311-CASTILLO\\public\\index.php')
CRITICAL - 2025-10-10 11:51:56 --> [Caused by] mysqli_sql_exception: Unknown column 'enrollments.enrollment_date' in 'field list'
in SYSTEMPATH\Database\MySQLi\Connection.php on line 327.
 1 SYSTEMPATH\Database\MySQLi\Connection.php(327): mysqli->query('SELECT `courses`.`id` as `id`, `courses`.`title` as `title`, `courses`.`description` as `description`, `enrollments`.`enrollment_date` as `enrollment_date`
FROM `enrollments`
INNER JOIN `courses` ON `courses`.`id` = `enrollments`.`course_id`
WHERE `enrollments`.`user_id` = 11
ORDER BY `courses`.`title` ASC', 0)
 2 SYSTEMPATH\Database\BaseConnection.php(729): CodeIgniter\Database\MySQLi\Connection->execute('SELECT `courses`.`id` as `id`, `courses`.`title` as `title`, `courses`.`description` as `description`, `enrollments`.`enrollment_date` as `enrollment_date`
FROM `enrollments`
INNER JOIN `courses` ON `courses`.`id` = `enrollments`.`course_id`
WHERE `enrollments`.`user_id` = 11
ORDER BY `courses`.`title` ASC')
 3 SYSTEMPATH\Database\BaseConnection.php(646): CodeIgniter\Database\BaseConnection->simpleQuery('SELECT `courses`.`id` as `id`, `courses`.`title` as `title`, `courses`.`description` as `description`, `enrollments`.`enrollment_date` as `enrollment_date`
FROM `enrollments`
INNER JOIN `courses` ON `courses`.`id` = `enrollments`.`course_id`
WHERE `enrollments`.`user_id` = 11
ORDER BY `courses`.`title` ASC')
 4 SYSTEMPATH\Database\BaseBuilder.php(1649): CodeIgniter\Database\BaseConnection->query('SELECT `courses`.`id` as `id`, `courses`.`title` as `title`, `courses`.`description` as `description`, `enrollments`.`enrollment_date` as `enrollment_date`
FROM `enrollments`
INNER JOIN `courses` ON `courses`.`id` = `enrollments`.`course_id`
WHERE `enrollments`.`user_id` = :enrollments.user_id:
ORDER BY `courses`.`title` ASC', [...], false)
 5 SYSTEMPATH\Model.php(286): CodeIgniter\Database\BaseBuilder->get()
 6 SYSTEMPATH\BaseModel.php(677): CodeIgniter\Model->doFindAll(0, 0)
 7 APPPATH\Models\EnrollmentModel.php(54): CodeIgniter\BaseModel->findAll()
 8 APPPATH\Controllers\Student\Enrollments.php(27): App\Models\EnrollmentModel->getUserEnrollments(11)
 9 SYSTEMPATH\CodeIgniter.php(933): App\Controllers\Student\Enrollments->index()
10 SYSTEMPATH\CodeIgniter.php(507): CodeIgniter\CodeIgniter->runController(Object(App\Controllers\Student\Enrollments))
11 SYSTEMPATH\CodeIgniter.php(354): CodeIgniter\CodeIgniter->handleRequest(null, Object(Config\Cache), false)
12 SYSTEMPATH\Boot.php(363): CodeIgniter\CodeIgniter->run()
13 SYSTEMPATH\Boot.php(68): CodeIgniter\Boot::runCodeIgniter(Object(CodeIgniter\CodeIgniter))
14 FCPATH\index.php(59): CodeIgniter\Boot::bootWeb(Object(Config\Paths))
15 SYSTEMPATH\rewrite.php(44): require_once('C:\\xampp\\htdocs\\ITE311-CASTILLO\\public\\index.php')
ERROR - 2025-10-10 11:51:58 --> mysqli_sql_exception: Unknown column 'enrollments.enrollment_date' in 'field list' in C:\xampp\htdocs\ITE311-CASTILLO\system\Database\MySQLi\Connection.php:327
Stack trace:
#0 C:\xampp\htdocs\ITE311-CASTILLO\system\Database\MySQLi\Connection.php(327): mysqli->query('SELECT `courses...', 0)
#1 C:\xampp\htdocs\ITE311-CASTILLO\system\Database\BaseConnection.php(729): CodeIgniter\Database\MySQLi\Connection->execute('SELECT `courses...')
#2 C:\xampp\htdocs\ITE311-CASTILLO\system\Database\BaseConnection.php(646): CodeIgniter\Database\BaseConnection->simpleQuery('SELECT `courses...')
#3 C:\xampp\htdocs\ITE311-CASTILLO\system\Database\BaseBuilder.php(1649): CodeIgniter\Database\BaseConnection->query('SELECT `courses...', Array, false)
#4 C:\xampp\htdocs\ITE311-CASTILLO\system\Model.php(286): CodeIgniter\Database\BaseBuilder->get()
#5 C:\xampp\htdocs\ITE311-CASTILLO\system\BaseModel.php(677): CodeIgniter\Model->doFindAll(0, 0)
#6 C:\xampp\htdocs\ITE311-CASTILLO\app\Models\EnrollmentModel.php(54): CodeIgniter\BaseModel->findAll()
#7 C:\xampp\htdocs\ITE311-CASTILLO\app\Controllers\Student\Enrollments.php(27): App\Models\EnrollmentModel->getUserEnrollments(11)
#8 C:\xampp\htdocs\ITE311-CASTILLO\system\CodeIgniter.php(933): App\Controllers\Student\Enrollments->index()
#9 C:\xampp\htdocs\ITE311-CASTILLO\system\CodeIgniter.php(507): CodeIgniter\CodeIgniter->runController(Object(App\Controllers\Student\Enrollments))
#10 C:\xampp\htdocs\ITE311-CASTILLO\system\CodeIgniter.php(354): CodeIgniter\CodeIgniter->handleRequest(NULL, Object(Config\Cache), false)
#11 C:\xampp\htdocs\ITE311-CASTILLO\system\Boot.php(363): CodeIgniter\CodeIgniter->run()
#12 C:\xampp\htdocs\ITE311-CASTILLO\system\Boot.php(68): CodeIgniter\Boot::runCodeIgniter(Object(CodeIgniter\CodeIgniter))
#13 C:\xampp\htdocs\ITE311-CASTILLO\public\index.php(59): CodeIgniter\Boot::bootWeb(Object(Config\Paths))
#14 C:\xampp\htdocs\ITE311-CASTILLO\system\rewrite.php(44): require_once('C:\\xampp\\htdocs...')
#15 {main}
CRITICAL - 2025-10-10 11:51:58 --> CodeIgniter\Database\Exceptions\DatabaseException: Unknown column 'enrollments.enrollment_date' in 'field list'
[Method: GET, Route: student/enrollments]
in SYSTEMPATH\Database\BaseConnection.php on line 684.
 1 SYSTEMPATH\Database\BaseBuilder.php(1649): CodeIgniter\Database\BaseConnection->query('SELECT `courses`.`id` as `id`, `courses`.`title` as `title`, `courses`.`description` as `description`, `enrollments`.`enrollment_date` as `enrollment_date`
FROM `enrollments`
INNER JOIN `courses` ON `courses`.`id` = `enrollments`.`course_id`
WHERE `enrollments`.`user_id` = :enrollments.user_id:
ORDER BY `courses`.`title` ASC', [...], false)
 2 SYSTEMPATH\Model.php(286): CodeIgniter\Database\BaseBuilder->get()
 3 SYSTEMPATH\BaseModel.php(677): CodeIgniter\Model->doFindAll(0, 0)
 4 APPPATH\Models\EnrollmentModel.php(54): CodeIgniter\BaseModel->findAll()
 5 APPPATH\Controllers\Student\Enrollments.php(27): App\Models\EnrollmentModel->getUserEnrollments(11)
 6 SYSTEMPATH\CodeIgniter.php(933): App\Controllers\Student\Enrollments->index()
 7 SYSTEMPATH\CodeIgniter.php(507): CodeIgniter\CodeIgniter->runController(Object(App\Controllers\Student\Enrollments))
 8 SYSTEMPATH\CodeIgniter.php(354): CodeIgniter\CodeIgniter->handleRequest(null, Object(Config\Cache), false)
 9 SYSTEMPATH\Boot.php(363): CodeIgniter\CodeIgniter->run()
10 SYSTEMPATH\Boot.php(68): CodeIgniter\Boot::runCodeIgniter(Object(CodeIgniter\CodeIgniter))
11 FCPATH\index.php(59): CodeIgniter\Boot::bootWeb(Object(Config\Paths))
12 SYSTEMPATH\rewrite.php(44): require_once('C:\\xampp\\htdocs\\ITE311-CASTILLO\\public\\index.php')
CRITICAL - 2025-10-10 11:51:58 --> [Caused by] CodeIgniter\Database\Exceptions\DatabaseException: Unknown column 'enrollments.enrollment_date' in 'field list'
in SYSTEMPATH\Database\MySQLi\Connection.php on line 332.
 1 SYSTEMPATH\Database\BaseConnection.php(729): CodeIgniter\Database\MySQLi\Connection->execute('SELECT `courses`.`id` as `id`, `courses`.`title` as `title`, `courses`.`description` as `description`, `enrollments`.`enrollment_date` as `enrollment_date`
FROM `enrollments`
INNER JOIN `courses` ON `courses`.`id` = `enrollments`.`course_id`
WHERE `enrollments`.`user_id` = 11
ORDER BY `courses`.`title` ASC')
 2 SYSTEMPATH\Database\BaseConnection.php(646): CodeIgniter\Database\BaseConnection->simpleQuery('SELECT `courses`.`id` as `id`, `courses`.`title` as `title`, `courses`.`description` as `description`, `enrollments`.`enrollment_date` as `enrollment_date`
FROM `enrollments`
INNER JOIN `courses` ON `courses`.`id` = `enrollments`.`course_id`
WHERE `enrollments`.`user_id` = 11
ORDER BY `courses`.`title` ASC')
 3 SYSTEMPATH\Database\BaseBuilder.php(1649): CodeIgniter\Database\BaseConnection->query('SELECT `courses`.`id` as `id`, `courses`.`title` as `title`, `courses`.`description` as `description`, `enrollments`.`enrollment_date` as `enrollment_date`
FROM `enrollments`
INNER JOIN `courses` ON `courses`.`id` = `enrollments`.`course_id`
WHERE `enrollments`.`user_id` = :enrollments.user_id:
ORDER BY `courses`.`title` ASC', [...], false)
 4 SYSTEMPATH\Model.php(286): CodeIgniter\Database\BaseBuilder->get()
 5 SYSTEMPATH\BaseModel.php(677): CodeIgniter\Model->doFindAll(0, 0)
 6 APPPATH\Models\EnrollmentModel.php(54): CodeIgniter\BaseModel->findAll()
 7 APPPATH\Controllers\Student\Enrollments.php(27): App\Models\EnrollmentModel->getUserEnrollments(11)
 8 SYSTEMPATH\CodeIgniter.php(933): App\Controllers\Student\Enrollments->index()
 9 SYSTEMPATH\CodeIgniter.php(507): CodeIgniter\CodeIgniter->runController(Object(App\Controllers\Student\Enrollments))
10 SYSTEMPATH\CodeIgniter.php(354): CodeIgniter\CodeIgniter->handleRequest(null, Object(Config\Cache), false)
11 SYSTEMPATH\Boot.php(363): CodeIgniter\CodeIgniter->run()
12 SYSTEMPATH\Boot.php(68): CodeIgniter\Boot::runCodeIgniter(Object(CodeIgniter\CodeIgniter))
13 FCPATH\index.php(59): CodeIgniter\Boot::bootWeb(Object(Config\Paths))
14 SYSTEMPATH\rewrite.php(44): require_once('C:\\xampp\\htdocs\\ITE311-CASTILLO\\public\\index.php')
CRITICAL - 2025-10-10 11:51:58 --> [Caused by] mysqli_sql_exception: Unknown column 'enrollments.enrollment_date' in 'field list'
in SYSTEMPATH\Database\MySQLi\Connection.php on line 327.
 1 SYSTEMPATH\Database\MySQLi\Connection.php(327): mysqli->query('SELECT `courses`.`id` as `id`, `courses`.`title` as `title`, `courses`.`description` as `description`, `enrollments`.`enrollment_date` as `enrollment_date`
FROM `enrollments`
INNER JOIN `courses` ON `courses`.`id` = `enrollments`.`course_id`
WHERE `enrollments`.`user_id` = 11
ORDER BY `courses`.`title` ASC', 0)
 2 SYSTEMPATH\Database\BaseConnection.php(729): CodeIgniter\Database\MySQLi\Connection->execute('SELECT `courses`.`id` as `id`, `courses`.`title` as `title`, `courses`.`description` as `description`, `enrollments`.`enrollment_date` as `enrollment_date`
FROM `enrollments`
INNER JOIN `courses` ON `courses`.`id` = `enrollments`.`course_id`
WHERE `enrollments`.`user_id` = 11
ORDER BY `courses`.`title` ASC')
 3 SYSTEMPATH\Database\BaseConnection.php(646): CodeIgniter\Database\BaseConnection->simpleQuery('SELECT `courses`.`id` as `id`, `courses`.`title` as `title`, `courses`.`description` as `description`, `enrollments`.`enrollment_date` as `enrollment_date`
FROM `enrollments`
INNER JOIN `courses` ON `courses`.`id` = `enrollments`.`course_id`
WHERE `enrollments`.`user_id` = 11
ORDER BY `courses`.`title` ASC')
 4 SYSTEMPATH\Database\BaseBuilder.php(1649): CodeIgniter\Database\BaseConnection->query('SELECT `courses`.`id` as `id`, `courses`.`title` as `title`, `courses`.`description` as `description`, `enrollments`.`enrollment_date` as `enrollment_date`
FROM `enrollments`
INNER JOIN `courses` ON `courses`.`id` = `enrollments`.`course_id`
WHERE `enrollments`.`user_id` = :enrollments.user_id:
ORDER BY `courses`.`title` ASC', [...], false)
 5 SYSTEMPATH\Model.php(286): CodeIgniter\Database\BaseBuilder->get()
 6 SYSTEMPATH\BaseModel.php(677): CodeIgniter\Model->doFindAll(0, 0)
 7 APPPATH\Models\EnrollmentModel.php(54): CodeIgniter\BaseModel->findAll()
 8 APPPATH\Controllers\Student\Enrollments.php(27): App\Models\EnrollmentModel->getUserEnrollments(11)
 9 SYSTEMPATH\CodeIgniter.php(933): App\Controllers\Student\Enrollments->index()
10 SYSTEMPATH\CodeIgniter.php(507): CodeIgniter\CodeIgniter->runController(Object(App\Controllers\Student\Enrollments))
11 SYSTEMPATH\CodeIgniter.php(354): CodeIgniter\CodeIgniter->handleRequest(null, Object(Config\Cache), false)
12 SYSTEMPATH\Boot.php(363): CodeIgniter\CodeIgniter->run()
13 SYSTEMPATH\Boot.php(68): CodeIgniter\Boot::runCodeIgniter(Object(CodeIgniter\CodeIgniter))
14 FCPATH\index.php(59): CodeIgniter\Boot::bootWeb(Object(Config\Paths))
15 SYSTEMPATH\rewrite.php(44): require_once('C:\\xampp\\htdocs\\ITE311-CASTILLO\\public\\index.php')
ERROR - 2025-10-10 11:52:00 --> mysqli_sql_exception: Unknown column 'enrollments.enrollment_date' in 'field list' in C:\xampp\htdocs\ITE311-CASTILLO\system\Database\MySQLi\Connection.php:327
Stack trace:
#0 C:\xampp\htdocs\ITE311-CASTILLO\system\Database\MySQLi\Connection.php(327): mysqli->query('SELECT `courses...', 0)
#1 C:\xampp\htdocs\ITE311-CASTILLO\system\Database\BaseConnection.php(729): CodeIgniter\Database\MySQLi\Connection->execute('SELECT `courses...')
#2 C:\xampp\htdocs\ITE311-CASTILLO\system\Database\BaseConnection.php(646): CodeIgniter\Database\BaseConnection->simpleQuery('SELECT `courses...')
#3 C:\xampp\htdocs\ITE311-CASTILLO\system\Database\BaseBuilder.php(1649): CodeIgniter\Database\BaseConnection->query('SELECT `courses...', Array, false)
#4 C:\xampp\htdocs\ITE311-CASTILLO\system\Model.php(286): CodeIgniter\Database\BaseBuilder->get()
#5 C:\xampp\htdocs\ITE311-CASTILLO\system\BaseModel.php(677): CodeIgniter\Model->doFindAll(0, 0)
#6 C:\xampp\htdocs\ITE311-CASTILLO\app\Models\EnrollmentModel.php(54): CodeIgniter\BaseModel->findAll()
#7 C:\xampp\htdocs\ITE311-CASTILLO\app\Controllers\Student\Enrollments.php(27): App\Models\EnrollmentModel->getUserEnrollments(11)
#8 C:\xampp\htdocs\ITE311-CASTILLO\system\CodeIgniter.php(933): App\Controllers\Student\Enrollments->index()
#9 C:\xampp\htdocs\ITE311-CASTILLO\system\CodeIgniter.php(507): CodeIgniter\CodeIgniter->runController(Object(App\Controllers\Student\Enrollments))
#10 C:\xampp\htdocs\ITE311-CASTILLO\system\CodeIgniter.php(354): CodeIgniter\CodeIgniter->handleRequest(NULL, Object(Config\Cache), false)
#11 C:\xampp\htdocs\ITE311-CASTILLO\system\Boot.php(363): CodeIgniter\CodeIgniter->run()
#12 C:\xampp\htdocs\ITE311-CASTILLO\system\Boot.php(68): CodeIgniter\Boot::runCodeIgniter(Object(CodeIgniter\CodeIgniter))
#13 C:\xampp\htdocs\ITE311-CASTILLO\public\index.php(59): CodeIgniter\Boot::bootWeb(Object(Config\Paths))
#14 C:\xampp\htdocs\ITE311-CASTILLO\system\rewrite.php(44): require_once('C:\\xampp\\htdocs...')
#15 {main}
CRITICAL - 2025-10-10 11:52:00 --> CodeIgniter\Database\Exceptions\DatabaseException: Unknown column 'enrollments.enrollment_date' in 'field list'
[Method: GET, Route: student/enrollments]
in SYSTEMPATH\Database\BaseConnection.php on line 684.
 1 SYSTEMPATH\Database\BaseBuilder.php(1649): CodeIgniter\Database\BaseConnection->query('SELECT `courses`.`id` as `id`, `courses`.`title` as `title`, `courses`.`description` as `description`, `enrollments`.`enrollment_date` as `enrollment_date`
FROM `enrollments`
INNER JOIN `courses` ON `courses`.`id` = `enrollments`.`course_id`
WHERE `enrollments`.`user_id` = :enrollments.user_id:
ORDER BY `courses`.`title` ASC', [...], false)
 2 SYSTEMPATH\Model.php(286): CodeIgniter\Database\BaseBuilder->get()
 3 SYSTEMPATH\BaseModel.php(677): CodeIgniter\Model->doFindAll(0, 0)
 4 APPPATH\Models\EnrollmentModel.php(54): CodeIgniter\BaseModel->findAll()
 5 APPPATH\Controllers\Student\Enrollments.php(27): App\Models\EnrollmentModel->getUserEnrollments(11)
 6 SYSTEMPATH\CodeIgniter.php(933): App\Controllers\Student\Enrollments->index()
 7 SYSTEMPATH\CodeIgniter.php(507): CodeIgniter\CodeIgniter->runController(Object(App\Controllers\Student\Enrollments))
 8 SYSTEMPATH\CodeIgniter.php(354): CodeIgniter\CodeIgniter->handleRequest(null, Object(Config\Cache), false)
 9 SYSTEMPATH\Boot.php(363): CodeIgniter\CodeIgniter->run()
10 SYSTEMPATH\Boot.php(68): CodeIgniter\Boot::runCodeIgniter(Object(CodeIgniter\CodeIgniter))
11 FCPATH\index.php(59): CodeIgniter\Boot::bootWeb(Object(Config\Paths))
12 SYSTEMPATH\rewrite.php(44): require_once('C:\\xampp\\htdocs\\ITE311-CASTILLO\\public\\index.php')
CRITICAL - 2025-10-10 11:52:00 --> [Caused by] CodeIgniter\Database\Exceptions\DatabaseException: Unknown column 'enrollments.enrollment_date' in 'field list'
in SYSTEMPATH\Database\MySQLi\Connection.php on line 332.
 1 SYSTEMPATH\Database\BaseConnection.php(729): CodeIgniter\Database\MySQLi\Connection->execute('SELECT `courses`.`id` as `id`, `courses`.`title` as `title`, `courses`.`description` as `description`, `enrollments`.`enrollment_date` as `enrollment_date`
FROM `enrollments`
INNER JOIN `courses` ON `courses`.`id` = `enrollments`.`course_id`
WHERE `enrollments`.`user_id` = 11
ORDER BY `courses`.`title` ASC')
 2 SYSTEMPATH\Database\BaseConnection.php(646): CodeIgniter\Database\BaseConnection->simpleQuery('SELECT `courses`.`id` as `id`, `courses`.`title` as `title`, `courses`.`description` as `description`, `enrollments`.`enrollment_date` as `enrollment_date`
FROM `enrollments`
INNER JOIN `courses` ON `courses`.`id` = `enrollments`.`course_id`
WHERE `enrollments`.`user_id` = 11
ORDER BY `courses`.`title` ASC')
 3 SYSTEMPATH\Database\BaseBuilder.php(1649): CodeIgniter\Database\BaseConnection->query('SELECT `courses`.`id` as `id`, `courses`.`title` as `title`, `courses`.`description` as `description`, `enrollments`.`enrollment_date` as `enrollment_date`
FROM `enrollments`
INNER JOIN `courses` ON `courses`.`id` = `enrollments`.`course_id`
WHERE `enrollments`.`user_id` = :enrollments.user_id:
ORDER BY `courses`.`title` ASC', [...], false)
 4 SYSTEMPATH\Model.php(286): CodeIgniter\Database\BaseBuilder->get()
 5 SYSTEMPATH\BaseModel.php(677): CodeIgniter\Model->doFindAll(0, 0)
 6 APPPATH\Models\EnrollmentModel.php(54): CodeIgniter\BaseModel->findAll()
 7 APPPATH\Controllers\Student\Enrollments.php(27): App\Models\EnrollmentModel->getUserEnrollments(11)
 8 SYSTEMPATH\CodeIgniter.php(933): App\Controllers\Student\Enrollments->index()
 9 SYSTEMPATH\CodeIgniter.php(507): CodeIgniter\CodeIgniter->runController(Object(App\Controllers\Student\Enrollments))
10 SYSTEMPATH\CodeIgniter.php(354): CodeIgniter\CodeIgniter->handleRequest(null, Object(Config\Cache), false)
11 SYSTEMPATH\Boot.php(363): CodeIgniter\CodeIgniter->run()
12 SYSTEMPATH\Boot.php(68): CodeIgniter\Boot::runCodeIgniter(Object(CodeIgniter\CodeIgniter))
13 FCPATH\index.php(59): CodeIgniter\Boot::bootWeb(Object(Config\Paths))
14 SYSTEMPATH\rewrite.php(44): require_once('C:\\xampp\\htdocs\\ITE311-CASTILLO\\public\\index.php')
CRITICAL - 2025-10-10 11:52:00 --> [Caused by] mysqli_sql_exception: Unknown column 'enrollments.enrollment_date' in 'field list'
in SYSTEMPATH\Database\MySQLi\Connection.php on line 327.
 1 SYSTEMPATH\Database\MySQLi\Connection.php(327): mysqli->query('SELECT `courses`.`id` as `id`, `courses`.`title` as `title`, `courses`.`description` as `description`, `enrollments`.`enrollment_date` as `enrollment_date`
FROM `enrollments`
INNER JOIN `courses` ON `courses`.`id` = `enrollments`.`course_id`
WHERE `enrollments`.`user_id` = 11
ORDER BY `courses`.`title` ASC', 0)
 2 SYSTEMPATH\Database\BaseConnection.php(729): CodeIgniter\Database\MySQLi\Connection->execute('SELECT `courses`.`id` as `id`, `courses`.`title` as `title`, `courses`.`description` as `description`, `enrollments`.`enrollment_date` as `enrollment_date`
FROM `enrollments`
INNER JOIN `courses` ON `courses`.`id` = `enrollments`.`course_id`
WHERE `enrollments`.`user_id` = 11
ORDER BY `courses`.`title` ASC')
 3 SYSTEMPATH\Database\BaseConnection.php(646): CodeIgniter\Database\BaseConnection->simpleQuery('SELECT `courses`.`id` as `id`, `courses`.`title` as `title`, `courses`.`description` as `description`, `enrollments`.`enrollment_date` as `enrollment_date`
FROM `enrollments`
INNER JOIN `courses` ON `courses`.`id` = `enrollments`.`course_id`
WHERE `enrollments`.`user_id` = 11
ORDER BY `courses`.`title` ASC')
 4 SYSTEMPATH\Database\BaseBuilder.php(1649): CodeIgniter\Database\BaseConnection->query('SELECT `courses`.`id` as `id`, `courses`.`title` as `title`, `courses`.`description` as `description`, `enrollments`.`enrollment_date` as `enrollment_date`
FROM `enrollments`
INNER JOIN `courses` ON `courses`.`id` = `enrollments`.`course_id`
WHERE `enrollments`.`user_id` = :enrollments.user_id:
ORDER BY `courses`.`title` ASC', [...], false)
 5 SYSTEMPATH\Model.php(286): CodeIgniter\Database\BaseBuilder->get()
 6 SYSTEMPATH\BaseModel.php(677): CodeIgniter\Model->doFindAll(0, 0)
 7 APPPATH\Models\EnrollmentModel.php(54): CodeIgniter\BaseModel->findAll()
 8 APPPATH\Controllers\Student\Enrollments.php(27): App\Models\EnrollmentModel->getUserEnrollments(11)
 9 SYSTEMPATH\CodeIgniter.php(933): App\Controllers\Student\Enrollments->index()
10 SYSTEMPATH\CodeIgniter.php(507): CodeIgniter\CodeIgniter->runController(Object(App\Controllers\Student\Enrollments))
11 SYSTEMPATH\CodeIgniter.php(354): CodeIgniter\CodeIgniter->handleRequest(null, Object(Config\Cache), false)
12 SYSTEMPATH\Boot.php(363): CodeIgniter\CodeIgniter->run()
13 SYSTEMPATH\Boot.php(68): CodeIgniter\Boot::runCodeIgniter(Object(CodeIgniter\CodeIgniter))
14 FCPATH\index.php(59): CodeIgniter\Boot::bootWeb(Object(Config\Paths))
15 SYSTEMPATH\rewrite.php(44): require_once('C:\\xampp\\htdocs\\ITE311-CASTILLO\\public\\index.php')
ERROR - 2025-10-10 11:52:53 --> mysqli_sql_exception: Unknown column 'enrollments.enrollment_date' in 'field list' in C:\xampp\htdocs\ITE311-CASTILLO\system\Database\MySQLi\Connection.php:327
Stack trace:
#0 C:\xampp\htdocs\ITE311-CASTILLO\system\Database\MySQLi\Connection.php(327): mysqli->query('SELECT `courses...', 0)
#1 C:\xampp\htdocs\ITE311-CASTILLO\system\Database\BaseConnection.php(729): CodeIgniter\Database\MySQLi\Connection->execute('SELECT `courses...')
#2 C:\xampp\htdocs\ITE311-CASTILLO\system\Database\BaseConnection.php(646): CodeIgniter\Database\BaseConnection->simpleQuery('SELECT `courses...')
#3 C:\xampp\htdocs\ITE311-CASTILLO\system\Database\BaseBuilder.php(1649): CodeIgniter\Database\BaseConnection->query('SELECT `courses...', Array, false)
#4 C:\xampp\htdocs\ITE311-CASTILLO\system\Model.php(286): CodeIgniter\Database\BaseBuilder->get()
#5 C:\xampp\htdocs\ITE311-CASTILLO\system\BaseModel.php(677): CodeIgniter\Model->doFindAll(0, 0)
#6 C:\xampp\htdocs\ITE311-CASTILLO\app\Models\EnrollmentModel.php(54): CodeIgniter\BaseModel->findAll()
#7 C:\xampp\htdocs\ITE311-CASTILLO\app\Controllers\Student\Enrollments.php(27): App\Models\EnrollmentModel->getUserEnrollments(11)
#8 C:\xampp\htdocs\ITE311-CASTILLO\system\CodeIgniter.php(933): App\Controllers\Student\Enrollments->index()
#9 C:\xampp\htdocs\ITE311-CASTILLO\system\CodeIgniter.php(507): CodeIgniter\CodeIgniter->runController(Object(App\Controllers\Student\Enrollments))
#10 C:\xampp\htdocs\ITE311-CASTILLO\system\CodeIgniter.php(354): CodeIgniter\CodeIgniter->handleRequest(NULL, Object(Config\Cache), false)
#11 C:\xampp\htdocs\ITE311-CASTILLO\system\Boot.php(363): CodeIgniter\CodeIgniter->run()
#12 C:\xampp\htdocs\ITE311-CASTILLO\system\Boot.php(68): CodeIgniter\Boot::runCodeIgniter(Object(CodeIgniter\CodeIgniter))
#13 C:\xampp\htdocs\ITE311-CASTILLO\public\index.php(59): CodeIgniter\Boot::bootWeb(Object(Config\Paths))
#14 C:\xampp\htdocs\ITE311-CASTILLO\system\rewrite.php(44): require_once('C:\\xampp\\htdocs...')
#15 {main}
CRITICAL - 2025-10-10 11:52:53 --> CodeIgniter\Database\Exceptions\DatabaseException: Unknown column 'enrollments.enrollment_date' in 'field list'
[Method: GET, Route: student/enrollments]
in SYSTEMPATH\Database\BaseConnection.php on line 684.
 1 SYSTEMPATH\Database\BaseBuilder.php(1649): CodeIgniter\Database\BaseConnection->query('SELECT `courses`.`id` as `id`, `courses`.`title` as `title`, `courses`.`description` as `description`, `enrollments`.`enrollment_date` as `enrollment_date`
FROM `enrollments`
INNER JOIN `courses` ON `courses`.`id` = `enrollments`.`course_id`
WHERE `enrollments`.`user_id` = :enrollments.user_id:
ORDER BY `courses`.`title` ASC', [...], false)
 2 SYSTEMPATH\Model.php(286): CodeIgniter\Database\BaseBuilder->get()
 3 SYSTEMPATH\BaseModel.php(677): CodeIgniter\Model->doFindAll(0, 0)
 4 APPPATH\Models\EnrollmentModel.php(54): CodeIgniter\BaseModel->findAll()
 5 APPPATH\Controllers\Student\Enrollments.php(27): App\Models\EnrollmentModel->getUserEnrollments(11)
 6 SYSTEMPATH\CodeIgniter.php(933): App\Controllers\Student\Enrollments->index()
 7 SYSTEMPATH\CodeIgniter.php(507): CodeIgniter\CodeIgniter->runController(Object(App\Controllers\Student\Enrollments))
 8 SYSTEMPATH\CodeIgniter.php(354): CodeIgniter\CodeIgniter->handleRequest(null, Object(Config\Cache), false)
 9 SYSTEMPATH\Boot.php(363): CodeIgniter\CodeIgniter->run()
10 SYSTEMPATH\Boot.php(68): CodeIgniter\Boot::runCodeIgniter(Object(CodeIgniter\CodeIgniter))
11 FCPATH\index.php(59): CodeIgniter\Boot::bootWeb(Object(Config\Paths))
12 SYSTEMPATH\rewrite.php(44): require_once('C:\\xampp\\htdocs\\ITE311-CASTILLO\\public\\index.php')
CRITICAL - 2025-10-10 11:52:53 --> [Caused by] CodeIgniter\Database\Exceptions\DatabaseException: Unknown column 'enrollments.enrollment_date' in 'field list'
in SYSTEMPATH\Database\MySQLi\Connection.php on line 332.
 1 SYSTEMPATH\Database\BaseConnection.php(729): CodeIgniter\Database\MySQLi\Connection->execute('SELECT `courses`.`id` as `id`, `courses`.`title` as `title`, `courses`.`description` as `description`, `enrollments`.`enrollment_date` as `enrollment_date`
FROM `enrollments`
INNER JOIN `courses` ON `courses`.`id` = `enrollments`.`course_id`
WHERE `enrollments`.`user_id` = 11
ORDER BY `courses`.`title` ASC')
 2 SYSTEMPATH\Database\BaseConnection.php(646): CodeIgniter\Database\BaseConnection->simpleQuery('SELECT `courses`.`id` as `id`, `courses`.`title` as `title`, `courses`.`description` as `description`, `enrollments`.`enrollment_date` as `enrollment_date`
FROM `enrollments`
INNER JOIN `courses` ON `courses`.`id` = `enrollments`.`course_id`
WHERE `enrollments`.`user_id` = 11
ORDER BY `courses`.`title` ASC')
 3 SYSTEMPATH\Database\BaseBuilder.php(1649): CodeIgniter\Database\BaseConnection->query('SELECT `courses`.`id` as `id`, `courses`.`title` as `title`, `courses`.`description` as `description`, `enrollments`.`enrollment_date` as `enrollment_date`
FROM `enrollments`
INNER JOIN `courses` ON `courses`.`id` = `enrollments`.`course_id`
WHERE `enrollments`.`user_id` = :enrollments.user_id:
ORDER BY `courses`.`title` ASC', [...], false)
 4 SYSTEMPATH\Model.php(286): CodeIgniter\Database\BaseBuilder->get()
 5 SYSTEMPATH\BaseModel.php(677): CodeIgniter\Model->doFindAll(0, 0)
 6 APPPATH\Models\EnrollmentModel.php(54): CodeIgniter\BaseModel->findAll()
 7 APPPATH\Controllers\Student\Enrollments.php(27): App\Models\EnrollmentModel->getUserEnrollments(11)
 8 SYSTEMPATH\CodeIgniter.php(933): App\Controllers\Student\Enrollments->index()
 9 SYSTEMPATH\CodeIgniter.php(507): CodeIgniter\CodeIgniter->runController(Object(App\Controllers\Student\Enrollments))
10 SYSTEMPATH\CodeIgniter.php(354): CodeIgniter\CodeIgniter->handleRequest(null, Object(Config\Cache), false)
11 SYSTEMPATH\Boot.php(363): CodeIgniter\CodeIgniter->run()
12 SYSTEMPATH\Boot.php(68): CodeIgniter\Boot::runCodeIgniter(Object(CodeIgniter\CodeIgniter))
13 FCPATH\index.php(59): CodeIgniter\Boot::bootWeb(Object(Config\Paths))
14 SYSTEMPATH\rewrite.php(44): require_once('C:\\xampp\\htdocs\\ITE311-CASTILLO\\public\\index.php')
CRITICAL - 2025-10-10 11:52:53 --> [Caused by] mysqli_sql_exception: Unknown column 'enrollments.enrollment_date' in 'field list'
in SYSTEMPATH\Database\MySQLi\Connection.php on line 327.
 1 SYSTEMPATH\Database\MySQLi\Connection.php(327): mysqli->query('SELECT `courses`.`id` as `id`, `courses`.`title` as `title`, `courses`.`description` as `description`, `enrollments`.`enrollment_date` as `enrollment_date`
FROM `enrollments`
INNER JOIN `courses` ON `courses`.`id` = `enrollments`.`course_id`
WHERE `enrollments`.`user_id` = 11
ORDER BY `courses`.`title` ASC', 0)
 2 SYSTEMPATH\Database\BaseConnection.php(729): CodeIgniter\Database\MySQLi\Connection->execute('SELECT `courses`.`id` as `id`, `courses`.`title` as `title`, `courses`.`description` as `description`, `enrollments`.`enrollment_date` as `enrollment_date`
FROM `enrollments`
INNER JOIN `courses` ON `courses`.`id` = `enrollments`.`course_id`
WHERE `enrollments`.`user_id` = 11
ORDER BY `courses`.`title` ASC')
 3 SYSTEMPATH\Database\BaseConnection.php(646): CodeIgniter\Database\BaseConnection->simpleQuery('SELECT `courses`.`id` as `id`, `courses`.`title` as `title`, `courses`.`description` as `description`, `enrollments`.`enrollment_date` as `enrollment_date`
FROM `enrollments`
INNER JOIN `courses` ON `courses`.`id` = `enrollments`.`course_id`
WHERE `enrollments`.`user_id` = 11
ORDER BY `courses`.`title` ASC')
 4 SYSTEMPATH\Database\BaseBuilder.php(1649): CodeIgniter\Database\BaseConnection->query('SELECT `courses`.`id` as `id`, `courses`.`title` as `title`, `courses`.`description` as `description`, `enrollments`.`enrollment_date` as `enrollment_date`
FROM `enrollments`
INNER JOIN `courses` ON `courses`.`id` = `enrollments`.`course_id`
WHERE `enrollments`.`user_id` = :enrollments.user_id:
ORDER BY `courses`.`title` ASC', [...], false)
 5 SYSTEMPATH\Model.php(286): CodeIgniter\Database\BaseBuilder->get()
 6 SYSTEMPATH\BaseModel.php(677): CodeIgniter\Model->doFindAll(0, 0)
 7 APPPATH\Models\EnrollmentModel.php(54): CodeIgniter\BaseModel->findAll()
 8 APPPATH\Controllers\Student\Enrollments.php(27): App\Models\EnrollmentModel->getUserEnrollments(11)
 9 SYSTEMPATH\CodeIgniter.php(933): App\Controllers\Student\Enrollments->index()
10 SYSTEMPATH\CodeIgniter.php(507): CodeIgniter\CodeIgniter->runController(Object(App\Controllers\Student\Enrollments))
11 SYSTEMPATH\CodeIgniter.php(354): CodeIgniter\CodeIgniter->handleRequest(null, Object(Config\Cache), false)
12 SYSTEMPATH\Boot.php(363): CodeIgniter\CodeIgniter->run()
13 SYSTEMPATH\Boot.php(68): CodeIgniter\Boot::runCodeIgniter(Object(CodeIgniter\CodeIgniter))
14 FCPATH\index.php(59): CodeIgniter\Boot::bootWeb(Object(Config\Paths))
15 SYSTEMPATH\rewrite.php(44): require_once('C:\\xampp\\htdocs\\ITE311-CASTILLO\\public\\index.php')
ERROR - 2025-10-10 11:53:06 --> mysqli_sql_exception: Unknown column 'enrollments.enrollment_date' in 'field list' in C:\xampp\htdocs\ITE311-CASTILLO\system\Database\MySQLi\Connection.php:327
Stack trace:
#0 C:\xampp\htdocs\ITE311-CASTILLO\system\Database\MySQLi\Connection.php(327): mysqli->query('SELECT `courses...', 0)
#1 C:\xampp\htdocs\ITE311-CASTILLO\system\Database\BaseConnection.php(729): CodeIgniter\Database\MySQLi\Connection->execute('SELECT `courses...')
#2 C:\xampp\htdocs\ITE311-CASTILLO\system\Database\BaseConnection.php(646): CodeIgniter\Database\BaseConnection->simpleQuery('SELECT `courses...')
#3 C:\xampp\htdocs\ITE311-CASTILLO\system\Database\BaseBuilder.php(1649): CodeIgniter\Database\BaseConnection->query('SELECT `courses...', Array, false)
#4 C:\xampp\htdocs\ITE311-CASTILLO\system\Model.php(286): CodeIgniter\Database\BaseBuilder->get()
#5 C:\xampp\htdocs\ITE311-CASTILLO\system\BaseModel.php(677): CodeIgniter\Model->doFindAll(0, 0)
#6 C:\xampp\htdocs\ITE311-CASTILLO\app\Models\EnrollmentModel.php(54): CodeIgniter\BaseModel->findAll()
#7 C:\xampp\htdocs\ITE311-CASTILLO\app\Controllers\Student\Enrollments.php(27): App\Models\EnrollmentModel->getUserEnrollments(11)
#8 C:\xampp\htdocs\ITE311-CASTILLO\system\CodeIgniter.php(933): App\Controllers\Student\Enrollments->index()
#9 C:\xampp\htdocs\ITE311-CASTILLO\system\CodeIgniter.php(507): CodeIgniter\CodeIgniter->runController(Object(App\Controllers\Student\Enrollments))
#10 C:\xampp\htdocs\ITE311-CASTILLO\system\CodeIgniter.php(354): CodeIgniter\CodeIgniter->handleRequest(NULL, Object(Config\Cache), false)
#11 C:\xampp\htdocs\ITE311-CASTILLO\system\Boot.php(363): CodeIgniter\CodeIgniter->run()
#12 C:\xampp\htdocs\ITE311-CASTILLO\system\Boot.php(68): CodeIgniter\Boot::runCodeIgniter(Object(CodeIgniter\CodeIgniter))
#13 C:\xampp\htdocs\ITE311-CASTILLO\public\index.php(59): CodeIgniter\Boot::bootWeb(Object(Config\Paths))
#14 C:\xampp\htdocs\ITE311-CASTILLO\system\rewrite.php(44): require_once('C:\\xampp\\htdocs...')
#15 {main}
CRITICAL - 2025-10-10 11:53:06 --> CodeIgniter\Database\Exceptions\DatabaseException: Unknown column 'enrollments.enrollment_date' in 'field list'
[Method: GET, Route: student/enrollments]
in SYSTEMPATH\Database\BaseConnection.php on line 684.
 1 SYSTEMPATH\Database\BaseBuilder.php(1649): CodeIgniter\Database\BaseConnection->query('SELECT `courses`.`id` as `id`, `courses`.`title` as `title`, `courses`.`description` as `description`, `enrollments`.`enrollment_date` as `enrollment_date`
FROM `enrollments`
INNER JOIN `courses` ON `courses`.`id` = `enrollments`.`course_id`
WHERE `enrollments`.`user_id` = :enrollments.user_id:
ORDER BY `courses`.`title` ASC', [...], false)
 2 SYSTEMPATH\Model.php(286): CodeIgniter\Database\BaseBuilder->get()
 3 SYSTEMPATH\BaseModel.php(677): CodeIgniter\Model->doFindAll(0, 0)
 4 APPPATH\Models\EnrollmentModel.php(54): CodeIgniter\BaseModel->findAll()
 5 APPPATH\Controllers\Student\Enrollments.php(27): App\Models\EnrollmentModel->getUserEnrollments(11)
 6 SYSTEMPATH\CodeIgniter.php(933): App\Controllers\Student\Enrollments->index()
 7 SYSTEMPATH\CodeIgniter.php(507): CodeIgniter\CodeIgniter->runController(Object(App\Controllers\Student\Enrollments))
 8 SYSTEMPATH\CodeIgniter.php(354): CodeIgniter\CodeIgniter->handleRequest(null, Object(Config\Cache), false)
 9 SYSTEMPATH\Boot.php(363): CodeIgniter\CodeIgniter->run()
10 SYSTEMPATH\Boot.php(68): CodeIgniter\Boot::runCodeIgniter(Object(CodeIgniter\CodeIgniter))
11 FCPATH\index.php(59): CodeIgniter\Boot::bootWeb(Object(Config\Paths))
12 SYSTEMPATH\rewrite.php(44): require_once('C:\\xampp\\htdocs\\ITE311-CASTILLO\\public\\index.php')
CRITICAL - 2025-10-10 11:53:06 --> [Caused by] CodeIgniter\Database\Exceptions\DatabaseException: Unknown column 'enrollments.enrollment_date' in 'field list'
in SYSTEMPATH\Database\MySQLi\Connection.php on line 332.
 1 SYSTEMPATH\Database\BaseConnection.php(729): CodeIgniter\Database\MySQLi\Connection->execute('SELECT `courses`.`id` as `id`, `courses`.`title` as `title`, `courses`.`description` as `description`, `enrollments`.`enrollment_date` as `enrollment_date`
FROM `enrollments`
INNER JOIN `courses` ON `courses`.`id` = `enrollments`.`course_id`
WHERE `enrollments`.`user_id` = 11
ORDER BY `courses`.`title` ASC')
 2 SYSTEMPATH\Database\BaseConnection.php(646): CodeIgniter\Database\BaseConnection->simpleQuery('SELECT `courses`.`id` as `id`, `courses`.`title` as `title`, `courses`.`description` as `description`, `enrollments`.`enrollment_date` as `enrollment_date`
FROM `enrollments`
INNER JOIN `courses` ON `courses`.`id` = `enrollments`.`course_id`
WHERE `enrollments`.`user_id` = 11
ORDER BY `courses`.`title` ASC')
 3 SYSTEMPATH\Database\BaseBuilder.php(1649): CodeIgniter\Database\BaseConnection->query('SELECT `courses`.`id` as `id`, `courses`.`title` as `title`, `courses`.`description` as `description`, `enrollments`.`enrollment_date` as `enrollment_date`
FROM `enrollments`
INNER JOIN `courses` ON `courses`.`id` = `enrollments`.`course_id`
WHERE `enrollments`.`user_id` = :enrollments.user_id:
ORDER BY `courses`.`title` ASC', [...], false)
 4 SYSTEMPATH\Model.php(286): CodeIgniter\Database\BaseBuilder->get()
 5 SYSTEMPATH\BaseModel.php(677): CodeIgniter\Model->doFindAll(0, 0)
 6 APPPATH\Models\EnrollmentModel.php(54): CodeIgniter\BaseModel->findAll()
 7 APPPATH\Controllers\Student\Enrollments.php(27): App\Models\EnrollmentModel->getUserEnrollments(11)
 8 SYSTEMPATH\CodeIgniter.php(933): App\Controllers\Student\Enrollments->index()
 9 SYSTEMPATH\CodeIgniter.php(507): CodeIgniter\CodeIgniter->runController(Object(App\Controllers\Student\Enrollments))
10 SYSTEMPATH\CodeIgniter.php(354): CodeIgniter\CodeIgniter->handleRequest(null, Object(Config\Cache), false)
11 SYSTEMPATH\Boot.php(363): CodeIgniter\CodeIgniter->run()
12 SYSTEMPATH\Boot.php(68): CodeIgniter\Boot::runCodeIgniter(Object(CodeIgniter\CodeIgniter))
13 FCPATH\index.php(59): CodeIgniter\Boot::bootWeb(Object(Config\Paths))
14 SYSTEMPATH\rewrite.php(44): require_once('C:\\xampp\\htdocs\\ITE311-CASTILLO\\public\\index.php')
CRITICAL - 2025-10-10 11:53:06 --> [Caused by] mysqli_sql_exception: Unknown column 'enrollments.enrollment_date' in 'field list'
in SYSTEMPATH\Database\MySQLi\Connection.php on line 327.
 1 SYSTEMPATH\Database\MySQLi\Connection.php(327): mysqli->query('SELECT `courses`.`id` as `id`, `courses`.`title` as `title`, `courses`.`description` as `description`, `enrollments`.`enrollment_date` as `enrollment_date`
FROM `enrollments`
INNER JOIN `courses` ON `courses`.`id` = `enrollments`.`course_id`
WHERE `enrollments`.`user_id` = 11
ORDER BY `courses`.`title` ASC', 0)
 2 SYSTEMPATH\Database\BaseConnection.php(729): CodeIgniter\Database\MySQLi\Connection->execute('SELECT `courses`.`id` as `id`, `courses`.`title` as `title`, `courses`.`description` as `description`, `enrollments`.`enrollment_date` as `enrollment_date`
FROM `enrollments`
INNER JOIN `courses` ON `courses`.`id` = `enrollments`.`course_id`
WHERE `enrollments`.`user_id` = 11
ORDER BY `courses`.`title` ASC')
 3 SYSTEMPATH\Database\BaseConnection.php(646): CodeIgniter\Database\BaseConnection->simpleQuery('SELECT `courses`.`id` as `id`, `courses`.`title` as `title`, `courses`.`description` as `description`, `enrollments`.`enrollment_date` as `enrollment_date`
FROM `enrollments`
INNER JOIN `courses` ON `courses`.`id` = `enrollments`.`course_id`
WHERE `enrollments`.`user_id` = 11
ORDER BY `courses`.`title` ASC')
 4 SYSTEMPATH\Database\BaseBuilder.php(1649): CodeIgniter\Database\BaseConnection->query('SELECT `courses`.`id` as `id`, `courses`.`title` as `title`, `courses`.`description` as `description`, `enrollments`.`enrollment_date` as `enrollment_date`
FROM `enrollments`
INNER JOIN `courses` ON `courses`.`id` = `enrollments`.`course_id`
WHERE `enrollments`.`user_id` = :enrollments.user_id:
ORDER BY `courses`.`title` ASC', [...], false)
 5 SYSTEMPATH\Model.php(286): CodeIgniter\Database\BaseBuilder->get()
 6 SYSTEMPATH\BaseModel.php(677): CodeIgniter\Model->doFindAll(0, 0)
 7 APPPATH\Models\EnrollmentModel.php(54): CodeIgniter\BaseModel->findAll()
 8 APPPATH\Controllers\Student\Enrollments.php(27): App\Models\EnrollmentModel->getUserEnrollments(11)
 9 SYSTEMPATH\CodeIgniter.php(933): App\Controllers\Student\Enrollments->index()
10 SYSTEMPATH\CodeIgniter.php(507): CodeIgniter\CodeIgniter->runController(Object(App\Controllers\Student\Enrollments))
11 SYSTEMPATH\CodeIgniter.php(354): CodeIgniter\CodeIgniter->handleRequest(null, Object(Config\Cache), false)
12 SYSTEMPATH\Boot.php(363): CodeIgniter\CodeIgniter->run()
13 SYSTEMPATH\Boot.php(68): CodeIgniter\Boot::runCodeIgniter(Object(CodeIgniter\CodeIgniter))
14 FCPATH\index.php(59): CodeIgniter\Boot::bootWeb(Object(Config\Paths))
15 SYSTEMPATH\rewrite.php(44): require_once('C:\\xampp\\htdocs\\ITE311-CASTILLO\\public\\index.php')
ERROR - 2025-10-10 12:02:45 --> mysqli_sql_exception: Unknown column 'enrollments.enrollment_date' in 'field list' in C:\xampp\htdocs\ITE311-CASTILLO\system\Database\MySQLi\Connection.php:327
Stack trace:
#0 C:\xampp\htdocs\ITE311-CASTILLO\system\Database\MySQLi\Connection.php(327): mysqli->query('SELECT `courses...', 0)
#1 C:\xampp\htdocs\ITE311-CASTILLO\system\Database\BaseConnection.php(729): CodeIgniter\Database\MySQLi\Connection->execute('SELECT `courses...')
#2 C:\xampp\htdocs\ITE311-CASTILLO\system\Database\BaseConnection.php(646): CodeIgniter\Database\BaseConnection->simpleQuery('SELECT `courses...')
#3 C:\xampp\htdocs\ITE311-CASTILLO\system\Database\BaseBuilder.php(1649): CodeIgniter\Database\BaseConnection->query('SELECT `courses...', Array, false)
#4 C:\xampp\htdocs\ITE311-CASTILLO\system\Model.php(286): CodeIgniter\Database\BaseBuilder->get()
#5 C:\xampp\htdocs\ITE311-CASTILLO\system\BaseModel.php(677): CodeIgniter\Model->doFindAll(0, 0)
#6 C:\xampp\htdocs\ITE311-CASTILLO\app\Models\EnrollmentModel.php(54): CodeIgniter\BaseModel->findAll()
#7 C:\xampp\htdocs\ITE311-CASTILLO\app\Controllers\Student\Enrollments.php(27): App\Models\EnrollmentModel->getUserEnrollments(11)
#8 C:\xampp\htdocs\ITE311-CASTILLO\system\CodeIgniter.php(933): App\Controllers\Student\Enrollments->index()
#9 C:\xampp\htdocs\ITE311-CASTILLO\system\CodeIgniter.php(507): CodeIgniter\CodeIgniter->runController(Object(App\Controllers\Student\Enrollments))
#10 C:\xampp\htdocs\ITE311-CASTILLO\system\CodeIgniter.php(354): CodeIgniter\CodeIgniter->handleRequest(NULL, Object(Config\Cache), false)
#11 C:\xampp\htdocs\ITE311-CASTILLO\system\Boot.php(363): CodeIgniter\CodeIgniter->run()
#12 C:\xampp\htdocs\ITE311-CASTILLO\system\Boot.php(68): CodeIgniter\Boot::runCodeIgniter(Object(CodeIgniter\CodeIgniter))
#13 C:\xampp\htdocs\ITE311-CASTILLO\public\index.php(59): CodeIgniter\Boot::bootWeb(Object(Config\Paths))
#14 C:\xampp\htdocs\ITE311-CASTILLO\system\rewrite.php(44): require_once('C:\\xampp\\htdocs...')
#15 {main}
CRITICAL - 2025-10-10 12:02:45 --> CodeIgniter\Database\Exceptions\DatabaseException: Unknown column 'enrollments.enrollment_date' in 'field list'
[Method: GET, Route: student/enrollments]
in SYSTEMPATH\Database\BaseConnection.php on line 684.
 1 SYSTEMPATH\Database\BaseBuilder.php(1649): CodeIgniter\Database\BaseConnection->query('SELECT `courses`.`id` as `id`, `courses`.`title` as `title`, `courses`.`description` as `description`, `enrollments`.`enrollment_date` as `enrollment_date`
FROM `enrollments`
INNER JOIN `courses` ON `courses`.`id` = `enrollments`.`course_id`
WHERE `enrollments`.`user_id` = :enrollments.user_id:
ORDER BY `courses`.`title` ASC', [...], false)
 2 SYSTEMPATH\Model.php(286): CodeIgniter\Database\BaseBuilder->get()
 3 SYSTEMPATH\BaseModel.php(677): CodeIgniter\Model->doFindAll(0, 0)
 4 APPPATH\Models\EnrollmentModel.php(54): CodeIgniter\BaseModel->findAll()
 5 APPPATH\Controllers\Student\Enrollments.php(27): App\Models\EnrollmentModel->getUserEnrollments(11)
 6 SYSTEMPATH\CodeIgniter.php(933): App\Controllers\Student\Enrollments->index()
 7 SYSTEMPATH\CodeIgniter.php(507): CodeIgniter\CodeIgniter->runController(Object(App\Controllers\Student\Enrollments))
 8 SYSTEMPATH\CodeIgniter.php(354): CodeIgniter\CodeIgniter->handleRequest(null, Object(Config\Cache), false)
 9 SYSTEMPATH\Boot.php(363): CodeIgniter\CodeIgniter->run()
10 SYSTEMPATH\Boot.php(68): CodeIgniter\Boot::runCodeIgniter(Object(CodeIgniter\CodeIgniter))
11 FCPATH\index.php(59): CodeIgniter\Boot::bootWeb(Object(Config\Paths))
12 SYSTEMPATH\rewrite.php(44): require_once('C:\\xampp\\htdocs\\ITE311-CASTILLO\\public\\index.php')
CRITICAL - 2025-10-10 12:02:45 --> [Caused by] CodeIgniter\Database\Exceptions\DatabaseException: Unknown column 'enrollments.enrollment_date' in 'field list'
in SYSTEMPATH\Database\MySQLi\Connection.php on line 332.
 1 SYSTEMPATH\Database\BaseConnection.php(729): CodeIgniter\Database\MySQLi\Connection->execute('SELECT `courses`.`id` as `id`, `courses`.`title` as `title`, `courses`.`description` as `description`, `enrollments`.`enrollment_date` as `enrollment_date`
FROM `enrollments`
INNER JOIN `courses` ON `courses`.`id` = `enrollments`.`course_id`
WHERE `enrollments`.`user_id` = 11
ORDER BY `courses`.`title` ASC')
 2 SYSTEMPATH\Database\BaseConnection.php(646): CodeIgniter\Database\BaseConnection->simpleQuery('SELECT `courses`.`id` as `id`, `courses`.`title` as `title`, `courses`.`description` as `description`, `enrollments`.`enrollment_date` as `enrollment_date`
FROM `enrollments`
INNER JOIN `courses` ON `courses`.`id` = `enrollments`.`course_id`
WHERE `enrollments`.`user_id` = 11
ORDER BY `courses`.`title` ASC')
 3 SYSTEMPATH\Database\BaseBuilder.php(1649): CodeIgniter\Database\BaseConnection->query('SELECT `courses`.`id` as `id`, `courses`.`title` as `title`, `courses`.`description` as `description`, `enrollments`.`enrollment_date` as `enrollment_date`
FROM `enrollments`
INNER JOIN `courses` ON `courses`.`id` = `enrollments`.`course_id`
WHERE `enrollments`.`user_id` = :enrollments.user_id:
ORDER BY `courses`.`title` ASC', [...], false)
 4 SYSTEMPATH\Model.php(286): CodeIgniter\Database\BaseBuilder->get()
 5 SYSTEMPATH\BaseModel.php(677): CodeIgniter\Model->doFindAll(0, 0)
 6 APPPATH\Models\EnrollmentModel.php(54): CodeIgniter\BaseModel->findAll()
 7 APPPATH\Controllers\Student\Enrollments.php(27): App\Models\EnrollmentModel->getUserEnrollments(11)
 8 SYSTEMPATH\CodeIgniter.php(933): App\Controllers\Student\Enrollments->index()
 9 SYSTEMPATH\CodeIgniter.php(507): CodeIgniter\CodeIgniter->runController(Object(App\Controllers\Student\Enrollments))
10 SYSTEMPATH\CodeIgniter.php(354): CodeIgniter\CodeIgniter->handleRequest(null, Object(Config\Cache), false)
11 SYSTEMPATH\Boot.php(363): CodeIgniter\CodeIgniter->run()
12 SYSTEMPATH\Boot.php(68): CodeIgniter\Boot::runCodeIgniter(Object(CodeIgniter\CodeIgniter))
13 FCPATH\index.php(59): CodeIgniter\Boot::bootWeb(Object(Config\Paths))
14 SYSTEMPATH\rewrite.php(44): require_once('C:\\xampp\\htdocs\\ITE311-CASTILLO\\public\\index.php')
CRITICAL - 2025-10-10 12:02:45 --> [Caused by] mysqli_sql_exception: Unknown column 'enrollments.enrollment_date' in 'field list'
in SYSTEMPATH\Database\MySQLi\Connection.php on line 327.
 1 SYSTEMPATH\Database\MySQLi\Connection.php(327): mysqli->query('SELECT `courses`.`id` as `id`, `courses`.`title` as `title`, `courses`.`description` as `description`, `enrollments`.`enrollment_date` as `enrollment_date`
FROM `enrollments`
INNER JOIN `courses` ON `courses`.`id` = `enrollments`.`course_id`
WHERE `enrollments`.`user_id` = 11
ORDER BY `courses`.`title` ASC', 0)
 2 SYSTEMPATH\Database\BaseConnection.php(729): CodeIgniter\Database\MySQLi\Connection->execute('SELECT `courses`.`id` as `id`, `courses`.`title` as `title`, `courses`.`description` as `description`, `enrollments`.`enrollment_date` as `enrollment_date`
FROM `enrollments`
INNER JOIN `courses` ON `courses`.`id` = `enrollments`.`course_id`
WHERE `enrollments`.`user_id` = 11
ORDER BY `courses`.`title` ASC')
 3 SYSTEMPATH\Database\BaseConnection.php(646): CodeIgniter\Database\BaseConnection->simpleQuery('SELECT `courses`.`id` as `id`, `courses`.`title` as `title`, `courses`.`description` as `description`, `enrollments`.`enrollment_date` as `enrollment_date`
FROM `enrollments`
INNER JOIN `courses` ON `courses`.`id` = `enrollments`.`course_id`
WHERE `enrollments`.`user_id` = 11
ORDER BY `courses`.`title` ASC')
 4 SYSTEMPATH\Database\BaseBuilder.php(1649): CodeIgniter\Database\BaseConnection->query('SELECT `courses`.`id` as `id`, `courses`.`title` as `title`, `courses`.`description` as `description`, `enrollments`.`enrollment_date` as `enrollment_date`
FROM `enrollments`
INNER JOIN `courses` ON `courses`.`id` = `enrollments`.`course_id`
WHERE `enrollments`.`user_id` = :enrollments.user_id:
ORDER BY `courses`.`title` ASC', [...], false)
 5 SYSTEMPATH\Model.php(286): CodeIgniter\Database\BaseBuilder->get()
 6 SYSTEMPATH\BaseModel.php(677): CodeIgniter\Model->doFindAll(0, 0)
 7 APPPATH\Models\EnrollmentModel.php(54): CodeIgniter\BaseModel->findAll()
 8 APPPATH\Controllers\Student\Enrollments.php(27): App\Models\EnrollmentModel->getUserEnrollments(11)
 9 SYSTEMPATH\CodeIgniter.php(933): App\Controllers\Student\Enrollments->index()
10 SYSTEMPATH\CodeIgniter.php(507): CodeIgniter\CodeIgniter->runController(Object(App\Controllers\Student\Enrollments))
11 SYSTEMPATH\CodeIgniter.php(354): CodeIgniter\CodeIgniter->handleRequest(null, Object(Config\Cache), false)
12 SYSTEMPATH\Boot.php(363): CodeIgniter\CodeIgniter->run()
13 SYSTEMPATH\Boot.php(68): CodeIgniter\Boot::runCodeIgniter(Object(CodeIgniter\CodeIgniter))
14 FCPATH\index.php(59): CodeIgniter\Boot::bootWeb(Object(Config\Paths))
15 SYSTEMPATH\rewrite.php(44): require_once('C:\\xampp\\htdocs\\ITE311-CASTILLO\\public\\index.php')
ERROR - 2025-10-10 12:07:25 --> mysqli_sql_exception: Unknown column 'enrollments.enrollment_date' in 'field list' in C:\xampp\htdocs\ITE311-CASTILLO\system\Database\MySQLi\Connection.php:327
Stack trace:
#0 C:\xampp\htdocs\ITE311-CASTILLO\system\Database\MySQLi\Connection.php(327): mysqli->query('SELECT `courses...', 0)
#1 C:\xampp\htdocs\ITE311-CASTILLO\system\Database\BaseConnection.php(729): CodeIgniter\Database\MySQLi\Connection->execute('SELECT `courses...')
#2 C:\xampp\htdocs\ITE311-CASTILLO\system\Database\BaseConnection.php(646): CodeIgniter\Database\BaseConnection->simpleQuery('SELECT `courses...')
#3 C:\xampp\htdocs\ITE311-CASTILLO\system\Database\BaseBuilder.php(1649): CodeIgniter\Database\BaseConnection->query('SELECT `courses...', Array, false)
#4 C:\xampp\htdocs\ITE311-CASTILLO\system\Model.php(286): CodeIgniter\Database\BaseBuilder->get()
#5 C:\xampp\htdocs\ITE311-CASTILLO\system\BaseModel.php(677): CodeIgniter\Model->doFindAll(0, 0)
#6 C:\xampp\htdocs\ITE311-CASTILLO\app\Models\EnrollmentModel.php(54): CodeIgniter\BaseModel->findAll()
#7 C:\xampp\htdocs\ITE311-CASTILLO\app\Controllers\Student\Enrollments.php(27): App\Models\EnrollmentModel->getUserEnrollments(11)
#8 C:\xampp\htdocs\ITE311-CASTILLO\system\CodeIgniter.php(933): App\Controllers\Student\Enrollments->index()
#9 C:\xampp\htdocs\ITE311-CASTILLO\system\CodeIgniter.php(507): CodeIgniter\CodeIgniter->runController(Object(App\Controllers\Student\Enrollments))
#10 C:\xampp\htdocs\ITE311-CASTILLO\system\CodeIgniter.php(354): CodeIgniter\CodeIgniter->handleRequest(NULL, Object(Config\Cache), false)
#11 C:\xampp\htdocs\ITE311-CASTILLO\system\Boot.php(363): CodeIgniter\CodeIgniter->run()
#12 C:\xampp\htdocs\ITE311-CASTILLO\system\Boot.php(68): CodeIgniter\Boot::runCodeIgniter(Object(CodeIgniter\CodeIgniter))
#13 C:\xampp\htdocs\ITE311-CASTILLO\public\index.php(59): CodeIgniter\Boot::bootWeb(Object(Config\Paths))
#14 C:\xampp\htdocs\ITE311-CASTILLO\system\rewrite.php(44): require_once('C:\\xampp\\htdocs...')
#15 {main}
CRITICAL - 2025-10-10 12:07:25 --> CodeIgniter\Database\Exceptions\DatabaseException: Unknown column 'enrollments.enrollment_date' in 'field list'
[Method: GET, Route: student/enrollments]
in SYSTEMPATH\Database\BaseConnection.php on line 684.
 1 SYSTEMPATH\Database\BaseBuilder.php(1649): CodeIgniter\Database\BaseConnection->query('SELECT `courses`.`id` as `id`, `courses`.`title` as `title`, `courses`.`description` as `description`, `enrollments`.`enrollment_date` as `enrollment_date`
FROM `enrollments`
INNER JOIN `courses` ON `courses`.`id` = `enrollments`.`course_id`
WHERE `enrollments`.`user_id` = :enrollments.user_id:
ORDER BY `courses`.`title` ASC', [...], false)
 2 SYSTEMPATH\Model.php(286): CodeIgniter\Database\BaseBuilder->get()
 3 SYSTEMPATH\BaseModel.php(677): CodeIgniter\Model->doFindAll(0, 0)
 4 APPPATH\Models\EnrollmentModel.php(54): CodeIgniter\BaseModel->findAll()
 5 APPPATH\Controllers\Student\Enrollments.php(27): App\Models\EnrollmentModel->getUserEnrollments(11)
 6 SYSTEMPATH\CodeIgniter.php(933): App\Controllers\Student\Enrollments->index()
 7 SYSTEMPATH\CodeIgniter.php(507): CodeIgniter\CodeIgniter->runController(Object(App\Controllers\Student\Enrollments))
 8 SYSTEMPATH\CodeIgniter.php(354): CodeIgniter\CodeIgniter->handleRequest(null, Object(Config\Cache), false)
 9 SYSTEMPATH\Boot.php(363): CodeIgniter\CodeIgniter->run()
10 SYSTEMPATH\Boot.php(68): CodeIgniter\Boot::runCodeIgniter(Object(CodeIgniter\CodeIgniter))
11 FCPATH\index.php(59): CodeIgniter\Boot::bootWeb(Object(Config\Paths))
12 SYSTEMPATH\rewrite.php(44): require_once('C:\\xampp\\htdocs\\ITE311-CASTILLO\\public\\index.php')
CRITICAL - 2025-10-10 12:07:25 --> [Caused by] CodeIgniter\Database\Exceptions\DatabaseException: Unknown column 'enrollments.enrollment_date' in 'field list'
in SYSTEMPATH\Database\MySQLi\Connection.php on line 332.
 1 SYSTEMPATH\Database\BaseConnection.php(729): CodeIgniter\Database\MySQLi\Connection->execute('SELECT `courses`.`id` as `id`, `courses`.`title` as `title`, `courses`.`description` as `description`, `enrollments`.`enrollment_date` as `enrollment_date`
FROM `enrollments`
INNER JOIN `courses` ON `courses`.`id` = `enrollments`.`course_id`
WHERE `enrollments`.`user_id` = 11
ORDER BY `courses`.`title` ASC')
 2 SYSTEMPATH\Database\BaseConnection.php(646): CodeIgniter\Database\BaseConnection->simpleQuery('SELECT `courses`.`id` as `id`, `courses`.`title` as `title`, `courses`.`description` as `description`, `enrollments`.`enrollment_date` as `enrollment_date`
FROM `enrollments`
INNER JOIN `courses` ON `courses`.`id` = `enrollments`.`course_id`
WHERE `enrollments`.`user_id` = 11
ORDER BY `courses`.`title` ASC')
 3 SYSTEMPATH\Database\BaseBuilder.php(1649): CodeIgniter\Database\BaseConnection->query('SELECT `courses`.`id` as `id`, `courses`.`title` as `title`, `courses`.`description` as `description`, `enrollments`.`enrollment_date` as `enrollment_date`
FROM `enrollments`
INNER JOIN `courses` ON `courses`.`id` = `enrollments`.`course_id`
WHERE `enrollments`.`user_id` = :enrollments.user_id:
ORDER BY `courses`.`title` ASC', [...], false)
 4 SYSTEMPATH\Model.php(286): CodeIgniter\Database\BaseBuilder->get()
 5 SYSTEMPATH\BaseModel.php(677): CodeIgniter\Model->doFindAll(0, 0)
 6 APPPATH\Models\EnrollmentModel.php(54): CodeIgniter\BaseModel->findAll()
 7 APPPATH\Controllers\Student\Enrollments.php(27): App\Models\EnrollmentModel->getUserEnrollments(11)
 8 SYSTEMPATH\CodeIgniter.php(933): App\Controllers\Student\Enrollments->index()
 9 SYSTEMPATH\CodeIgniter.php(507): CodeIgniter\CodeIgniter->runController(Object(App\Controllers\Student\Enrollments))
10 SYSTEMPATH\CodeIgniter.php(354): CodeIgniter\CodeIgniter->handleRequest(null, Object(Config\Cache), false)
11 SYSTEMPATH\Boot.php(363): CodeIgniter\CodeIgniter->run()
12 SYSTEMPATH\Boot.php(68): CodeIgniter\Boot::runCodeIgniter(Object(CodeIgniter\CodeIgniter))
13 FCPATH\index.php(59): CodeIgniter\Boot::bootWeb(Object(Config\Paths))
14 SYSTEMPATH\rewrite.php(44): require_once('C:\\xampp\\htdocs\\ITE311-CASTILLO\\public\\index.php')
CRITICAL - 2025-10-10 12:07:25 --> [Caused by] mysqli_sql_exception: Unknown column 'enrollments.enrollment_date' in 'field list'
in SYSTEMPATH\Database\MySQLi\Connection.php on line 327.
 1 SYSTEMPATH\Database\MySQLi\Connection.php(327): mysqli->query('SELECT `courses`.`id` as `id`, `courses`.`title` as `title`, `courses`.`description` as `description`, `enrollments`.`enrollment_date` as `enrollment_date`
FROM `enrollments`
INNER JOIN `courses` ON `courses`.`id` = `enrollments`.`course_id`
WHERE `enrollments`.`user_id` = 11
ORDER BY `courses`.`title` ASC', 0)
 2 SYSTEMPATH\Database\BaseConnection.php(729): CodeIgniter\Database\MySQLi\Connection->execute('SELECT `courses`.`id` as `id`, `courses`.`title` as `title`, `courses`.`description` as `description`, `enrollments`.`enrollment_date` as `enrollment_date`
FROM `enrollments`
INNER JOIN `courses` ON `courses`.`id` = `enrollments`.`course_id`
WHERE `enrollments`.`user_id` = 11
ORDER BY `courses`.`title` ASC')
 3 SYSTEMPATH\Database\BaseConnection.php(646): CodeIgniter\Database\BaseConnection->simpleQuery('SELECT `courses`.`id` as `id`, `courses`.`title` as `title`, `courses`.`description` as `description`, `enrollments`.`enrollment_date` as `enrollment_date`
FROM `enrollments`
INNER JOIN `courses` ON `courses`.`id` = `enrollments`.`course_id`
WHERE `enrollments`.`user_id` = 11
ORDER BY `courses`.`title` ASC')
 4 SYSTEMPATH\Database\BaseBuilder.php(1649): CodeIgniter\Database\BaseConnection->query('SELECT `courses`.`id` as `id`, `courses`.`title` as `title`, `courses`.`description` as `description`, `enrollments`.`enrollment_date` as `enrollment_date`
FROM `enrollments`
INNER JOIN `courses` ON `courses`.`id` = `enrollments`.`course_id`
WHERE `enrollments`.`user_id` = :enrollments.user_id:
ORDER BY `courses`.`title` ASC', [...], false)
 5 SYSTEMPATH\Model.php(286): CodeIgniter\Database\BaseBuilder->get()
 6 SYSTEMPATH\BaseModel.php(677): CodeIgniter\Model->doFindAll(0, 0)
 7 APPPATH\Models\EnrollmentModel.php(54): CodeIgniter\BaseModel->findAll()
 8 APPPATH\Controllers\Student\Enrollments.php(27): App\Models\EnrollmentModel->getUserEnrollments(11)
 9 SYSTEMPATH\CodeIgniter.php(933): App\Controllers\Student\Enrollments->index()
10 SYSTEMPATH\CodeIgniter.php(507): CodeIgniter\CodeIgniter->runController(Object(App\Controllers\Student\Enrollments))
11 SYSTEMPATH\CodeIgniter.php(354): CodeIgniter\CodeIgniter->handleRequest(null, Object(Config\Cache), false)
12 SYSTEMPATH\Boot.php(363): CodeIgniter\CodeIgniter->run()
13 SYSTEMPATH\Boot.php(68): CodeIgniter\Boot::runCodeIgniter(Object(CodeIgniter\CodeIgniter))
14 FCPATH\index.php(59): CodeIgniter\Boot::bootWeb(Object(Config\Paths))
15 SYSTEMPATH\rewrite.php(44): require_once('C:\\xampp\\htdocs\\ITE311-CASTILLO\\public\\index.php')
ERROR - 2025-10-10 12:20:52 --> mysqli_sql_exception: Unknown column 'enrollments.enrollment_date' in 'field list' in C:\xampp\htdocs\ITE311-CASTILLO\system\Database\MySQLi\Connection.php:327
Stack trace:
#0 C:\xampp\htdocs\ITE311-CASTILLO\system\Database\MySQLi\Connection.php(327): mysqli->query('SELECT `courses...', 0)
#1 C:\xampp\htdocs\ITE311-CASTILLO\system\Database\BaseConnection.php(729): CodeIgniter\Database\MySQLi\Connection->execute('SELECT `courses...')
#2 C:\xampp\htdocs\ITE311-CASTILLO\system\Database\BaseConnection.php(646): CodeIgniter\Database\BaseConnection->simpleQuery('SELECT `courses...')
#3 C:\xampp\htdocs\ITE311-CASTILLO\system\Database\BaseBuilder.php(1649): CodeIgniter\Database\BaseConnection->query('SELECT `courses...', Array, false)
#4 C:\xampp\htdocs\ITE311-CASTILLO\system\Model.php(286): CodeIgniter\Database\BaseBuilder->get()
#5 C:\xampp\htdocs\ITE311-CASTILLO\system\BaseModel.php(677): CodeIgniter\Model->doFindAll(0, 0)
#6 C:\xampp\htdocs\ITE311-CASTILLO\app\Models\EnrollmentModel.php(54): CodeIgniter\BaseModel->findAll()
#7 C:\xampp\htdocs\ITE311-CASTILLO\app\Controllers\Student\Enrollments.php(27): App\Models\EnrollmentModel->getUserEnrollments(11)
#8 C:\xampp\htdocs\ITE311-CASTILLO\system\CodeIgniter.php(933): App\Controllers\Student\Enrollments->index()
#9 C:\xampp\htdocs\ITE311-CASTILLO\system\CodeIgniter.php(507): CodeIgniter\CodeIgniter->runController(Object(App\Controllers\Student\Enrollments))
#10 C:\xampp\htdocs\ITE311-CASTILLO\system\CodeIgniter.php(354): CodeIgniter\CodeIgniter->handleRequest(NULL, Object(Config\Cache), false)
#11 C:\xampp\htdocs\ITE311-CASTILLO\system\Boot.php(363): CodeIgniter\CodeIgniter->run()
#12 C:\xampp\htdocs\ITE311-CASTILLO\system\Boot.php(68): CodeIgniter\Boot::runCodeIgniter(Object(CodeIgniter\CodeIgniter))
#13 C:\xampp\htdocs\ITE311-CASTILLO\public\index.php(59): CodeIgniter\Boot::bootWeb(Object(Config\Paths))
#14 C:\xampp\htdocs\ITE311-CASTILLO\system\rewrite.php(44): require_once('C:\\xampp\\htdocs...')
#15 {main}
CRITICAL - 2025-10-10 12:20:52 --> CodeIgniter\Database\Exceptions\DatabaseException: Unknown column 'enrollments.enrollment_date' in 'field list'
[Method: GET, Route: student/enrollments]
in SYSTEMPATH\Database\BaseConnection.php on line 684.
 1 SYSTEMPATH\Database\BaseBuilder.php(1649): CodeIgniter\Database\BaseConnection->query('SELECT `courses`.`id` as `id`, `courses`.`title` as `title`, `courses`.`description` as `description`, `enrollments`.`enrollment_date` as `enrollment_date`
FROM `enrollments`
INNER JOIN `courses` ON `courses`.`id` = `enrollments`.`course_id`
WHERE `enrollments`.`user_id` = :enrollments.user_id:
ORDER BY `courses`.`title` ASC', [...], false)
 2 SYSTEMPATH\Model.php(286): CodeIgniter\Database\BaseBuilder->get()
 3 SYSTEMPATH\BaseModel.php(677): CodeIgniter\Model->doFindAll(0, 0)
 4 APPPATH\Models\EnrollmentModel.php(54): CodeIgniter\BaseModel->findAll()
 5 APPPATH\Controllers\Student\Enrollments.php(27): App\Models\EnrollmentModel->getUserEnrollments(11)
 6 SYSTEMPATH\CodeIgniter.php(933): App\Controllers\Student\Enrollments->index()
 7 SYSTEMPATH\CodeIgniter.php(507): CodeIgniter\CodeIgniter->runController(Object(App\Controllers\Student\Enrollments))
 8 SYSTEMPATH\CodeIgniter.php(354): CodeIgniter\CodeIgniter->handleRequest(null, Object(Config\Cache), false)
 9 SYSTEMPATH\Boot.php(363): CodeIgniter\CodeIgniter->run()
10 SYSTEMPATH\Boot.php(68): CodeIgniter\Boot::runCodeIgniter(Object(CodeIgniter\CodeIgniter))
11 FCPATH\index.php(59): CodeIgniter\Boot::bootWeb(Object(Config\Paths))
12 SYSTEMPATH\rewrite.php(44): require_once('C:\\xampp\\htdocs\\ITE311-CASTILLO\\public\\index.php')
CRITICAL - 2025-10-10 12:20:52 --> [Caused by] CodeIgniter\Database\Exceptions\DatabaseException: Unknown column 'enrollments.enrollment_date' in 'field list'
in SYSTEMPATH\Database\MySQLi\Connection.php on line 332.
 1 SYSTEMPATH\Database\BaseConnection.php(729): CodeIgniter\Database\MySQLi\Connection->execute('SELECT `courses`.`id` as `id`, `courses`.`title` as `title`, `courses`.`description` as `description`, `enrollments`.`enrollment_date` as `enrollment_date`
FROM `enrollments`
INNER JOIN `courses` ON `courses`.`id` = `enrollments`.`course_id`
WHERE `enrollments`.`user_id` = 11
ORDER BY `courses`.`title` ASC')
 2 SYSTEMPATH\Database\BaseConnection.php(646): CodeIgniter\Database\BaseConnection->simpleQuery('SELECT `courses`.`id` as `id`, `courses`.`title` as `title`, `courses`.`description` as `description`, `enrollments`.`enrollment_date` as `enrollment_date`
FROM `enrollments`
INNER JOIN `courses` ON `courses`.`id` = `enrollments`.`course_id`
WHERE `enrollments`.`user_id` = 11
ORDER BY `courses`.`title` ASC')
 3 SYSTEMPATH\Database\BaseBuilder.php(1649): CodeIgniter\Database\BaseConnection->query('SELECT `courses`.`id` as `id`, `courses`.`title` as `title`, `courses`.`description` as `description`, `enrollments`.`enrollment_date` as `enrollment_date`
FROM `enrollments`
INNER JOIN `courses` ON `courses`.`id` = `enrollments`.`course_id`
WHERE `enrollments`.`user_id` = :enrollments.user_id:
ORDER BY `courses`.`title` ASC', [...], false)
 4 SYSTEMPATH\Model.php(286): CodeIgniter\Database\BaseBuilder->get()
 5 SYSTEMPATH\BaseModel.php(677): CodeIgniter\Model->doFindAll(0, 0)
 6 APPPATH\Models\EnrollmentModel.php(54): CodeIgniter\BaseModel->findAll()
 7 APPPATH\Controllers\Student\Enrollments.php(27): App\Models\EnrollmentModel->getUserEnrollments(11)
 8 SYSTEMPATH\CodeIgniter.php(933): App\Controllers\Student\Enrollments->index()
 9 SYSTEMPATH\CodeIgniter.php(507): CodeIgniter\CodeIgniter->runController(Object(App\Controllers\Student\Enrollments))
10 SYSTEMPATH\CodeIgniter.php(354): CodeIgniter\CodeIgniter->handleRequest(null, Object(Config\Cache), false)
11 SYSTEMPATH\Boot.php(363): CodeIgniter\CodeIgniter->run()
12 SYSTEMPATH\Boot.php(68): CodeIgniter\Boot::runCodeIgniter(Object(CodeIgniter\CodeIgniter))
13 FCPATH\index.php(59): CodeIgniter\Boot::bootWeb(Object(Config\Paths))
14 SYSTEMPATH\rewrite.php(44): require_once('C:\\xampp\\htdocs\\ITE311-CASTILLO\\public\\index.php')
CRITICAL - 2025-10-10 12:20:52 --> [Caused by] mysqli_sql_exception: Unknown column 'enrollments.enrollment_date' in 'field list'
in SYSTEMPATH\Database\MySQLi\Connection.php on line 327.
 1 SYSTEMPATH\Database\MySQLi\Connection.php(327): mysqli->query('SELECT `courses`.`id` as `id`, `courses`.`title` as `title`, `courses`.`description` as `description`, `enrollments`.`enrollment_date` as `enrollment_date`
FROM `enrollments`
INNER JOIN `courses` ON `courses`.`id` = `enrollments`.`course_id`
WHERE `enrollments`.`user_id` = 11
ORDER BY `courses`.`title` ASC', 0)
 2 SYSTEMPATH\Database\BaseConnection.php(729): CodeIgniter\Database\MySQLi\Connection->execute('SELECT `courses`.`id` as `id`, `courses`.`title` as `title`, `courses`.`description` as `description`, `enrollments`.`enrollment_date` as `enrollment_date`
FROM `enrollments`
INNER JOIN `courses` ON `courses`.`id` = `enrollments`.`course_id`
WHERE `enrollments`.`user_id` = 11
ORDER BY `courses`.`title` ASC')
 3 SYSTEMPATH\Database\BaseConnection.php(646): CodeIgniter\Database\BaseConnection->simpleQuery('SELECT `courses`.`id` as `id`, `courses`.`title` as `title`, `courses`.`description` as `description`, `enrollments`.`enrollment_date` as `enrollment_date`
FROM `enrollments`
INNER JOIN `courses` ON `courses`.`id` = `enrollments`.`course_id`
WHERE `enrollments`.`user_id` = 11
ORDER BY `courses`.`title` ASC')
 4 SYSTEMPATH\Database\BaseBuilder.php(1649): CodeIgniter\Database\BaseConnection->query('SELECT `courses`.`id` as `id`, `courses`.`title` as `title`, `courses`.`description` as `description`, `enrollments`.`enrollment_date` as `enrollment_date`
FROM `enrollments`
INNER JOIN `courses` ON `courses`.`id` = `enrollments`.`course_id`
WHERE `enrollments`.`user_id` = :enrollments.user_id:
ORDER BY `courses`.`title` ASC', [...], false)
 5 SYSTEMPATH\Model.php(286): CodeIgniter\Database\BaseBuilder->get()
 6 SYSTEMPATH\BaseModel.php(677): CodeIgniter\Model->doFindAll(0, 0)
 7 APPPATH\Models\EnrollmentModel.php(54): CodeIgniter\BaseModel->findAll()
 8 APPPATH\Controllers\Student\Enrollments.php(27): App\Models\EnrollmentModel->getUserEnrollments(11)
 9 SYSTEMPATH\CodeIgniter.php(933): App\Controllers\Student\Enrollments->index()
10 SYSTEMPATH\CodeIgniter.php(507): CodeIgniter\CodeIgniter->runController(Object(App\Controllers\Student\Enrollments))
11 SYSTEMPATH\CodeIgniter.php(354): CodeIgniter\CodeIgniter->handleRequest(null, Object(Config\Cache), false)
12 SYSTEMPATH\Boot.php(363): CodeIgniter\CodeIgniter->run()
13 SYSTEMPATH\Boot.php(68): CodeIgniter\Boot::runCodeIgniter(Object(CodeIgniter\CodeIgniter))
14 FCPATH\index.php(59): CodeIgniter\Boot::bootWeb(Object(Config\Paths))
15 SYSTEMPATH\rewrite.php(44): require_once('C:\\xampp\\htdocs\\ITE311-CASTILLO\\public\\index.php')
ERROR - 2025-10-10 12:23:57 --> mysqli_sql_exception: Unknown column 'enrollments.enrollment_date' in 'field list' in C:\xampp\htdocs\ITE311-CASTILLO\system\Database\MySQLi\Connection.php:327
Stack trace:
#0 C:\xampp\htdocs\ITE311-CASTILLO\system\Database\MySQLi\Connection.php(327): mysqli->query('SELECT `enrollm...', 0)
#1 C:\xampp\htdocs\ITE311-CASTILLO\system\Database\BaseConnection.php(729): CodeIgniter\Database\MySQLi\Connection->execute('SELECT `enrollm...')
#2 C:\xampp\htdocs\ITE311-CASTILLO\system\Database\BaseConnection.php(646): CodeIgniter\Database\BaseConnection->simpleQuery('SELECT `enrollm...')
#3 C:\xampp\htdocs\ITE311-CASTILLO\system\Database\BaseBuilder.php(1649): CodeIgniter\Database\BaseConnection->query('SELECT `enrollm...', Array, false)
#4 C:\xampp\htdocs\ITE311-CASTILLO\system\Model.php(286): CodeIgniter\Database\BaseBuilder->get()
#5 C:\xampp\htdocs\ITE311-CASTILLO\system\BaseModel.php(677): CodeIgniter\Model->doFindAll(0, 0)
#6 C:\xampp\htdocs\ITE311-CASTILLO\app\Models\EnrollmentModel.php(31): CodeIgniter\BaseModel->findAll()
#7 C:\xampp\htdocs\ITE311-CASTILLO\app\Controllers\Student\Enrollments.php(24): App\Models\EnrollmentModel->getUserEnrollments(11)
#8 C:\xampp\htdocs\ITE311-CASTILLO\system\CodeIgniter.php(933): App\Controllers\Student\Enrollments->index()
#9 C:\xampp\htdocs\ITE311-CASTILLO\system\CodeIgniter.php(507): CodeIgniter\CodeIgniter->runController(Object(App\Controllers\Student\Enrollments))
#10 C:\xampp\htdocs\ITE311-CASTILLO\system\CodeIgniter.php(354): CodeIgniter\CodeIgniter->handleRequest(NULL, Object(Config\Cache), false)
#11 C:\xampp\htdocs\ITE311-CASTILLO\system\Boot.php(363): CodeIgniter\CodeIgniter->run()
#12 C:\xampp\htdocs\ITE311-CASTILLO\system\Boot.php(68): CodeIgniter\Boot::runCodeIgniter(Object(CodeIgniter\CodeIgniter))
#13 C:\xampp\htdocs\ITE311-CASTILLO\public\index.php(59): CodeIgniter\Boot::bootWeb(Object(Config\Paths))
#14 C:\xampp\htdocs\ITE311-CASTILLO\system\rewrite.php(44): require_once('C:\\xampp\\htdocs...')
#15 {main}
CRITICAL - 2025-10-10 12:23:57 --> CodeIgniter\Database\Exceptions\DatabaseException: Unknown column 'enrollments.enrollment_date' in 'field list'
[Method: GET, Route: student/enrollments]
in SYSTEMPATH\Database\BaseConnection.php on line 684.
 1 SYSTEMPATH\Database\BaseBuilder.php(1649): CodeIgniter\Database\BaseConnection->query('SELECT `enrollments`.*, `courses`.`id` as `id`, `courses`.`title`, `courses`.`description`, `enrollments`.`enrollment_date`
FROM `enrollments`
INNER JOIN `courses` ON `courses`.`id` = `enrollments`.`course_id`
WHERE `enrollments`.`user_id` = :enrollments.user_id:
ORDER BY `enrollment_date` DESC', [...], false)
 2 SYSTEMPATH\Model.php(286): CodeIgniter\Database\BaseBuilder->get()
 3 SYSTEMPATH\BaseModel.php(677): CodeIgniter\Model->doFindAll(0, 0)
 4 APPPATH\Models\EnrollmentModel.php(31): CodeIgniter\BaseModel->findAll()
 5 APPPATH\Controllers\Student\Enrollments.php(24): App\Models\EnrollmentModel->getUserEnrollments(11)
 6 SYSTEMPATH\CodeIgniter.php(933): App\Controllers\Student\Enrollments->index()
 7 SYSTEMPATH\CodeIgniter.php(507): CodeIgniter\CodeIgniter->runController(Object(App\Controllers\Student\Enrollments))
 8 SYSTEMPATH\CodeIgniter.php(354): CodeIgniter\CodeIgniter->handleRequest(null, Object(Config\Cache), false)
 9 SYSTEMPATH\Boot.php(363): CodeIgniter\CodeIgniter->run()
10 SYSTEMPATH\Boot.php(68): CodeIgniter\Boot::runCodeIgniter(Object(CodeIgniter\CodeIgniter))
11 FCPATH\index.php(59): CodeIgniter\Boot::bootWeb(Object(Config\Paths))
12 SYSTEMPATH\rewrite.php(44): require_once('C:\\xampp\\htdocs\\ITE311-CASTILLO\\public\\index.php')
CRITICAL - 2025-10-10 12:23:57 --> [Caused by] CodeIgniter\Database\Exceptions\DatabaseException: Unknown column 'enrollments.enrollment_date' in 'field list'
in SYSTEMPATH\Database\MySQLi\Connection.php on line 332.
 1 SYSTEMPATH\Database\BaseConnection.php(729): CodeIgniter\Database\MySQLi\Connection->execute('SELECT `enrollments`.*, `courses`.`id` as `id`, `courses`.`title`, `courses`.`description`, `enrollments`.`enrollment_date`
FROM `enrollments`
INNER JOIN `courses` ON `courses`.`id` = `enrollments`.`course_id`
WHERE `enrollments`.`user_id` = 11
ORDER BY `enrollment_date` DESC')
 2 SYSTEMPATH\Database\BaseConnection.php(646): CodeIgniter\Database\BaseConnection->simpleQuery('SELECT `enrollments`.*, `courses`.`id` as `id`, `courses`.`title`, `courses`.`description`, `enrollments`.`enrollment_date`
FROM `enrollments`
INNER JOIN `courses` ON `courses`.`id` = `enrollments`.`course_id`
WHERE `enrollments`.`user_id` = 11
ORDER BY `enrollment_date` DESC')
 3 SYSTEMPATH\Database\BaseBuilder.php(1649): CodeIgniter\Database\BaseConnection->query('SELECT `enrollments`.*, `courses`.`id` as `id`, `courses`.`title`, `courses`.`description`, `enrollments`.`enrollment_date`
FROM `enrollments`
INNER JOIN `courses` ON `courses`.`id` = `enrollments`.`course_id`
WHERE `enrollments`.`user_id` = :enrollments.user_id:
ORDER BY `enrollment_date` DESC', [...], false)
 4 SYSTEMPATH\Model.php(286): CodeIgniter\Database\BaseBuilder->get()
 5 SYSTEMPATH\BaseModel.php(677): CodeIgniter\Model->doFindAll(0, 0)
 6 APPPATH\Models\EnrollmentModel.php(31): CodeIgniter\BaseModel->findAll()
 7 APPPATH\Controllers\Student\Enrollments.php(24): App\Models\EnrollmentModel->getUserEnrollments(11)
 8 SYSTEMPATH\CodeIgniter.php(933): App\Controllers\Student\Enrollments->index()
 9 SYSTEMPATH\CodeIgniter.php(507): CodeIgniter\CodeIgniter->runController(Object(App\Controllers\Student\Enrollments))
10 SYSTEMPATH\CodeIgniter.php(354): CodeIgniter\CodeIgniter->handleRequest(null, Object(Config\Cache), false)
11 SYSTEMPATH\Boot.php(363): CodeIgniter\CodeIgniter->run()
12 SYSTEMPATH\Boot.php(68): CodeIgniter\Boot::runCodeIgniter(Object(CodeIgniter\CodeIgniter))
13 FCPATH\index.php(59): CodeIgniter\Boot::bootWeb(Object(Config\Paths))
14 SYSTEMPATH\rewrite.php(44): require_once('C:\\xampp\\htdocs\\ITE311-CASTILLO\\public\\index.php')
CRITICAL - 2025-10-10 12:23:57 --> [Caused by] mysqli_sql_exception: Unknown column 'enrollments.enrollment_date' in 'field list'
in SYSTEMPATH\Database\MySQLi\Connection.php on line 327.
 1 SYSTEMPATH\Database\MySQLi\Connection.php(327): mysqli->query('SELECT `enrollments`.*, `courses`.`id` as `id`, `courses`.`title`, `courses`.`description`, `enrollments`.`enrollment_date`
FROM `enrollments`
INNER JOIN `courses` ON `courses`.`id` = `enrollments`.`course_id`
WHERE `enrollments`.`user_id` = 11
ORDER BY `enrollment_date` DESC', 0)
 2 SYSTEMPATH\Database\BaseConnection.php(729): CodeIgniter\Database\MySQLi\Connection->execute('SELECT `enrollments`.*, `courses`.`id` as `id`, `courses`.`title`, `courses`.`description`, `enrollments`.`enrollment_date`
FROM `enrollments`
INNER JOIN `courses` ON `courses`.`id` = `enrollments`.`course_id`
WHERE `enrollments`.`user_id` = 11
ORDER BY `enrollment_date` DESC')
 3 SYSTEMPATH\Database\BaseConnection.php(646): CodeIgniter\Database\BaseConnection->simpleQuery('SELECT `enrollments`.*, `courses`.`id` as `id`, `courses`.`title`, `courses`.`description`, `enrollments`.`enrollment_date`
FROM `enrollments`
INNER JOIN `courses` ON `courses`.`id` = `enrollments`.`course_id`
WHERE `enrollments`.`user_id` = 11
ORDER BY `enrollment_date` DESC')
 4 SYSTEMPATH\Database\BaseBuilder.php(1649): CodeIgniter\Database\BaseConnection->query('SELECT `enrollments`.*, `courses`.`id` as `id`, `courses`.`title`, `courses`.`description`, `enrollments`.`enrollment_date`
FROM `enrollments`
INNER JOIN `courses` ON `courses`.`id` = `enrollments`.`course_id`
WHERE `enrollments`.`user_id` = :enrollments.user_id:
ORDER BY `enrollment_date` DESC', [...], false)
 5 SYSTEMPATH\Model.php(286): CodeIgniter\Database\BaseBuilder->get()
 6 SYSTEMPATH\BaseModel.php(677): CodeIgniter\Model->doFindAll(0, 0)
 7 APPPATH\Models\EnrollmentModel.php(31): CodeIgniter\BaseModel->findAll()
 8 APPPATH\Controllers\Student\Enrollments.php(24): App\Models\EnrollmentModel->getUserEnrollments(11)
 9 SYSTEMPATH\CodeIgniter.php(933): App\Controllers\Student\Enrollments->index()
10 SYSTEMPATH\CodeIgniter.php(507): CodeIgniter\CodeIgniter->runController(Object(App\Controllers\Student\Enrollments))
11 SYSTEMPATH\CodeIgniter.php(354): CodeIgniter\CodeIgniter->handleRequest(null, Object(Config\Cache), false)
12 SYSTEMPATH\Boot.php(363): CodeIgniter\CodeIgniter->run()
13 SYSTEMPATH\Boot.php(68): CodeIgniter\Boot::runCodeIgniter(Object(CodeIgniter\CodeIgniter))
14 FCPATH\index.php(59): CodeIgniter\Boot::bootWeb(Object(Config\Paths))
15 SYSTEMPATH\rewrite.php(44): require_once('C:\\xampp\\htdocs\\ITE311-CASTILLO\\public\\index.php')
ERROR - 2025-10-10 12:23:59 --> mysqli_sql_exception: Unknown column 'enrollments.enrollment_date' in 'field list' in C:\xampp\htdocs\ITE311-CASTILLO\system\Database\MySQLi\Connection.php:327
Stack trace:
#0 C:\xampp\htdocs\ITE311-CASTILLO\system\Database\MySQLi\Connection.php(327): mysqli->query('SELECT `enrollm...', 0)
#1 C:\xampp\htdocs\ITE311-CASTILLO\system\Database\BaseConnection.php(729): CodeIgniter\Database\MySQLi\Connection->execute('SELECT `enrollm...')
#2 C:\xampp\htdocs\ITE311-CASTILLO\system\Database\BaseConnection.php(646): CodeIgniter\Database\BaseConnection->simpleQuery('SELECT `enrollm...')
#3 C:\xampp\htdocs\ITE311-CASTILLO\system\Database\BaseBuilder.php(1649): CodeIgniter\Database\BaseConnection->query('SELECT `enrollm...', Array, false)
#4 C:\xampp\htdocs\ITE311-CASTILLO\system\Model.php(286): CodeIgniter\Database\BaseBuilder->get()
#5 C:\xampp\htdocs\ITE311-CASTILLO\system\BaseModel.php(677): CodeIgniter\Model->doFindAll(0, 0)
#6 C:\xampp\htdocs\ITE311-CASTILLO\app\Models\EnrollmentModel.php(31): CodeIgniter\BaseModel->findAll()
#7 C:\xampp\htdocs\ITE311-CASTILLO\app\Controllers\Student\Enrollments.php(24): App\Models\EnrollmentModel->getUserEnrollments(11)
#8 C:\xampp\htdocs\ITE311-CASTILLO\system\CodeIgniter.php(933): App\Controllers\Student\Enrollments->index()
#9 C:\xampp\htdocs\ITE311-CASTILLO\system\CodeIgniter.php(507): CodeIgniter\CodeIgniter->runController(Object(App\Controllers\Student\Enrollments))
#10 C:\xampp\htdocs\ITE311-CASTILLO\system\CodeIgniter.php(354): CodeIgniter\CodeIgniter->handleRequest(NULL, Object(Config\Cache), false)
#11 C:\xampp\htdocs\ITE311-CASTILLO\system\Boot.php(363): CodeIgniter\CodeIgniter->run()
#12 C:\xampp\htdocs\ITE311-CASTILLO\system\Boot.php(68): CodeIgniter\Boot::runCodeIgniter(Object(CodeIgniter\CodeIgniter))
#13 C:\xampp\htdocs\ITE311-CASTILLO\public\index.php(59): CodeIgniter\Boot::bootWeb(Object(Config\Paths))
#14 C:\xampp\htdocs\ITE311-CASTILLO\system\rewrite.php(44): require_once('C:\\xampp\\htdocs...')
#15 {main}
CRITICAL - 2025-10-10 12:23:59 --> CodeIgniter\Database\Exceptions\DatabaseException: Unknown column 'enrollments.enrollment_date' in 'field list'
[Method: GET, Route: student/enrollments]
in SYSTEMPATH\Database\BaseConnection.php on line 684.
 1 SYSTEMPATH\Database\BaseBuilder.php(1649): CodeIgniter\Database\BaseConnection->query('SELECT `enrollments`.*, `courses`.`id` as `id`, `courses`.`title`, `courses`.`description`, `enrollments`.`enrollment_date`
FROM `enrollments`
INNER JOIN `courses` ON `courses`.`id` = `enrollments`.`course_id`
WHERE `enrollments`.`user_id` = :enrollments.user_id:
ORDER BY `enrollment_date` DESC', [...], false)
 2 SYSTEMPATH\Model.php(286): CodeIgniter\Database\BaseBuilder->get()
 3 SYSTEMPATH\BaseModel.php(677): CodeIgniter\Model->doFindAll(0, 0)
 4 APPPATH\Models\EnrollmentModel.php(31): CodeIgniter\BaseModel->findAll()
 5 APPPATH\Controllers\Student\Enrollments.php(24): App\Models\EnrollmentModel->getUserEnrollments(11)
 6 SYSTEMPATH\CodeIgniter.php(933): App\Controllers\Student\Enrollments->index()
 7 SYSTEMPATH\CodeIgniter.php(507): CodeIgniter\CodeIgniter->runController(Object(App\Controllers\Student\Enrollments))
 8 SYSTEMPATH\CodeIgniter.php(354): CodeIgniter\CodeIgniter->handleRequest(null, Object(Config\Cache), false)
 9 SYSTEMPATH\Boot.php(363): CodeIgniter\CodeIgniter->run()
10 SYSTEMPATH\Boot.php(68): CodeIgniter\Boot::runCodeIgniter(Object(CodeIgniter\CodeIgniter))
11 FCPATH\index.php(59): CodeIgniter\Boot::bootWeb(Object(Config\Paths))
12 SYSTEMPATH\rewrite.php(44): require_once('C:\\xampp\\htdocs\\ITE311-CASTILLO\\public\\index.php')
CRITICAL - 2025-10-10 12:23:59 --> [Caused by] CodeIgniter\Database\Exceptions\DatabaseException: Unknown column 'enrollments.enrollment_date' in 'field list'
in SYSTEMPATH\Database\MySQLi\Connection.php on line 332.
 1 SYSTEMPATH\Database\BaseConnection.php(729): CodeIgniter\Database\MySQLi\Connection->execute('SELECT `enrollments`.*, `courses`.`id` as `id`, `courses`.`title`, `courses`.`description`, `enrollments`.`enrollment_date`
FROM `enrollments`
INNER JOIN `courses` ON `courses`.`id` = `enrollments`.`course_id`
WHERE `enrollments`.`user_id` = 11
ORDER BY `enrollment_date` DESC')
 2 SYSTEMPATH\Database\BaseConnection.php(646): CodeIgniter\Database\BaseConnection->simpleQuery('SELECT `enrollments`.*, `courses`.`id` as `id`, `courses`.`title`, `courses`.`description`, `enrollments`.`enrollment_date`
FROM `enrollments`
INNER JOIN `courses` ON `courses`.`id` = `enrollments`.`course_id`
WHERE `enrollments`.`user_id` = 11
ORDER BY `enrollment_date` DESC')
 3 SYSTEMPATH\Database\BaseBuilder.php(1649): CodeIgniter\Database\BaseConnection->query('SELECT `enrollments`.*, `courses`.`id` as `id`, `courses`.`title`, `courses`.`description`, `enrollments`.`enrollment_date`
FROM `enrollments`
INNER JOIN `courses` ON `courses`.`id` = `enrollments`.`course_id`
WHERE `enrollments`.`user_id` = :enrollments.user_id:
ORDER BY `enrollment_date` DESC', [...], false)
 4 SYSTEMPATH\Model.php(286): CodeIgniter\Database\BaseBuilder->get()
 5 SYSTEMPATH\BaseModel.php(677): CodeIgniter\Model->doFindAll(0, 0)
 6 APPPATH\Models\EnrollmentModel.php(31): CodeIgniter\BaseModel->findAll()
 7 APPPATH\Controllers\Student\Enrollments.php(24): App\Models\EnrollmentModel->getUserEnrollments(11)
 8 SYSTEMPATH\CodeIgniter.php(933): App\Controllers\Student\Enrollments->index()
 9 SYSTEMPATH\CodeIgniter.php(507): CodeIgniter\CodeIgniter->runController(Object(App\Controllers\Student\Enrollments))
10 SYSTEMPATH\CodeIgniter.php(354): CodeIgniter\CodeIgniter->handleRequest(null, Object(Config\Cache), false)
11 SYSTEMPATH\Boot.php(363): CodeIgniter\CodeIgniter->run()
12 SYSTEMPATH\Boot.php(68): CodeIgniter\Boot::runCodeIgniter(Object(CodeIgniter\CodeIgniter))
13 FCPATH\index.php(59): CodeIgniter\Boot::bootWeb(Object(Config\Paths))
14 SYSTEMPATH\rewrite.php(44): require_once('C:\\xampp\\htdocs\\ITE311-CASTILLO\\public\\index.php')
CRITICAL - 2025-10-10 12:23:59 --> [Caused by] mysqli_sql_exception: Unknown column 'enrollments.enrollment_date' in 'field list'
in SYSTEMPATH\Database\MySQLi\Connection.php on line 327.
 1 SYSTEMPATH\Database\MySQLi\Connection.php(327): mysqli->query('SELECT `enrollments`.*, `courses`.`id` as `id`, `courses`.`title`, `courses`.`description`, `enrollments`.`enrollment_date`
FROM `enrollments`
INNER JOIN `courses` ON `courses`.`id` = `enrollments`.`course_id`
WHERE `enrollments`.`user_id` = 11
ORDER BY `enrollment_date` DESC', 0)
 2 SYSTEMPATH\Database\BaseConnection.php(729): CodeIgniter\Database\MySQLi\Connection->execute('SELECT `enrollments`.*, `courses`.`id` as `id`, `courses`.`title`, `courses`.`description`, `enrollments`.`enrollment_date`
FROM `enrollments`
INNER JOIN `courses` ON `courses`.`id` = `enrollments`.`course_id`
WHERE `enrollments`.`user_id` = 11
ORDER BY `enrollment_date` DESC')
 3 SYSTEMPATH\Database\BaseConnection.php(646): CodeIgniter\Database\BaseConnection->simpleQuery('SELECT `enrollments`.*, `courses`.`id` as `id`, `courses`.`title`, `courses`.`description`, `enrollments`.`enrollment_date`
FROM `enrollments`
INNER JOIN `courses` ON `courses`.`id` = `enrollments`.`course_id`
WHERE `enrollments`.`user_id` = 11
ORDER BY `enrollment_date` DESC')
 4 SYSTEMPATH\Database\BaseBuilder.php(1649): CodeIgniter\Database\BaseConnection->query('SELECT `enrollments`.*, `courses`.`id` as `id`, `courses`.`title`, `courses`.`description`, `enrollments`.`enrollment_date`
FROM `enrollments`
INNER JOIN `courses` ON `courses`.`id` = `enrollments`.`course_id`
WHERE `enrollments`.`user_id` = :enrollments.user_id:
ORDER BY `enrollment_date` DESC', [...], false)
 5 SYSTEMPATH\Model.php(286): CodeIgniter\Database\BaseBuilder->get()
 6 SYSTEMPATH\BaseModel.php(677): CodeIgniter\Model->doFindAll(0, 0)
 7 APPPATH\Models\EnrollmentModel.php(31): CodeIgniter\BaseModel->findAll()
 8 APPPATH\Controllers\Student\Enrollments.php(24): App\Models\EnrollmentModel->getUserEnrollments(11)
 9 SYSTEMPATH\CodeIgniter.php(933): App\Controllers\Student\Enrollments->index()
10 SYSTEMPATH\CodeIgniter.php(507): CodeIgniter\CodeIgniter->runController(Object(App\Controllers\Student\Enrollments))
11 SYSTEMPATH\CodeIgniter.php(354): CodeIgniter\CodeIgniter->handleRequest(null, Object(Config\Cache), false)
12 SYSTEMPATH\Boot.php(363): CodeIgniter\CodeIgniter->run()
13 SYSTEMPATH\Boot.php(68): CodeIgniter\Boot::runCodeIgniter(Object(CodeIgniter\CodeIgniter))
14 FCPATH\index.php(59): CodeIgniter\Boot::bootWeb(Object(Config\Paths))
15 SYSTEMPATH\rewrite.php(44): require_once('C:\\xampp\\htdocs\\ITE311-CASTILLO\\public\\index.php')
ERROR - 2025-10-10 12:24:01 --> mysqli_sql_exception: Unknown column 'enrollments.enrollment_date' in 'field list' in C:\xampp\htdocs\ITE311-CASTILLO\system\Database\MySQLi\Connection.php:327
Stack trace:
#0 C:\xampp\htdocs\ITE311-CASTILLO\system\Database\MySQLi\Connection.php(327): mysqli->query('SELECT `enrollm...', 0)
#1 C:\xampp\htdocs\ITE311-CASTILLO\system\Database\BaseConnection.php(729): CodeIgniter\Database\MySQLi\Connection->execute('SELECT `enrollm...')
#2 C:\xampp\htdocs\ITE311-CASTILLO\system\Database\BaseConnection.php(646): CodeIgniter\Database\BaseConnection->simpleQuery('SELECT `enrollm...')
#3 C:\xampp\htdocs\ITE311-CASTILLO\system\Database\BaseBuilder.php(1649): CodeIgniter\Database\BaseConnection->query('SELECT `enrollm...', Array, false)
#4 C:\xampp\htdocs\ITE311-CASTILLO\system\Model.php(286): CodeIgniter\Database\BaseBuilder->get()
#5 C:\xampp\htdocs\ITE311-CASTILLO\system\BaseModel.php(677): CodeIgniter\Model->doFindAll(0, 0)
#6 C:\xampp\htdocs\ITE311-CASTILLO\app\Models\EnrollmentModel.php(31): CodeIgniter\BaseModel->findAll()
#7 C:\xampp\htdocs\ITE311-CASTILLO\app\Controllers\Student\Enrollments.php(24): App\Models\EnrollmentModel->getUserEnrollments(11)
#8 C:\xampp\htdocs\ITE311-CASTILLO\system\CodeIgniter.php(933): App\Controllers\Student\Enrollments->index()
#9 C:\xampp\htdocs\ITE311-CASTILLO\system\CodeIgniter.php(507): CodeIgniter\CodeIgniter->runController(Object(App\Controllers\Student\Enrollments))
#10 C:\xampp\htdocs\ITE311-CASTILLO\system\CodeIgniter.php(354): CodeIgniter\CodeIgniter->handleRequest(NULL, Object(Config\Cache), false)
#11 C:\xampp\htdocs\ITE311-CASTILLO\system\Boot.php(363): CodeIgniter\CodeIgniter->run()
#12 C:\xampp\htdocs\ITE311-CASTILLO\system\Boot.php(68): CodeIgniter\Boot::runCodeIgniter(Object(CodeIgniter\CodeIgniter))
#13 C:\xampp\htdocs\ITE311-CASTILLO\public\index.php(59): CodeIgniter\Boot::bootWeb(Object(Config\Paths))
#14 C:\xampp\htdocs\ITE311-CASTILLO\system\rewrite.php(44): require_once('C:\\xampp\\htdocs...')
#15 {main}
CRITICAL - 2025-10-10 12:24:01 --> CodeIgniter\Database\Exceptions\DatabaseException: Unknown column 'enrollments.enrollment_date' in 'field list'
[Method: GET, Route: student/enrollments]
in SYSTEMPATH\Database\BaseConnection.php on line 684.
 1 SYSTEMPATH\Database\BaseBuilder.php(1649): CodeIgniter\Database\BaseConnection->query('SELECT `enrollments`.*, `courses`.`id` as `id`, `courses`.`title`, `courses`.`description`, `enrollments`.`enrollment_date`
FROM `enrollments`
INNER JOIN `courses` ON `courses`.`id` = `enrollments`.`course_id`
WHERE `enrollments`.`user_id` = :enrollments.user_id:
ORDER BY `enrollment_date` DESC', [...], false)
 2 SYSTEMPATH\Model.php(286): CodeIgniter\Database\BaseBuilder->get()
 3 SYSTEMPATH\BaseModel.php(677): CodeIgniter\Model->doFindAll(0, 0)
 4 APPPATH\Models\EnrollmentModel.php(31): CodeIgniter\BaseModel->findAll()
 5 APPPATH\Controllers\Student\Enrollments.php(24): App\Models\EnrollmentModel->getUserEnrollments(11)
 6 SYSTEMPATH\CodeIgniter.php(933): App\Controllers\Student\Enrollments->index()
 7 SYSTEMPATH\CodeIgniter.php(507): CodeIgniter\CodeIgniter->runController(Object(App\Controllers\Student\Enrollments))
 8 SYSTEMPATH\CodeIgniter.php(354): CodeIgniter\CodeIgniter->handleRequest(null, Object(Config\Cache), false)
 9 SYSTEMPATH\Boot.php(363): CodeIgniter\CodeIgniter->run()
10 SYSTEMPATH\Boot.php(68): CodeIgniter\Boot::runCodeIgniter(Object(CodeIgniter\CodeIgniter))
11 FCPATH\index.php(59): CodeIgniter\Boot::bootWeb(Object(Config\Paths))
12 SYSTEMPATH\rewrite.php(44): require_once('C:\\xampp\\htdocs\\ITE311-CASTILLO\\public\\index.php')
CRITICAL - 2025-10-10 12:24:01 --> [Caused by] CodeIgniter\Database\Exceptions\DatabaseException: Unknown column 'enrollments.enrollment_date' in 'field list'
in SYSTEMPATH\Database\MySQLi\Connection.php on line 332.
 1 SYSTEMPATH\Database\BaseConnection.php(729): CodeIgniter\Database\MySQLi\Connection->execute('SELECT `enrollments`.*, `courses`.`id` as `id`, `courses`.`title`, `courses`.`description`, `enrollments`.`enrollment_date`
FROM `enrollments`
INNER JOIN `courses` ON `courses`.`id` = `enrollments`.`course_id`
WHERE `enrollments`.`user_id` = 11
ORDER BY `enrollment_date` DESC')
 2 SYSTEMPATH\Database\BaseConnection.php(646): CodeIgniter\Database\BaseConnection->simpleQuery('SELECT `enrollments`.*, `courses`.`id` as `id`, `courses`.`title`, `courses`.`description`, `enrollments`.`enrollment_date`
FROM `enrollments`
INNER JOIN `courses` ON `courses`.`id` = `enrollments`.`course_id`
WHERE `enrollments`.`user_id` = 11
ORDER BY `enrollment_date` DESC')
 3 SYSTEMPATH\Database\BaseBuilder.php(1649): CodeIgniter\Database\BaseConnection->query('SELECT `enrollments`.*, `courses`.`id` as `id`, `courses`.`title`, `courses`.`description`, `enrollments`.`enrollment_date`
FROM `enrollments`
INNER JOIN `courses` ON `courses`.`id` = `enrollments`.`course_id`
WHERE `enrollments`.`user_id` = :enrollments.user_id:
ORDER BY `enrollment_date` DESC', [...], false)
 4 SYSTEMPATH\Model.php(286): CodeIgniter\Database\BaseBuilder->get()
 5 SYSTEMPATH\BaseModel.php(677): CodeIgniter\Model->doFindAll(0, 0)
 6 APPPATH\Models\EnrollmentModel.php(31): CodeIgniter\BaseModel->findAll()
 7 APPPATH\Controllers\Student\Enrollments.php(24): App\Models\EnrollmentModel->getUserEnrollments(11)
 8 SYSTEMPATH\CodeIgniter.php(933): App\Controllers\Student\Enrollments->index()
 9 SYSTEMPATH\CodeIgniter.php(507): CodeIgniter\CodeIgniter->runController(Object(App\Controllers\Student\Enrollments))
10 SYSTEMPATH\CodeIgniter.php(354): CodeIgniter\CodeIgniter->handleRequest(null, Object(Config\Cache), false)
11 SYSTEMPATH\Boot.php(363): CodeIgniter\CodeIgniter->run()
12 SYSTEMPATH\Boot.php(68): CodeIgniter\Boot::runCodeIgniter(Object(CodeIgniter\CodeIgniter))
13 FCPATH\index.php(59): CodeIgniter\Boot::bootWeb(Object(Config\Paths))
14 SYSTEMPATH\rewrite.php(44): require_once('C:\\xampp\\htdocs\\ITE311-CASTILLO\\public\\index.php')
CRITICAL - 2025-10-10 12:24:01 --> [Caused by] mysqli_sql_exception: Unknown column 'enrollments.enrollment_date' in 'field list'
in SYSTEMPATH\Database\MySQLi\Connection.php on line 327.
 1 SYSTEMPATH\Database\MySQLi\Connection.php(327): mysqli->query('SELECT `enrollments`.*, `courses`.`id` as `id`, `courses`.`title`, `courses`.`description`, `enrollments`.`enrollment_date`
FROM `enrollments`
INNER JOIN `courses` ON `courses`.`id` = `enrollments`.`course_id`
WHERE `enrollments`.`user_id` = 11
ORDER BY `enrollment_date` DESC', 0)
 2 SYSTEMPATH\Database\BaseConnection.php(729): CodeIgniter\Database\MySQLi\Connection->execute('SELECT `enrollments`.*, `courses`.`id` as `id`, `courses`.`title`, `courses`.`description`, `enrollments`.`enrollment_date`
FROM `enrollments`
INNER JOIN `courses` ON `courses`.`id` = `enrollments`.`course_id`
WHERE `enrollments`.`user_id` = 11
ORDER BY `enrollment_date` DESC')
 3 SYSTEMPATH\Database\BaseConnection.php(646): CodeIgniter\Database\BaseConnection->simpleQuery('SELECT `enrollments`.*, `courses`.`id` as `id`, `courses`.`title`, `courses`.`description`, `enrollments`.`enrollment_date`
FROM `enrollments`
INNER JOIN `courses` ON `courses`.`id` = `enrollments`.`course_id`
WHERE `enrollments`.`user_id` = 11
ORDER BY `enrollment_date` DESC')
 4 SYSTEMPATH\Database\BaseBuilder.php(1649): CodeIgniter\Database\BaseConnection->query('SELECT `enrollments`.*, `courses`.`id` as `id`, `courses`.`title`, `courses`.`description`, `enrollments`.`enrollment_date`
FROM `enrollments`
INNER JOIN `courses` ON `courses`.`id` = `enrollments`.`course_id`
WHERE `enrollments`.`user_id` = :enrollments.user_id:
ORDER BY `enrollment_date` DESC', [...], false)
 5 SYSTEMPATH\Model.php(286): CodeIgniter\Database\BaseBuilder->get()
 6 SYSTEMPATH\BaseModel.php(677): CodeIgniter\Model->doFindAll(0, 0)
 7 APPPATH\Models\EnrollmentModel.php(31): CodeIgniter\BaseModel->findAll()
 8 APPPATH\Controllers\Student\Enrollments.php(24): App\Models\EnrollmentModel->getUserEnrollments(11)
 9 SYSTEMPATH\CodeIgniter.php(933): App\Controllers\Student\Enrollments->index()
10 SYSTEMPATH\CodeIgniter.php(507): CodeIgniter\CodeIgniter->runController(Object(App\Controllers\Student\Enrollments))
11 SYSTEMPATH\CodeIgniter.php(354): CodeIgniter\CodeIgniter->handleRequest(null, Object(Config\Cache), false)
12 SYSTEMPATH\Boot.php(363): CodeIgniter\CodeIgniter->run()
13 SYSTEMPATH\Boot.php(68): CodeIgniter\Boot::runCodeIgniter(Object(CodeIgniter\CodeIgniter))
14 FCPATH\index.php(59): CodeIgniter\Boot::bootWeb(Object(Config\Paths))
15 SYSTEMPATH\rewrite.php(44): require_once('C:\\xampp\\htdocs\\ITE311-CASTILLO\\public\\index.php')
ERROR - 2025-10-10 12:24:03 --> mysqli_sql_exception: Unknown column 'enrollments.enrollment_date' in 'field list' in C:\xampp\htdocs\ITE311-CASTILLO\system\Database\MySQLi\Connection.php:327
Stack trace:
#0 C:\xampp\htdocs\ITE311-CASTILLO\system\Database\MySQLi\Connection.php(327): mysqli->query('SELECT `enrollm...', 0)
#1 C:\xampp\htdocs\ITE311-CASTILLO\system\Database\BaseConnection.php(729): CodeIgniter\Database\MySQLi\Connection->execute('SELECT `enrollm...')
#2 C:\xampp\htdocs\ITE311-CASTILLO\system\Database\BaseConnection.php(646): CodeIgniter\Database\BaseConnection->simpleQuery('SELECT `enrollm...')
#3 C:\xampp\htdocs\ITE311-CASTILLO\system\Database\BaseBuilder.php(1649): CodeIgniter\Database\BaseConnection->query('SELECT `enrollm...', Array, false)
#4 C:\xampp\htdocs\ITE311-CASTILLO\system\Model.php(286): CodeIgniter\Database\BaseBuilder->get()
#5 C:\xampp\htdocs\ITE311-CASTILLO\system\BaseModel.php(677): CodeIgniter\Model->doFindAll(0, 0)
#6 C:\xampp\htdocs\ITE311-CASTILLO\app\Models\EnrollmentModel.php(31): CodeIgniter\BaseModel->findAll()
#7 C:\xampp\htdocs\ITE311-CASTILLO\app\Controllers\Student\Enrollments.php(24): App\Models\EnrollmentModel->getUserEnrollments(11)
#8 C:\xampp\htdocs\ITE311-CASTILLO\system\CodeIgniter.php(933): App\Controllers\Student\Enrollments->index()
#9 C:\xampp\htdocs\ITE311-CASTILLO\system\CodeIgniter.php(507): CodeIgniter\CodeIgniter->runController(Object(App\Controllers\Student\Enrollments))
#10 C:\xampp\htdocs\ITE311-CASTILLO\system\CodeIgniter.php(354): CodeIgniter\CodeIgniter->handleRequest(NULL, Object(Config\Cache), false)
#11 C:\xampp\htdocs\ITE311-CASTILLO\system\Boot.php(363): CodeIgniter\CodeIgniter->run()
#12 C:\xampp\htdocs\ITE311-CASTILLO\system\Boot.php(68): CodeIgniter\Boot::runCodeIgniter(Object(CodeIgniter\CodeIgniter))
#13 C:\xampp\htdocs\ITE311-CASTILLO\public\index.php(59): CodeIgniter\Boot::bootWeb(Object(Config\Paths))
#14 C:\xampp\htdocs\ITE311-CASTILLO\system\rewrite.php(44): require_once('C:\\xampp\\htdocs...')
#15 {main}
CRITICAL - 2025-10-10 12:24:03 --> CodeIgniter\Database\Exceptions\DatabaseException: Unknown column 'enrollments.enrollment_date' in 'field list'
[Method: GET, Route: student/enrollments]
in SYSTEMPATH\Database\BaseConnection.php on line 684.
 1 SYSTEMPATH\Database\BaseBuilder.php(1649): CodeIgniter\Database\BaseConnection->query('SELECT `enrollments`.*, `courses`.`id` as `id`, `courses`.`title`, `courses`.`description`, `enrollments`.`enrollment_date`
FROM `enrollments`
INNER JOIN `courses` ON `courses`.`id` = `enrollments`.`course_id`
WHERE `enrollments`.`user_id` = :enrollments.user_id:
ORDER BY `enrollment_date` DESC', [...], false)
 2 SYSTEMPATH\Model.php(286): CodeIgniter\Database\BaseBuilder->get()
 3 SYSTEMPATH\BaseModel.php(677): CodeIgniter\Model->doFindAll(0, 0)
 4 APPPATH\Models\EnrollmentModel.php(31): CodeIgniter\BaseModel->findAll()
 5 APPPATH\Controllers\Student\Enrollments.php(24): App\Models\EnrollmentModel->getUserEnrollments(11)
 6 SYSTEMPATH\CodeIgniter.php(933): App\Controllers\Student\Enrollments->index()
 7 SYSTEMPATH\CodeIgniter.php(507): CodeIgniter\CodeIgniter->runController(Object(App\Controllers\Student\Enrollments))
 8 SYSTEMPATH\CodeIgniter.php(354): CodeIgniter\CodeIgniter->handleRequest(null, Object(Config\Cache), false)
 9 SYSTEMPATH\Boot.php(363): CodeIgniter\CodeIgniter->run()
10 SYSTEMPATH\Boot.php(68): CodeIgniter\Boot::runCodeIgniter(Object(CodeIgniter\CodeIgniter))
11 FCPATH\index.php(59): CodeIgniter\Boot::bootWeb(Object(Config\Paths))
12 SYSTEMPATH\rewrite.php(44): require_once('C:\\xampp\\htdocs\\ITE311-CASTILLO\\public\\index.php')
CRITICAL - 2025-10-10 12:24:03 --> [Caused by] CodeIgniter\Database\Exceptions\DatabaseException: Unknown column 'enrollments.enrollment_date' in 'field list'
in SYSTEMPATH\Database\MySQLi\Connection.php on line 332.
 1 SYSTEMPATH\Database\BaseConnection.php(729): CodeIgniter\Database\MySQLi\Connection->execute('SELECT `enrollments`.*, `courses`.`id` as `id`, `courses`.`title`, `courses`.`description`, `enrollments`.`enrollment_date`
FROM `enrollments`
INNER JOIN `courses` ON `courses`.`id` = `enrollments`.`course_id`
WHERE `enrollments`.`user_id` = 11
ORDER BY `enrollment_date` DESC')
 2 SYSTEMPATH\Database\BaseConnection.php(646): CodeIgniter\Database\BaseConnection->simpleQuery('SELECT `enrollments`.*, `courses`.`id` as `id`, `courses`.`title`, `courses`.`description`, `enrollments`.`enrollment_date`
FROM `enrollments`
INNER JOIN `courses` ON `courses`.`id` = `enrollments`.`course_id`
WHERE `enrollments`.`user_id` = 11
ORDER BY `enrollment_date` DESC')
 3 SYSTEMPATH\Database\BaseBuilder.php(1649): CodeIgniter\Database\BaseConnection->query('SELECT `enrollments`.*, `courses`.`id` as `id`, `courses`.`title`, `courses`.`description`, `enrollments`.`enrollment_date`
FROM `enrollments`
INNER JOIN `courses` ON `courses`.`id` = `enrollments`.`course_id`
WHERE `enrollments`.`user_id` = :enrollments.user_id:
ORDER BY `enrollment_date` DESC', [...], false)
 4 SYSTEMPATH\Model.php(286): CodeIgniter\Database\BaseBuilder->get()
 5 SYSTEMPATH\BaseModel.php(677): CodeIgniter\Model->doFindAll(0, 0)
 6 APPPATH\Models\EnrollmentModel.php(31): CodeIgniter\BaseModel->findAll()
 7 APPPATH\Controllers\Student\Enrollments.php(24): App\Models\EnrollmentModel->getUserEnrollments(11)
 8 SYSTEMPATH\CodeIgniter.php(933): App\Controllers\Student\Enrollments->index()
 9 SYSTEMPATH\CodeIgniter.php(507): CodeIgniter\CodeIgniter->runController(Object(App\Controllers\Student\Enrollments))
10 SYSTEMPATH\CodeIgniter.php(354): CodeIgniter\CodeIgniter->handleRequest(null, Object(Config\Cache), false)
11 SYSTEMPATH\Boot.php(363): CodeIgniter\CodeIgniter->run()
12 SYSTEMPATH\Boot.php(68): CodeIgniter\Boot::runCodeIgniter(Object(CodeIgniter\CodeIgniter))
13 FCPATH\index.php(59): CodeIgniter\Boot::bootWeb(Object(Config\Paths))
14 SYSTEMPATH\rewrite.php(44): require_once('C:\\xampp\\htdocs\\ITE311-CASTILLO\\public\\index.php')
CRITICAL - 2025-10-10 12:24:03 --> [Caused by] mysqli_sql_exception: Unknown column 'enrollments.enrollment_date' in 'field list'
in SYSTEMPATH\Database\MySQLi\Connection.php on line 327.
 1 SYSTEMPATH\Database\MySQLi\Connection.php(327): mysqli->query('SELECT `enrollments`.*, `courses`.`id` as `id`, `courses`.`title`, `courses`.`description`, `enrollments`.`enrollment_date`
FROM `enrollments`
INNER JOIN `courses` ON `courses`.`id` = `enrollments`.`course_id`
WHERE `enrollments`.`user_id` = 11
ORDER BY `enrollment_date` DESC', 0)
 2 SYSTEMPATH\Database\BaseConnection.php(729): CodeIgniter\Database\MySQLi\Connection->execute('SELECT `enrollments`.*, `courses`.`id` as `id`, `courses`.`title`, `courses`.`description`, `enrollments`.`enrollment_date`
FROM `enrollments`
INNER JOIN `courses` ON `courses`.`id` = `enrollments`.`course_id`
WHERE `enrollments`.`user_id` = 11
ORDER BY `enrollment_date` DESC')
 3 SYSTEMPATH\Database\BaseConnection.php(646): CodeIgniter\Database\BaseConnection->simpleQuery('SELECT `enrollments`.*, `courses`.`id` as `id`, `courses`.`title`, `courses`.`description`, `enrollments`.`enrollment_date`
FROM `enrollments`
INNER JOIN `courses` ON `courses`.`id` = `enrollments`.`course_id`
WHERE `enrollments`.`user_id` = 11
ORDER BY `enrollment_date` DESC')
 4 SYSTEMPATH\Database\BaseBuilder.php(1649): CodeIgniter\Database\BaseConnection->query('SELECT `enrollments`.*, `courses`.`id` as `id`, `courses`.`title`, `courses`.`description`, `enrollments`.`enrollment_date`
FROM `enrollments`
INNER JOIN `courses` ON `courses`.`id` = `enrollments`.`course_id`
WHERE `enrollments`.`user_id` = :enrollments.user_id:
ORDER BY `enrollment_date` DESC', [...], false)
 5 SYSTEMPATH\Model.php(286): CodeIgniter\Database\BaseBuilder->get()
 6 SYSTEMPATH\BaseModel.php(677): CodeIgniter\Model->doFindAll(0, 0)
 7 APPPATH\Models\EnrollmentModel.php(31): CodeIgniter\BaseModel->findAll()
 8 APPPATH\Controllers\Student\Enrollments.php(24): App\Models\EnrollmentModel->getUserEnrollments(11)
 9 SYSTEMPATH\CodeIgniter.php(933): App\Controllers\Student\Enrollments->index()
10 SYSTEMPATH\CodeIgniter.php(507): CodeIgniter\CodeIgniter->runController(Object(App\Controllers\Student\Enrollments))
11 SYSTEMPATH\CodeIgniter.php(354): CodeIgniter\CodeIgniter->handleRequest(null, Object(Config\Cache), false)
12 SYSTEMPATH\Boot.php(363): CodeIgniter\CodeIgniter->run()
13 SYSTEMPATH\Boot.php(68): CodeIgniter\Boot::runCodeIgniter(Object(CodeIgniter\CodeIgniter))
14 FCPATH\index.php(59): CodeIgniter\Boot::bootWeb(Object(Config\Paths))
15 SYSTEMPATH\rewrite.php(44): require_once('C:\\xampp\\htdocs\\ITE311-CASTILLO\\public\\index.php')
ERROR - 2025-10-10 12:24:05 --> mysqli_sql_exception: Unknown column 'enrollments.enrollment_date' in 'field list' in C:\xampp\htdocs\ITE311-CASTILLO\system\Database\MySQLi\Connection.php:327
Stack trace:
#0 C:\xampp\htdocs\ITE311-CASTILLO\system\Database\MySQLi\Connection.php(327): mysqli->query('SELECT `enrollm...', 0)
#1 C:\xampp\htdocs\ITE311-CASTILLO\system\Database\BaseConnection.php(729): CodeIgniter\Database\MySQLi\Connection->execute('SELECT `enrollm...')
#2 C:\xampp\htdocs\ITE311-CASTILLO\system\Database\BaseConnection.php(646): CodeIgniter\Database\BaseConnection->simpleQuery('SELECT `enrollm...')
#3 C:\xampp\htdocs\ITE311-CASTILLO\system\Database\BaseBuilder.php(1649): CodeIgniter\Database\BaseConnection->query('SELECT `enrollm...', Array, false)
#4 C:\xampp\htdocs\ITE311-CASTILLO\system\Model.php(286): CodeIgniter\Database\BaseBuilder->get()
#5 C:\xampp\htdocs\ITE311-CASTILLO\system\BaseModel.php(677): CodeIgniter\Model->doFindAll(0, 0)
#6 C:\xampp\htdocs\ITE311-CASTILLO\app\Models\EnrollmentModel.php(31): CodeIgniter\BaseModel->findAll()
#7 C:\xampp\htdocs\ITE311-CASTILLO\app\Controllers\Student\Enrollments.php(24): App\Models\EnrollmentModel->getUserEnrollments(11)
#8 C:\xampp\htdocs\ITE311-CASTILLO\system\CodeIgniter.php(933): App\Controllers\Student\Enrollments->index()
#9 C:\xampp\htdocs\ITE311-CASTILLO\system\CodeIgniter.php(507): CodeIgniter\CodeIgniter->runController(Object(App\Controllers\Student\Enrollments))
#10 C:\xampp\htdocs\ITE311-CASTILLO\system\CodeIgniter.php(354): CodeIgniter\CodeIgniter->handleRequest(NULL, Object(Config\Cache), false)
#11 C:\xampp\htdocs\ITE311-CASTILLO\system\Boot.php(363): CodeIgniter\CodeIgniter->run()
#12 C:\xampp\htdocs\ITE311-CASTILLO\system\Boot.php(68): CodeIgniter\Boot::runCodeIgniter(Object(CodeIgniter\CodeIgniter))
#13 C:\xampp\htdocs\ITE311-CASTILLO\public\index.php(59): CodeIgniter\Boot::bootWeb(Object(Config\Paths))
#14 C:\xampp\htdocs\ITE311-CASTILLO\system\rewrite.php(44): require_once('C:\\xampp\\htdocs...')
#15 {main}
CRITICAL - 2025-10-10 12:24:05 --> CodeIgniter\Database\Exceptions\DatabaseException: Unknown column 'enrollments.enrollment_date' in 'field list'
[Method: GET, Route: student/enrollments]
in SYSTEMPATH\Database\BaseConnection.php on line 684.
 1 SYSTEMPATH\Database\BaseBuilder.php(1649): CodeIgniter\Database\BaseConnection->query('SELECT `enrollments`.*, `courses`.`id` as `id`, `courses`.`title`, `courses`.`description`, `enrollments`.`enrollment_date`
FROM `enrollments`
INNER JOIN `courses` ON `courses`.`id` = `enrollments`.`course_id`
WHERE `enrollments`.`user_id` = :enrollments.user_id:
ORDER BY `enrollment_date` DESC', [...], false)
 2 SYSTEMPATH\Model.php(286): CodeIgniter\Database\BaseBuilder->get()
 3 SYSTEMPATH\BaseModel.php(677): CodeIgniter\Model->doFindAll(0, 0)
 4 APPPATH\Models\EnrollmentModel.php(31): CodeIgniter\BaseModel->findAll()
 5 APPPATH\Controllers\Student\Enrollments.php(24): App\Models\EnrollmentModel->getUserEnrollments(11)
 6 SYSTEMPATH\CodeIgniter.php(933): App\Controllers\Student\Enrollments->index()
 7 SYSTEMPATH\CodeIgniter.php(507): CodeIgniter\CodeIgniter->runController(Object(App\Controllers\Student\Enrollments))
 8 SYSTEMPATH\CodeIgniter.php(354): CodeIgniter\CodeIgniter->handleRequest(null, Object(Config\Cache), false)
 9 SYSTEMPATH\Boot.php(363): CodeIgniter\CodeIgniter->run()
10 SYSTEMPATH\Boot.php(68): CodeIgniter\Boot::runCodeIgniter(Object(CodeIgniter\CodeIgniter))
11 FCPATH\index.php(59): CodeIgniter\Boot::bootWeb(Object(Config\Paths))
12 SYSTEMPATH\rewrite.php(44): require_once('C:\\xampp\\htdocs\\ITE311-CASTILLO\\public\\index.php')
CRITICAL - 2025-10-10 12:24:05 --> [Caused by] CodeIgniter\Database\Exceptions\DatabaseException: Unknown column 'enrollments.enrollment_date' in 'field list'
in SYSTEMPATH\Database\MySQLi\Connection.php on line 332.
 1 SYSTEMPATH\Database\BaseConnection.php(729): CodeIgniter\Database\MySQLi\Connection->execute('SELECT `enrollments`.*, `courses`.`id` as `id`, `courses`.`title`, `courses`.`description`, `enrollments`.`enrollment_date`
FROM `enrollments`
INNER JOIN `courses` ON `courses`.`id` = `enrollments`.`course_id`
WHERE `enrollments`.`user_id` = 11
ORDER BY `enrollment_date` DESC')
 2 SYSTEMPATH\Database\BaseConnection.php(646): CodeIgniter\Database\BaseConnection->simpleQuery('SELECT `enrollments`.*, `courses`.`id` as `id`, `courses`.`title`, `courses`.`description`, `enrollments`.`enrollment_date`
FROM `enrollments`
INNER JOIN `courses` ON `courses`.`id` = `enrollments`.`course_id`
WHERE `enrollments`.`user_id` = 11
ORDER BY `enrollment_date` DESC')
 3 SYSTEMPATH\Database\BaseBuilder.php(1649): CodeIgniter\Database\BaseConnection->query('SELECT `enrollments`.*, `courses`.`id` as `id`, `courses`.`title`, `courses`.`description`, `enrollments`.`enrollment_date`
FROM `enrollments`
INNER JOIN `courses` ON `courses`.`id` = `enrollments`.`course_id`
WHERE `enrollments`.`user_id` = :enrollments.user_id:
ORDER BY `enrollment_date` DESC', [...], false)
 4 SYSTEMPATH\Model.php(286): CodeIgniter\Database\BaseBuilder->get()
 5 SYSTEMPATH\BaseModel.php(677): CodeIgniter\Model->doFindAll(0, 0)
 6 APPPATH\Models\EnrollmentModel.php(31): CodeIgniter\BaseModel->findAll()
 7 APPPATH\Controllers\Student\Enrollments.php(24): App\Models\EnrollmentModel->getUserEnrollments(11)
 8 SYSTEMPATH\CodeIgniter.php(933): App\Controllers\Student\Enrollments->index()
 9 SYSTEMPATH\CodeIgniter.php(507): CodeIgniter\CodeIgniter->runController(Object(App\Controllers\Student\Enrollments))
10 SYSTEMPATH\CodeIgniter.php(354): CodeIgniter\CodeIgniter->handleRequest(null, Object(Config\Cache), false)
11 SYSTEMPATH\Boot.php(363): CodeIgniter\CodeIgniter->run()
12 SYSTEMPATH\Boot.php(68): CodeIgniter\Boot::runCodeIgniter(Object(CodeIgniter\CodeIgniter))
13 FCPATH\index.php(59): CodeIgniter\Boot::bootWeb(Object(Config\Paths))
14 SYSTEMPATH\rewrite.php(44): require_once('C:\\xampp\\htdocs\\ITE311-CASTILLO\\public\\index.php')
CRITICAL - 2025-10-10 12:24:05 --> [Caused by] mysqli_sql_exception: Unknown column 'enrollments.enrollment_date' in 'field list'
in SYSTEMPATH\Database\MySQLi\Connection.php on line 327.
 1 SYSTEMPATH\Database\MySQLi\Connection.php(327): mysqli->query('SELECT `enrollments`.*, `courses`.`id` as `id`, `courses`.`title`, `courses`.`description`, `enrollments`.`enrollment_date`
FROM `enrollments`
INNER JOIN `courses` ON `courses`.`id` = `enrollments`.`course_id`
WHERE `enrollments`.`user_id` = 11
ORDER BY `enrollment_date` DESC', 0)
 2 SYSTEMPATH\Database\BaseConnection.php(729): CodeIgniter\Database\MySQLi\Connection->execute('SELECT `enrollments`.*, `courses`.`id` as `id`, `courses`.`title`, `courses`.`description`, `enrollments`.`enrollment_date`
FROM `enrollments`
INNER JOIN `courses` ON `courses`.`id` = `enrollments`.`course_id`
WHERE `enrollments`.`user_id` = 11
ORDER BY `enrollment_date` DESC')
 3 SYSTEMPATH\Database\BaseConnection.php(646): CodeIgniter\Database\BaseConnection->simpleQuery('SELECT `enrollments`.*, `courses`.`id` as `id`, `courses`.`title`, `courses`.`description`, `enrollments`.`enrollment_date`
FROM `enrollments`
INNER JOIN `courses` ON `courses`.`id` = `enrollments`.`course_id`
WHERE `enrollments`.`user_id` = 11
ORDER BY `enrollment_date` DESC')
 4 SYSTEMPATH\Database\BaseBuilder.php(1649): CodeIgniter\Database\BaseConnection->query('SELECT `enrollments`.*, `courses`.`id` as `id`, `courses`.`title`, `courses`.`description`, `enrollments`.`enrollment_date`
FROM `enrollments`
INNER JOIN `courses` ON `courses`.`id` = `enrollments`.`course_id`
WHERE `enrollments`.`user_id` = :enrollments.user_id:
ORDER BY `enrollment_date` DESC', [...], false)
 5 SYSTEMPATH\Model.php(286): CodeIgniter\Database\BaseBuilder->get()
 6 SYSTEMPATH\BaseModel.php(677): CodeIgniter\Model->doFindAll(0, 0)
 7 APPPATH\Models\EnrollmentModel.php(31): CodeIgniter\BaseModel->findAll()
 8 APPPATH\Controllers\Student\Enrollments.php(24): App\Models\EnrollmentModel->getUserEnrollments(11)
 9 SYSTEMPATH\CodeIgniter.php(933): App\Controllers\Student\Enrollments->index()
10 SYSTEMPATH\CodeIgniter.php(507): CodeIgniter\CodeIgniter->runController(Object(App\Controllers\Student\Enrollments))
11 SYSTEMPATH\CodeIgniter.php(354): CodeIgniter\CodeIgniter->handleRequest(null, Object(Config\Cache), false)
12 SYSTEMPATH\Boot.php(363): CodeIgniter\CodeIgniter->run()
13 SYSTEMPATH\Boot.php(68): CodeIgniter\Boot::runCodeIgniter(Object(CodeIgniter\CodeIgniter))
14 FCPATH\index.php(59): CodeIgniter\Boot::bootWeb(Object(Config\Paths))
15 SYSTEMPATH\rewrite.php(44): require_once('C:\\xampp\\htdocs\\ITE311-CASTILLO\\public\\index.php')
ERROR - 2025-10-10 12:25:30 --> mysqli_sql_exception: Unknown column 'enrollments.enrollment_date' in 'field list' in C:\xampp\htdocs\ITE311-CASTILLO\system\Database\MySQLi\Connection.php:327
Stack trace:
#0 C:\xampp\htdocs\ITE311-CASTILLO\system\Database\MySQLi\Connection.php(327): mysqli->query('SELECT `enrollm...', 0)
#1 C:\xampp\htdocs\ITE311-CASTILLO\system\Database\BaseConnection.php(729): CodeIgniter\Database\MySQLi\Connection->execute('SELECT `enrollm...')
#2 C:\xampp\htdocs\ITE311-CASTILLO\system\Database\BaseConnection.php(646): CodeIgniter\Database\BaseConnection->simpleQuery('SELECT `enrollm...')
#3 C:\xampp\htdocs\ITE311-CASTILLO\system\Database\BaseBuilder.php(1649): CodeIgniter\Database\BaseConnection->query('SELECT `enrollm...', Array, false)
#4 C:\xampp\htdocs\ITE311-CASTILLO\system\Model.php(286): CodeIgniter\Database\BaseBuilder->get()
#5 C:\xampp\htdocs\ITE311-CASTILLO\system\BaseModel.php(677): CodeIgniter\Model->doFindAll(0, 0)
#6 C:\xampp\htdocs\ITE311-CASTILLO\app\Models\EnrollmentModel.php(31): CodeIgniter\BaseModel->findAll()
#7 C:\xampp\htdocs\ITE311-CASTILLO\app\Controllers\Student\Enrollments.php(24): App\Models\EnrollmentModel->getUserEnrollments(11)
#8 C:\xampp\htdocs\ITE311-CASTILLO\system\CodeIgniter.php(933): App\Controllers\Student\Enrollments->index()
#9 C:\xampp\htdocs\ITE311-CASTILLO\system\CodeIgniter.php(507): CodeIgniter\CodeIgniter->runController(Object(App\Controllers\Student\Enrollments))
#10 C:\xampp\htdocs\ITE311-CASTILLO\system\CodeIgniter.php(354): CodeIgniter\CodeIgniter->handleRequest(NULL, Object(Config\Cache), false)
#11 C:\xampp\htdocs\ITE311-CASTILLO\system\Boot.php(363): CodeIgniter\CodeIgniter->run()
#12 C:\xampp\htdocs\ITE311-CASTILLO\system\Boot.php(68): CodeIgniter\Boot::runCodeIgniter(Object(CodeIgniter\CodeIgniter))
#13 C:\xampp\htdocs\ITE311-CASTILLO\public\index.php(59): CodeIgniter\Boot::bootWeb(Object(Config\Paths))
#14 C:\xampp\htdocs\ITE311-CASTILLO\system\rewrite.php(44): require_once('C:\\xampp\\htdocs...')
#15 {main}
CRITICAL - 2025-10-10 12:25:30 --> CodeIgniter\Database\Exceptions\DatabaseException: Unknown column 'enrollments.enrollment_date' in 'field list'
[Method: GET, Route: student/enrollments]
in SYSTEMPATH\Database\BaseConnection.php on line 684.
 1 SYSTEMPATH\Database\BaseBuilder.php(1649): CodeIgniter\Database\BaseConnection->query('SELECT `enrollments`.*, `courses`.`id` as `id`, `courses`.`title`, `courses`.`description`, `enrollments`.`enrollment_date`
FROM `enrollments`
INNER JOIN `courses` ON `courses`.`id` = `enrollments`.`course_id`
WHERE `enrollments`.`user_id` = :enrollments.user_id:
ORDER BY `enrollment_date` DESC', [...], false)
 2 SYSTEMPATH\Model.php(286): CodeIgniter\Database\BaseBuilder->get()
 3 SYSTEMPATH\BaseModel.php(677): CodeIgniter\Model->doFindAll(0, 0)
 4 APPPATH\Models\EnrollmentModel.php(31): CodeIgniter\BaseModel->findAll()
 5 APPPATH\Controllers\Student\Enrollments.php(24): App\Models\EnrollmentModel->getUserEnrollments(11)
 6 SYSTEMPATH\CodeIgniter.php(933): App\Controllers\Student\Enrollments->index()
 7 SYSTEMPATH\CodeIgniter.php(507): CodeIgniter\CodeIgniter->runController(Object(App\Controllers\Student\Enrollments))
 8 SYSTEMPATH\CodeIgniter.php(354): CodeIgniter\CodeIgniter->handleRequest(null, Object(Config\Cache), false)
 9 SYSTEMPATH\Boot.php(363): CodeIgniter\CodeIgniter->run()
10 SYSTEMPATH\Boot.php(68): CodeIgniter\Boot::runCodeIgniter(Object(CodeIgniter\CodeIgniter))
11 FCPATH\index.php(59): CodeIgniter\Boot::bootWeb(Object(Config\Paths))
12 SYSTEMPATH\rewrite.php(44): require_once('C:\\xampp\\htdocs\\ITE311-CASTILLO\\public\\index.php')
CRITICAL - 2025-10-10 12:25:30 --> [Caused by] CodeIgniter\Database\Exceptions\DatabaseException: Unknown column 'enrollments.enrollment_date' in 'field list'
in SYSTEMPATH\Database\MySQLi\Connection.php on line 332.
 1 SYSTEMPATH\Database\BaseConnection.php(729): CodeIgniter\Database\MySQLi\Connection->execute('SELECT `enrollments`.*, `courses`.`id` as `id`, `courses`.`title`, `courses`.`description`, `enrollments`.`enrollment_date`
FROM `enrollments`
INNER JOIN `courses` ON `courses`.`id` = `enrollments`.`course_id`
WHERE `enrollments`.`user_id` = 11
ORDER BY `enrollment_date` DESC')
 2 SYSTEMPATH\Database\BaseConnection.php(646): CodeIgniter\Database\BaseConnection->simpleQuery('SELECT `enrollments`.*, `courses`.`id` as `id`, `courses`.`title`, `courses`.`description`, `enrollments`.`enrollment_date`
FROM `enrollments`
INNER JOIN `courses` ON `courses`.`id` = `enrollments`.`course_id`
WHERE `enrollments`.`user_id` = 11
ORDER BY `enrollment_date` DESC')
 3 SYSTEMPATH\Database\BaseBuilder.php(1649): CodeIgniter\Database\BaseConnection->query('SELECT `enrollments`.*, `courses`.`id` as `id`, `courses`.`title`, `courses`.`description`, `enrollments`.`enrollment_date`
FROM `enrollments`
INNER JOIN `courses` ON `courses`.`id` = `enrollments`.`course_id`
WHERE `enrollments`.`user_id` = :enrollments.user_id:
ORDER BY `enrollment_date` DESC', [...], false)
 4 SYSTEMPATH\Model.php(286): CodeIgniter\Database\BaseBuilder->get()
 5 SYSTEMPATH\BaseModel.php(677): CodeIgniter\Model->doFindAll(0, 0)
 6 APPPATH\Models\EnrollmentModel.php(31): CodeIgniter\BaseModel->findAll()
 7 APPPATH\Controllers\Student\Enrollments.php(24): App\Models\EnrollmentModel->getUserEnrollments(11)
 8 SYSTEMPATH\CodeIgniter.php(933): App\Controllers\Student\Enrollments->index()
 9 SYSTEMPATH\CodeIgniter.php(507): CodeIgniter\CodeIgniter->runController(Object(App\Controllers\Student\Enrollments))
10 SYSTEMPATH\CodeIgniter.php(354): CodeIgniter\CodeIgniter->handleRequest(null, Object(Config\Cache), false)
11 SYSTEMPATH\Boot.php(363): CodeIgniter\CodeIgniter->run()
12 SYSTEMPATH\Boot.php(68): CodeIgniter\Boot::runCodeIgniter(Object(CodeIgniter\CodeIgniter))
13 FCPATH\index.php(59): CodeIgniter\Boot::bootWeb(Object(Config\Paths))
14 SYSTEMPATH\rewrite.php(44): require_once('C:\\xampp\\htdocs\\ITE311-CASTILLO\\public\\index.php')
CRITICAL - 2025-10-10 12:25:30 --> [Caused by] mysqli_sql_exception: Unknown column 'enrollments.enrollment_date' in 'field list'
in SYSTEMPATH\Database\MySQLi\Connection.php on line 327.
 1 SYSTEMPATH\Database\MySQLi\Connection.php(327): mysqli->query('SELECT `enrollments`.*, `courses`.`id` as `id`, `courses`.`title`, `courses`.`description`, `enrollments`.`enrollment_date`
FROM `enrollments`
INNER JOIN `courses` ON `courses`.`id` = `enrollments`.`course_id`
WHERE `enrollments`.`user_id` = 11
ORDER BY `enrollment_date` DESC', 0)
 2 SYSTEMPATH\Database\BaseConnection.php(729): CodeIgniter\Database\MySQLi\Connection->execute('SELECT `enrollments`.*, `courses`.`id` as `id`, `courses`.`title`, `courses`.`description`, `enrollments`.`enrollment_date`
FROM `enrollments`
INNER JOIN `courses` ON `courses`.`id` = `enrollments`.`course_id`
WHERE `enrollments`.`user_id` = 11
ORDER BY `enrollment_date` DESC')
 3 SYSTEMPATH\Database\BaseConnection.php(646): CodeIgniter\Database\BaseConnection->simpleQuery('SELECT `enrollments`.*, `courses`.`id` as `id`, `courses`.`title`, `courses`.`description`, `enrollments`.`enrollment_date`
FROM `enrollments`
INNER JOIN `courses` ON `courses`.`id` = `enrollments`.`course_id`
WHERE `enrollments`.`user_id` = 11
ORDER BY `enrollment_date` DESC')
 4 SYSTEMPATH\Database\BaseBuilder.php(1649): CodeIgniter\Database\BaseConnection->query('SELECT `enrollments`.*, `courses`.`id` as `id`, `courses`.`title`, `courses`.`description`, `enrollments`.`enrollment_date`
FROM `enrollments`
INNER JOIN `courses` ON `courses`.`id` = `enrollments`.`course_id`
WHERE `enrollments`.`user_id` = :enrollments.user_id:
ORDER BY `enrollment_date` DESC', [...], false)
 5 SYSTEMPATH\Model.php(286): CodeIgniter\Database\BaseBuilder->get()
 6 SYSTEMPATH\BaseModel.php(677): CodeIgniter\Model->doFindAll(0, 0)
 7 APPPATH\Models\EnrollmentModel.php(31): CodeIgniter\BaseModel->findAll()
 8 APPPATH\Controllers\Student\Enrollments.php(24): App\Models\EnrollmentModel->getUserEnrollments(11)
 9 SYSTEMPATH\CodeIgniter.php(933): App\Controllers\Student\Enrollments->index()
10 SYSTEMPATH\CodeIgniter.php(507): CodeIgniter\CodeIgniter->runController(Object(App\Controllers\Student\Enrollments))
11 SYSTEMPATH\CodeIgniter.php(354): CodeIgniter\CodeIgniter->handleRequest(null, Object(Config\Cache), false)
12 SYSTEMPATH\Boot.php(363): CodeIgniter\CodeIgniter->run()
13 SYSTEMPATH\Boot.php(68): CodeIgniter\Boot::runCodeIgniter(Object(CodeIgniter\CodeIgniter))
14 FCPATH\index.php(59): CodeIgniter\Boot::bootWeb(Object(Config\Paths))
15 SYSTEMPATH\rewrite.php(44): require_once('C:\\xampp\\htdocs\\ITE311-CASTILLO\\public\\index.php')
ERROR - 2025-10-10 12:26:17 --> mysqli_sql_exception: Unknown column 'enrollments.enrollment_date' in 'field list' in C:\xampp\htdocs\ITE311-CASTILLO\system\Database\MySQLi\Connection.php:327
Stack trace:
#0 C:\xampp\htdocs\ITE311-CASTILLO\system\Database\MySQLi\Connection.php(327): mysqli->query('SELECT `enrollm...', 0)
#1 C:\xampp\htdocs\ITE311-CASTILLO\system\Database\BaseConnection.php(729): CodeIgniter\Database\MySQLi\Connection->execute('SELECT `enrollm...')
#2 C:\xampp\htdocs\ITE311-CASTILLO\system\Database\BaseConnection.php(646): CodeIgniter\Database\BaseConnection->simpleQuery('SELECT `enrollm...')
#3 C:\xampp\htdocs\ITE311-CASTILLO\system\Database\BaseBuilder.php(1649): CodeIgniter\Database\BaseConnection->query('SELECT `enrollm...', Array, false)
#4 C:\xampp\htdocs\ITE311-CASTILLO\system\Model.php(286): CodeIgniter\Database\BaseBuilder->get()
#5 C:\xampp\htdocs\ITE311-CASTILLO\system\BaseModel.php(677): CodeIgniter\Model->doFindAll(0, 0)
#6 C:\xampp\htdocs\ITE311-CASTILLO\app\Models\EnrollmentModel.php(31): CodeIgniter\BaseModel->findAll()
#7 C:\xampp\htdocs\ITE311-CASTILLO\app\Controllers\Student\Enrollments.php(24): App\Models\EnrollmentModel->getUserEnrollments(11)
#8 C:\xampp\htdocs\ITE311-CASTILLO\system\CodeIgniter.php(933): App\Controllers\Student\Enrollments->index()
#9 C:\xampp\htdocs\ITE311-CASTILLO\system\CodeIgniter.php(507): CodeIgniter\CodeIgniter->runController(Object(App\Controllers\Student\Enrollments))
#10 C:\xampp\htdocs\ITE311-CASTILLO\system\CodeIgniter.php(354): CodeIgniter\CodeIgniter->handleRequest(NULL, Object(Config\Cache), false)
#11 C:\xampp\htdocs\ITE311-CASTILLO\system\Boot.php(363): CodeIgniter\CodeIgniter->run()
#12 C:\xampp\htdocs\ITE311-CASTILLO\system\Boot.php(68): CodeIgniter\Boot::runCodeIgniter(Object(CodeIgniter\CodeIgniter))
#13 C:\xampp\htdocs\ITE311-CASTILLO\public\index.php(59): CodeIgniter\Boot::bootWeb(Object(Config\Paths))
#14 C:\xampp\htdocs\ITE311-CASTILLO\system\rewrite.php(44): require_once('C:\\xampp\\htdocs...')
#15 {main}
CRITICAL - 2025-10-10 12:26:17 --> CodeIgniter\Database\Exceptions\DatabaseException: Unknown column 'enrollments.enrollment_date' in 'field list'
[Method: GET, Route: student/enrollments]
in SYSTEMPATH\Database\BaseConnection.php on line 684.
 1 SYSTEMPATH\Database\BaseBuilder.php(1649): CodeIgniter\Database\BaseConnection->query('SELECT `enrollments`.*, `courses`.`id` as `id`, `courses`.`title`, `courses`.`description`, `enrollments`.`enrollment_date`
FROM `enrollments`
INNER JOIN `courses` ON `courses`.`id` = `enrollments`.`course_id`
WHERE `enrollments`.`user_id` = :enrollments.user_id:
ORDER BY `enrollment_date` DESC', [...], false)
 2 SYSTEMPATH\Model.php(286): CodeIgniter\Database\BaseBuilder->get()
 3 SYSTEMPATH\BaseModel.php(677): CodeIgniter\Model->doFindAll(0, 0)
 4 APPPATH\Models\EnrollmentModel.php(31): CodeIgniter\BaseModel->findAll()
 5 APPPATH\Controllers\Student\Enrollments.php(24): App\Models\EnrollmentModel->getUserEnrollments(11)
 6 SYSTEMPATH\CodeIgniter.php(933): App\Controllers\Student\Enrollments->index()
 7 SYSTEMPATH\CodeIgniter.php(507): CodeIgniter\CodeIgniter->runController(Object(App\Controllers\Student\Enrollments))
 8 SYSTEMPATH\CodeIgniter.php(354): CodeIgniter\CodeIgniter->handleRequest(null, Object(Config\Cache), false)
 9 SYSTEMPATH\Boot.php(363): CodeIgniter\CodeIgniter->run()
10 SYSTEMPATH\Boot.php(68): CodeIgniter\Boot::runCodeIgniter(Object(CodeIgniter\CodeIgniter))
11 FCPATH\index.php(59): CodeIgniter\Boot::bootWeb(Object(Config\Paths))
12 SYSTEMPATH\rewrite.php(44): require_once('C:\\xampp\\htdocs\\ITE311-CASTILLO\\public\\index.php')
CRITICAL - 2025-10-10 12:26:17 --> [Caused by] CodeIgniter\Database\Exceptions\DatabaseException: Unknown column 'enrollments.enrollment_date' in 'field list'
in SYSTEMPATH\Database\MySQLi\Connection.php on line 332.
 1 SYSTEMPATH\Database\BaseConnection.php(729): CodeIgniter\Database\MySQLi\Connection->execute('SELECT `enrollments`.*, `courses`.`id` as `id`, `courses`.`title`, `courses`.`description`, `enrollments`.`enrollment_date`
FROM `enrollments`
INNER JOIN `courses` ON `courses`.`id` = `enrollments`.`course_id`
WHERE `enrollments`.`user_id` = 11
ORDER BY `enrollment_date` DESC')
 2 SYSTEMPATH\Database\BaseConnection.php(646): CodeIgniter\Database\BaseConnection->simpleQuery('SELECT `enrollments`.*, `courses`.`id` as `id`, `courses`.`title`, `courses`.`description`, `enrollments`.`enrollment_date`
FROM `enrollments`
INNER JOIN `courses` ON `courses`.`id` = `enrollments`.`course_id`
WHERE `enrollments`.`user_id` = 11
ORDER BY `enrollment_date` DESC')
 3 SYSTEMPATH\Database\BaseBuilder.php(1649): CodeIgniter\Database\BaseConnection->query('SELECT `enrollments`.*, `courses`.`id` as `id`, `courses`.`title`, `courses`.`description`, `enrollments`.`enrollment_date`
FROM `enrollments`
INNER JOIN `courses` ON `courses`.`id` = `enrollments`.`course_id`
WHERE `enrollments`.`user_id` = :enrollments.user_id:
ORDER BY `enrollment_date` DESC', [...], false)
 4 SYSTEMPATH\Model.php(286): CodeIgniter\Database\BaseBuilder->get()
 5 SYSTEMPATH\BaseModel.php(677): CodeIgniter\Model->doFindAll(0, 0)
 6 APPPATH\Models\EnrollmentModel.php(31): CodeIgniter\BaseModel->findAll()
 7 APPPATH\Controllers\Student\Enrollments.php(24): App\Models\EnrollmentModel->getUserEnrollments(11)
 8 SYSTEMPATH\CodeIgniter.php(933): App\Controllers\Student\Enrollments->index()
 9 SYSTEMPATH\CodeIgniter.php(507): CodeIgniter\CodeIgniter->runController(Object(App\Controllers\Student\Enrollments))
10 SYSTEMPATH\CodeIgniter.php(354): CodeIgniter\CodeIgniter->handleRequest(null, Object(Config\Cache), false)
11 SYSTEMPATH\Boot.php(363): CodeIgniter\CodeIgniter->run()
12 SYSTEMPATH\Boot.php(68): CodeIgniter\Boot::runCodeIgniter(Object(CodeIgniter\CodeIgniter))
13 FCPATH\index.php(59): CodeIgniter\Boot::bootWeb(Object(Config\Paths))
14 SYSTEMPATH\rewrite.php(44): require_once('C:\\xampp\\htdocs\\ITE311-CASTILLO\\public\\index.php')
CRITICAL - 2025-10-10 12:26:17 --> [Caused by] mysqli_sql_exception: Unknown column 'enrollments.enrollment_date' in 'field list'
in SYSTEMPATH\Database\MySQLi\Connection.php on line 327.
 1 SYSTEMPATH\Database\MySQLi\Connection.php(327): mysqli->query('SELECT `enrollments`.*, `courses`.`id` as `id`, `courses`.`title`, `courses`.`description`, `enrollments`.`enrollment_date`
FROM `enrollments`
INNER JOIN `courses` ON `courses`.`id` = `enrollments`.`course_id`
WHERE `enrollments`.`user_id` = 11
ORDER BY `enrollment_date` DESC', 0)
 2 SYSTEMPATH\Database\BaseConnection.php(729): CodeIgniter\Database\MySQLi\Connection->execute('SELECT `enrollments`.*, `courses`.`id` as `id`, `courses`.`title`, `courses`.`description`, `enrollments`.`enrollment_date`
FROM `enrollments`
INNER JOIN `courses` ON `courses`.`id` = `enrollments`.`course_id`
WHERE `enrollments`.`user_id` = 11
ORDER BY `enrollment_date` DESC')
 3 SYSTEMPATH\Database\BaseConnection.php(646): CodeIgniter\Database\BaseConnection->simpleQuery('SELECT `enrollments`.*, `courses`.`id` as `id`, `courses`.`title`, `courses`.`description`, `enrollments`.`enrollment_date`
FROM `enrollments`
INNER JOIN `courses` ON `courses`.`id` = `enrollments`.`course_id`
WHERE `enrollments`.`user_id` = 11
ORDER BY `enrollment_date` DESC')
 4 SYSTEMPATH\Database\BaseBuilder.php(1649): CodeIgniter\Database\BaseConnection->query('SELECT `enrollments`.*, `courses`.`id` as `id`, `courses`.`title`, `courses`.`description`, `enrollments`.`enrollment_date`
FROM `enrollments`
INNER JOIN `courses` ON `courses`.`id` = `enrollments`.`course_id`
WHERE `enrollments`.`user_id` = :enrollments.user_id:
ORDER BY `enrollment_date` DESC', [...], false)
 5 SYSTEMPATH\Model.php(286): CodeIgniter\Database\BaseBuilder->get()
 6 SYSTEMPATH\BaseModel.php(677): CodeIgniter\Model->doFindAll(0, 0)
 7 APPPATH\Models\EnrollmentModel.php(31): CodeIgniter\BaseModel->findAll()
 8 APPPATH\Controllers\Student\Enrollments.php(24): App\Models\EnrollmentModel->getUserEnrollments(11)
 9 SYSTEMPATH\CodeIgniter.php(933): App\Controllers\Student\Enrollments->index()
10 SYSTEMPATH\CodeIgniter.php(507): CodeIgniter\CodeIgniter->runController(Object(App\Controllers\Student\Enrollments))
11 SYSTEMPATH\CodeIgniter.php(354): CodeIgniter\CodeIgniter->handleRequest(null, Object(Config\Cache), false)
12 SYSTEMPATH\Boot.php(363): CodeIgniter\CodeIgniter->run()
13 SYSTEMPATH\Boot.php(68): CodeIgniter\Boot::runCodeIgniter(Object(CodeIgniter\CodeIgniter))
14 FCPATH\index.php(59): CodeIgniter\Boot::bootWeb(Object(Config\Paths))
15 SYSTEMPATH\rewrite.php(44): require_once('C:\\xampp\\htdocs\\ITE311-CASTILLO\\public\\index.php')
ERROR - 2025-10-10 12:26:55 --> mysqli_sql_exception: Unknown column 'enrollments.enrollment_date' in 'field list' in C:\xampp\htdocs\ITE311-CASTILLO\system\Database\MySQLi\Connection.php:327
Stack trace:
#0 C:\xampp\htdocs\ITE311-CASTILLO\system\Database\MySQLi\Connection.php(327): mysqli->query('SELECT `enrollm...', 0)
#1 C:\xampp\htdocs\ITE311-CASTILLO\system\Database\BaseConnection.php(729): CodeIgniter\Database\MySQLi\Connection->execute('SELECT `enrollm...')
#2 C:\xampp\htdocs\ITE311-CASTILLO\system\Database\BaseConnection.php(646): CodeIgniter\Database\BaseConnection->simpleQuery('SELECT `enrollm...')
#3 C:\xampp\htdocs\ITE311-CASTILLO\system\Database\BaseBuilder.php(1649): CodeIgniter\Database\BaseConnection->query('SELECT `enrollm...', Array, false)
#4 C:\xampp\htdocs\ITE311-CASTILLO\system\Model.php(286): CodeIgniter\Database\BaseBuilder->get()
#5 C:\xampp\htdocs\ITE311-CASTILLO\system\BaseModel.php(677): CodeIgniter\Model->doFindAll(0, 0)
#6 C:\xampp\htdocs\ITE311-CASTILLO\app\Models\EnrollmentModel.php(31): CodeIgniter\BaseModel->findAll()
#7 C:\xampp\htdocs\ITE311-CASTILLO\app\Controllers\Student\Enrollments.php(24): App\Models\EnrollmentModel->getUserEnrollments(11)
#8 C:\xampp\htdocs\ITE311-CASTILLO\system\CodeIgniter.php(933): App\Controllers\Student\Enrollments->index()
#9 C:\xampp\htdocs\ITE311-CASTILLO\system\CodeIgniter.php(507): CodeIgniter\CodeIgniter->runController(Object(App\Controllers\Student\Enrollments))
#10 C:\xampp\htdocs\ITE311-CASTILLO\system\CodeIgniter.php(354): CodeIgniter\CodeIgniter->handleRequest(NULL, Object(Config\Cache), false)
#11 C:\xampp\htdocs\ITE311-CASTILLO\system\Boot.php(363): CodeIgniter\CodeIgniter->run()
#12 C:\xampp\htdocs\ITE311-CASTILLO\system\Boot.php(68): CodeIgniter\Boot::runCodeIgniter(Object(CodeIgniter\CodeIgniter))
#13 C:\xampp\htdocs\ITE311-CASTILLO\public\index.php(59): CodeIgniter\Boot::bootWeb(Object(Config\Paths))
#14 C:\xampp\htdocs\ITE311-CASTILLO\system\rewrite.php(44): require_once('C:\\xampp\\htdocs...')
#15 {main}
CRITICAL - 2025-10-10 12:26:55 --> CodeIgniter\Database\Exceptions\DatabaseException: Unknown column 'enrollments.enrollment_date' in 'field list'
[Method: GET, Route: student/enrollments]
in SYSTEMPATH\Database\BaseConnection.php on line 684.
 1 SYSTEMPATH\Database\BaseBuilder.php(1649): CodeIgniter\Database\BaseConnection->query('SELECT `enrollments`.*, `courses`.`id` as `id`, `courses`.`title`, `courses`.`description`, `enrollments`.`enrollment_date`
FROM `enrollments`
INNER JOIN `courses` ON `courses`.`id` = `enrollments`.`course_id`
WHERE `enrollments`.`user_id` = :enrollments.user_id:
ORDER BY `enrollment_date` DESC', [...], false)
 2 SYSTEMPATH\Model.php(286): CodeIgniter\Database\BaseBuilder->get()
 3 SYSTEMPATH\BaseModel.php(677): CodeIgniter\Model->doFindAll(0, 0)
 4 APPPATH\Models\EnrollmentModel.php(31): CodeIgniter\BaseModel->findAll()
 5 APPPATH\Controllers\Student\Enrollments.php(24): App\Models\EnrollmentModel->getUserEnrollments(11)
 6 SYSTEMPATH\CodeIgniter.php(933): App\Controllers\Student\Enrollments->index()
 7 SYSTEMPATH\CodeIgniter.php(507): CodeIgniter\CodeIgniter->runController(Object(App\Controllers\Student\Enrollments))
 8 SYSTEMPATH\CodeIgniter.php(354): CodeIgniter\CodeIgniter->handleRequest(null, Object(Config\Cache), false)
 9 SYSTEMPATH\Boot.php(363): CodeIgniter\CodeIgniter->run()
10 SYSTEMPATH\Boot.php(68): CodeIgniter\Boot::runCodeIgniter(Object(CodeIgniter\CodeIgniter))
11 FCPATH\index.php(59): CodeIgniter\Boot::bootWeb(Object(Config\Paths))
12 SYSTEMPATH\rewrite.php(44): require_once('C:\\xampp\\htdocs\\ITE311-CASTILLO\\public\\index.php')
CRITICAL - 2025-10-10 12:26:55 --> [Caused by] CodeIgniter\Database\Exceptions\DatabaseException: Unknown column 'enrollments.enrollment_date' in 'field list'
in SYSTEMPATH\Database\MySQLi\Connection.php on line 332.
 1 SYSTEMPATH\Database\BaseConnection.php(729): CodeIgniter\Database\MySQLi\Connection->execute('SELECT `enrollments`.*, `courses`.`id` as `id`, `courses`.`title`, `courses`.`description`, `enrollments`.`enrollment_date`
FROM `enrollments`
INNER JOIN `courses` ON `courses`.`id` = `enrollments`.`course_id`
WHERE `enrollments`.`user_id` = 11
ORDER BY `enrollment_date` DESC')
 2 SYSTEMPATH\Database\BaseConnection.php(646): CodeIgniter\Database\BaseConnection->simpleQuery('SELECT `enrollments`.*, `courses`.`id` as `id`, `courses`.`title`, `courses`.`description`, `enrollments`.`enrollment_date`
FROM `enrollments`
INNER JOIN `courses` ON `courses`.`id` = `enrollments`.`course_id`
WHERE `enrollments`.`user_id` = 11
ORDER BY `enrollment_date` DESC')
 3 SYSTEMPATH\Database\BaseBuilder.php(1649): CodeIgniter\Database\BaseConnection->query('SELECT `enrollments`.*, `courses`.`id` as `id`, `courses`.`title`, `courses`.`description`, `enrollments`.`enrollment_date`
FROM `enrollments`
INNER JOIN `courses` ON `courses`.`id` = `enrollments`.`course_id`
WHERE `enrollments`.`user_id` = :enrollments.user_id:
ORDER BY `enrollment_date` DESC', [...], false)
 4 SYSTEMPATH\Model.php(286): CodeIgniter\Database\BaseBuilder->get()
 5 SYSTEMPATH\BaseModel.php(677): CodeIgniter\Model->doFindAll(0, 0)
 6 APPPATH\Models\EnrollmentModel.php(31): CodeIgniter\BaseModel->findAll()
 7 APPPATH\Controllers\Student\Enrollments.php(24): App\Models\EnrollmentModel->getUserEnrollments(11)
 8 SYSTEMPATH\CodeIgniter.php(933): App\Controllers\Student\Enrollments->index()
 9 SYSTEMPATH\CodeIgniter.php(507): CodeIgniter\CodeIgniter->runController(Object(App\Controllers\Student\Enrollments))
10 SYSTEMPATH\CodeIgniter.php(354): CodeIgniter\CodeIgniter->handleRequest(null, Object(Config\Cache), false)
11 SYSTEMPATH\Boot.php(363): CodeIgniter\CodeIgniter->run()
12 SYSTEMPATH\Boot.php(68): CodeIgniter\Boot::runCodeIgniter(Object(CodeIgniter\CodeIgniter))
13 FCPATH\index.php(59): CodeIgniter\Boot::bootWeb(Object(Config\Paths))
14 SYSTEMPATH\rewrite.php(44): require_once('C:\\xampp\\htdocs\\ITE311-CASTILLO\\public\\index.php')
CRITICAL - 2025-10-10 12:26:55 --> [Caused by] mysqli_sql_exception: Unknown column 'enrollments.enrollment_date' in 'field list'
in SYSTEMPATH\Database\MySQLi\Connection.php on line 327.
 1 SYSTEMPATH\Database\MySQLi\Connection.php(327): mysqli->query('SELECT `enrollments`.*, `courses`.`id` as `id`, `courses`.`title`, `courses`.`description`, `enrollments`.`enrollment_date`
FROM `enrollments`
INNER JOIN `courses` ON `courses`.`id` = `enrollments`.`course_id`
WHERE `enrollments`.`user_id` = 11
ORDER BY `enrollment_date` DESC', 0)
 2 SYSTEMPATH\Database\BaseConnection.php(729): CodeIgniter\Database\MySQLi\Connection->execute('SELECT `enrollments`.*, `courses`.`id` as `id`, `courses`.`title`, `courses`.`description`, `enrollments`.`enrollment_date`
FROM `enrollments`
INNER JOIN `courses` ON `courses`.`id` = `enrollments`.`course_id`
WHERE `enrollments`.`user_id` = 11
ORDER BY `enrollment_date` DESC')
 3 SYSTEMPATH\Database\BaseConnection.php(646): CodeIgniter\Database\BaseConnection->simpleQuery('SELECT `enrollments`.*, `courses`.`id` as `id`, `courses`.`title`, `courses`.`description`, `enrollments`.`enrollment_date`
FROM `enrollments`
INNER JOIN `courses` ON `courses`.`id` = `enrollments`.`course_id`
WHERE `enrollments`.`user_id` = 11
ORDER BY `enrollment_date` DESC')
 4 SYSTEMPATH\Database\BaseBuilder.php(1649): CodeIgniter\Database\BaseConnection->query('SELECT `enrollments`.*, `courses`.`id` as `id`, `courses`.`title`, `courses`.`description`, `enrollments`.`enrollment_date`
FROM `enrollments`
INNER JOIN `courses` ON `courses`.`id` = `enrollments`.`course_id`
WHERE `enrollments`.`user_id` = :enrollments.user_id:
ORDER BY `enrollment_date` DESC', [...], false)
 5 SYSTEMPATH\Model.php(286): CodeIgniter\Database\BaseBuilder->get()
 6 SYSTEMPATH\BaseModel.php(677): CodeIgniter\Model->doFindAll(0, 0)
 7 APPPATH\Models\EnrollmentModel.php(31): CodeIgniter\BaseModel->findAll()
 8 APPPATH\Controllers\Student\Enrollments.php(24): App\Models\EnrollmentModel->getUserEnrollments(11)
 9 SYSTEMPATH\CodeIgniter.php(933): App\Controllers\Student\Enrollments->index()
10 SYSTEMPATH\CodeIgniter.php(507): CodeIgniter\CodeIgniter->runController(Object(App\Controllers\Student\Enrollments))
11 SYSTEMPATH\CodeIgniter.php(354): CodeIgniter\CodeIgniter->handleRequest(null, Object(Config\Cache), false)
12 SYSTEMPATH\Boot.php(363): CodeIgniter\CodeIgniter->run()
13 SYSTEMPATH\Boot.php(68): CodeIgniter\Boot::runCodeIgniter(Object(CodeIgniter\CodeIgniter))
14 FCPATH\index.php(59): CodeIgniter\Boot::bootWeb(Object(Config\Paths))
15 SYSTEMPATH\rewrite.php(44): require_once('C:\\xampp\\htdocs\\ITE311-CASTILLO\\public\\index.php')
ERROR - 2025-10-10 12:26:58 --> mysqli_sql_exception: Unknown column 'enrollments.enrollment_date' in 'field list' in C:\xampp\htdocs\ITE311-CASTILLO\system\Database\MySQLi\Connection.php:327
Stack trace:
#0 C:\xampp\htdocs\ITE311-CASTILLO\system\Database\MySQLi\Connection.php(327): mysqli->query('SELECT `enrollm...', 0)
#1 C:\xampp\htdocs\ITE311-CASTILLO\system\Database\BaseConnection.php(729): CodeIgniter\Database\MySQLi\Connection->execute('SELECT `enrollm...')
#2 C:\xampp\htdocs\ITE311-CASTILLO\system\Database\BaseConnection.php(646): CodeIgniter\Database\BaseConnection->simpleQuery('SELECT `enrollm...')
#3 C:\xampp\htdocs\ITE311-CASTILLO\system\Database\BaseBuilder.php(1649): CodeIgniter\Database\BaseConnection->query('SELECT `enrollm...', Array, false)
#4 C:\xampp\htdocs\ITE311-CASTILLO\system\Model.php(286): CodeIgniter\Database\BaseBuilder->get()
#5 C:\xampp\htdocs\ITE311-CASTILLO\system\BaseModel.php(677): CodeIgniter\Model->doFindAll(0, 0)
#6 C:\xampp\htdocs\ITE311-CASTILLO\app\Models\EnrollmentModel.php(31): CodeIgniter\BaseModel->findAll()
#7 C:\xampp\htdocs\ITE311-CASTILLO\app\Controllers\Student\Enrollments.php(24): App\Models\EnrollmentModel->getUserEnrollments(11)
#8 C:\xampp\htdocs\ITE311-CASTILLO\system\CodeIgniter.php(933): App\Controllers\Student\Enrollments->index()
#9 C:\xampp\htdocs\ITE311-CASTILLO\system\CodeIgniter.php(507): CodeIgniter\CodeIgniter->runController(Object(App\Controllers\Student\Enrollments))
#10 C:\xampp\htdocs\ITE311-CASTILLO\system\CodeIgniter.php(354): CodeIgniter\CodeIgniter->handleRequest(NULL, Object(Config\Cache), false)
#11 C:\xampp\htdocs\ITE311-CASTILLO\system\Boot.php(363): CodeIgniter\CodeIgniter->run()
#12 C:\xampp\htdocs\ITE311-CASTILLO\system\Boot.php(68): CodeIgniter\Boot::runCodeIgniter(Object(CodeIgniter\CodeIgniter))
#13 C:\xampp\htdocs\ITE311-CASTILLO\public\index.php(59): CodeIgniter\Boot::bootWeb(Object(Config\Paths))
#14 C:\xampp\htdocs\ITE311-CASTILLO\system\rewrite.php(44): require_once('C:\\xampp\\htdocs...')
#15 {main}
CRITICAL - 2025-10-10 12:26:58 --> CodeIgniter\Database\Exceptions\DatabaseException: Unknown column 'enrollments.enrollment_date' in 'field list'
[Method: GET, Route: student/enrollments]
in SYSTEMPATH\Database\BaseConnection.php on line 684.
 1 SYSTEMPATH\Database\BaseBuilder.php(1649): CodeIgniter\Database\BaseConnection->query('SELECT `enrollments`.*, `courses`.`id` as `id`, `courses`.`title`, `courses`.`description`, `enrollments`.`enrollment_date`
FROM `enrollments`
INNER JOIN `courses` ON `courses`.`id` = `enrollments`.`course_id`
WHERE `enrollments`.`user_id` = :enrollments.user_id:
ORDER BY `enrollment_date` DESC', [...], false)
 2 SYSTEMPATH\Model.php(286): CodeIgniter\Database\BaseBuilder->get()
 3 SYSTEMPATH\BaseModel.php(677): CodeIgniter\Model->doFindAll(0, 0)
 4 APPPATH\Models\EnrollmentModel.php(31): CodeIgniter\BaseModel->findAll()
 5 APPPATH\Controllers\Student\Enrollments.php(24): App\Models\EnrollmentModel->getUserEnrollments(11)
 6 SYSTEMPATH\CodeIgniter.php(933): App\Controllers\Student\Enrollments->index()
 7 SYSTEMPATH\CodeIgniter.php(507): CodeIgniter\CodeIgniter->runController(Object(App\Controllers\Student\Enrollments))
 8 SYSTEMPATH\CodeIgniter.php(354): CodeIgniter\CodeIgniter->handleRequest(null, Object(Config\Cache), false)
 9 SYSTEMPATH\Boot.php(363): CodeIgniter\CodeIgniter->run()
10 SYSTEMPATH\Boot.php(68): CodeIgniter\Boot::runCodeIgniter(Object(CodeIgniter\CodeIgniter))
11 FCPATH\index.php(59): CodeIgniter\Boot::bootWeb(Object(Config\Paths))
12 SYSTEMPATH\rewrite.php(44): require_once('C:\\xampp\\htdocs\\ITE311-CASTILLO\\public\\index.php')
CRITICAL - 2025-10-10 12:26:58 --> [Caused by] CodeIgniter\Database\Exceptions\DatabaseException: Unknown column 'enrollments.enrollment_date' in 'field list'
in SYSTEMPATH\Database\MySQLi\Connection.php on line 332.
 1 SYSTEMPATH\Database\BaseConnection.php(729): CodeIgniter\Database\MySQLi\Connection->execute('SELECT `enrollments`.*, `courses`.`id` as `id`, `courses`.`title`, `courses`.`description`, `enrollments`.`enrollment_date`
FROM `enrollments`
INNER JOIN `courses` ON `courses`.`id` = `enrollments`.`course_id`
WHERE `enrollments`.`user_id` = 11
ORDER BY `enrollment_date` DESC')
 2 SYSTEMPATH\Database\BaseConnection.php(646): CodeIgniter\Database\BaseConnection->simpleQuery('SELECT `enrollments`.*, `courses`.`id` as `id`, `courses`.`title`, `courses`.`description`, `enrollments`.`enrollment_date`
FROM `enrollments`
INNER JOIN `courses` ON `courses`.`id` = `enrollments`.`course_id`
WHERE `enrollments`.`user_id` = 11
ORDER BY `enrollment_date` DESC')
 3 SYSTEMPATH\Database\BaseBuilder.php(1649): CodeIgniter\Database\BaseConnection->query('SELECT `enrollments`.*, `courses`.`id` as `id`, `courses`.`title`, `courses`.`description`, `enrollments`.`enrollment_date`
FROM `enrollments`
INNER JOIN `courses` ON `courses`.`id` = `enrollments`.`course_id`
WHERE `enrollments`.`user_id` = :enrollments.user_id:
ORDER BY `enrollment_date` DESC', [...], false)
 4 SYSTEMPATH\Model.php(286): CodeIgniter\Database\BaseBuilder->get()
 5 SYSTEMPATH\BaseModel.php(677): CodeIgniter\Model->doFindAll(0, 0)
 6 APPPATH\Models\EnrollmentModel.php(31): CodeIgniter\BaseModel->findAll()
 7 APPPATH\Controllers\Student\Enrollments.php(24): App\Models\EnrollmentModel->getUserEnrollments(11)
 8 SYSTEMPATH\CodeIgniter.php(933): App\Controllers\Student\Enrollments->index()
 9 SYSTEMPATH\CodeIgniter.php(507): CodeIgniter\CodeIgniter->runController(Object(App\Controllers\Student\Enrollments))
10 SYSTEMPATH\CodeIgniter.php(354): CodeIgniter\CodeIgniter->handleRequest(null, Object(Config\Cache), false)
11 SYSTEMPATH\Boot.php(363): CodeIgniter\CodeIgniter->run()
12 SYSTEMPATH\Boot.php(68): CodeIgniter\Boot::runCodeIgniter(Object(CodeIgniter\CodeIgniter))
13 FCPATH\index.php(59): CodeIgniter\Boot::bootWeb(Object(Config\Paths))
14 SYSTEMPATH\rewrite.php(44): require_once('C:\\xampp\\htdocs\\ITE311-CASTILLO\\public\\index.php')
CRITICAL - 2025-10-10 12:26:58 --> [Caused by] mysqli_sql_exception: Unknown column 'enrollments.enrollment_date' in 'field list'
in SYSTEMPATH\Database\MySQLi\Connection.php on line 327.
 1 SYSTEMPATH\Database\MySQLi\Connection.php(327): mysqli->query('SELECT `enrollments`.*, `courses`.`id` as `id`, `courses`.`title`, `courses`.`description`, `enrollments`.`enrollment_date`
FROM `enrollments`
INNER JOIN `courses` ON `courses`.`id` = `enrollments`.`course_id`
WHERE `enrollments`.`user_id` = 11
ORDER BY `enrollment_date` DESC', 0)
 2 SYSTEMPATH\Database\BaseConnection.php(729): CodeIgniter\Database\MySQLi\Connection->execute('SELECT `enrollments`.*, `courses`.`id` as `id`, `courses`.`title`, `courses`.`description`, `enrollments`.`enrollment_date`
FROM `enrollments`
INNER JOIN `courses` ON `courses`.`id` = `enrollments`.`course_id`
WHERE `enrollments`.`user_id` = 11
ORDER BY `enrollment_date` DESC')
 3 SYSTEMPATH\Database\BaseConnection.php(646): CodeIgniter\Database\BaseConnection->simpleQuery('SELECT `enrollments`.*, `courses`.`id` as `id`, `courses`.`title`, `courses`.`description`, `enrollments`.`enrollment_date`
FROM `enrollments`
INNER JOIN `courses` ON `courses`.`id` = `enrollments`.`course_id`
WHERE `enrollments`.`user_id` = 11
ORDER BY `enrollment_date` DESC')
 4 SYSTEMPATH\Database\BaseBuilder.php(1649): CodeIgniter\Database\BaseConnection->query('SELECT `enrollments`.*, `courses`.`id` as `id`, `courses`.`title`, `courses`.`description`, `enrollments`.`enrollment_date`
FROM `enrollments`
INNER JOIN `courses` ON `courses`.`id` = `enrollments`.`course_id`
WHERE `enrollments`.`user_id` = :enrollments.user_id:
ORDER BY `enrollment_date` DESC', [...], false)
 5 SYSTEMPATH\Model.php(286): CodeIgniter\Database\BaseBuilder->get()
 6 SYSTEMPATH\BaseModel.php(677): CodeIgniter\Model->doFindAll(0, 0)
 7 APPPATH\Models\EnrollmentModel.php(31): CodeIgniter\BaseModel->findAll()
 8 APPPATH\Controllers\Student\Enrollments.php(24): App\Models\EnrollmentModel->getUserEnrollments(11)
 9 SYSTEMPATH\CodeIgniter.php(933): App\Controllers\Student\Enrollments->index()
10 SYSTEMPATH\CodeIgniter.php(507): CodeIgniter\CodeIgniter->runController(Object(App\Controllers\Student\Enrollments))
11 SYSTEMPATH\CodeIgniter.php(354): CodeIgniter\CodeIgniter->handleRequest(null, Object(Config\Cache), false)
12 SYSTEMPATH\Boot.php(363): CodeIgniter\CodeIgniter->run()
13 SYSTEMPATH\Boot.php(68): CodeIgniter\Boot::runCodeIgniter(Object(CodeIgniter\CodeIgniter))
14 FCPATH\index.php(59): CodeIgniter\Boot::bootWeb(Object(Config\Paths))
15 SYSTEMPATH\rewrite.php(44): require_once('C:\\xampp\\htdocs\\ITE311-CASTILLO\\public\\index.php')
ERROR - 2025-10-10 12:27:00 --> mysqli_sql_exception: Unknown column 'enrollments.enrollment_date' in 'field list' in C:\xampp\htdocs\ITE311-CASTILLO\system\Database\MySQLi\Connection.php:327
Stack trace:
#0 C:\xampp\htdocs\ITE311-CASTILLO\system\Database\MySQLi\Connection.php(327): mysqli->query('SELECT `enrollm...', 0)
#1 C:\xampp\htdocs\ITE311-CASTILLO\system\Database\BaseConnection.php(729): CodeIgniter\Database\MySQLi\Connection->execute('SELECT `enrollm...')
#2 C:\xampp\htdocs\ITE311-CASTILLO\system\Database\BaseConnection.php(646): CodeIgniter\Database\BaseConnection->simpleQuery('SELECT `enrollm...')
#3 C:\xampp\htdocs\ITE311-CASTILLO\system\Database\BaseBuilder.php(1649): CodeIgniter\Database\BaseConnection->query('SELECT `enrollm...', Array, false)
#4 C:\xampp\htdocs\ITE311-CASTILLO\system\Model.php(286): CodeIgniter\Database\BaseBuilder->get()
#5 C:\xampp\htdocs\ITE311-CASTILLO\system\BaseModel.php(677): CodeIgniter\Model->doFindAll(0, 0)
#6 C:\xampp\htdocs\ITE311-CASTILLO\app\Models\EnrollmentModel.php(31): CodeIgniter\BaseModel->findAll()
#7 C:\xampp\htdocs\ITE311-CASTILLO\app\Controllers\Student\Enrollments.php(24): App\Models\EnrollmentModel->getUserEnrollments(11)
#8 C:\xampp\htdocs\ITE311-CASTILLO\system\CodeIgniter.php(933): App\Controllers\Student\Enrollments->index()
#9 C:\xampp\htdocs\ITE311-CASTILLO\system\CodeIgniter.php(507): CodeIgniter\CodeIgniter->runController(Object(App\Controllers\Student\Enrollments))
#10 C:\xampp\htdocs\ITE311-CASTILLO\system\CodeIgniter.php(354): CodeIgniter\CodeIgniter->handleRequest(NULL, Object(Config\Cache), false)
#11 C:\xampp\htdocs\ITE311-CASTILLO\system\Boot.php(363): CodeIgniter\CodeIgniter->run()
#12 C:\xampp\htdocs\ITE311-CASTILLO\system\Boot.php(68): CodeIgniter\Boot::runCodeIgniter(Object(CodeIgniter\CodeIgniter))
#13 C:\xampp\htdocs\ITE311-CASTILLO\public\index.php(59): CodeIgniter\Boot::bootWeb(Object(Config\Paths))
#14 C:\xampp\htdocs\ITE311-CASTILLO\system\rewrite.php(44): require_once('C:\\xampp\\htdocs...')
#15 {main}
CRITICAL - 2025-10-10 12:27:00 --> CodeIgniter\Database\Exceptions\DatabaseException: Unknown column 'enrollments.enrollment_date' in 'field list'
[Method: GET, Route: student/enrollments]
in SYSTEMPATH\Database\BaseConnection.php on line 684.
 1 SYSTEMPATH\Database\BaseBuilder.php(1649): CodeIgniter\Database\BaseConnection->query('SELECT `enrollments`.*, `courses`.`id` as `id`, `courses`.`title`, `courses`.`description`, `enrollments`.`enrollment_date`
FROM `enrollments`
INNER JOIN `courses` ON `courses`.`id` = `enrollments`.`course_id`
WHERE `enrollments`.`user_id` = :enrollments.user_id:
ORDER BY `enrollment_date` DESC', [...], false)
 2 SYSTEMPATH\Model.php(286): CodeIgniter\Database\BaseBuilder->get()
 3 SYSTEMPATH\BaseModel.php(677): CodeIgniter\Model->doFindAll(0, 0)
 4 APPPATH\Models\EnrollmentModel.php(31): CodeIgniter\BaseModel->findAll()
 5 APPPATH\Controllers\Student\Enrollments.php(24): App\Models\EnrollmentModel->getUserEnrollments(11)
 6 SYSTEMPATH\CodeIgniter.php(933): App\Controllers\Student\Enrollments->index()
 7 SYSTEMPATH\CodeIgniter.php(507): CodeIgniter\CodeIgniter->runController(Object(App\Controllers\Student\Enrollments))
 8 SYSTEMPATH\CodeIgniter.php(354): CodeIgniter\CodeIgniter->handleRequest(null, Object(Config\Cache), false)
 9 SYSTEMPATH\Boot.php(363): CodeIgniter\CodeIgniter->run()
10 SYSTEMPATH\Boot.php(68): CodeIgniter\Boot::runCodeIgniter(Object(CodeIgniter\CodeIgniter))
11 FCPATH\index.php(59): CodeIgniter\Boot::bootWeb(Object(Config\Paths))
12 SYSTEMPATH\rewrite.php(44): require_once('C:\\xampp\\htdocs\\ITE311-CASTILLO\\public\\index.php')
CRITICAL - 2025-10-10 12:27:00 --> [Caused by] CodeIgniter\Database\Exceptions\DatabaseException: Unknown column 'enrollments.enrollment_date' in 'field list'
in SYSTEMPATH\Database\MySQLi\Connection.php on line 332.
 1 SYSTEMPATH\Database\BaseConnection.php(729): CodeIgniter\Database\MySQLi\Connection->execute('SELECT `enrollments`.*, `courses`.`id` as `id`, `courses`.`title`, `courses`.`description`, `enrollments`.`enrollment_date`
FROM `enrollments`
INNER JOIN `courses` ON `courses`.`id` = `enrollments`.`course_id`
WHERE `enrollments`.`user_id` = 11
ORDER BY `enrollment_date` DESC')
 2 SYSTEMPATH\Database\BaseConnection.php(646): CodeIgniter\Database\BaseConnection->simpleQuery('SELECT `enrollments`.*, `courses`.`id` as `id`, `courses`.`title`, `courses`.`description`, `enrollments`.`enrollment_date`
FROM `enrollments`
INNER JOIN `courses` ON `courses`.`id` = `enrollments`.`course_id`
WHERE `enrollments`.`user_id` = 11
ORDER BY `enrollment_date` DESC')
 3 SYSTEMPATH\Database\BaseBuilder.php(1649): CodeIgniter\Database\BaseConnection->query('SELECT `enrollments`.*, `courses`.`id` as `id`, `courses`.`title`, `courses`.`description`, `enrollments`.`enrollment_date`
FROM `enrollments`
INNER JOIN `courses` ON `courses`.`id` = `enrollments`.`course_id`
WHERE `enrollments`.`user_id` = :enrollments.user_id:
ORDER BY `enrollment_date` DESC', [...], false)
 4 SYSTEMPATH\Model.php(286): CodeIgniter\Database\BaseBuilder->get()
 5 SYSTEMPATH\BaseModel.php(677): CodeIgniter\Model->doFindAll(0, 0)
 6 APPPATH\Models\EnrollmentModel.php(31): CodeIgniter\BaseModel->findAll()
 7 APPPATH\Controllers\Student\Enrollments.php(24): App\Models\EnrollmentModel->getUserEnrollments(11)
 8 SYSTEMPATH\CodeIgniter.php(933): App\Controllers\Student\Enrollments->index()
 9 SYSTEMPATH\CodeIgniter.php(507): CodeIgniter\CodeIgniter->runController(Object(App\Controllers\Student\Enrollments))
10 SYSTEMPATH\CodeIgniter.php(354): CodeIgniter\CodeIgniter->handleRequest(null, Object(Config\Cache), false)
11 SYSTEMPATH\Boot.php(363): CodeIgniter\CodeIgniter->run()
12 SYSTEMPATH\Boot.php(68): CodeIgniter\Boot::runCodeIgniter(Object(CodeIgniter\CodeIgniter))
13 FCPATH\index.php(59): CodeIgniter\Boot::bootWeb(Object(Config\Paths))
14 SYSTEMPATH\rewrite.php(44): require_once('C:\\xampp\\htdocs\\ITE311-CASTILLO\\public\\index.php')
CRITICAL - 2025-10-10 12:27:00 --> [Caused by] mysqli_sql_exception: Unknown column 'enrollments.enrollment_date' in 'field list'
in SYSTEMPATH\Database\MySQLi\Connection.php on line 327.
 1 SYSTEMPATH\Database\MySQLi\Connection.php(327): mysqli->query('SELECT `enrollments`.*, `courses`.`id` as `id`, `courses`.`title`, `courses`.`description`, `enrollments`.`enrollment_date`
FROM `enrollments`
INNER JOIN `courses` ON `courses`.`id` = `enrollments`.`course_id`
WHERE `enrollments`.`user_id` = 11
ORDER BY `enrollment_date` DESC', 0)
 2 SYSTEMPATH\Database\BaseConnection.php(729): CodeIgniter\Database\MySQLi\Connection->execute('SELECT `enrollments`.*, `courses`.`id` as `id`, `courses`.`title`, `courses`.`description`, `enrollments`.`enrollment_date`
FROM `enrollments`
INNER JOIN `courses` ON `courses`.`id` = `enrollments`.`course_id`
WHERE `enrollments`.`user_id` = 11
ORDER BY `enrollment_date` DESC')
 3 SYSTEMPATH\Database\BaseConnection.php(646): CodeIgniter\Database\BaseConnection->simpleQuery('SELECT `enrollments`.*, `courses`.`id` as `id`, `courses`.`title`, `courses`.`description`, `enrollments`.`enrollment_date`
FROM `enrollments`
INNER JOIN `courses` ON `courses`.`id` = `enrollments`.`course_id`
WHERE `enrollments`.`user_id` = 11
ORDER BY `enrollment_date` DESC')
 4 SYSTEMPATH\Database\BaseBuilder.php(1649): CodeIgniter\Database\BaseConnection->query('SELECT `enrollments`.*, `courses`.`id` as `id`, `courses`.`title`, `courses`.`description`, `enrollments`.`enrollment_date`
FROM `enrollments`
INNER JOIN `courses` ON `courses`.`id` = `enrollments`.`course_id`
WHERE `enrollments`.`user_id` = :enrollments.user_id:
ORDER BY `enrollment_date` DESC', [...], false)
 5 SYSTEMPATH\Model.php(286): CodeIgniter\Database\BaseBuilder->get()
 6 SYSTEMPATH\BaseModel.php(677): CodeIgniter\Model->doFindAll(0, 0)
 7 APPPATH\Models\EnrollmentModel.php(31): CodeIgniter\BaseModel->findAll()
 8 APPPATH\Controllers\Student\Enrollments.php(24): App\Models\EnrollmentModel->getUserEnrollments(11)
 9 SYSTEMPATH\CodeIgniter.php(933): App\Controllers\Student\Enrollments->index()
10 SYSTEMPATH\CodeIgniter.php(507): CodeIgniter\CodeIgniter->runController(Object(App\Controllers\Student\Enrollments))
11 SYSTEMPATH\CodeIgniter.php(354): CodeIgniter\CodeIgniter->handleRequest(null, Object(Config\Cache), false)
12 SYSTEMPATH\Boot.php(363): CodeIgniter\CodeIgniter->run()
13 SYSTEMPATH\Boot.php(68): CodeIgniter\Boot::runCodeIgniter(Object(CodeIgniter\CodeIgniter))
14 FCPATH\index.php(59): CodeIgniter\Boot::bootWeb(Object(Config\Paths))
15 SYSTEMPATH\rewrite.php(44): require_once('C:\\xampp\\htdocs\\ITE311-CASTILLO\\public\\index.php')
ERROR - 2025-10-10 12:27:02 --> mysqli_sql_exception: Unknown column 'enrollments.enrollment_date' in 'field list' in C:\xampp\htdocs\ITE311-CASTILLO\system\Database\MySQLi\Connection.php:327
Stack trace:
#0 C:\xampp\htdocs\ITE311-CASTILLO\system\Database\MySQLi\Connection.php(327): mysqli->query('SELECT `enrollm...', 0)
#1 C:\xampp\htdocs\ITE311-CASTILLO\system\Database\BaseConnection.php(729): CodeIgniter\Database\MySQLi\Connection->execute('SELECT `enrollm...')
#2 C:\xampp\htdocs\ITE311-CASTILLO\system\Database\BaseConnection.php(646): CodeIgniter\Database\BaseConnection->simpleQuery('SELECT `enrollm...')
#3 C:\xampp\htdocs\ITE311-CASTILLO\system\Database\BaseBuilder.php(1649): CodeIgniter\Database\BaseConnection->query('SELECT `enrollm...', Array, false)
#4 C:\xampp\htdocs\ITE311-CASTILLO\system\Model.php(286): CodeIgniter\Database\BaseBuilder->get()
#5 C:\xampp\htdocs\ITE311-CASTILLO\system\BaseModel.php(677): CodeIgniter\Model->doFindAll(0, 0)
#6 C:\xampp\htdocs\ITE311-CASTILLO\app\Models\EnrollmentModel.php(31): CodeIgniter\BaseModel->findAll()
#7 C:\xampp\htdocs\ITE311-CASTILLO\app\Controllers\Student\Enrollments.php(24): App\Models\EnrollmentModel->getUserEnrollments(11)
#8 C:\xampp\htdocs\ITE311-CASTILLO\system\CodeIgniter.php(933): App\Controllers\Student\Enrollments->index()
#9 C:\xampp\htdocs\ITE311-CASTILLO\system\CodeIgniter.php(507): CodeIgniter\CodeIgniter->runController(Object(App\Controllers\Student\Enrollments))
#10 C:\xampp\htdocs\ITE311-CASTILLO\system\CodeIgniter.php(354): CodeIgniter\CodeIgniter->handleRequest(NULL, Object(Config\Cache), false)
#11 C:\xampp\htdocs\ITE311-CASTILLO\system\Boot.php(363): CodeIgniter\CodeIgniter->run()
#12 C:\xampp\htdocs\ITE311-CASTILLO\system\Boot.php(68): CodeIgniter\Boot::runCodeIgniter(Object(CodeIgniter\CodeIgniter))
#13 C:\xampp\htdocs\ITE311-CASTILLO\public\index.php(59): CodeIgniter\Boot::bootWeb(Object(Config\Paths))
#14 C:\xampp\htdocs\ITE311-CASTILLO\system\rewrite.php(44): require_once('C:\\xampp\\htdocs...')
#15 {main}
CRITICAL - 2025-10-10 12:27:02 --> CodeIgniter\Database\Exceptions\DatabaseException: Unknown column 'enrollments.enrollment_date' in 'field list'
[Method: GET, Route: student/enrollments]
in SYSTEMPATH\Database\BaseConnection.php on line 684.
 1 SYSTEMPATH\Database\BaseBuilder.php(1649): CodeIgniter\Database\BaseConnection->query('SELECT `enrollments`.*, `courses`.`id` as `id`, `courses`.`title`, `courses`.`description`, `enrollments`.`enrollment_date`
FROM `enrollments`
INNER JOIN `courses` ON `courses`.`id` = `enrollments`.`course_id`
WHERE `enrollments`.`user_id` = :enrollments.user_id:
ORDER BY `enrollment_date` DESC', [...], false)
 2 SYSTEMPATH\Model.php(286): CodeIgniter\Database\BaseBuilder->get()
 3 SYSTEMPATH\BaseModel.php(677): CodeIgniter\Model->doFindAll(0, 0)
 4 APPPATH\Models\EnrollmentModel.php(31): CodeIgniter\BaseModel->findAll()
 5 APPPATH\Controllers\Student\Enrollments.php(24): App\Models\EnrollmentModel->getUserEnrollments(11)
 6 SYSTEMPATH\CodeIgniter.php(933): App\Controllers\Student\Enrollments->index()
 7 SYSTEMPATH\CodeIgniter.php(507): CodeIgniter\CodeIgniter->runController(Object(App\Controllers\Student\Enrollments))
 8 SYSTEMPATH\CodeIgniter.php(354): CodeIgniter\CodeIgniter->handleRequest(null, Object(Config\Cache), false)
 9 SYSTEMPATH\Boot.php(363): CodeIgniter\CodeIgniter->run()
10 SYSTEMPATH\Boot.php(68): CodeIgniter\Boot::runCodeIgniter(Object(CodeIgniter\CodeIgniter))
11 FCPATH\index.php(59): CodeIgniter\Boot::bootWeb(Object(Config\Paths))
12 SYSTEMPATH\rewrite.php(44): require_once('C:\\xampp\\htdocs\\ITE311-CASTILLO\\public\\index.php')
CRITICAL - 2025-10-10 12:27:02 --> [Caused by] CodeIgniter\Database\Exceptions\DatabaseException: Unknown column 'enrollments.enrollment_date' in 'field list'
in SYSTEMPATH\Database\MySQLi\Connection.php on line 332.
 1 SYSTEMPATH\Database\BaseConnection.php(729): CodeIgniter\Database\MySQLi\Connection->execute('SELECT `enrollments`.*, `courses`.`id` as `id`, `courses`.`title`, `courses`.`description`, `enrollments`.`enrollment_date`
FROM `enrollments`
INNER JOIN `courses` ON `courses`.`id` = `enrollments`.`course_id`
WHERE `enrollments`.`user_id` = 11
ORDER BY `enrollment_date` DESC')
 2 SYSTEMPATH\Database\BaseConnection.php(646): CodeIgniter\Database\BaseConnection->simpleQuery('SELECT `enrollments`.*, `courses`.`id` as `id`, `courses`.`title`, `courses`.`description`, `enrollments`.`enrollment_date`
FROM `enrollments`
INNER JOIN `courses` ON `courses`.`id` = `enrollments`.`course_id`
WHERE `enrollments`.`user_id` = 11
ORDER BY `enrollment_date` DESC')
 3 SYSTEMPATH\Database\BaseBuilder.php(1649): CodeIgniter\Database\BaseConnection->query('SELECT `enrollments`.*, `courses`.`id` as `id`, `courses`.`title`, `courses`.`description`, `enrollments`.`enrollment_date`
FROM `enrollments`
INNER JOIN `courses` ON `courses`.`id` = `enrollments`.`course_id`
WHERE `enrollments`.`user_id` = :enrollments.user_id:
ORDER BY `enrollment_date` DESC', [...], false)
 4 SYSTEMPATH\Model.php(286): CodeIgniter\Database\BaseBuilder->get()
 5 SYSTEMPATH\BaseModel.php(677): CodeIgniter\Model->doFindAll(0, 0)
 6 APPPATH\Models\EnrollmentModel.php(31): CodeIgniter\BaseModel->findAll()
 7 APPPATH\Controllers\Student\Enrollments.php(24): App\Models\EnrollmentModel->getUserEnrollments(11)
 8 SYSTEMPATH\CodeIgniter.php(933): App\Controllers\Student\Enrollments->index()
 9 SYSTEMPATH\CodeIgniter.php(507): CodeIgniter\CodeIgniter->runController(Object(App\Controllers\Student\Enrollments))
10 SYSTEMPATH\CodeIgniter.php(354): CodeIgniter\CodeIgniter->handleRequest(null, Object(Config\Cache), false)
11 SYSTEMPATH\Boot.php(363): CodeIgniter\CodeIgniter->run()
12 SYSTEMPATH\Boot.php(68): CodeIgniter\Boot::runCodeIgniter(Object(CodeIgniter\CodeIgniter))
13 FCPATH\index.php(59): CodeIgniter\Boot::bootWeb(Object(Config\Paths))
14 SYSTEMPATH\rewrite.php(44): require_once('C:\\xampp\\htdocs\\ITE311-CASTILLO\\public\\index.php')
CRITICAL - 2025-10-10 12:27:02 --> [Caused by] mysqli_sql_exception: Unknown column 'enrollments.enrollment_date' in 'field list'
in SYSTEMPATH\Database\MySQLi\Connection.php on line 327.
 1 SYSTEMPATH\Database\MySQLi\Connection.php(327): mysqli->query('SELECT `enrollments`.*, `courses`.`id` as `id`, `courses`.`title`, `courses`.`description`, `enrollments`.`enrollment_date`
FROM `enrollments`
INNER JOIN `courses` ON `courses`.`id` = `enrollments`.`course_id`
WHERE `enrollments`.`user_id` = 11
ORDER BY `enrollment_date` DESC', 0)
 2 SYSTEMPATH\Database\BaseConnection.php(729): CodeIgniter\Database\MySQLi\Connection->execute('SELECT `enrollments`.*, `courses`.`id` as `id`, `courses`.`title`, `courses`.`description`, `enrollments`.`enrollment_date`
FROM `enrollments`
INNER JOIN `courses` ON `courses`.`id` = `enrollments`.`course_id`
WHERE `enrollments`.`user_id` = 11
ORDER BY `enrollment_date` DESC')
 3 SYSTEMPATH\Database\BaseConnection.php(646): CodeIgniter\Database\BaseConnection->simpleQuery('SELECT `enrollments`.*, `courses`.`id` as `id`, `courses`.`title`, `courses`.`description`, `enrollments`.`enrollment_date`
FROM `enrollments`
INNER JOIN `courses` ON `courses`.`id` = `enrollments`.`course_id`
WHERE `enrollments`.`user_id` = 11
ORDER BY `enrollment_date` DESC')
 4 SYSTEMPATH\Database\BaseBuilder.php(1649): CodeIgniter\Database\BaseConnection->query('SELECT `enrollments`.*, `courses`.`id` as `id`, `courses`.`title`, `courses`.`description`, `enrollments`.`enrollment_date`
FROM `enrollments`
INNER JOIN `courses` ON `courses`.`id` = `enrollments`.`course_id`
WHERE `enrollments`.`user_id` = :enrollments.user_id:
ORDER BY `enrollment_date` DESC', [...], false)
 5 SYSTEMPATH\Model.php(286): CodeIgniter\Database\BaseBuilder->get()
 6 SYSTEMPATH\BaseModel.php(677): CodeIgniter\Model->doFindAll(0, 0)
 7 APPPATH\Models\EnrollmentModel.php(31): CodeIgniter\BaseModel->findAll()
 8 APPPATH\Controllers\Student\Enrollments.php(24): App\Models\EnrollmentModel->getUserEnrollments(11)
 9 SYSTEMPATH\CodeIgniter.php(933): App\Controllers\Student\Enrollments->index()
10 SYSTEMPATH\CodeIgniter.php(507): CodeIgniter\CodeIgniter->runController(Object(App\Controllers\Student\Enrollments))
11 SYSTEMPATH\CodeIgniter.php(354): CodeIgniter\CodeIgniter->handleRequest(null, Object(Config\Cache), false)
12 SYSTEMPATH\Boot.php(363): CodeIgniter\CodeIgniter->run()
13 SYSTEMPATH\Boot.php(68): CodeIgniter\Boot::runCodeIgniter(Object(CodeIgniter\CodeIgniter))
14 FCPATH\index.php(59): CodeIgniter\Boot::bootWeb(Object(Config\Paths))
15 SYSTEMPATH\rewrite.php(44): require_once('C:\\xampp\\htdocs\\ITE311-CASTILLO\\public\\index.php')
ERROR - 2025-10-10 12:30:32 --> mysqli_sql_exception: Unknown column 'enrollments.enrollment_date' in 'field list' in C:\xampp\htdocs\ITE311-CASTILLO\system\Database\MySQLi\Connection.php:327
Stack trace:
#0 C:\xampp\htdocs\ITE311-CASTILLO\system\Database\MySQLi\Connection.php(327): mysqli->query('SELECT `enrollm...', 0)
#1 C:\xampp\htdocs\ITE311-CASTILLO\system\Database\BaseConnection.php(729): CodeIgniter\Database\MySQLi\Connection->execute('SELECT `enrollm...')
#2 C:\xampp\htdocs\ITE311-CASTILLO\system\Database\BaseConnection.php(646): CodeIgniter\Database\BaseConnection->simpleQuery('SELECT `enrollm...')
#3 C:\xampp\htdocs\ITE311-CASTILLO\system\Database\BaseBuilder.php(1649): CodeIgniter\Database\BaseConnection->query('SELECT `enrollm...', Array, false)
#4 C:\xampp\htdocs\ITE311-CASTILLO\system\Model.php(286): CodeIgniter\Database\BaseBuilder->get()
#5 C:\xampp\htdocs\ITE311-CASTILLO\system\BaseModel.php(677): CodeIgniter\Model->doFindAll(0, 0)
#6 C:\xampp\htdocs\ITE311-CASTILLO\app\Models\EnrollmentModel.php(31): CodeIgniter\BaseModel->findAll()
#7 C:\xampp\htdocs\ITE311-CASTILLO\app\Controllers\Student\Enrollments.php(24): App\Models\EnrollmentModel->getUserEnrollments(11)
#8 C:\xampp\htdocs\ITE311-CASTILLO\system\CodeIgniter.php(933): App\Controllers\Student\Enrollments->index()
#9 C:\xampp\htdocs\ITE311-CASTILLO\system\CodeIgniter.php(507): CodeIgniter\CodeIgniter->runController(Object(App\Controllers\Student\Enrollments))
#10 C:\xampp\htdocs\ITE311-CASTILLO\system\CodeIgniter.php(354): CodeIgniter\CodeIgniter->handleRequest(NULL, Object(Config\Cache), false)
#11 C:\xampp\htdocs\ITE311-CASTILLO\system\Boot.php(363): CodeIgniter\CodeIgniter->run()
#12 C:\xampp\htdocs\ITE311-CASTILLO\system\Boot.php(68): CodeIgniter\Boot::runCodeIgniter(Object(CodeIgniter\CodeIgniter))
#13 C:\xampp\htdocs\ITE311-CASTILLO\public\index.php(59): CodeIgniter\Boot::bootWeb(Object(Config\Paths))
#14 C:\xampp\htdocs\ITE311-CASTILLO\system\rewrite.php(44): require_once('C:\\xampp\\htdocs...')
#15 {main}
CRITICAL - 2025-10-10 12:30:32 --> CodeIgniter\Database\Exceptions\DatabaseException: Unknown column 'enrollments.enrollment_date' in 'field list'
[Method: GET, Route: student/enrollments]
in SYSTEMPATH\Database\BaseConnection.php on line 684.
 1 SYSTEMPATH\Database\BaseBuilder.php(1649): CodeIgniter\Database\BaseConnection->query('SELECT `enrollments`.*, `courses`.`id` as `id`, `courses`.`title`, `courses`.`description`, `enrollments`.`enrollment_date`
FROM `enrollments`
INNER JOIN `courses` ON `courses`.`id` = `enrollments`.`course_id`
WHERE `enrollments`.`user_id` = :enrollments.user_id:
ORDER BY `enrollment_date` DESC', [...], false)
 2 SYSTEMPATH\Model.php(286): CodeIgniter\Database\BaseBuilder->get()
 3 SYSTEMPATH\BaseModel.php(677): CodeIgniter\Model->doFindAll(0, 0)
 4 APPPATH\Models\EnrollmentModel.php(31): CodeIgniter\BaseModel->findAll()
 5 APPPATH\Controllers\Student\Enrollments.php(24): App\Models\EnrollmentModel->getUserEnrollments(11)
 6 SYSTEMPATH\CodeIgniter.php(933): App\Controllers\Student\Enrollments->index()
 7 SYSTEMPATH\CodeIgniter.php(507): CodeIgniter\CodeIgniter->runController(Object(App\Controllers\Student\Enrollments))
 8 SYSTEMPATH\CodeIgniter.php(354): CodeIgniter\CodeIgniter->handleRequest(null, Object(Config\Cache), false)
 9 SYSTEMPATH\Boot.php(363): CodeIgniter\CodeIgniter->run()
10 SYSTEMPATH\Boot.php(68): CodeIgniter\Boot::runCodeIgniter(Object(CodeIgniter\CodeIgniter))
11 FCPATH\index.php(59): CodeIgniter\Boot::bootWeb(Object(Config\Paths))
12 SYSTEMPATH\rewrite.php(44): require_once('C:\\xampp\\htdocs\\ITE311-CASTILLO\\public\\index.php')
CRITICAL - 2025-10-10 12:30:32 --> [Caused by] CodeIgniter\Database\Exceptions\DatabaseException: Unknown column 'enrollments.enrollment_date' in 'field list'
in SYSTEMPATH\Database\MySQLi\Connection.php on line 332.
 1 SYSTEMPATH\Database\BaseConnection.php(729): CodeIgniter\Database\MySQLi\Connection->execute('SELECT `enrollments`.*, `courses`.`id` as `id`, `courses`.`title`, `courses`.`description`, `enrollments`.`enrollment_date`
FROM `enrollments`
INNER JOIN `courses` ON `courses`.`id` = `enrollments`.`course_id`
WHERE `enrollments`.`user_id` = 11
ORDER BY `enrollment_date` DESC')
 2 SYSTEMPATH\Database\BaseConnection.php(646): CodeIgniter\Database\BaseConnection->simpleQuery('SELECT `enrollments`.*, `courses`.`id` as `id`, `courses`.`title`, `courses`.`description`, `enrollments`.`enrollment_date`
FROM `enrollments`
INNER JOIN `courses` ON `courses`.`id` = `enrollments`.`course_id`
WHERE `enrollments`.`user_id` = 11
ORDER BY `enrollment_date` DESC')
 3 SYSTEMPATH\Database\BaseBuilder.php(1649): CodeIgniter\Database\BaseConnection->query('SELECT `enrollments`.*, `courses`.`id` as `id`, `courses`.`title`, `courses`.`description`, `enrollments`.`enrollment_date`
FROM `enrollments`
INNER JOIN `courses` ON `courses`.`id` = `enrollments`.`course_id`
WHERE `enrollments`.`user_id` = :enrollments.user_id:
ORDER BY `enrollment_date` DESC', [...], false)
 4 SYSTEMPATH\Model.php(286): CodeIgniter\Database\BaseBuilder->get()
 5 SYSTEMPATH\BaseModel.php(677): CodeIgniter\Model->doFindAll(0, 0)
 6 APPPATH\Models\EnrollmentModel.php(31): CodeIgniter\BaseModel->findAll()
 7 APPPATH\Controllers\Student\Enrollments.php(24): App\Models\EnrollmentModel->getUserEnrollments(11)
 8 SYSTEMPATH\CodeIgniter.php(933): App\Controllers\Student\Enrollments->index()
 9 SYSTEMPATH\CodeIgniter.php(507): CodeIgniter\CodeIgniter->runController(Object(App\Controllers\Student\Enrollments))
10 SYSTEMPATH\CodeIgniter.php(354): CodeIgniter\CodeIgniter->handleRequest(null, Object(Config\Cache), false)
11 SYSTEMPATH\Boot.php(363): CodeIgniter\CodeIgniter->run()
12 SYSTEMPATH\Boot.php(68): CodeIgniter\Boot::runCodeIgniter(Object(CodeIgniter\CodeIgniter))
13 FCPATH\index.php(59): CodeIgniter\Boot::bootWeb(Object(Config\Paths))
14 SYSTEMPATH\rewrite.php(44): require_once('C:\\xampp\\htdocs\\ITE311-CASTILLO\\public\\index.php')
CRITICAL - 2025-10-10 12:30:32 --> [Caused by] mysqli_sql_exception: Unknown column 'enrollments.enrollment_date' in 'field list'
in SYSTEMPATH\Database\MySQLi\Connection.php on line 327.
 1 SYSTEMPATH\Database\MySQLi\Connection.php(327): mysqli->query('SELECT `enrollments`.*, `courses`.`id` as `id`, `courses`.`title`, `courses`.`description`, `enrollments`.`enrollment_date`
FROM `enrollments`
INNER JOIN `courses` ON `courses`.`id` = `enrollments`.`course_id`
WHERE `enrollments`.`user_id` = 11
ORDER BY `enrollment_date` DESC', 0)
 2 SYSTEMPATH\Database\BaseConnection.php(729): CodeIgniter\Database\MySQLi\Connection->execute('SELECT `enrollments`.*, `courses`.`id` as `id`, `courses`.`title`, `courses`.`description`, `enrollments`.`enrollment_date`
FROM `enrollments`
INNER JOIN `courses` ON `courses`.`id` = `enrollments`.`course_id`
WHERE `enrollments`.`user_id` = 11
ORDER BY `enrollment_date` DESC')
 3 SYSTEMPATH\Database\BaseConnection.php(646): CodeIgniter\Database\BaseConnection->simpleQuery('SELECT `enrollments`.*, `courses`.`id` as `id`, `courses`.`title`, `courses`.`description`, `enrollments`.`enrollment_date`
FROM `enrollments`
INNER JOIN `courses` ON `courses`.`id` = `enrollments`.`course_id`
WHERE `enrollments`.`user_id` = 11
ORDER BY `enrollment_date` DESC')
 4 SYSTEMPATH\Database\BaseBuilder.php(1649): CodeIgniter\Database\BaseConnection->query('SELECT `enrollments`.*, `courses`.`id` as `id`, `courses`.`title`, `courses`.`description`, `enrollments`.`enrollment_date`
FROM `enrollments`
INNER JOIN `courses` ON `courses`.`id` = `enrollments`.`course_id`
WHERE `enrollments`.`user_id` = :enrollments.user_id:
ORDER BY `enrollment_date` DESC', [...], false)
 5 SYSTEMPATH\Model.php(286): CodeIgniter\Database\BaseBuilder->get()
 6 SYSTEMPATH\BaseModel.php(677): CodeIgniter\Model->doFindAll(0, 0)
 7 APPPATH\Models\EnrollmentModel.php(31): CodeIgniter\BaseModel->findAll()
 8 APPPATH\Controllers\Student\Enrollments.php(24): App\Models\EnrollmentModel->getUserEnrollments(11)
 9 SYSTEMPATH\CodeIgniter.php(933): App\Controllers\Student\Enrollments->index()
10 SYSTEMPATH\CodeIgniter.php(507): CodeIgniter\CodeIgniter->runController(Object(App\Controllers\Student\Enrollments))
11 SYSTEMPATH\CodeIgniter.php(354): CodeIgniter\CodeIgniter->handleRequest(null, Object(Config\Cache), false)
12 SYSTEMPATH\Boot.php(363): CodeIgniter\CodeIgniter->run()
13 SYSTEMPATH\Boot.php(68): CodeIgniter\Boot::runCodeIgniter(Object(CodeIgniter\CodeIgniter))
14 FCPATH\index.php(59): CodeIgniter\Boot::bootWeb(Object(Config\Paths))
15 SYSTEMPATH\rewrite.php(44): require_once('C:\\xampp\\htdocs\\ITE311-CASTILLO\\public\\index.php')
ERROR - 2025-10-10 12:31:58 --> mysqli_sql_exception: Unknown column 'enrollments.enrollment_date' in 'field list' in C:\xampp\htdocs\ITE311-CASTILLO\system\Database\MySQLi\Connection.php:327
Stack trace:
#0 C:\xampp\htdocs\ITE311-CASTILLO\system\Database\MySQLi\Connection.php(327): mysqli->query('SELECT `enrollm...', 0)
#1 C:\xampp\htdocs\ITE311-CASTILLO\system\Database\BaseConnection.php(729): CodeIgniter\Database\MySQLi\Connection->execute('SELECT `enrollm...')
#2 C:\xampp\htdocs\ITE311-CASTILLO\system\Database\BaseConnection.php(646): CodeIgniter\Database\BaseConnection->simpleQuery('SELECT `enrollm...')
#3 C:\xampp\htdocs\ITE311-CASTILLO\system\Database\BaseBuilder.php(1649): CodeIgniter\Database\BaseConnection->query('SELECT `enrollm...', Array, false)
#4 C:\xampp\htdocs\ITE311-CASTILLO\system\Model.php(286): CodeIgniter\Database\BaseBuilder->get()
#5 C:\xampp\htdocs\ITE311-CASTILLO\system\BaseModel.php(677): CodeIgniter\Model->doFindAll(0, 0)
#6 C:\xampp\htdocs\ITE311-CASTILLO\app\Models\EnrollmentModel.php(31): CodeIgniter\BaseModel->findAll()
#7 C:\xampp\htdocs\ITE311-CASTILLO\app\Controllers\Student\Enrollments.php(24): App\Models\EnrollmentModel->getUserEnrollments(11)
#8 C:\xampp\htdocs\ITE311-CASTILLO\system\CodeIgniter.php(933): App\Controllers\Student\Enrollments->index()
#9 C:\xampp\htdocs\ITE311-CASTILLO\system\CodeIgniter.php(507): CodeIgniter\CodeIgniter->runController(Object(App\Controllers\Student\Enrollments))
#10 C:\xampp\htdocs\ITE311-CASTILLO\system\CodeIgniter.php(354): CodeIgniter\CodeIgniter->handleRequest(NULL, Object(Config\Cache), false)
#11 C:\xampp\htdocs\ITE311-CASTILLO\system\Boot.php(363): CodeIgniter\CodeIgniter->run()
#12 C:\xampp\htdocs\ITE311-CASTILLO\system\Boot.php(68): CodeIgniter\Boot::runCodeIgniter(Object(CodeIgniter\CodeIgniter))
#13 C:\xampp\htdocs\ITE311-CASTILLO\public\index.php(59): CodeIgniter\Boot::bootWeb(Object(Config\Paths))
#14 C:\xampp\htdocs\ITE311-CASTILLO\system\rewrite.php(44): require_once('C:\\xampp\\htdocs...')
#15 {main}
CRITICAL - 2025-10-10 12:31:58 --> CodeIgniter\Database\Exceptions\DatabaseException: Unknown column 'enrollments.enrollment_date' in 'field list'
[Method: GET, Route: student/enrollments]
in SYSTEMPATH\Database\BaseConnection.php on line 684.
 1 SYSTEMPATH\Database\BaseBuilder.php(1649): CodeIgniter\Database\BaseConnection->query('SELECT `enrollments`.*, `courses`.`id` as `id`, `courses`.`title`, `courses`.`description`, `enrollments`.`enrollment_date`
FROM `enrollments`
INNER JOIN `courses` ON `courses`.`id` = `enrollments`.`course_id`
WHERE `enrollments`.`user_id` = :enrollments.user_id:
ORDER BY `enrollment_date` DESC', [...], false)
 2 SYSTEMPATH\Model.php(286): CodeIgniter\Database\BaseBuilder->get()
 3 SYSTEMPATH\BaseModel.php(677): CodeIgniter\Model->doFindAll(0, 0)
 4 APPPATH\Models\EnrollmentModel.php(31): CodeIgniter\BaseModel->findAll()
 5 APPPATH\Controllers\Student\Enrollments.php(24): App\Models\EnrollmentModel->getUserEnrollments(11)
 6 SYSTEMPATH\CodeIgniter.php(933): App\Controllers\Student\Enrollments->index()
 7 SYSTEMPATH\CodeIgniter.php(507): CodeIgniter\CodeIgniter->runController(Object(App\Controllers\Student\Enrollments))
 8 SYSTEMPATH\CodeIgniter.php(354): CodeIgniter\CodeIgniter->handleRequest(null, Object(Config\Cache), false)
 9 SYSTEMPATH\Boot.php(363): CodeIgniter\CodeIgniter->run()
10 SYSTEMPATH\Boot.php(68): CodeIgniter\Boot::runCodeIgniter(Object(CodeIgniter\CodeIgniter))
11 FCPATH\index.php(59): CodeIgniter\Boot::bootWeb(Object(Config\Paths))
12 SYSTEMPATH\rewrite.php(44): require_once('C:\\xampp\\htdocs\\ITE311-CASTILLO\\public\\index.php')
CRITICAL - 2025-10-10 12:31:58 --> [Caused by] CodeIgniter\Database\Exceptions\DatabaseException: Unknown column 'enrollments.enrollment_date' in 'field list'
in SYSTEMPATH\Database\MySQLi\Connection.php on line 332.
 1 SYSTEMPATH\Database\BaseConnection.php(729): CodeIgniter\Database\MySQLi\Connection->execute('SELECT `enrollments`.*, `courses`.`id` as `id`, `courses`.`title`, `courses`.`description`, `enrollments`.`enrollment_date`
FROM `enrollments`
INNER JOIN `courses` ON `courses`.`id` = `enrollments`.`course_id`
WHERE `enrollments`.`user_id` = 11
ORDER BY `enrollment_date` DESC')
 2 SYSTEMPATH\Database\BaseConnection.php(646): CodeIgniter\Database\BaseConnection->simpleQuery('SELECT `enrollments`.*, `courses`.`id` as `id`, `courses`.`title`, `courses`.`description`, `enrollments`.`enrollment_date`
FROM `enrollments`
INNER JOIN `courses` ON `courses`.`id` = `enrollments`.`course_id`
WHERE `enrollments`.`user_id` = 11
ORDER BY `enrollment_date` DESC')
 3 SYSTEMPATH\Database\BaseBuilder.php(1649): CodeIgniter\Database\BaseConnection->query('SELECT `enrollments`.*, `courses`.`id` as `id`, `courses`.`title`, `courses`.`description`, `enrollments`.`enrollment_date`
FROM `enrollments`
INNER JOIN `courses` ON `courses`.`id` = `enrollments`.`course_id`
WHERE `enrollments`.`user_id` = :enrollments.user_id:
ORDER BY `enrollment_date` DESC', [...], false)
 4 SYSTEMPATH\Model.php(286): CodeIgniter\Database\BaseBuilder->get()
 5 SYSTEMPATH\BaseModel.php(677): CodeIgniter\Model->doFindAll(0, 0)
 6 APPPATH\Models\EnrollmentModel.php(31): CodeIgniter\BaseModel->findAll()
 7 APPPATH\Controllers\Student\Enrollments.php(24): App\Models\EnrollmentModel->getUserEnrollments(11)
 8 SYSTEMPATH\CodeIgniter.php(933): App\Controllers\Student\Enrollments->index()
 9 SYSTEMPATH\CodeIgniter.php(507): CodeIgniter\CodeIgniter->runController(Object(App\Controllers\Student\Enrollments))
10 SYSTEMPATH\CodeIgniter.php(354): CodeIgniter\CodeIgniter->handleRequest(null, Object(Config\Cache), false)
11 SYSTEMPATH\Boot.php(363): CodeIgniter\CodeIgniter->run()
12 SYSTEMPATH\Boot.php(68): CodeIgniter\Boot::runCodeIgniter(Object(CodeIgniter\CodeIgniter))
13 FCPATH\index.php(59): CodeIgniter\Boot::bootWeb(Object(Config\Paths))
14 SYSTEMPATH\rewrite.php(44): require_once('C:\\xampp\\htdocs\\ITE311-CASTILLO\\public\\index.php')
CRITICAL - 2025-10-10 12:31:58 --> [Caused by] mysqli_sql_exception: Unknown column 'enrollments.enrollment_date' in 'field list'
in SYSTEMPATH\Database\MySQLi\Connection.php on line 327.
 1 SYSTEMPATH\Database\MySQLi\Connection.php(327): mysqli->query('SELECT `enrollments`.*, `courses`.`id` as `id`, `courses`.`title`, `courses`.`description`, `enrollments`.`enrollment_date`
FROM `enrollments`
INNER JOIN `courses` ON `courses`.`id` = `enrollments`.`course_id`
WHERE `enrollments`.`user_id` = 11
ORDER BY `enrollment_date` DESC', 0)
 2 SYSTEMPATH\Database\BaseConnection.php(729): CodeIgniter\Database\MySQLi\Connection->execute('SELECT `enrollments`.*, `courses`.`id` as `id`, `courses`.`title`, `courses`.`description`, `enrollments`.`enrollment_date`
FROM `enrollments`
INNER JOIN `courses` ON `courses`.`id` = `enrollments`.`course_id`
WHERE `enrollments`.`user_id` = 11
ORDER BY `enrollment_date` DESC')
 3 SYSTEMPATH\Database\BaseConnection.php(646): CodeIgniter\Database\BaseConnection->simpleQuery('SELECT `enrollments`.*, `courses`.`id` as `id`, `courses`.`title`, `courses`.`description`, `enrollments`.`enrollment_date`
FROM `enrollments`
INNER JOIN `courses` ON `courses`.`id` = `enrollments`.`course_id`
WHERE `enrollments`.`user_id` = 11
ORDER BY `enrollment_date` DESC')
 4 SYSTEMPATH\Database\BaseBuilder.php(1649): CodeIgniter\Database\BaseConnection->query('SELECT `enrollments`.*, `courses`.`id` as `id`, `courses`.`title`, `courses`.`description`, `enrollments`.`enrollment_date`
FROM `enrollments`
INNER JOIN `courses` ON `courses`.`id` = `enrollments`.`course_id`
WHERE `enrollments`.`user_id` = :enrollments.user_id:
ORDER BY `enrollment_date` DESC', [...], false)
 5 SYSTEMPATH\Model.php(286): CodeIgniter\Database\BaseBuilder->get()
 6 SYSTEMPATH\BaseModel.php(677): CodeIgniter\Model->doFindAll(0, 0)
 7 APPPATH\Models\EnrollmentModel.php(31): CodeIgniter\BaseModel->findAll()
 8 APPPATH\Controllers\Student\Enrollments.php(24): App\Models\EnrollmentModel->getUserEnrollments(11)
 9 SYSTEMPATH\CodeIgniter.php(933): App\Controllers\Student\Enrollments->index()
10 SYSTEMPATH\CodeIgniter.php(507): CodeIgniter\CodeIgniter->runController(Object(App\Controllers\Student\Enrollments))
11 SYSTEMPATH\CodeIgniter.php(354): CodeIgniter\CodeIgniter->handleRequest(null, Object(Config\Cache), false)
12 SYSTEMPATH\Boot.php(363): CodeIgniter\CodeIgniter->run()
13 SYSTEMPATH\Boot.php(68): CodeIgniter\Boot::runCodeIgniter(Object(CodeIgniter\CodeIgniter))
14 FCPATH\index.php(59): CodeIgniter\Boot::bootWeb(Object(Config\Paths))
15 SYSTEMPATH\rewrite.php(44): require_once('C:\\xampp\\htdocs\\ITE311-CASTILLO\\public\\index.php')
ERROR - 2025-10-10 12:38:28 --> mysqli_sql_exception: Unknown column 'enrollments.enrollment_date' in 'field list' in C:\xampp\htdocs\ITE311-CASTILLO\system\Database\MySQLi\Connection.php:327
Stack trace:
#0 C:\xampp\htdocs\ITE311-CASTILLO\system\Database\MySQLi\Connection.php(327): mysqli->query('SELECT `enrollm...', 0)
#1 C:\xampp\htdocs\ITE311-CASTILLO\system\Database\BaseConnection.php(729): CodeIgniter\Database\MySQLi\Connection->execute('SELECT `enrollm...')
#2 C:\xampp\htdocs\ITE311-CASTILLO\system\Database\BaseConnection.php(646): CodeIgniter\Database\BaseConnection->simpleQuery('SELECT `enrollm...')
#3 C:\xampp\htdocs\ITE311-CASTILLO\system\Database\BaseBuilder.php(1649): CodeIgniter\Database\BaseConnection->query('SELECT `enrollm...', Array, false)
#4 C:\xampp\htdocs\ITE311-CASTILLO\system\Model.php(286): CodeIgniter\Database\BaseBuilder->get()
#5 C:\xampp\htdocs\ITE311-CASTILLO\system\BaseModel.php(677): CodeIgniter\Model->doFindAll(0, 0)
#6 C:\xampp\htdocs\ITE311-CASTILLO\app\Models\EnrollmentModel.php(31): CodeIgniter\BaseModel->findAll()
#7 C:\xampp\htdocs\ITE311-CASTILLO\app\Controllers\Student\Enrollments.php(24): App\Models\EnrollmentModel->getUserEnrollments(11)
#8 C:\xampp\htdocs\ITE311-CASTILLO\system\CodeIgniter.php(933): App\Controllers\Student\Enrollments->index()
#9 C:\xampp\htdocs\ITE311-CASTILLO\system\CodeIgniter.php(507): CodeIgniter\CodeIgniter->runController(Object(App\Controllers\Student\Enrollments))
#10 C:\xampp\htdocs\ITE311-CASTILLO\system\CodeIgniter.php(354): CodeIgniter\CodeIgniter->handleRequest(NULL, Object(Config\Cache), false)
#11 C:\xampp\htdocs\ITE311-CASTILLO\system\Boot.php(363): CodeIgniter\CodeIgniter->run()
#12 C:\xampp\htdocs\ITE311-CASTILLO\system\Boot.php(68): CodeIgniter\Boot::runCodeIgniter(Object(CodeIgniter\CodeIgniter))
#13 C:\xampp\htdocs\ITE311-CASTILLO\public\index.php(59): CodeIgniter\Boot::bootWeb(Object(Config\Paths))
#14 C:\xampp\htdocs\ITE311-CASTILLO\system\rewrite.php(44): require_once('C:\\xampp\\htdocs...')
#15 {main}
CRITICAL - 2025-10-10 12:38:28 --> CodeIgniter\Database\Exceptions\DatabaseException: Unknown column 'enrollments.enrollment_date' in 'field list'
[Method: GET, Route: student/enrollments]
in SYSTEMPATH\Database\BaseConnection.php on line 684.
 1 SYSTEMPATH\Database\BaseBuilder.php(1649): CodeIgniter\Database\BaseConnection->query('SELECT `enrollments`.*, `courses`.`id` as `id`, `courses`.`title`, `courses`.`description`, `enrollments`.`enrollment_date`
FROM `enrollments`
INNER JOIN `courses` ON `courses`.`id` = `enrollments`.`course_id`
WHERE `enrollments`.`user_id` = :enrollments.user_id:
ORDER BY `enrollment_date` DESC', [...], false)
 2 SYSTEMPATH\Model.php(286): CodeIgniter\Database\BaseBuilder->get()
 3 SYSTEMPATH\BaseModel.php(677): CodeIgniter\Model->doFindAll(0, 0)
 4 APPPATH\Models\EnrollmentModel.php(31): CodeIgniter\BaseModel->findAll()
 5 APPPATH\Controllers\Student\Enrollments.php(24): App\Models\EnrollmentModel->getUserEnrollments(11)
 6 SYSTEMPATH\CodeIgniter.php(933): App\Controllers\Student\Enrollments->index()
 7 SYSTEMPATH\CodeIgniter.php(507): CodeIgniter\CodeIgniter->runController(Object(App\Controllers\Student\Enrollments))
 8 SYSTEMPATH\CodeIgniter.php(354): CodeIgniter\CodeIgniter->handleRequest(null, Object(Config\Cache), false)
 9 SYSTEMPATH\Boot.php(363): CodeIgniter\CodeIgniter->run()
10 SYSTEMPATH\Boot.php(68): CodeIgniter\Boot::runCodeIgniter(Object(CodeIgniter\CodeIgniter))
11 FCPATH\index.php(59): CodeIgniter\Boot::bootWeb(Object(Config\Paths))
12 SYSTEMPATH\rewrite.php(44): require_once('C:\\xampp\\htdocs\\ITE311-CASTILLO\\public\\index.php')
CRITICAL - 2025-10-10 12:38:28 --> [Caused by] CodeIgniter\Database\Exceptions\DatabaseException: Unknown column 'enrollments.enrollment_date' in 'field list'
in SYSTEMPATH\Database\MySQLi\Connection.php on line 332.
 1 SYSTEMPATH\Database\BaseConnection.php(729): CodeIgniter\Database\MySQLi\Connection->execute('SELECT `enrollments`.*, `courses`.`id` as `id`, `courses`.`title`, `courses`.`description`, `enrollments`.`enrollment_date`
FROM `enrollments`
INNER JOIN `courses` ON `courses`.`id` = `enrollments`.`course_id`
WHERE `enrollments`.`user_id` = 11
ORDER BY `enrollment_date` DESC')
 2 SYSTEMPATH\Database\BaseConnection.php(646): CodeIgniter\Database\BaseConnection->simpleQuery('SELECT `enrollments`.*, `courses`.`id` as `id`, `courses`.`title`, `courses`.`description`, `enrollments`.`enrollment_date`
FROM `enrollments`
INNER JOIN `courses` ON `courses`.`id` = `enrollments`.`course_id`
WHERE `enrollments`.`user_id` = 11
ORDER BY `enrollment_date` DESC')
 3 SYSTEMPATH\Database\BaseBuilder.php(1649): CodeIgniter\Database\BaseConnection->query('SELECT `enrollments`.*, `courses`.`id` as `id`, `courses`.`title`, `courses`.`description`, `enrollments`.`enrollment_date`
FROM `enrollments`
INNER JOIN `courses` ON `courses`.`id` = `enrollments`.`course_id`
WHERE `enrollments`.`user_id` = :enrollments.user_id:
ORDER BY `enrollment_date` DESC', [...], false)
 4 SYSTEMPATH\Model.php(286): CodeIgniter\Database\BaseBuilder->get()
 5 SYSTEMPATH\BaseModel.php(677): CodeIgniter\Model->doFindAll(0, 0)
 6 APPPATH\Models\EnrollmentModel.php(31): CodeIgniter\BaseModel->findAll()
 7 APPPATH\Controllers\Student\Enrollments.php(24): App\Models\EnrollmentModel->getUserEnrollments(11)
 8 SYSTEMPATH\CodeIgniter.php(933): App\Controllers\Student\Enrollments->index()
 9 SYSTEMPATH\CodeIgniter.php(507): CodeIgniter\CodeIgniter->runController(Object(App\Controllers\Student\Enrollments))
10 SYSTEMPATH\CodeIgniter.php(354): CodeIgniter\CodeIgniter->handleRequest(null, Object(Config\Cache), false)
11 SYSTEMPATH\Boot.php(363): CodeIgniter\CodeIgniter->run()
12 SYSTEMPATH\Boot.php(68): CodeIgniter\Boot::runCodeIgniter(Object(CodeIgniter\CodeIgniter))
13 FCPATH\index.php(59): CodeIgniter\Boot::bootWeb(Object(Config\Paths))
14 SYSTEMPATH\rewrite.php(44): require_once('C:\\xampp\\htdocs\\ITE311-CASTILLO\\public\\index.php')
CRITICAL - 2025-10-10 12:38:28 --> [Caused by] mysqli_sql_exception: Unknown column 'enrollments.enrollment_date' in 'field list'
in SYSTEMPATH\Database\MySQLi\Connection.php on line 327.
 1 SYSTEMPATH\Database\MySQLi\Connection.php(327): mysqli->query('SELECT `enrollments`.*, `courses`.`id` as `id`, `courses`.`title`, `courses`.`description`, `enrollments`.`enrollment_date`
FROM `enrollments`
INNER JOIN `courses` ON `courses`.`id` = `enrollments`.`course_id`
WHERE `enrollments`.`user_id` = 11
ORDER BY `enrollment_date` DESC', 0)
 2 SYSTEMPATH\Database\BaseConnection.php(729): CodeIgniter\Database\MySQLi\Connection->execute('SELECT `enrollments`.*, `courses`.`id` as `id`, `courses`.`title`, `courses`.`description`, `enrollments`.`enrollment_date`
FROM `enrollments`
INNER JOIN `courses` ON `courses`.`id` = `enrollments`.`course_id`
WHERE `enrollments`.`user_id` = 11
ORDER BY `enrollment_date` DESC')
 3 SYSTEMPATH\Database\BaseConnection.php(646): CodeIgniter\Database\BaseConnection->simpleQuery('SELECT `enrollments`.*, `courses`.`id` as `id`, `courses`.`title`, `courses`.`description`, `enrollments`.`enrollment_date`
FROM `enrollments`
INNER JOIN `courses` ON `courses`.`id` = `enrollments`.`course_id`
WHERE `enrollments`.`user_id` = 11
ORDER BY `enrollment_date` DESC')
 4 SYSTEMPATH\Database\BaseBuilder.php(1649): CodeIgniter\Database\BaseConnection->query('SELECT `enrollments`.*, `courses`.`id` as `id`, `courses`.`title`, `courses`.`description`, `enrollments`.`enrollment_date`
FROM `enrollments`
INNER JOIN `courses` ON `courses`.`id` = `enrollments`.`course_id`
WHERE `enrollments`.`user_id` = :enrollments.user_id:
ORDER BY `enrollment_date` DESC', [...], false)
 5 SYSTEMPATH\Model.php(286): CodeIgniter\Database\BaseBuilder->get()
 6 SYSTEMPATH\BaseModel.php(677): CodeIgniter\Model->doFindAll(0, 0)
 7 APPPATH\Models\EnrollmentModel.php(31): CodeIgniter\BaseModel->findAll()
 8 APPPATH\Controllers\Student\Enrollments.php(24): App\Models\EnrollmentModel->getUserEnrollments(11)
 9 SYSTEMPATH\CodeIgniter.php(933): App\Controllers\Student\Enrollments->index()
10 SYSTEMPATH\CodeIgniter.php(507): CodeIgniter\CodeIgniter->runController(Object(App\Controllers\Student\Enrollments))
11 SYSTEMPATH\CodeIgniter.php(354): CodeIgniter\CodeIgniter->handleRequest(null, Object(Config\Cache), false)
12 SYSTEMPATH\Boot.php(363): CodeIgniter\CodeIgniter->run()
13 SYSTEMPATH\Boot.php(68): CodeIgniter\Boot::runCodeIgniter(Object(CodeIgniter\CodeIgniter))
14 FCPATH\index.php(59): CodeIgniter\Boot::bootWeb(Object(Config\Paths))
15 SYSTEMPATH\rewrite.php(44): require_once('C:\\xampp\\htdocs\\ITE311-CASTILLO\\public\\index.php')
ERROR - 2025-10-10 12:38:35 --> mysqli_sql_exception: Unknown column 'enrollments.enrollment_date' in 'field list' in C:\xampp\htdocs\ITE311-CASTILLO\system\Database\MySQLi\Connection.php:327
Stack trace:
#0 C:\xampp\htdocs\ITE311-CASTILLO\system\Database\MySQLi\Connection.php(327): mysqli->query('SELECT `enrollm...', 0)
#1 C:\xampp\htdocs\ITE311-CASTILLO\system\Database\BaseConnection.php(729): CodeIgniter\Database\MySQLi\Connection->execute('SELECT `enrollm...')
#2 C:\xampp\htdocs\ITE311-CASTILLO\system\Database\BaseConnection.php(646): CodeIgniter\Database\BaseConnection->simpleQuery('SELECT `enrollm...')
#3 C:\xampp\htdocs\ITE311-CASTILLO\system\Database\BaseBuilder.php(1649): CodeIgniter\Database\BaseConnection->query('SELECT `enrollm...', Array, false)
#4 C:\xampp\htdocs\ITE311-CASTILLO\system\Model.php(286): CodeIgniter\Database\BaseBuilder->get()
#5 C:\xampp\htdocs\ITE311-CASTILLO\system\BaseModel.php(677): CodeIgniter\Model->doFindAll(0, 0)
#6 C:\xampp\htdocs\ITE311-CASTILLO\app\Models\EnrollmentModel.php(31): CodeIgniter\BaseModel->findAll()
#7 C:\xampp\htdocs\ITE311-CASTILLO\app\Controllers\Student\Enrollments.php(24): App\Models\EnrollmentModel->getUserEnrollments(11)
#8 C:\xampp\htdocs\ITE311-CASTILLO\system\CodeIgniter.php(933): App\Controllers\Student\Enrollments->index()
#9 C:\xampp\htdocs\ITE311-CASTILLO\system\CodeIgniter.php(507): CodeIgniter\CodeIgniter->runController(Object(App\Controllers\Student\Enrollments))
#10 C:\xampp\htdocs\ITE311-CASTILLO\system\CodeIgniter.php(354): CodeIgniter\CodeIgniter->handleRequest(NULL, Object(Config\Cache), false)
#11 C:\xampp\htdocs\ITE311-CASTILLO\system\Boot.php(363): CodeIgniter\CodeIgniter->run()
#12 C:\xampp\htdocs\ITE311-CASTILLO\system\Boot.php(68): CodeIgniter\Boot::runCodeIgniter(Object(CodeIgniter\CodeIgniter))
#13 C:\xampp\htdocs\ITE311-CASTILLO\public\index.php(59): CodeIgniter\Boot::bootWeb(Object(Config\Paths))
#14 C:\xampp\htdocs\ITE311-CASTILLO\system\rewrite.php(44): require_once('C:\\xampp\\htdocs...')
#15 {main}
CRITICAL - 2025-10-10 12:38:35 --> CodeIgniter\Database\Exceptions\DatabaseException: Unknown column 'enrollments.enrollment_date' in 'field list'
[Method: GET, Route: student/enrollments]
in SYSTEMPATH\Database\BaseConnection.php on line 684.
 1 SYSTEMPATH\Database\BaseBuilder.php(1649): CodeIgniter\Database\BaseConnection->query('SELECT `enrollments`.*, `courses`.`id` as `id`, `courses`.`title`, `courses`.`description`, `enrollments`.`enrollment_date`
FROM `enrollments`
INNER JOIN `courses` ON `courses`.`id` = `enrollments`.`course_id`
WHERE `enrollments`.`user_id` = :enrollments.user_id:
ORDER BY `enrollment_date` DESC', [...], false)
 2 SYSTEMPATH\Model.php(286): CodeIgniter\Database\BaseBuilder->get()
 3 SYSTEMPATH\BaseModel.php(677): CodeIgniter\Model->doFindAll(0, 0)
 4 APPPATH\Models\EnrollmentModel.php(31): CodeIgniter\BaseModel->findAll()
 5 APPPATH\Controllers\Student\Enrollments.php(24): App\Models\EnrollmentModel->getUserEnrollments(11)
 6 SYSTEMPATH\CodeIgniter.php(933): App\Controllers\Student\Enrollments->index()
 7 SYSTEMPATH\CodeIgniter.php(507): CodeIgniter\CodeIgniter->runController(Object(App\Controllers\Student\Enrollments))
 8 SYSTEMPATH\CodeIgniter.php(354): CodeIgniter\CodeIgniter->handleRequest(null, Object(Config\Cache), false)
 9 SYSTEMPATH\Boot.php(363): CodeIgniter\CodeIgniter->run()
10 SYSTEMPATH\Boot.php(68): CodeIgniter\Boot::runCodeIgniter(Object(CodeIgniter\CodeIgniter))
11 FCPATH\index.php(59): CodeIgniter\Boot::bootWeb(Object(Config\Paths))
12 SYSTEMPATH\rewrite.php(44): require_once('C:\\xampp\\htdocs\\ITE311-CASTILLO\\public\\index.php')
CRITICAL - 2025-10-10 12:38:35 --> [Caused by] CodeIgniter\Database\Exceptions\DatabaseException: Unknown column 'enrollments.enrollment_date' in 'field list'
in SYSTEMPATH\Database\MySQLi\Connection.php on line 332.
 1 SYSTEMPATH\Database\BaseConnection.php(729): CodeIgniter\Database\MySQLi\Connection->execute('SELECT `enrollments`.*, `courses`.`id` as `id`, `courses`.`title`, `courses`.`description`, `enrollments`.`enrollment_date`
FROM `enrollments`
INNER JOIN `courses` ON `courses`.`id` = `enrollments`.`course_id`
WHERE `enrollments`.`user_id` = 11
ORDER BY `enrollment_date` DESC')
 2 SYSTEMPATH\Database\BaseConnection.php(646): CodeIgniter\Database\BaseConnection->simpleQuery('SELECT `enrollments`.*, `courses`.`id` as `id`, `courses`.`title`, `courses`.`description`, `enrollments`.`enrollment_date`
FROM `enrollments`
INNER JOIN `courses` ON `courses`.`id` = `enrollments`.`course_id`
WHERE `enrollments`.`user_id` = 11
ORDER BY `enrollment_date` DESC')
 3 SYSTEMPATH\Database\BaseBuilder.php(1649): CodeIgniter\Database\BaseConnection->query('SELECT `enrollments`.*, `courses`.`id` as `id`, `courses`.`title`, `courses`.`description`, `enrollments`.`enrollment_date`
FROM `enrollments`
INNER JOIN `courses` ON `courses`.`id` = `enrollments`.`course_id`
WHERE `enrollments`.`user_id` = :enrollments.user_id:
ORDER BY `enrollment_date` DESC', [...], false)
 4 SYSTEMPATH\Model.php(286): CodeIgniter\Database\BaseBuilder->get()
 5 SYSTEMPATH\BaseModel.php(677): CodeIgniter\Model->doFindAll(0, 0)
 6 APPPATH\Models\EnrollmentModel.php(31): CodeIgniter\BaseModel->findAll()
 7 APPPATH\Controllers\Student\Enrollments.php(24): App\Models\EnrollmentModel->getUserEnrollments(11)
 8 SYSTEMPATH\CodeIgniter.php(933): App\Controllers\Student\Enrollments->index()
 9 SYSTEMPATH\CodeIgniter.php(507): CodeIgniter\CodeIgniter->runController(Object(App\Controllers\Student\Enrollments))
10 SYSTEMPATH\CodeIgniter.php(354): CodeIgniter\CodeIgniter->handleRequest(null, Object(Config\Cache), false)
11 SYSTEMPATH\Boot.php(363): CodeIgniter\CodeIgniter->run()
12 SYSTEMPATH\Boot.php(68): CodeIgniter\Boot::runCodeIgniter(Object(CodeIgniter\CodeIgniter))
13 FCPATH\index.php(59): CodeIgniter\Boot::bootWeb(Object(Config\Paths))
14 SYSTEMPATH\rewrite.php(44): require_once('C:\\xampp\\htdocs\\ITE311-CASTILLO\\public\\index.php')
CRITICAL - 2025-10-10 12:38:35 --> [Caused by] mysqli_sql_exception: Unknown column 'enrollments.enrollment_date' in 'field list'
in SYSTEMPATH\Database\MySQLi\Connection.php on line 327.
 1 SYSTEMPATH\Database\MySQLi\Connection.php(327): mysqli->query('SELECT `enrollments`.*, `courses`.`id` as `id`, `courses`.`title`, `courses`.`description`, `enrollments`.`enrollment_date`
FROM `enrollments`
INNER JOIN `courses` ON `courses`.`id` = `enrollments`.`course_id`
WHERE `enrollments`.`user_id` = 11
ORDER BY `enrollment_date` DESC', 0)
 2 SYSTEMPATH\Database\BaseConnection.php(729): CodeIgniter\Database\MySQLi\Connection->execute('SELECT `enrollments`.*, `courses`.`id` as `id`, `courses`.`title`, `courses`.`description`, `enrollments`.`enrollment_date`
FROM `enrollments`
INNER JOIN `courses` ON `courses`.`id` = `enrollments`.`course_id`
WHERE `enrollments`.`user_id` = 11
ORDER BY `enrollment_date` DESC')
 3 SYSTEMPATH\Database\BaseConnection.php(646): CodeIgniter\Database\BaseConnection->simpleQuery('SELECT `enrollments`.*, `courses`.`id` as `id`, `courses`.`title`, `courses`.`description`, `enrollments`.`enrollment_date`
FROM `enrollments`
INNER JOIN `courses` ON `courses`.`id` = `enrollments`.`course_id`
WHERE `enrollments`.`user_id` = 11
ORDER BY `enrollment_date` DESC')
 4 SYSTEMPATH\Database\BaseBuilder.php(1649): CodeIgniter\Database\BaseConnection->query('SELECT `enrollments`.*, `courses`.`id` as `id`, `courses`.`title`, `courses`.`description`, `enrollments`.`enrollment_date`
FROM `enrollments`
INNER JOIN `courses` ON `courses`.`id` = `enrollments`.`course_id`
WHERE `enrollments`.`user_id` = :enrollments.user_id:
ORDER BY `enrollment_date` DESC', [...], false)
 5 SYSTEMPATH\Model.php(286): CodeIgniter\Database\BaseBuilder->get()
 6 SYSTEMPATH\BaseModel.php(677): CodeIgniter\Model->doFindAll(0, 0)
 7 APPPATH\Models\EnrollmentModel.php(31): CodeIgniter\BaseModel->findAll()
 8 APPPATH\Controllers\Student\Enrollments.php(24): App\Models\EnrollmentModel->getUserEnrollments(11)
 9 SYSTEMPATH\CodeIgniter.php(933): App\Controllers\Student\Enrollments->index()
10 SYSTEMPATH\CodeIgniter.php(507): CodeIgniter\CodeIgniter->runController(Object(App\Controllers\Student\Enrollments))
11 SYSTEMPATH\CodeIgniter.php(354): CodeIgniter\CodeIgniter->handleRequest(null, Object(Config\Cache), false)
12 SYSTEMPATH\Boot.php(363): CodeIgniter\CodeIgniter->run()
13 SYSTEMPATH\Boot.php(68): CodeIgniter\Boot::runCodeIgniter(Object(CodeIgniter\CodeIgniter))
14 FCPATH\index.php(59): CodeIgniter\Boot::bootWeb(Object(Config\Paths))
15 SYSTEMPATH\rewrite.php(44): require_once('C:\\xampp\\htdocs\\ITE311-CASTILLO\\public\\index.php')
ERROR - 2025-10-10 12:38:44 --> mysqli_sql_exception: Unknown column 'enrollments.enrollment_date' in 'field list' in C:\xampp\htdocs\ITE311-CASTILLO\system\Database\MySQLi\Connection.php:327
Stack trace:
#0 C:\xampp\htdocs\ITE311-CASTILLO\system\Database\MySQLi\Connection.php(327): mysqli->query('SELECT `enrollm...', 0)
#1 C:\xampp\htdocs\ITE311-CASTILLO\system\Database\BaseConnection.php(729): CodeIgniter\Database\MySQLi\Connection->execute('SELECT `enrollm...')
#2 C:\xampp\htdocs\ITE311-CASTILLO\system\Database\BaseConnection.php(646): CodeIgniter\Database\BaseConnection->simpleQuery('SELECT `enrollm...')
#3 C:\xampp\htdocs\ITE311-CASTILLO\system\Database\BaseBuilder.php(1649): CodeIgniter\Database\BaseConnection->query('SELECT `enrollm...', Array, false)
#4 C:\xampp\htdocs\ITE311-CASTILLO\system\Model.php(286): CodeIgniter\Database\BaseBuilder->get()
#5 C:\xampp\htdocs\ITE311-CASTILLO\system\BaseModel.php(677): CodeIgniter\Model->doFindAll(0, 0)
#6 C:\xampp\htdocs\ITE311-CASTILLO\app\Models\EnrollmentModel.php(31): CodeIgniter\BaseModel->findAll()
#7 C:\xampp\htdocs\ITE311-CASTILLO\app\Controllers\Student\Enrollments.php(24): App\Models\EnrollmentModel->getUserEnrollments(11)
#8 C:\xampp\htdocs\ITE311-CASTILLO\system\CodeIgniter.php(933): App\Controllers\Student\Enrollments->index()
#9 C:\xampp\htdocs\ITE311-CASTILLO\system\CodeIgniter.php(507): CodeIgniter\CodeIgniter->runController(Object(App\Controllers\Student\Enrollments))
#10 C:\xampp\htdocs\ITE311-CASTILLO\system\CodeIgniter.php(354): CodeIgniter\CodeIgniter->handleRequest(NULL, Object(Config\Cache), false)
#11 C:\xampp\htdocs\ITE311-CASTILLO\system\Boot.php(363): CodeIgniter\CodeIgniter->run()
#12 C:\xampp\htdocs\ITE311-CASTILLO\system\Boot.php(68): CodeIgniter\Boot::runCodeIgniter(Object(CodeIgniter\CodeIgniter))
#13 C:\xampp\htdocs\ITE311-CASTILLO\public\index.php(59): CodeIgniter\Boot::bootWeb(Object(Config\Paths))
#14 C:\xampp\htdocs\ITE311-CASTILLO\system\rewrite.php(44): require_once('C:\\xampp\\htdocs...')
#15 {main}
CRITICAL - 2025-10-10 12:38:44 --> CodeIgniter\Database\Exceptions\DatabaseException: Unknown column 'enrollments.enrollment_date' in 'field list'
[Method: GET, Route: student/enrollments]
in SYSTEMPATH\Database\BaseConnection.php on line 684.
 1 SYSTEMPATH\Database\BaseBuilder.php(1649): CodeIgniter\Database\BaseConnection->query('SELECT `enrollments`.*, `courses`.`id` as `id`, `courses`.`title`, `courses`.`description`, `enrollments`.`enrollment_date`
FROM `enrollments`
INNER JOIN `courses` ON `courses`.`id` = `enrollments`.`course_id`
WHERE `enrollments`.`user_id` = :enrollments.user_id:
ORDER BY `enrollment_date` DESC', [...], false)
 2 SYSTEMPATH\Model.php(286): CodeIgniter\Database\BaseBuilder->get()
 3 SYSTEMPATH\BaseModel.php(677): CodeIgniter\Model->doFindAll(0, 0)
 4 APPPATH\Models\EnrollmentModel.php(31): CodeIgniter\BaseModel->findAll()
 5 APPPATH\Controllers\Student\Enrollments.php(24): App\Models\EnrollmentModel->getUserEnrollments(11)
 6 SYSTEMPATH\CodeIgniter.php(933): App\Controllers\Student\Enrollments->index()
 7 SYSTEMPATH\CodeIgniter.php(507): CodeIgniter\CodeIgniter->runController(Object(App\Controllers\Student\Enrollments))
 8 SYSTEMPATH\CodeIgniter.php(354): CodeIgniter\CodeIgniter->handleRequest(null, Object(Config\Cache), false)
 9 SYSTEMPATH\Boot.php(363): CodeIgniter\CodeIgniter->run()
10 SYSTEMPATH\Boot.php(68): CodeIgniter\Boot::runCodeIgniter(Object(CodeIgniter\CodeIgniter))
11 FCPATH\index.php(59): CodeIgniter\Boot::bootWeb(Object(Config\Paths))
12 SYSTEMPATH\rewrite.php(44): require_once('C:\\xampp\\htdocs\\ITE311-CASTILLO\\public\\index.php')
CRITICAL - 2025-10-10 12:38:44 --> [Caused by] CodeIgniter\Database\Exceptions\DatabaseException: Unknown column 'enrollments.enrollment_date' in 'field list'
in SYSTEMPATH\Database\MySQLi\Connection.php on line 332.
 1 SYSTEMPATH\Database\BaseConnection.php(729): CodeIgniter\Database\MySQLi\Connection->execute('SELECT `enrollments`.*, `courses`.`id` as `id`, `courses`.`title`, `courses`.`description`, `enrollments`.`enrollment_date`
FROM `enrollments`
INNER JOIN `courses` ON `courses`.`id` = `enrollments`.`course_id`
WHERE `enrollments`.`user_id` = 11
ORDER BY `enrollment_date` DESC')
 2 SYSTEMPATH\Database\BaseConnection.php(646): CodeIgniter\Database\BaseConnection->simpleQuery('SELECT `enrollments`.*, `courses`.`id` as `id`, `courses`.`title`, `courses`.`description`, `enrollments`.`enrollment_date`
FROM `enrollments`
INNER JOIN `courses` ON `courses`.`id` = `enrollments`.`course_id`
WHERE `enrollments`.`user_id` = 11
ORDER BY `enrollment_date` DESC')
 3 SYSTEMPATH\Database\BaseBuilder.php(1649): CodeIgniter\Database\BaseConnection->query('SELECT `enrollments`.*, `courses`.`id` as `id`, `courses`.`title`, `courses`.`description`, `enrollments`.`enrollment_date`
FROM `enrollments`
INNER JOIN `courses` ON `courses`.`id` = `enrollments`.`course_id`
WHERE `enrollments`.`user_id` = :enrollments.user_id:
ORDER BY `enrollment_date` DESC', [...], false)
 4 SYSTEMPATH\Model.php(286): CodeIgniter\Database\BaseBuilder->get()
 5 SYSTEMPATH\BaseModel.php(677): CodeIgniter\Model->doFindAll(0, 0)
 6 APPPATH\Models\EnrollmentModel.php(31): CodeIgniter\BaseModel->findAll()
 7 APPPATH\Controllers\Student\Enrollments.php(24): App\Models\EnrollmentModel->getUserEnrollments(11)
 8 SYSTEMPATH\CodeIgniter.php(933): App\Controllers\Student\Enrollments->index()
 9 SYSTEMPATH\CodeIgniter.php(507): CodeIgniter\CodeIgniter->runController(Object(App\Controllers\Student\Enrollments))
10 SYSTEMPATH\CodeIgniter.php(354): CodeIgniter\CodeIgniter->handleRequest(null, Object(Config\Cache), false)
11 SYSTEMPATH\Boot.php(363): CodeIgniter\CodeIgniter->run()
12 SYSTEMPATH\Boot.php(68): CodeIgniter\Boot::runCodeIgniter(Object(CodeIgniter\CodeIgniter))
13 FCPATH\index.php(59): CodeIgniter\Boot::bootWeb(Object(Config\Paths))
14 SYSTEMPATH\rewrite.php(44): require_once('C:\\xampp\\htdocs\\ITE311-CASTILLO\\public\\index.php')
CRITICAL - 2025-10-10 12:38:44 --> [Caused by] mysqli_sql_exception: Unknown column 'enrollments.enrollment_date' in 'field list'
in SYSTEMPATH\Database\MySQLi\Connection.php on line 327.
 1 SYSTEMPATH\Database\MySQLi\Connection.php(327): mysqli->query('SELECT `enrollments`.*, `courses`.`id` as `id`, `courses`.`title`, `courses`.`description`, `enrollments`.`enrollment_date`
FROM `enrollments`
INNER JOIN `courses` ON `courses`.`id` = `enrollments`.`course_id`
WHERE `enrollments`.`user_id` = 11
ORDER BY `enrollment_date` DESC', 0)
 2 SYSTEMPATH\Database\BaseConnection.php(729): CodeIgniter\Database\MySQLi\Connection->execute('SELECT `enrollments`.*, `courses`.`id` as `id`, `courses`.`title`, `courses`.`description`, `enrollments`.`enrollment_date`
FROM `enrollments`
INNER JOIN `courses` ON `courses`.`id` = `enrollments`.`course_id`
WHERE `enrollments`.`user_id` = 11
ORDER BY `enrollment_date` DESC')
 3 SYSTEMPATH\Database\BaseConnection.php(646): CodeIgniter\Database\BaseConnection->simpleQuery('SELECT `enrollments`.*, `courses`.`id` as `id`, `courses`.`title`, `courses`.`description`, `enrollments`.`enrollment_date`
FROM `enrollments`
INNER JOIN `courses` ON `courses`.`id` = `enrollments`.`course_id`
WHERE `enrollments`.`user_id` = 11
ORDER BY `enrollment_date` DESC')
 4 SYSTEMPATH\Database\BaseBuilder.php(1649): CodeIgniter\Database\BaseConnection->query('SELECT `enrollments`.*, `courses`.`id` as `id`, `courses`.`title`, `courses`.`description`, `enrollments`.`enrollment_date`
FROM `enrollments`
INNER JOIN `courses` ON `courses`.`id` = `enrollments`.`course_id`
WHERE `enrollments`.`user_id` = :enrollments.user_id:
ORDER BY `enrollment_date` DESC', [...], false)
 5 SYSTEMPATH\Model.php(286): CodeIgniter\Database\BaseBuilder->get()
 6 SYSTEMPATH\BaseModel.php(677): CodeIgniter\Model->doFindAll(0, 0)
 7 APPPATH\Models\EnrollmentModel.php(31): CodeIgniter\BaseModel->findAll()
 8 APPPATH\Controllers\Student\Enrollments.php(24): App\Models\EnrollmentModel->getUserEnrollments(11)
 9 SYSTEMPATH\CodeIgniter.php(933): App\Controllers\Student\Enrollments->index()
10 SYSTEMPATH\CodeIgniter.php(507): CodeIgniter\CodeIgniter->runController(Object(App\Controllers\Student\Enrollments))
11 SYSTEMPATH\CodeIgniter.php(354): CodeIgniter\CodeIgniter->handleRequest(null, Object(Config\Cache), false)
12 SYSTEMPATH\Boot.php(363): CodeIgniter\CodeIgniter->run()
13 SYSTEMPATH\Boot.php(68): CodeIgniter\Boot::runCodeIgniter(Object(CodeIgniter\CodeIgniter))
14 FCPATH\index.php(59): CodeIgniter\Boot::bootWeb(Object(Config\Paths))
15 SYSTEMPATH\rewrite.php(44): require_once('C:\\xampp\\htdocs\\ITE311-CASTILLO\\public\\index.php')
ERROR - 2025-10-10 12:39:25 --> mysqli_sql_exception: Unknown column 'enrollments.enrollment_date' in 'field list' in C:\xampp\htdocs\ITE311-CASTILLO\system\Database\MySQLi\Connection.php:327
Stack trace:
#0 C:\xampp\htdocs\ITE311-CASTILLO\system\Database\MySQLi\Connection.php(327): mysqli->query('SELECT `enrollm...', 0)
#1 C:\xampp\htdocs\ITE311-CASTILLO\system\Database\BaseConnection.php(729): CodeIgniter\Database\MySQLi\Connection->execute('SELECT `enrollm...')
#2 C:\xampp\htdocs\ITE311-CASTILLO\system\Database\BaseConnection.php(646): CodeIgniter\Database\BaseConnection->simpleQuery('SELECT `enrollm...')
#3 C:\xampp\htdocs\ITE311-CASTILLO\system\Database\BaseBuilder.php(1649): CodeIgniter\Database\BaseConnection->query('SELECT `enrollm...', Array, false)
#4 C:\xampp\htdocs\ITE311-CASTILLO\system\Model.php(286): CodeIgniter\Database\BaseBuilder->get()
#5 C:\xampp\htdocs\ITE311-CASTILLO\system\BaseModel.php(677): CodeIgniter\Model->doFindAll(0, 0)
#6 C:\xampp\htdocs\ITE311-CASTILLO\app\Models\EnrollmentModel.php(31): CodeIgniter\BaseModel->findAll()
#7 C:\xampp\htdocs\ITE311-CASTILLO\app\Controllers\Student\Enrollments.php(24): App\Models\EnrollmentModel->getUserEnrollments(11)
#8 C:\xampp\htdocs\ITE311-CASTILLO\system\CodeIgniter.php(933): App\Controllers\Student\Enrollments->index()
#9 C:\xampp\htdocs\ITE311-CASTILLO\system\CodeIgniter.php(507): CodeIgniter\CodeIgniter->runController(Object(App\Controllers\Student\Enrollments))
#10 C:\xampp\htdocs\ITE311-CASTILLO\system\CodeIgniter.php(354): CodeIgniter\CodeIgniter->handleRequest(NULL, Object(Config\Cache), false)
#11 C:\xampp\htdocs\ITE311-CASTILLO\system\Boot.php(363): CodeIgniter\CodeIgniter->run()
#12 C:\xampp\htdocs\ITE311-CASTILLO\system\Boot.php(68): CodeIgniter\Boot::runCodeIgniter(Object(CodeIgniter\CodeIgniter))
#13 C:\xampp\htdocs\ITE311-CASTILLO\public\index.php(59): CodeIgniter\Boot::bootWeb(Object(Config\Paths))
#14 C:\xampp\htdocs\ITE311-CASTILLO\system\rewrite.php(44): require_once('C:\\xampp\\htdocs...')
#15 {main}
CRITICAL - 2025-10-10 12:39:25 --> CodeIgniter\Database\Exceptions\DatabaseException: Unknown column 'enrollments.enrollment_date' in 'field list'
[Method: GET, Route: student/enrollments]
in SYSTEMPATH\Database\BaseConnection.php on line 684.
 1 SYSTEMPATH\Database\BaseBuilder.php(1649): CodeIgniter\Database\BaseConnection->query('SELECT `enrollments`.*, `courses`.`id` as `id`, `courses`.`title`, `courses`.`description`, `enrollments`.`enrollment_date`
FROM `enrollments`
INNER JOIN `courses` ON `courses`.`id` = `enrollments`.`course_id`
WHERE `enrollments`.`user_id` = :enrollments.user_id:
ORDER BY `enrollment_date` DESC', [...], false)
 2 SYSTEMPATH\Model.php(286): CodeIgniter\Database\BaseBuilder->get()
 3 SYSTEMPATH\BaseModel.php(677): CodeIgniter\Model->doFindAll(0, 0)
 4 APPPATH\Models\EnrollmentModel.php(31): CodeIgniter\BaseModel->findAll()
 5 APPPATH\Controllers\Student\Enrollments.php(24): App\Models\EnrollmentModel->getUserEnrollments(11)
 6 SYSTEMPATH\CodeIgniter.php(933): App\Controllers\Student\Enrollments->index()
 7 SYSTEMPATH\CodeIgniter.php(507): CodeIgniter\CodeIgniter->runController(Object(App\Controllers\Student\Enrollments))
 8 SYSTEMPATH\CodeIgniter.php(354): CodeIgniter\CodeIgniter->handleRequest(null, Object(Config\Cache), false)
 9 SYSTEMPATH\Boot.php(363): CodeIgniter\CodeIgniter->run()
10 SYSTEMPATH\Boot.php(68): CodeIgniter\Boot::runCodeIgniter(Object(CodeIgniter\CodeIgniter))
11 FCPATH\index.php(59): CodeIgniter\Boot::bootWeb(Object(Config\Paths))
12 SYSTEMPATH\rewrite.php(44): require_once('C:\\xampp\\htdocs\\ITE311-CASTILLO\\public\\index.php')
CRITICAL - 2025-10-10 12:39:25 --> [Caused by] CodeIgniter\Database\Exceptions\DatabaseException: Unknown column 'enrollments.enrollment_date' in 'field list'
in SYSTEMPATH\Database\MySQLi\Connection.php on line 332.
 1 SYSTEMPATH\Database\BaseConnection.php(729): CodeIgniter\Database\MySQLi\Connection->execute('SELECT `enrollments`.*, `courses`.`id` as `id`, `courses`.`title`, `courses`.`description`, `enrollments`.`enrollment_date`
FROM `enrollments`
INNER JOIN `courses` ON `courses`.`id` = `enrollments`.`course_id`
WHERE `enrollments`.`user_id` = 11
ORDER BY `enrollment_date` DESC')
 2 SYSTEMPATH\Database\BaseConnection.php(646): CodeIgniter\Database\BaseConnection->simpleQuery('SELECT `enrollments`.*, `courses`.`id` as `id`, `courses`.`title`, `courses`.`description`, `enrollments`.`enrollment_date`
FROM `enrollments`
INNER JOIN `courses` ON `courses`.`id` = `enrollments`.`course_id`
WHERE `enrollments`.`user_id` = 11
ORDER BY `enrollment_date` DESC')
 3 SYSTEMPATH\Database\BaseBuilder.php(1649): CodeIgniter\Database\BaseConnection->query('SELECT `enrollments`.*, `courses`.`id` as `id`, `courses`.`title`, `courses`.`description`, `enrollments`.`enrollment_date`
FROM `enrollments`
INNER JOIN `courses` ON `courses`.`id` = `enrollments`.`course_id`
WHERE `enrollments`.`user_id` = :enrollments.user_id:
ORDER BY `enrollment_date` DESC', [...], false)
 4 SYSTEMPATH\Model.php(286): CodeIgniter\Database\BaseBuilder->get()
 5 SYSTEMPATH\BaseModel.php(677): CodeIgniter\Model->doFindAll(0, 0)
 6 APPPATH\Models\EnrollmentModel.php(31): CodeIgniter\BaseModel->findAll()
 7 APPPATH\Controllers\Student\Enrollments.php(24): App\Models\EnrollmentModel->getUserEnrollments(11)
 8 SYSTEMPATH\CodeIgniter.php(933): App\Controllers\Student\Enrollments->index()
 9 SYSTEMPATH\CodeIgniter.php(507): CodeIgniter\CodeIgniter->runController(Object(App\Controllers\Student\Enrollments))
10 SYSTEMPATH\CodeIgniter.php(354): CodeIgniter\CodeIgniter->handleRequest(null, Object(Config\Cache), false)
11 SYSTEMPATH\Boot.php(363): CodeIgniter\CodeIgniter->run()
12 SYSTEMPATH\Boot.php(68): CodeIgniter\Boot::runCodeIgniter(Object(CodeIgniter\CodeIgniter))
13 FCPATH\index.php(59): CodeIgniter\Boot::bootWeb(Object(Config\Paths))
14 SYSTEMPATH\rewrite.php(44): require_once('C:\\xampp\\htdocs\\ITE311-CASTILLO\\public\\index.php')
CRITICAL - 2025-10-10 12:39:25 --> [Caused by] mysqli_sql_exception: Unknown column 'enrollments.enrollment_date' in 'field list'
in SYSTEMPATH\Database\MySQLi\Connection.php on line 327.
 1 SYSTEMPATH\Database\MySQLi\Connection.php(327): mysqli->query('SELECT `enrollments`.*, `courses`.`id` as `id`, `courses`.`title`, `courses`.`description`, `enrollments`.`enrollment_date`
FROM `enrollments`
INNER JOIN `courses` ON `courses`.`id` = `enrollments`.`course_id`
WHERE `enrollments`.`user_id` = 11
ORDER BY `enrollment_date` DESC', 0)
 2 SYSTEMPATH\Database\BaseConnection.php(729): CodeIgniter\Database\MySQLi\Connection->execute('SELECT `enrollments`.*, `courses`.`id` as `id`, `courses`.`title`, `courses`.`description`, `enrollments`.`enrollment_date`
FROM `enrollments`
INNER JOIN `courses` ON `courses`.`id` = `enrollments`.`course_id`
WHERE `enrollments`.`user_id` = 11
ORDER BY `enrollment_date` DESC')
 3 SYSTEMPATH\Database\BaseConnection.php(646): CodeIgniter\Database\BaseConnection->simpleQuery('SELECT `enrollments`.*, `courses`.`id` as `id`, `courses`.`title`, `courses`.`description`, `enrollments`.`enrollment_date`
FROM `enrollments`
INNER JOIN `courses` ON `courses`.`id` = `enrollments`.`course_id`
WHERE `enrollments`.`user_id` = 11
ORDER BY `enrollment_date` DESC')
 4 SYSTEMPATH\Database\BaseBuilder.php(1649): CodeIgniter\Database\BaseConnection->query('SELECT `enrollments`.*, `courses`.`id` as `id`, `courses`.`title`, `courses`.`description`, `enrollments`.`enrollment_date`
FROM `enrollments`
INNER JOIN `courses` ON `courses`.`id` = `enrollments`.`course_id`
WHERE `enrollments`.`user_id` = :enrollments.user_id:
ORDER BY `enrollment_date` DESC', [...], false)
 5 SYSTEMPATH\Model.php(286): CodeIgniter\Database\BaseBuilder->get()
 6 SYSTEMPATH\BaseModel.php(677): CodeIgniter\Model->doFindAll(0, 0)
 7 APPPATH\Models\EnrollmentModel.php(31): CodeIgniter\BaseModel->findAll()
 8 APPPATH\Controllers\Student\Enrollments.php(24): App\Models\EnrollmentModel->getUserEnrollments(11)
 9 SYSTEMPATH\CodeIgniter.php(933): App\Controllers\Student\Enrollments->index()
10 SYSTEMPATH\CodeIgniter.php(507): CodeIgniter\CodeIgniter->runController(Object(App\Controllers\Student\Enrollments))
11 SYSTEMPATH\CodeIgniter.php(354): CodeIgniter\CodeIgniter->handleRequest(null, Object(Config\Cache), false)
12 SYSTEMPATH\Boot.php(363): CodeIgniter\CodeIgniter->run()
13 SYSTEMPATH\Boot.php(68): CodeIgniter\Boot::runCodeIgniter(Object(CodeIgniter\CodeIgniter))
14 FCPATH\index.php(59): CodeIgniter\Boot::bootWeb(Object(Config\Paths))
15 SYSTEMPATH\rewrite.php(44): require_once('C:\\xampp\\htdocs\\ITE311-CASTILLO\\public\\index.php')
ERROR - 2025-10-10 12:39:42 --> mysqli_sql_exception: Unknown column 'enrollments.enrollment_date' in 'field list' in C:\xampp\htdocs\ITE311-CASTILLO\system\Database\MySQLi\Connection.php:327
Stack trace:
#0 C:\xampp\htdocs\ITE311-CASTILLO\system\Database\MySQLi\Connection.php(327): mysqli->query('SELECT `enrollm...', 0)
#1 C:\xampp\htdocs\ITE311-CASTILLO\system\Database\BaseConnection.php(729): CodeIgniter\Database\MySQLi\Connection->execute('SELECT `enrollm...')
#2 C:\xampp\htdocs\ITE311-CASTILLO\system\Database\BaseConnection.php(646): CodeIgniter\Database\BaseConnection->simpleQuery('SELECT `enrollm...')
#3 C:\xampp\htdocs\ITE311-CASTILLO\system\Database\BaseBuilder.php(1649): CodeIgniter\Database\BaseConnection->query('SELECT `enrollm...', Array, false)
#4 C:\xampp\htdocs\ITE311-CASTILLO\system\Model.php(286): CodeIgniter\Database\BaseBuilder->get()
#5 C:\xampp\htdocs\ITE311-CASTILLO\system\BaseModel.php(677): CodeIgniter\Model->doFindAll(0, 0)
#6 C:\xampp\htdocs\ITE311-CASTILLO\app\Models\EnrollmentModel.php(31): CodeIgniter\BaseModel->findAll()
#7 C:\xampp\htdocs\ITE311-CASTILLO\app\Controllers\Student\Enrollments.php(24): App\Models\EnrollmentModel->getUserEnrollments(11)
#8 C:\xampp\htdocs\ITE311-CASTILLO\system\CodeIgniter.php(933): App\Controllers\Student\Enrollments->index()
#9 C:\xampp\htdocs\ITE311-CASTILLO\system\CodeIgniter.php(507): CodeIgniter\CodeIgniter->runController(Object(App\Controllers\Student\Enrollments))
#10 C:\xampp\htdocs\ITE311-CASTILLO\system\CodeIgniter.php(354): CodeIgniter\CodeIgniter->handleRequest(NULL, Object(Config\Cache), false)
#11 C:\xampp\htdocs\ITE311-CASTILLO\system\Boot.php(363): CodeIgniter\CodeIgniter->run()
#12 C:\xampp\htdocs\ITE311-CASTILLO\system\Boot.php(68): CodeIgniter\Boot::runCodeIgniter(Object(CodeIgniter\CodeIgniter))
#13 C:\xampp\htdocs\ITE311-CASTILLO\public\index.php(59): CodeIgniter\Boot::bootWeb(Object(Config\Paths))
#14 C:\xampp\htdocs\ITE311-CASTILLO\system\rewrite.php(44): require_once('C:\\xampp\\htdocs...')
#15 {main}
CRITICAL - 2025-10-10 12:39:42 --> CodeIgniter\Database\Exceptions\DatabaseException: Unknown column 'enrollments.enrollment_date' in 'field list'
[Method: GET, Route: student/enrollments]
in SYSTEMPATH\Database\BaseConnection.php on line 684.
 1 SYSTEMPATH\Database\BaseBuilder.php(1649): CodeIgniter\Database\BaseConnection->query('SELECT `enrollments`.*, `courses`.`id` as `id`, `courses`.`title`, `courses`.`description`, `enrollments`.`enrollment_date`
FROM `enrollments`
INNER JOIN `courses` ON `courses`.`id` = `enrollments`.`course_id`
WHERE `enrollments`.`user_id` = :enrollments.user_id:
ORDER BY `enrollment_date` DESC', [...], false)
 2 SYSTEMPATH\Model.php(286): CodeIgniter\Database\BaseBuilder->get()
 3 SYSTEMPATH\BaseModel.php(677): CodeIgniter\Model->doFindAll(0, 0)
 4 APPPATH\Models\EnrollmentModel.php(31): CodeIgniter\BaseModel->findAll()
 5 APPPATH\Controllers\Student\Enrollments.php(24): App\Models\EnrollmentModel->getUserEnrollments(11)
 6 SYSTEMPATH\CodeIgniter.php(933): App\Controllers\Student\Enrollments->index()
 7 SYSTEMPATH\CodeIgniter.php(507): CodeIgniter\CodeIgniter->runController(Object(App\Controllers\Student\Enrollments))
 8 SYSTEMPATH\CodeIgniter.php(354): CodeIgniter\CodeIgniter->handleRequest(null, Object(Config\Cache), false)
 9 SYSTEMPATH\Boot.php(363): CodeIgniter\CodeIgniter->run()
10 SYSTEMPATH\Boot.php(68): CodeIgniter\Boot::runCodeIgniter(Object(CodeIgniter\CodeIgniter))
11 FCPATH\index.php(59): CodeIgniter\Boot::bootWeb(Object(Config\Paths))
12 SYSTEMPATH\rewrite.php(44): require_once('C:\\xampp\\htdocs\\ITE311-CASTILLO\\public\\index.php')
CRITICAL - 2025-10-10 12:39:42 --> [Caused by] CodeIgniter\Database\Exceptions\DatabaseException: Unknown column 'enrollments.enrollment_date' in 'field list'
in SYSTEMPATH\Database\MySQLi\Connection.php on line 332.
 1 SYSTEMPATH\Database\BaseConnection.php(729): CodeIgniter\Database\MySQLi\Connection->execute('SELECT `enrollments`.*, `courses`.`id` as `id`, `courses`.`title`, `courses`.`description`, `enrollments`.`enrollment_date`
FROM `enrollments`
INNER JOIN `courses` ON `courses`.`id` = `enrollments`.`course_id`
WHERE `enrollments`.`user_id` = 11
ORDER BY `enrollment_date` DESC')
 2 SYSTEMPATH\Database\BaseConnection.php(646): CodeIgniter\Database\BaseConnection->simpleQuery('SELECT `enrollments`.*, `courses`.`id` as `id`, `courses`.`title`, `courses`.`description`, `enrollments`.`enrollment_date`
FROM `enrollments`
INNER JOIN `courses` ON `courses`.`id` = `enrollments`.`course_id`
WHERE `enrollments`.`user_id` = 11
ORDER BY `enrollment_date` DESC')
 3 SYSTEMPATH\Database\BaseBuilder.php(1649): CodeIgniter\Database\BaseConnection->query('SELECT `enrollments`.*, `courses`.`id` as `id`, `courses`.`title`, `courses`.`description`, `enrollments`.`enrollment_date`
FROM `enrollments`
INNER JOIN `courses` ON `courses`.`id` = `enrollments`.`course_id`
WHERE `enrollments`.`user_id` = :enrollments.user_id:
ORDER BY `enrollment_date` DESC', [...], false)
 4 SYSTEMPATH\Model.php(286): CodeIgniter\Database\BaseBuilder->get()
 5 SYSTEMPATH\BaseModel.php(677): CodeIgniter\Model->doFindAll(0, 0)
 6 APPPATH\Models\EnrollmentModel.php(31): CodeIgniter\BaseModel->findAll()
 7 APPPATH\Controllers\Student\Enrollments.php(24): App\Models\EnrollmentModel->getUserEnrollments(11)
 8 SYSTEMPATH\CodeIgniter.php(933): App\Controllers\Student\Enrollments->index()
 9 SYSTEMPATH\CodeIgniter.php(507): CodeIgniter\CodeIgniter->runController(Object(App\Controllers\Student\Enrollments))
10 SYSTEMPATH\CodeIgniter.php(354): CodeIgniter\CodeIgniter->handleRequest(null, Object(Config\Cache), false)
11 SYSTEMPATH\Boot.php(363): CodeIgniter\CodeIgniter->run()
12 SYSTEMPATH\Boot.php(68): CodeIgniter\Boot::runCodeIgniter(Object(CodeIgniter\CodeIgniter))
13 FCPATH\index.php(59): CodeIgniter\Boot::bootWeb(Object(Config\Paths))
14 SYSTEMPATH\rewrite.php(44): require_once('C:\\xampp\\htdocs\\ITE311-CASTILLO\\public\\index.php')
CRITICAL - 2025-10-10 12:39:42 --> [Caused by] mysqli_sql_exception: Unknown column 'enrollments.enrollment_date' in 'field list'
in SYSTEMPATH\Database\MySQLi\Connection.php on line 327.
 1 SYSTEMPATH\Database\MySQLi\Connection.php(327): mysqli->query('SELECT `enrollments`.*, `courses`.`id` as `id`, `courses`.`title`, `courses`.`description`, `enrollments`.`enrollment_date`
FROM `enrollments`
INNER JOIN `courses` ON `courses`.`id` = `enrollments`.`course_id`
WHERE `enrollments`.`user_id` = 11
ORDER BY `enrollment_date` DESC', 0)
 2 SYSTEMPATH\Database\BaseConnection.php(729): CodeIgniter\Database\MySQLi\Connection->execute('SELECT `enrollments`.*, `courses`.`id` as `id`, `courses`.`title`, `courses`.`description`, `enrollments`.`enrollment_date`
FROM `enrollments`
INNER JOIN `courses` ON `courses`.`id` = `enrollments`.`course_id`
WHERE `enrollments`.`user_id` = 11
ORDER BY `enrollment_date` DESC')
 3 SYSTEMPATH\Database\BaseConnection.php(646): CodeIgniter\Database\BaseConnection->simpleQuery('SELECT `enrollments`.*, `courses`.`id` as `id`, `courses`.`title`, `courses`.`description`, `enrollments`.`enrollment_date`
FROM `enrollments`
INNER JOIN `courses` ON `courses`.`id` = `enrollments`.`course_id`
WHERE `enrollments`.`user_id` = 11
ORDER BY `enrollment_date` DESC')
 4 SYSTEMPATH\Database\BaseBuilder.php(1649): CodeIgniter\Database\BaseConnection->query('SELECT `enrollments`.*, `courses`.`id` as `id`, `courses`.`title`, `courses`.`description`, `enrollments`.`enrollment_date`
FROM `enrollments`
INNER JOIN `courses` ON `courses`.`id` = `enrollments`.`course_id`
WHERE `enrollments`.`user_id` = :enrollments.user_id:
ORDER BY `enrollment_date` DESC', [...], false)
 5 SYSTEMPATH\Model.php(286): CodeIgniter\Database\BaseBuilder->get()
 6 SYSTEMPATH\BaseModel.php(677): CodeIgniter\Model->doFindAll(0, 0)
 7 APPPATH\Models\EnrollmentModel.php(31): CodeIgniter\BaseModel->findAll()
 8 APPPATH\Controllers\Student\Enrollments.php(24): App\Models\EnrollmentModel->getUserEnrollments(11)
 9 SYSTEMPATH\CodeIgniter.php(933): App\Controllers\Student\Enrollments->index()
10 SYSTEMPATH\CodeIgniter.php(507): CodeIgniter\CodeIgniter->runController(Object(App\Controllers\Student\Enrollments))
11 SYSTEMPATH\CodeIgniter.php(354): CodeIgniter\CodeIgniter->handleRequest(null, Object(Config\Cache), false)
12 SYSTEMPATH\Boot.php(363): CodeIgniter\CodeIgniter->run()
13 SYSTEMPATH\Boot.php(68): CodeIgniter\Boot::runCodeIgniter(Object(CodeIgniter\CodeIgniter))
14 FCPATH\index.php(59): CodeIgniter\Boot::bootWeb(Object(Config\Paths))
15 SYSTEMPATH\rewrite.php(44): require_once('C:\\xampp\\htdocs\\ITE311-CASTILLO\\public\\index.php')
ERROR - 2025-10-10 12:39:45 --> mysqli_sql_exception: Unknown column 'enrollments.enrollment_date' in 'field list' in C:\xampp\htdocs\ITE311-CASTILLO\system\Database\MySQLi\Connection.php:327
Stack trace:
#0 C:\xampp\htdocs\ITE311-CASTILLO\system\Database\MySQLi\Connection.php(327): mysqli->query('SELECT `enrollm...', 0)
#1 C:\xampp\htdocs\ITE311-CASTILLO\system\Database\BaseConnection.php(729): CodeIgniter\Database\MySQLi\Connection->execute('SELECT `enrollm...')
#2 C:\xampp\htdocs\ITE311-CASTILLO\system\Database\BaseConnection.php(646): CodeIgniter\Database\BaseConnection->simpleQuery('SELECT `enrollm...')
#3 C:\xampp\htdocs\ITE311-CASTILLO\system\Database\BaseBuilder.php(1649): CodeIgniter\Database\BaseConnection->query('SELECT `enrollm...', Array, false)
#4 C:\xampp\htdocs\ITE311-CASTILLO\system\Model.php(286): CodeIgniter\Database\BaseBuilder->get()
#5 C:\xampp\htdocs\ITE311-CASTILLO\system\BaseModel.php(677): CodeIgniter\Model->doFindAll(0, 0)
#6 C:\xampp\htdocs\ITE311-CASTILLO\app\Models\EnrollmentModel.php(31): CodeIgniter\BaseModel->findAll()
#7 C:\xampp\htdocs\ITE311-CASTILLO\app\Controllers\Student\Enrollments.php(24): App\Models\EnrollmentModel->getUserEnrollments(11)
#8 C:\xampp\htdocs\ITE311-CASTILLO\system\CodeIgniter.php(933): App\Controllers\Student\Enrollments->index()
#9 C:\xampp\htdocs\ITE311-CASTILLO\system\CodeIgniter.php(507): CodeIgniter\CodeIgniter->runController(Object(App\Controllers\Student\Enrollments))
#10 C:\xampp\htdocs\ITE311-CASTILLO\system\CodeIgniter.php(354): CodeIgniter\CodeIgniter->handleRequest(NULL, Object(Config\Cache), false)
#11 C:\xampp\htdocs\ITE311-CASTILLO\system\Boot.php(363): CodeIgniter\CodeIgniter->run()
#12 C:\xampp\htdocs\ITE311-CASTILLO\system\Boot.php(68): CodeIgniter\Boot::runCodeIgniter(Object(CodeIgniter\CodeIgniter))
#13 C:\xampp\htdocs\ITE311-CASTILLO\public\index.php(59): CodeIgniter\Boot::bootWeb(Object(Config\Paths))
#14 C:\xampp\htdocs\ITE311-CASTILLO\system\rewrite.php(44): require_once('C:\\xampp\\htdocs...')
#15 {main}
CRITICAL - 2025-10-10 12:39:45 --> CodeIgniter\Database\Exceptions\DatabaseException: Unknown column 'enrollments.enrollment_date' in 'field list'
[Method: GET, Route: student/enrollments]
in SYSTEMPATH\Database\BaseConnection.php on line 684.
 1 SYSTEMPATH\Database\BaseBuilder.php(1649): CodeIgniter\Database\BaseConnection->query('SELECT `enrollments`.*, `courses`.`id` as `id`, `courses`.`title`, `courses`.`description`, `enrollments`.`enrollment_date`
FROM `enrollments`
INNER JOIN `courses` ON `courses`.`id` = `enrollments`.`course_id`
WHERE `enrollments`.`user_id` = :enrollments.user_id:
ORDER BY `enrollment_date` DESC', [...], false)
 2 SYSTEMPATH\Model.php(286): CodeIgniter\Database\BaseBuilder->get()
 3 SYSTEMPATH\BaseModel.php(677): CodeIgniter\Model->doFindAll(0, 0)
 4 APPPATH\Models\EnrollmentModel.php(31): CodeIgniter\BaseModel->findAll()
 5 APPPATH\Controllers\Student\Enrollments.php(24): App\Models\EnrollmentModel->getUserEnrollments(11)
 6 SYSTEMPATH\CodeIgniter.php(933): App\Controllers\Student\Enrollments->index()
 7 SYSTEMPATH\CodeIgniter.php(507): CodeIgniter\CodeIgniter->runController(Object(App\Controllers\Student\Enrollments))
 8 SYSTEMPATH\CodeIgniter.php(354): CodeIgniter\CodeIgniter->handleRequest(null, Object(Config\Cache), false)
 9 SYSTEMPATH\Boot.php(363): CodeIgniter\CodeIgniter->run()
10 SYSTEMPATH\Boot.php(68): CodeIgniter\Boot::runCodeIgniter(Object(CodeIgniter\CodeIgniter))
11 FCPATH\index.php(59): CodeIgniter\Boot::bootWeb(Object(Config\Paths))
12 SYSTEMPATH\rewrite.php(44): require_once('C:\\xampp\\htdocs\\ITE311-CASTILLO\\public\\index.php')
CRITICAL - 2025-10-10 12:39:45 --> [Caused by] CodeIgniter\Database\Exceptions\DatabaseException: Unknown column 'enrollments.enrollment_date' in 'field list'
in SYSTEMPATH\Database\MySQLi\Connection.php on line 332.
 1 SYSTEMPATH\Database\BaseConnection.php(729): CodeIgniter\Database\MySQLi\Connection->execute('SELECT `enrollments`.*, `courses`.`id` as `id`, `courses`.`title`, `courses`.`description`, `enrollments`.`enrollment_date`
FROM `enrollments`
INNER JOIN `courses` ON `courses`.`id` = `enrollments`.`course_id`
WHERE `enrollments`.`user_id` = 11
ORDER BY `enrollment_date` DESC')
 2 SYSTEMPATH\Database\BaseConnection.php(646): CodeIgniter\Database\BaseConnection->simpleQuery('SELECT `enrollments`.*, `courses`.`id` as `id`, `courses`.`title`, `courses`.`description`, `enrollments`.`enrollment_date`
FROM `enrollments`
INNER JOIN `courses` ON `courses`.`id` = `enrollments`.`course_id`
WHERE `enrollments`.`user_id` = 11
ORDER BY `enrollment_date` DESC')
 3 SYSTEMPATH\Database\BaseBuilder.php(1649): CodeIgniter\Database\BaseConnection->query('SELECT `enrollments`.*, `courses`.`id` as `id`, `courses`.`title`, `courses`.`description`, `enrollments`.`enrollment_date`
FROM `enrollments`
INNER JOIN `courses` ON `courses`.`id` = `enrollments`.`course_id`
WHERE `enrollments`.`user_id` = :enrollments.user_id:
ORDER BY `enrollment_date` DESC', [...], false)
 4 SYSTEMPATH\Model.php(286): CodeIgniter\Database\BaseBuilder->get()
 5 SYSTEMPATH\BaseModel.php(677): CodeIgniter\Model->doFindAll(0, 0)
 6 APPPATH\Models\EnrollmentModel.php(31): CodeIgniter\BaseModel->findAll()
 7 APPPATH\Controllers\Student\Enrollments.php(24): App\Models\EnrollmentModel->getUserEnrollments(11)
 8 SYSTEMPATH\CodeIgniter.php(933): App\Controllers\Student\Enrollments->index()
 9 SYSTEMPATH\CodeIgniter.php(507): CodeIgniter\CodeIgniter->runController(Object(App\Controllers\Student\Enrollments))
10 SYSTEMPATH\CodeIgniter.php(354): CodeIgniter\CodeIgniter->handleRequest(null, Object(Config\Cache), false)
11 SYSTEMPATH\Boot.php(363): CodeIgniter\CodeIgniter->run()
12 SYSTEMPATH\Boot.php(68): CodeIgniter\Boot::runCodeIgniter(Object(CodeIgniter\CodeIgniter))
13 FCPATH\index.php(59): CodeIgniter\Boot::bootWeb(Object(Config\Paths))
14 SYSTEMPATH\rewrite.php(44): require_once('C:\\xampp\\htdocs\\ITE311-CASTILLO\\public\\index.php')
CRITICAL - 2025-10-10 12:39:45 --> [Caused by] mysqli_sql_exception: Unknown column 'enrollments.enrollment_date' in 'field list'
in SYSTEMPATH\Database\MySQLi\Connection.php on line 327.
 1 SYSTEMPATH\Database\MySQLi\Connection.php(327): mysqli->query('SELECT `enrollments`.*, `courses`.`id` as `id`, `courses`.`title`, `courses`.`description`, `enrollments`.`enrollment_date`
FROM `enrollments`
INNER JOIN `courses` ON `courses`.`id` = `enrollments`.`course_id`
WHERE `enrollments`.`user_id` = 11
ORDER BY `enrollment_date` DESC', 0)
 2 SYSTEMPATH\Database\BaseConnection.php(729): CodeIgniter\Database\MySQLi\Connection->execute('SELECT `enrollments`.*, `courses`.`id` as `id`, `courses`.`title`, `courses`.`description`, `enrollments`.`enrollment_date`
FROM `enrollments`
INNER JOIN `courses` ON `courses`.`id` = `enrollments`.`course_id`
WHERE `enrollments`.`user_id` = 11
ORDER BY `enrollment_date` DESC')
 3 SYSTEMPATH\Database\BaseConnection.php(646): CodeIgniter\Database\BaseConnection->simpleQuery('SELECT `enrollments`.*, `courses`.`id` as `id`, `courses`.`title`, `courses`.`description`, `enrollments`.`enrollment_date`
FROM `enrollments`
INNER JOIN `courses` ON `courses`.`id` = `enrollments`.`course_id`
WHERE `enrollments`.`user_id` = 11
ORDER BY `enrollment_date` DESC')
 4 SYSTEMPATH\Database\BaseBuilder.php(1649): CodeIgniter\Database\BaseConnection->query('SELECT `enrollments`.*, `courses`.`id` as `id`, `courses`.`title`, `courses`.`description`, `enrollments`.`enrollment_date`
FROM `enrollments`
INNER JOIN `courses` ON `courses`.`id` = `enrollments`.`course_id`
WHERE `enrollments`.`user_id` = :enrollments.user_id:
ORDER BY `enrollment_date` DESC', [...], false)
 5 SYSTEMPATH\Model.php(286): CodeIgniter\Database\BaseBuilder->get()
 6 SYSTEMPATH\BaseModel.php(677): CodeIgniter\Model->doFindAll(0, 0)
 7 APPPATH\Models\EnrollmentModel.php(31): CodeIgniter\BaseModel->findAll()
 8 APPPATH\Controllers\Student\Enrollments.php(24): App\Models\EnrollmentModel->getUserEnrollments(11)
 9 SYSTEMPATH\CodeIgniter.php(933): App\Controllers\Student\Enrollments->index()
10 SYSTEMPATH\CodeIgniter.php(507): CodeIgniter\CodeIgniter->runController(Object(App\Controllers\Student\Enrollments))
11 SYSTEMPATH\CodeIgniter.php(354): CodeIgniter\CodeIgniter->handleRequest(null, Object(Config\Cache), false)
12 SYSTEMPATH\Boot.php(363): CodeIgniter\CodeIgniter->run()
13 SYSTEMPATH\Boot.php(68): CodeIgniter\Boot::runCodeIgniter(Object(CodeIgniter\CodeIgniter))
14 FCPATH\index.php(59): CodeIgniter\Boot::bootWeb(Object(Config\Paths))
15 SYSTEMPATH\rewrite.php(44): require_once('C:\\xampp\\htdocs\\ITE311-CASTILLO\\public\\index.php')
ERROR - 2025-10-10 12:41:17 --> mysqli_sql_exception: Unknown column 'enrollments.enrollment_date' in 'field list' in C:\xampp\htdocs\ITE311-CASTILLO\system\Database\MySQLi\Connection.php:327
Stack trace:
#0 C:\xampp\htdocs\ITE311-CASTILLO\system\Database\MySQLi\Connection.php(327): mysqli->query('SELECT `enrollm...', 0)
#1 C:\xampp\htdocs\ITE311-CASTILLO\system\Database\BaseConnection.php(729): CodeIgniter\Database\MySQLi\Connection->execute('SELECT `enrollm...')
#2 C:\xampp\htdocs\ITE311-CASTILLO\system\Database\BaseConnection.php(646): CodeIgniter\Database\BaseConnection->simpleQuery('SELECT `enrollm...')
#3 C:\xampp\htdocs\ITE311-CASTILLO\system\Database\BaseBuilder.php(1649): CodeIgniter\Database\BaseConnection->query('SELECT `enrollm...', Array, false)
#4 C:\xampp\htdocs\ITE311-CASTILLO\system\Model.php(286): CodeIgniter\Database\BaseBuilder->get()
#5 C:\xampp\htdocs\ITE311-CASTILLO\system\BaseModel.php(677): CodeIgniter\Model->doFindAll(0, 0)
#6 C:\xampp\htdocs\ITE311-CASTILLO\app\Models\EnrollmentModel.php(31): CodeIgniter\BaseModel->findAll()
#7 C:\xampp\htdocs\ITE311-CASTILLO\app\Controllers\Student\Enrollments.php(24): App\Models\EnrollmentModel->getUserEnrollments(11)
#8 C:\xampp\htdocs\ITE311-CASTILLO\system\CodeIgniter.php(933): App\Controllers\Student\Enrollments->index()
#9 C:\xampp\htdocs\ITE311-CASTILLO\system\CodeIgniter.php(507): CodeIgniter\CodeIgniter->runController(Object(App\Controllers\Student\Enrollments))
#10 C:\xampp\htdocs\ITE311-CASTILLO\system\CodeIgniter.php(354): CodeIgniter\CodeIgniter->handleRequest(NULL, Object(Config\Cache), false)
#11 C:\xampp\htdocs\ITE311-CASTILLO\system\Boot.php(363): CodeIgniter\CodeIgniter->run()
#12 C:\xampp\htdocs\ITE311-CASTILLO\system\Boot.php(68): CodeIgniter\Boot::runCodeIgniter(Object(CodeIgniter\CodeIgniter))
#13 C:\xampp\htdocs\ITE311-CASTILLO\public\index.php(59): CodeIgniter\Boot::bootWeb(Object(Config\Paths))
#14 C:\xampp\htdocs\ITE311-CASTILLO\system\rewrite.php(44): require_once('C:\\xampp\\htdocs...')
#15 {main}
CRITICAL - 2025-10-10 12:41:17 --> CodeIgniter\Database\Exceptions\DatabaseException: Unknown column 'enrollments.enrollment_date' in 'field list'
[Method: GET, Route: student/enrollments]
in SYSTEMPATH\Database\BaseConnection.php on line 684.
 1 SYSTEMPATH\Database\BaseBuilder.php(1649): CodeIgniter\Database\BaseConnection->query('SELECT `enrollments`.*, `courses`.`id` as `id`, `courses`.`title`, `courses`.`description`, `enrollments`.`enrollment_date`
FROM `enrollments`
INNER JOIN `courses` ON `courses`.`id` = `enrollments`.`course_id`
WHERE `enrollments`.`user_id` = :enrollments.user_id:
ORDER BY `enrollment_date` DESC', [...], false)
 2 SYSTEMPATH\Model.php(286): CodeIgniter\Database\BaseBuilder->get()
 3 SYSTEMPATH\BaseModel.php(677): CodeIgniter\Model->doFindAll(0, 0)
 4 APPPATH\Models\EnrollmentModel.php(31): CodeIgniter\BaseModel->findAll()
 5 APPPATH\Controllers\Student\Enrollments.php(24): App\Models\EnrollmentModel->getUserEnrollments(11)
 6 SYSTEMPATH\CodeIgniter.php(933): App\Controllers\Student\Enrollments->index()
 7 SYSTEMPATH\CodeIgniter.php(507): CodeIgniter\CodeIgniter->runController(Object(App\Controllers\Student\Enrollments))
 8 SYSTEMPATH\CodeIgniter.php(354): CodeIgniter\CodeIgniter->handleRequest(null, Object(Config\Cache), false)
 9 SYSTEMPATH\Boot.php(363): CodeIgniter\CodeIgniter->run()
10 SYSTEMPATH\Boot.php(68): CodeIgniter\Boot::runCodeIgniter(Object(CodeIgniter\CodeIgniter))
11 FCPATH\index.php(59): CodeIgniter\Boot::bootWeb(Object(Config\Paths))
12 SYSTEMPATH\rewrite.php(44): require_once('C:\\xampp\\htdocs\\ITE311-CASTILLO\\public\\index.php')
CRITICAL - 2025-10-10 12:41:17 --> [Caused by] CodeIgniter\Database\Exceptions\DatabaseException: Unknown column 'enrollments.enrollment_date' in 'field list'
in SYSTEMPATH\Database\MySQLi\Connection.php on line 332.
 1 SYSTEMPATH\Database\BaseConnection.php(729): CodeIgniter\Database\MySQLi\Connection->execute('SELECT `enrollments`.*, `courses`.`id` as `id`, `courses`.`title`, `courses`.`description`, `enrollments`.`enrollment_date`
FROM `enrollments`
INNER JOIN `courses` ON `courses`.`id` = `enrollments`.`course_id`
WHERE `enrollments`.`user_id` = 11
ORDER BY `enrollment_date` DESC')
 2 SYSTEMPATH\Database\BaseConnection.php(646): CodeIgniter\Database\BaseConnection->simpleQuery('SELECT `enrollments`.*, `courses`.`id` as `id`, `courses`.`title`, `courses`.`description`, `enrollments`.`enrollment_date`
FROM `enrollments`
INNER JOIN `courses` ON `courses`.`id` = `enrollments`.`course_id`
WHERE `enrollments`.`user_id` = 11
ORDER BY `enrollment_date` DESC')
 3 SYSTEMPATH\Database\BaseBuilder.php(1649): CodeIgniter\Database\BaseConnection->query('SELECT `enrollments`.*, `courses`.`id` as `id`, `courses`.`title`, `courses`.`description`, `enrollments`.`enrollment_date`
FROM `enrollments`
INNER JOIN `courses` ON `courses`.`id` = `enrollments`.`course_id`
WHERE `enrollments`.`user_id` = :enrollments.user_id:
ORDER BY `enrollment_date` DESC', [...], false)
 4 SYSTEMPATH\Model.php(286): CodeIgniter\Database\BaseBuilder->get()
 5 SYSTEMPATH\BaseModel.php(677): CodeIgniter\Model->doFindAll(0, 0)
 6 APPPATH\Models\EnrollmentModel.php(31): CodeIgniter\BaseModel->findAll()
 7 APPPATH\Controllers\Student\Enrollments.php(24): App\Models\EnrollmentModel->getUserEnrollments(11)
 8 SYSTEMPATH\CodeIgniter.php(933): App\Controllers\Student\Enrollments->index()
 9 SYSTEMPATH\CodeIgniter.php(507): CodeIgniter\CodeIgniter->runController(Object(App\Controllers\Student\Enrollments))
10 SYSTEMPATH\CodeIgniter.php(354): CodeIgniter\CodeIgniter->handleRequest(null, Object(Config\Cache), false)
11 SYSTEMPATH\Boot.php(363): CodeIgniter\CodeIgniter->run()
12 SYSTEMPATH\Boot.php(68): CodeIgniter\Boot::runCodeIgniter(Object(CodeIgniter\CodeIgniter))
13 FCPATH\index.php(59): CodeIgniter\Boot::bootWeb(Object(Config\Paths))
14 SYSTEMPATH\rewrite.php(44): require_once('C:\\xampp\\htdocs\\ITE311-CASTILLO\\public\\index.php')
CRITICAL - 2025-10-10 12:41:17 --> [Caused by] mysqli_sql_exception: Unknown column 'enrollments.enrollment_date' in 'field list'
in SYSTEMPATH\Database\MySQLi\Connection.php on line 327.
 1 SYSTEMPATH\Database\MySQLi\Connection.php(327): mysqli->query('SELECT `enrollments`.*, `courses`.`id` as `id`, `courses`.`title`, `courses`.`description`, `enrollments`.`enrollment_date`
FROM `enrollments`
INNER JOIN `courses` ON `courses`.`id` = `enrollments`.`course_id`
WHERE `enrollments`.`user_id` = 11
ORDER BY `enrollment_date` DESC', 0)
 2 SYSTEMPATH\Database\BaseConnection.php(729): CodeIgniter\Database\MySQLi\Connection->execute('SELECT `enrollments`.*, `courses`.`id` as `id`, `courses`.`title`, `courses`.`description`, `enrollments`.`enrollment_date`
FROM `enrollments`
INNER JOIN `courses` ON `courses`.`id` = `enrollments`.`course_id`
WHERE `enrollments`.`user_id` = 11
ORDER BY `enrollment_date` DESC')
 3 SYSTEMPATH\Database\BaseConnection.php(646): CodeIgniter\Database\BaseConnection->simpleQuery('SELECT `enrollments`.*, `courses`.`id` as `id`, `courses`.`title`, `courses`.`description`, `enrollments`.`enrollment_date`
FROM `enrollments`
INNER JOIN `courses` ON `courses`.`id` = `enrollments`.`course_id`
WHERE `enrollments`.`user_id` = 11
ORDER BY `enrollment_date` DESC')
 4 SYSTEMPATH\Database\BaseBuilder.php(1649): CodeIgniter\Database\BaseConnection->query('SELECT `enrollments`.*, `courses`.`id` as `id`, `courses`.`title`, `courses`.`description`, `enrollments`.`enrollment_date`
FROM `enrollments`
INNER JOIN `courses` ON `courses`.`id` = `enrollments`.`course_id`
WHERE `enrollments`.`user_id` = :enrollments.user_id:
ORDER BY `enrollment_date` DESC', [...], false)
 5 SYSTEMPATH\Model.php(286): CodeIgniter\Database\BaseBuilder->get()
 6 SYSTEMPATH\BaseModel.php(677): CodeIgniter\Model->doFindAll(0, 0)
 7 APPPATH\Models\EnrollmentModel.php(31): CodeIgniter\BaseModel->findAll()
 8 APPPATH\Controllers\Student\Enrollments.php(24): App\Models\EnrollmentModel->getUserEnrollments(11)
 9 SYSTEMPATH\CodeIgniter.php(933): App\Controllers\Student\Enrollments->index()
10 SYSTEMPATH\CodeIgniter.php(507): CodeIgniter\CodeIgniter->runController(Object(App\Controllers\Student\Enrollments))
11 SYSTEMPATH\CodeIgniter.php(354): CodeIgniter\CodeIgniter->handleRequest(null, Object(Config\Cache), false)
12 SYSTEMPATH\Boot.php(363): CodeIgniter\CodeIgniter->run()
13 SYSTEMPATH\Boot.php(68): CodeIgniter\Boot::runCodeIgniter(Object(CodeIgniter\CodeIgniter))
14 FCPATH\index.php(59): CodeIgniter\Boot::bootWeb(Object(Config\Paths))
15 SYSTEMPATH\rewrite.php(44): require_once('C:\\xampp\\htdocs\\ITE311-CASTILLO\\public\\index.php')
ERROR - 2025-10-10 12:41:19 --> mysqli_sql_exception: Unknown column 'enrollments.enrollment_date' in 'field list' in C:\xampp\htdocs\ITE311-CASTILLO\system\Database\MySQLi\Connection.php:327
Stack trace:
#0 C:\xampp\htdocs\ITE311-CASTILLO\system\Database\MySQLi\Connection.php(327): mysqli->query('SELECT `enrollm...', 0)
#1 C:\xampp\htdocs\ITE311-CASTILLO\system\Database\BaseConnection.php(729): CodeIgniter\Database\MySQLi\Connection->execute('SELECT `enrollm...')
#2 C:\xampp\htdocs\ITE311-CASTILLO\system\Database\BaseConnection.php(646): CodeIgniter\Database\BaseConnection->simpleQuery('SELECT `enrollm...')
#3 C:\xampp\htdocs\ITE311-CASTILLO\system\Database\BaseBuilder.php(1649): CodeIgniter\Database\BaseConnection->query('SELECT `enrollm...', Array, false)
#4 C:\xampp\htdocs\ITE311-CASTILLO\system\Model.php(286): CodeIgniter\Database\BaseBuilder->get()
#5 C:\xampp\htdocs\ITE311-CASTILLO\system\BaseModel.php(677): CodeIgniter\Model->doFindAll(0, 0)
#6 C:\xampp\htdocs\ITE311-CASTILLO\app\Models\EnrollmentModel.php(31): CodeIgniter\BaseModel->findAll()
#7 C:\xampp\htdocs\ITE311-CASTILLO\app\Controllers\Student\Enrollments.php(24): App\Models\EnrollmentModel->getUserEnrollments(11)
#8 C:\xampp\htdocs\ITE311-CASTILLO\system\CodeIgniter.php(933): App\Controllers\Student\Enrollments->index()
#9 C:\xampp\htdocs\ITE311-CASTILLO\system\CodeIgniter.php(507): CodeIgniter\CodeIgniter->runController(Object(App\Controllers\Student\Enrollments))
#10 C:\xampp\htdocs\ITE311-CASTILLO\system\CodeIgniter.php(354): CodeIgniter\CodeIgniter->handleRequest(NULL, Object(Config\Cache), false)
#11 C:\xampp\htdocs\ITE311-CASTILLO\system\Boot.php(363): CodeIgniter\CodeIgniter->run()
#12 C:\xampp\htdocs\ITE311-CASTILLO\system\Boot.php(68): CodeIgniter\Boot::runCodeIgniter(Object(CodeIgniter\CodeIgniter))
#13 C:\xampp\htdocs\ITE311-CASTILLO\public\index.php(59): CodeIgniter\Boot::bootWeb(Object(Config\Paths))
#14 C:\xampp\htdocs\ITE311-CASTILLO\system\rewrite.php(44): require_once('C:\\xampp\\htdocs...')
#15 {main}
CRITICAL - 2025-10-10 12:41:19 --> CodeIgniter\Database\Exceptions\DatabaseException: Unknown column 'enrollments.enrollment_date' in 'field list'
[Method: GET, Route: student/enrollments]
in SYSTEMPATH\Database\BaseConnection.php on line 684.
 1 SYSTEMPATH\Database\BaseBuilder.php(1649): CodeIgniter\Database\BaseConnection->query('SELECT `enrollments`.*, `courses`.`id` as `id`, `courses`.`title`, `courses`.`description`, `enrollments`.`enrollment_date`
FROM `enrollments`
INNER JOIN `courses` ON `courses`.`id` = `enrollments`.`course_id`
WHERE `enrollments`.`user_id` = :enrollments.user_id:
ORDER BY `enrollment_date` DESC', [...], false)
 2 SYSTEMPATH\Model.php(286): CodeIgniter\Database\BaseBuilder->get()
 3 SYSTEMPATH\BaseModel.php(677): CodeIgniter\Model->doFindAll(0, 0)
 4 APPPATH\Models\EnrollmentModel.php(31): CodeIgniter\BaseModel->findAll()
 5 APPPATH\Controllers\Student\Enrollments.php(24): App\Models\EnrollmentModel->getUserEnrollments(11)
 6 SYSTEMPATH\CodeIgniter.php(933): App\Controllers\Student\Enrollments->index()
 7 SYSTEMPATH\CodeIgniter.php(507): CodeIgniter\CodeIgniter->runController(Object(App\Controllers\Student\Enrollments))
 8 SYSTEMPATH\CodeIgniter.php(354): CodeIgniter\CodeIgniter->handleRequest(null, Object(Config\Cache), false)
 9 SYSTEMPATH\Boot.php(363): CodeIgniter\CodeIgniter->run()
10 SYSTEMPATH\Boot.php(68): CodeIgniter\Boot::runCodeIgniter(Object(CodeIgniter\CodeIgniter))
11 FCPATH\index.php(59): CodeIgniter\Boot::bootWeb(Object(Config\Paths))
12 SYSTEMPATH\rewrite.php(44): require_once('C:\\xampp\\htdocs\\ITE311-CASTILLO\\public\\index.php')
CRITICAL - 2025-10-10 12:41:19 --> [Caused by] CodeIgniter\Database\Exceptions\DatabaseException: Unknown column 'enrollments.enrollment_date' in 'field list'
in SYSTEMPATH\Database\MySQLi\Connection.php on line 332.
 1 SYSTEMPATH\Database\BaseConnection.php(729): CodeIgniter\Database\MySQLi\Connection->execute('SELECT `enrollments`.*, `courses`.`id` as `id`, `courses`.`title`, `courses`.`description`, `enrollments`.`enrollment_date`
FROM `enrollments`
INNER JOIN `courses` ON `courses`.`id` = `enrollments`.`course_id`
WHERE `enrollments`.`user_id` = 11
ORDER BY `enrollment_date` DESC')
 2 SYSTEMPATH\Database\BaseConnection.php(646): CodeIgniter\Database\BaseConnection->simpleQuery('SELECT `enrollments`.*, `courses`.`id` as `id`, `courses`.`title`, `courses`.`description`, `enrollments`.`enrollment_date`
FROM `enrollments`
INNER JOIN `courses` ON `courses`.`id` = `enrollments`.`course_id`
WHERE `enrollments`.`user_id` = 11
ORDER BY `enrollment_date` DESC')
 3 SYSTEMPATH\Database\BaseBuilder.php(1649): CodeIgniter\Database\BaseConnection->query('SELECT `enrollments`.*, `courses`.`id` as `id`, `courses`.`title`, `courses`.`description`, `enrollments`.`enrollment_date`
FROM `enrollments`
INNER JOIN `courses` ON `courses`.`id` = `enrollments`.`course_id`
WHERE `enrollments`.`user_id` = :enrollments.user_id:
ORDER BY `enrollment_date` DESC', [...], false)
 4 SYSTEMPATH\Model.php(286): CodeIgniter\Database\BaseBuilder->get()
 5 SYSTEMPATH\BaseModel.php(677): CodeIgniter\Model->doFindAll(0, 0)
 6 APPPATH\Models\EnrollmentModel.php(31): CodeIgniter\BaseModel->findAll()
 7 APPPATH\Controllers\Student\Enrollments.php(24): App\Models\EnrollmentModel->getUserEnrollments(11)
 8 SYSTEMPATH\CodeIgniter.php(933): App\Controllers\Student\Enrollments->index()
 9 SYSTEMPATH\CodeIgniter.php(507): CodeIgniter\CodeIgniter->runController(Object(App\Controllers\Student\Enrollments))
10 SYSTEMPATH\CodeIgniter.php(354): CodeIgniter\CodeIgniter->handleRequest(null, Object(Config\Cache), false)
11 SYSTEMPATH\Boot.php(363): CodeIgniter\CodeIgniter->run()
12 SYSTEMPATH\Boot.php(68): CodeIgniter\Boot::runCodeIgniter(Object(CodeIgniter\CodeIgniter))
13 FCPATH\index.php(59): CodeIgniter\Boot::bootWeb(Object(Config\Paths))
14 SYSTEMPATH\rewrite.php(44): require_once('C:\\xampp\\htdocs\\ITE311-CASTILLO\\public\\index.php')
CRITICAL - 2025-10-10 12:41:19 --> [Caused by] mysqli_sql_exception: Unknown column 'enrollments.enrollment_date' in 'field list'
in SYSTEMPATH\Database\MySQLi\Connection.php on line 327.
 1 SYSTEMPATH\Database\MySQLi\Connection.php(327): mysqli->query('SELECT `enrollments`.*, `courses`.`id` as `id`, `courses`.`title`, `courses`.`description`, `enrollments`.`enrollment_date`
FROM `enrollments`
INNER JOIN `courses` ON `courses`.`id` = `enrollments`.`course_id`
WHERE `enrollments`.`user_id` = 11
ORDER BY `enrollment_date` DESC', 0)
 2 SYSTEMPATH\Database\BaseConnection.php(729): CodeIgniter\Database\MySQLi\Connection->execute('SELECT `enrollments`.*, `courses`.`id` as `id`, `courses`.`title`, `courses`.`description`, `enrollments`.`enrollment_date`
FROM `enrollments`
INNER JOIN `courses` ON `courses`.`id` = `enrollments`.`course_id`
WHERE `enrollments`.`user_id` = 11
ORDER BY `enrollment_date` DESC')
 3 SYSTEMPATH\Database\BaseConnection.php(646): CodeIgniter\Database\BaseConnection->simpleQuery('SELECT `enrollments`.*, `courses`.`id` as `id`, `courses`.`title`, `courses`.`description`, `enrollments`.`enrollment_date`
FROM `enrollments`
INNER JOIN `courses` ON `courses`.`id` = `enrollments`.`course_id`
WHERE `enrollments`.`user_id` = 11
ORDER BY `enrollment_date` DESC')
 4 SYSTEMPATH\Database\BaseBuilder.php(1649): CodeIgniter\Database\BaseConnection->query('SELECT `enrollments`.*, `courses`.`id` as `id`, `courses`.`title`, `courses`.`description`, `enrollments`.`enrollment_date`
FROM `enrollments`
INNER JOIN `courses` ON `courses`.`id` = `enrollments`.`course_id`
WHERE `enrollments`.`user_id` = :enrollments.user_id:
ORDER BY `enrollment_date` DESC', [...], false)
 5 SYSTEMPATH\Model.php(286): CodeIgniter\Database\BaseBuilder->get()
 6 SYSTEMPATH\BaseModel.php(677): CodeIgniter\Model->doFindAll(0, 0)
 7 APPPATH\Models\EnrollmentModel.php(31): CodeIgniter\BaseModel->findAll()
 8 APPPATH\Controllers\Student\Enrollments.php(24): App\Models\EnrollmentModel->getUserEnrollments(11)
 9 SYSTEMPATH\CodeIgniter.php(933): App\Controllers\Student\Enrollments->index()
10 SYSTEMPATH\CodeIgniter.php(507): CodeIgniter\CodeIgniter->runController(Object(App\Controllers\Student\Enrollments))
11 SYSTEMPATH\CodeIgniter.php(354): CodeIgniter\CodeIgniter->handleRequest(null, Object(Config\Cache), false)
12 SYSTEMPATH\Boot.php(363): CodeIgniter\CodeIgniter->run()
13 SYSTEMPATH\Boot.php(68): CodeIgniter\Boot::runCodeIgniter(Object(CodeIgniter\CodeIgniter))
14 FCPATH\index.php(59): CodeIgniter\Boot::bootWeb(Object(Config\Paths))
15 SYSTEMPATH\rewrite.php(44): require_once('C:\\xampp\\htdocs\\ITE311-CASTILLO\\public\\index.php')
ERROR - 2025-10-10 12:41:21 --> mysqli_sql_exception: Unknown column 'enrollments.enrollment_date' in 'field list' in C:\xampp\htdocs\ITE311-CASTILLO\system\Database\MySQLi\Connection.php:327
Stack trace:
#0 C:\xampp\htdocs\ITE311-CASTILLO\system\Database\MySQLi\Connection.php(327): mysqli->query('SELECT `enrollm...', 0)
#1 C:\xampp\htdocs\ITE311-CASTILLO\system\Database\BaseConnection.php(729): CodeIgniter\Database\MySQLi\Connection->execute('SELECT `enrollm...')
#2 C:\xampp\htdocs\ITE311-CASTILLO\system\Database\BaseConnection.php(646): CodeIgniter\Database\BaseConnection->simpleQuery('SELECT `enrollm...')
#3 C:\xampp\htdocs\ITE311-CASTILLO\system\Database\BaseBuilder.php(1649): CodeIgniter\Database\BaseConnection->query('SELECT `enrollm...', Array, false)
#4 C:\xampp\htdocs\ITE311-CASTILLO\system\Model.php(286): CodeIgniter\Database\BaseBuilder->get()
#5 C:\xampp\htdocs\ITE311-CASTILLO\system\BaseModel.php(677): CodeIgniter\Model->doFindAll(0, 0)
#6 C:\xampp\htdocs\ITE311-CASTILLO\app\Models\EnrollmentModel.php(31): CodeIgniter\BaseModel->findAll()
#7 C:\xampp\htdocs\ITE311-CASTILLO\app\Controllers\Student\Enrollments.php(24): App\Models\EnrollmentModel->getUserEnrollments(11)
#8 C:\xampp\htdocs\ITE311-CASTILLO\system\CodeIgniter.php(933): App\Controllers\Student\Enrollments->index()
#9 C:\xampp\htdocs\ITE311-CASTILLO\system\CodeIgniter.php(507): CodeIgniter\CodeIgniter->runController(Object(App\Controllers\Student\Enrollments))
#10 C:\xampp\htdocs\ITE311-CASTILLO\system\CodeIgniter.php(354): CodeIgniter\CodeIgniter->handleRequest(NULL, Object(Config\Cache), false)
#11 C:\xampp\htdocs\ITE311-CASTILLO\system\Boot.php(363): CodeIgniter\CodeIgniter->run()
#12 C:\xampp\htdocs\ITE311-CASTILLO\system\Boot.php(68): CodeIgniter\Boot::runCodeIgniter(Object(CodeIgniter\CodeIgniter))
#13 C:\xampp\htdocs\ITE311-CASTILLO\public\index.php(59): CodeIgniter\Boot::bootWeb(Object(Config\Paths))
#14 C:\xampp\htdocs\ITE311-CASTILLO\system\rewrite.php(44): require_once('C:\\xampp\\htdocs...')
#15 {main}
CRITICAL - 2025-10-10 12:41:21 --> CodeIgniter\Database\Exceptions\DatabaseException: Unknown column 'enrollments.enrollment_date' in 'field list'
[Method: GET, Route: student/enrollments]
in SYSTEMPATH\Database\BaseConnection.php on line 684.
 1 SYSTEMPATH\Database\BaseBuilder.php(1649): CodeIgniter\Database\BaseConnection->query('SELECT `enrollments`.*, `courses`.`id` as `id`, `courses`.`title`, `courses`.`description`, `enrollments`.`enrollment_date`
FROM `enrollments`
INNER JOIN `courses` ON `courses`.`id` = `enrollments`.`course_id`
WHERE `enrollments`.`user_id` = :enrollments.user_id:
ORDER BY `enrollment_date` DESC', [...], false)
 2 SYSTEMPATH\Model.php(286): CodeIgniter\Database\BaseBuilder->get()
 3 SYSTEMPATH\BaseModel.php(677): CodeIgniter\Model->doFindAll(0, 0)
 4 APPPATH\Models\EnrollmentModel.php(31): CodeIgniter\BaseModel->findAll()
 5 APPPATH\Controllers\Student\Enrollments.php(24): App\Models\EnrollmentModel->getUserEnrollments(11)
 6 SYSTEMPATH\CodeIgniter.php(933): App\Controllers\Student\Enrollments->index()
 7 SYSTEMPATH\CodeIgniter.php(507): CodeIgniter\CodeIgniter->runController(Object(App\Controllers\Student\Enrollments))
 8 SYSTEMPATH\CodeIgniter.php(354): CodeIgniter\CodeIgniter->handleRequest(null, Object(Config\Cache), false)
 9 SYSTEMPATH\Boot.php(363): CodeIgniter\CodeIgniter->run()
10 SYSTEMPATH\Boot.php(68): CodeIgniter\Boot::runCodeIgniter(Object(CodeIgniter\CodeIgniter))
11 FCPATH\index.php(59): CodeIgniter\Boot::bootWeb(Object(Config\Paths))
12 SYSTEMPATH\rewrite.php(44): require_once('C:\\xampp\\htdocs\\ITE311-CASTILLO\\public\\index.php')
CRITICAL - 2025-10-10 12:41:21 --> [Caused by] CodeIgniter\Database\Exceptions\DatabaseException: Unknown column 'enrollments.enrollment_date' in 'field list'
in SYSTEMPATH\Database\MySQLi\Connection.php on line 332.
 1 SYSTEMPATH\Database\BaseConnection.php(729): CodeIgniter\Database\MySQLi\Connection->execute('SELECT `enrollments`.*, `courses`.`id` as `id`, `courses`.`title`, `courses`.`description`, `enrollments`.`enrollment_date`
FROM `enrollments`
INNER JOIN `courses` ON `courses`.`id` = `enrollments`.`course_id`
WHERE `enrollments`.`user_id` = 11
ORDER BY `enrollment_date` DESC')
 2 SYSTEMPATH\Database\BaseConnection.php(646): CodeIgniter\Database\BaseConnection->simpleQuery('SELECT `enrollments`.*, `courses`.`id` as `id`, `courses`.`title`, `courses`.`description`, `enrollments`.`enrollment_date`
FROM `enrollments`
INNER JOIN `courses` ON `courses`.`id` = `enrollments`.`course_id`
WHERE `enrollments`.`user_id` = 11
ORDER BY `enrollment_date` DESC')
 3 SYSTEMPATH\Database\BaseBuilder.php(1649): CodeIgniter\Database\BaseConnection->query('SELECT `enrollments`.*, `courses`.`id` as `id`, `courses`.`title`, `courses`.`description`, `enrollments`.`enrollment_date`
FROM `enrollments`
INNER JOIN `courses` ON `courses`.`id` = `enrollments`.`course_id`
WHERE `enrollments`.`user_id` = :enrollments.user_id:
ORDER BY `enrollment_date` DESC', [...], false)
 4 SYSTEMPATH\Model.php(286): CodeIgniter\Database\BaseBuilder->get()
 5 SYSTEMPATH\BaseModel.php(677): CodeIgniter\Model->doFindAll(0, 0)
 6 APPPATH\Models\EnrollmentModel.php(31): CodeIgniter\BaseModel->findAll()
 7 APPPATH\Controllers\Student\Enrollments.php(24): App\Models\EnrollmentModel->getUserEnrollments(11)
 8 SYSTEMPATH\CodeIgniter.php(933): App\Controllers\Student\Enrollments->index()
 9 SYSTEMPATH\CodeIgniter.php(507): CodeIgniter\CodeIgniter->runController(Object(App\Controllers\Student\Enrollments))
10 SYSTEMPATH\CodeIgniter.php(354): CodeIgniter\CodeIgniter->handleRequest(null, Object(Config\Cache), false)
11 SYSTEMPATH\Boot.php(363): CodeIgniter\CodeIgniter->run()
12 SYSTEMPATH\Boot.php(68): CodeIgniter\Boot::runCodeIgniter(Object(CodeIgniter\CodeIgniter))
13 FCPATH\index.php(59): CodeIgniter\Boot::bootWeb(Object(Config\Paths))
14 SYSTEMPATH\rewrite.php(44): require_once('C:\\xampp\\htdocs\\ITE311-CASTILLO\\public\\index.php')
CRITICAL - 2025-10-10 12:41:21 --> [Caused by] mysqli_sql_exception: Unknown column 'enrollments.enrollment_date' in 'field list'
in SYSTEMPATH\Database\MySQLi\Connection.php on line 327.
 1 SYSTEMPATH\Database\MySQLi\Connection.php(327): mysqli->query('SELECT `enrollments`.*, `courses`.`id` as `id`, `courses`.`title`, `courses`.`description`, `enrollments`.`enrollment_date`
FROM `enrollments`
INNER JOIN `courses` ON `courses`.`id` = `enrollments`.`course_id`
WHERE `enrollments`.`user_id` = 11
ORDER BY `enrollment_date` DESC', 0)
 2 SYSTEMPATH\Database\BaseConnection.php(729): CodeIgniter\Database\MySQLi\Connection->execute('SELECT `enrollments`.*, `courses`.`id` as `id`, `courses`.`title`, `courses`.`description`, `enrollments`.`enrollment_date`
FROM `enrollments`
INNER JOIN `courses` ON `courses`.`id` = `enrollments`.`course_id`
WHERE `enrollments`.`user_id` = 11
ORDER BY `enrollment_date` DESC')
 3 SYSTEMPATH\Database\BaseConnection.php(646): CodeIgniter\Database\BaseConnection->simpleQuery('SELECT `enrollments`.*, `courses`.`id` as `id`, `courses`.`title`, `courses`.`description`, `enrollments`.`enrollment_date`
FROM `enrollments`
INNER JOIN `courses` ON `courses`.`id` = `enrollments`.`course_id`
WHERE `enrollments`.`user_id` = 11
ORDER BY `enrollment_date` DESC')
 4 SYSTEMPATH\Database\BaseBuilder.php(1649): CodeIgniter\Database\BaseConnection->query('SELECT `enrollments`.*, `courses`.`id` as `id`, `courses`.`title`, `courses`.`description`, `enrollments`.`enrollment_date`
FROM `enrollments`
INNER JOIN `courses` ON `courses`.`id` = `enrollments`.`course_id`
WHERE `enrollments`.`user_id` = :enrollments.user_id:
ORDER BY `enrollment_date` DESC', [...], false)
 5 SYSTEMPATH\Model.php(286): CodeIgniter\Database\BaseBuilder->get()
 6 SYSTEMPATH\BaseModel.php(677): CodeIgniter\Model->doFindAll(0, 0)
 7 APPPATH\Models\EnrollmentModel.php(31): CodeIgniter\BaseModel->findAll()
 8 APPPATH\Controllers\Student\Enrollments.php(24): App\Models\EnrollmentModel->getUserEnrollments(11)
 9 SYSTEMPATH\CodeIgniter.php(933): App\Controllers\Student\Enrollments->index()
10 SYSTEMPATH\CodeIgniter.php(507): CodeIgniter\CodeIgniter->runController(Object(App\Controllers\Student\Enrollments))
11 SYSTEMPATH\CodeIgniter.php(354): CodeIgniter\CodeIgniter->handleRequest(null, Object(Config\Cache), false)
12 SYSTEMPATH\Boot.php(363): CodeIgniter\CodeIgniter->run()
13 SYSTEMPATH\Boot.php(68): CodeIgniter\Boot::runCodeIgniter(Object(CodeIgniter\CodeIgniter))
14 FCPATH\index.php(59): CodeIgniter\Boot::bootWeb(Object(Config\Paths))
15 SYSTEMPATH\rewrite.php(44): require_once('C:\\xampp\\htdocs\\ITE311-CASTILLO\\public\\index.php')
ERROR - 2025-10-10 12:41:22 --> mysqli_sql_exception: Unknown column 'enrollments.enrollment_date' in 'field list' in C:\xampp\htdocs\ITE311-CASTILLO\system\Database\MySQLi\Connection.php:327
Stack trace:
#0 C:\xampp\htdocs\ITE311-CASTILLO\system\Database\MySQLi\Connection.php(327): mysqli->query('SELECT `enrollm...', 0)
#1 C:\xampp\htdocs\ITE311-CASTILLO\system\Database\BaseConnection.php(729): CodeIgniter\Database\MySQLi\Connection->execute('SELECT `enrollm...')
#2 C:\xampp\htdocs\ITE311-CASTILLO\system\Database\BaseConnection.php(646): CodeIgniter\Database\BaseConnection->simpleQuery('SELECT `enrollm...')
#3 C:\xampp\htdocs\ITE311-CASTILLO\system\Database\BaseBuilder.php(1649): CodeIgniter\Database\BaseConnection->query('SELECT `enrollm...', Array, false)
#4 C:\xampp\htdocs\ITE311-CASTILLO\system\Model.php(286): CodeIgniter\Database\BaseBuilder->get()
#5 C:\xampp\htdocs\ITE311-CASTILLO\system\BaseModel.php(677): CodeIgniter\Model->doFindAll(0, 0)
#6 C:\xampp\htdocs\ITE311-CASTILLO\app\Models\EnrollmentModel.php(31): CodeIgniter\BaseModel->findAll()
#7 C:\xampp\htdocs\ITE311-CASTILLO\app\Controllers\Student\Enrollments.php(24): App\Models\EnrollmentModel->getUserEnrollments(11)
#8 C:\xampp\htdocs\ITE311-CASTILLO\system\CodeIgniter.php(933): App\Controllers\Student\Enrollments->index()
#9 C:\xampp\htdocs\ITE311-CASTILLO\system\CodeIgniter.php(507): CodeIgniter\CodeIgniter->runController(Object(App\Controllers\Student\Enrollments))
#10 C:\xampp\htdocs\ITE311-CASTILLO\system\CodeIgniter.php(354): CodeIgniter\CodeIgniter->handleRequest(NULL, Object(Config\Cache), false)
#11 C:\xampp\htdocs\ITE311-CASTILLO\system\Boot.php(363): CodeIgniter\CodeIgniter->run()
#12 C:\xampp\htdocs\ITE311-CASTILLO\system\Boot.php(68): CodeIgniter\Boot::runCodeIgniter(Object(CodeIgniter\CodeIgniter))
#13 C:\xampp\htdocs\ITE311-CASTILLO\public\index.php(59): CodeIgniter\Boot::bootWeb(Object(Config\Paths))
#14 C:\xampp\htdocs\ITE311-CASTILLO\system\rewrite.php(44): require_once('C:\\xampp\\htdocs...')
#15 {main}
CRITICAL - 2025-10-10 12:41:22 --> CodeIgniter\Database\Exceptions\DatabaseException: Unknown column 'enrollments.enrollment_date' in 'field list'
[Method: GET, Route: student/enrollments]
in SYSTEMPATH\Database\BaseConnection.php on line 684.
 1 SYSTEMPATH\Database\BaseBuilder.php(1649): CodeIgniter\Database\BaseConnection->query('SELECT `enrollments`.*, `courses`.`id` as `id`, `courses`.`title`, `courses`.`description`, `enrollments`.`enrollment_date`
FROM `enrollments`
INNER JOIN `courses` ON `courses`.`id` = `enrollments`.`course_id`
WHERE `enrollments`.`user_id` = :enrollments.user_id:
ORDER BY `enrollment_date` DESC', [...], false)
 2 SYSTEMPATH\Model.php(286): CodeIgniter\Database\BaseBuilder->get()
 3 SYSTEMPATH\BaseModel.php(677): CodeIgniter\Model->doFindAll(0, 0)
 4 APPPATH\Models\EnrollmentModel.php(31): CodeIgniter\BaseModel->findAll()
 5 APPPATH\Controllers\Student\Enrollments.php(24): App\Models\EnrollmentModel->getUserEnrollments(11)
 6 SYSTEMPATH\CodeIgniter.php(933): App\Controllers\Student\Enrollments->index()
 7 SYSTEMPATH\CodeIgniter.php(507): CodeIgniter\CodeIgniter->runController(Object(App\Controllers\Student\Enrollments))
 8 SYSTEMPATH\CodeIgniter.php(354): CodeIgniter\CodeIgniter->handleRequest(null, Object(Config\Cache), false)
 9 SYSTEMPATH\Boot.php(363): CodeIgniter\CodeIgniter->run()
10 SYSTEMPATH\Boot.php(68): CodeIgniter\Boot::runCodeIgniter(Object(CodeIgniter\CodeIgniter))
11 FCPATH\index.php(59): CodeIgniter\Boot::bootWeb(Object(Config\Paths))
12 SYSTEMPATH\rewrite.php(44): require_once('C:\\xampp\\htdocs\\ITE311-CASTILLO\\public\\index.php')
CRITICAL - 2025-10-10 12:41:22 --> [Caused by] CodeIgniter\Database\Exceptions\DatabaseException: Unknown column 'enrollments.enrollment_date' in 'field list'
in SYSTEMPATH\Database\MySQLi\Connection.php on line 332.
 1 SYSTEMPATH\Database\BaseConnection.php(729): CodeIgniter\Database\MySQLi\Connection->execute('SELECT `enrollments`.*, `courses`.`id` as `id`, `courses`.`title`, `courses`.`description`, `enrollments`.`enrollment_date`
FROM `enrollments`
INNER JOIN `courses` ON `courses`.`id` = `enrollments`.`course_id`
WHERE `enrollments`.`user_id` = 11
ORDER BY `enrollment_date` DESC')
 2 SYSTEMPATH\Database\BaseConnection.php(646): CodeIgniter\Database\BaseConnection->simpleQuery('SELECT `enrollments`.*, `courses`.`id` as `id`, `courses`.`title`, `courses`.`description`, `enrollments`.`enrollment_date`
FROM `enrollments`
INNER JOIN `courses` ON `courses`.`id` = `enrollments`.`course_id`
WHERE `enrollments`.`user_id` = 11
ORDER BY `enrollment_date` DESC')
 3 SYSTEMPATH\Database\BaseBuilder.php(1649): CodeIgniter\Database\BaseConnection->query('SELECT `enrollments`.*, `courses`.`id` as `id`, `courses`.`title`, `courses`.`description`, `enrollments`.`enrollment_date`
FROM `enrollments`
INNER JOIN `courses` ON `courses`.`id` = `enrollments`.`course_id`
WHERE `enrollments`.`user_id` = :enrollments.user_id:
ORDER BY `enrollment_date` DESC', [...], false)
 4 SYSTEMPATH\Model.php(286): CodeIgniter\Database\BaseBuilder->get()
 5 SYSTEMPATH\BaseModel.php(677): CodeIgniter\Model->doFindAll(0, 0)
 6 APPPATH\Models\EnrollmentModel.php(31): CodeIgniter\BaseModel->findAll()
 7 APPPATH\Controllers\Student\Enrollments.php(24): App\Models\EnrollmentModel->getUserEnrollments(11)
 8 SYSTEMPATH\CodeIgniter.php(933): App\Controllers\Student\Enrollments->index()
 9 SYSTEMPATH\CodeIgniter.php(507): CodeIgniter\CodeIgniter->runController(Object(App\Controllers\Student\Enrollments))
10 SYSTEMPATH\CodeIgniter.php(354): CodeIgniter\CodeIgniter->handleRequest(null, Object(Config\Cache), false)
11 SYSTEMPATH\Boot.php(363): CodeIgniter\CodeIgniter->run()
12 SYSTEMPATH\Boot.php(68): CodeIgniter\Boot::runCodeIgniter(Object(CodeIgniter\CodeIgniter))
13 FCPATH\index.php(59): CodeIgniter\Boot::bootWeb(Object(Config\Paths))
14 SYSTEMPATH\rewrite.php(44): require_once('C:\\xampp\\htdocs\\ITE311-CASTILLO\\public\\index.php')
CRITICAL - 2025-10-10 12:41:22 --> [Caused by] mysqli_sql_exception: Unknown column 'enrollments.enrollment_date' in 'field list'
in SYSTEMPATH\Database\MySQLi\Connection.php on line 327.
 1 SYSTEMPATH\Database\MySQLi\Connection.php(327): mysqli->query('SELECT `enrollments`.*, `courses`.`id` as `id`, `courses`.`title`, `courses`.`description`, `enrollments`.`enrollment_date`
FROM `enrollments`
INNER JOIN `courses` ON `courses`.`id` = `enrollments`.`course_id`
WHERE `enrollments`.`user_id` = 11
ORDER BY `enrollment_date` DESC', 0)
 2 SYSTEMPATH\Database\BaseConnection.php(729): CodeIgniter\Database\MySQLi\Connection->execute('SELECT `enrollments`.*, `courses`.`id` as `id`, `courses`.`title`, `courses`.`description`, `enrollments`.`enrollment_date`
FROM `enrollments`
INNER JOIN `courses` ON `courses`.`id` = `enrollments`.`course_id`
WHERE `enrollments`.`user_id` = 11
ORDER BY `enrollment_date` DESC')
 3 SYSTEMPATH\Database\BaseConnection.php(646): CodeIgniter\Database\BaseConnection->simpleQuery('SELECT `enrollments`.*, `courses`.`id` as `id`, `courses`.`title`, `courses`.`description`, `enrollments`.`enrollment_date`
FROM `enrollments`
INNER JOIN `courses` ON `courses`.`id` = `enrollments`.`course_id`
WHERE `enrollments`.`user_id` = 11
ORDER BY `enrollment_date` DESC')
 4 SYSTEMPATH\Database\BaseBuilder.php(1649): CodeIgniter\Database\BaseConnection->query('SELECT `enrollments`.*, `courses`.`id` as `id`, `courses`.`title`, `courses`.`description`, `enrollments`.`enrollment_date`
FROM `enrollments`
INNER JOIN `courses` ON `courses`.`id` = `enrollments`.`course_id`
WHERE `enrollments`.`user_id` = :enrollments.user_id:
ORDER BY `enrollment_date` DESC', [...], false)
 5 SYSTEMPATH\Model.php(286): CodeIgniter\Database\BaseBuilder->get()
 6 SYSTEMPATH\BaseModel.php(677): CodeIgniter\Model->doFindAll(0, 0)
 7 APPPATH\Models\EnrollmentModel.php(31): CodeIgniter\BaseModel->findAll()
 8 APPPATH\Controllers\Student\Enrollments.php(24): App\Models\EnrollmentModel->getUserEnrollments(11)
 9 SYSTEMPATH\CodeIgniter.php(933): App\Controllers\Student\Enrollments->index()
10 SYSTEMPATH\CodeIgniter.php(507): CodeIgniter\CodeIgniter->runController(Object(App\Controllers\Student\Enrollments))
11 SYSTEMPATH\CodeIgniter.php(354): CodeIgniter\CodeIgniter->handleRequest(null, Object(Config\Cache), false)
12 SYSTEMPATH\Boot.php(363): CodeIgniter\CodeIgniter->run()
13 SYSTEMPATH\Boot.php(68): CodeIgniter\Boot::runCodeIgniter(Object(CodeIgniter\CodeIgniter))
14 FCPATH\index.php(59): CodeIgniter\Boot::bootWeb(Object(Config\Paths))
15 SYSTEMPATH\rewrite.php(44): require_once('C:\\xampp\\htdocs\\ITE311-CASTILLO\\public\\index.php')
ERROR - 2025-10-10 12:41:23 --> mysqli_sql_exception: Unknown column 'enrollments.enrollment_date' in 'field list' in C:\xampp\htdocs\ITE311-CASTILLO\system\Database\MySQLi\Connection.php:327
Stack trace:
#0 C:\xampp\htdocs\ITE311-CASTILLO\system\Database\MySQLi\Connection.php(327): mysqli->query('SELECT `enrollm...', 0)
#1 C:\xampp\htdocs\ITE311-CASTILLO\system\Database\BaseConnection.php(729): CodeIgniter\Database\MySQLi\Connection->execute('SELECT `enrollm...')
#2 C:\xampp\htdocs\ITE311-CASTILLO\system\Database\BaseConnection.php(646): CodeIgniter\Database\BaseConnection->simpleQuery('SELECT `enrollm...')
#3 C:\xampp\htdocs\ITE311-CASTILLO\system\Database\BaseBuilder.php(1649): CodeIgniter\Database\BaseConnection->query('SELECT `enrollm...', Array, false)
#4 C:\xampp\htdocs\ITE311-CASTILLO\system\Model.php(286): CodeIgniter\Database\BaseBuilder->get()
#5 C:\xampp\htdocs\ITE311-CASTILLO\system\BaseModel.php(677): CodeIgniter\Model->doFindAll(0, 0)
#6 C:\xampp\htdocs\ITE311-CASTILLO\app\Models\EnrollmentModel.php(31): CodeIgniter\BaseModel->findAll()
#7 C:\xampp\htdocs\ITE311-CASTILLO\app\Controllers\Student\Enrollments.php(24): App\Models\EnrollmentModel->getUserEnrollments(11)
#8 C:\xampp\htdocs\ITE311-CASTILLO\system\CodeIgniter.php(933): App\Controllers\Student\Enrollments->index()
#9 C:\xampp\htdocs\ITE311-CASTILLO\system\CodeIgniter.php(507): CodeIgniter\CodeIgniter->runController(Object(App\Controllers\Student\Enrollments))
#10 C:\xampp\htdocs\ITE311-CASTILLO\system\CodeIgniter.php(354): CodeIgniter\CodeIgniter->handleRequest(NULL, Object(Config\Cache), false)
#11 C:\xampp\htdocs\ITE311-CASTILLO\system\Boot.php(363): CodeIgniter\CodeIgniter->run()
#12 C:\xampp\htdocs\ITE311-CASTILLO\system\Boot.php(68): CodeIgniter\Boot::runCodeIgniter(Object(CodeIgniter\CodeIgniter))
#13 C:\xampp\htdocs\ITE311-CASTILLO\public\index.php(59): CodeIgniter\Boot::bootWeb(Object(Config\Paths))
#14 C:\xampp\htdocs\ITE311-CASTILLO\system\rewrite.php(44): require_once('C:\\xampp\\htdocs...')
#15 {main}
CRITICAL - 2025-10-10 12:41:23 --> CodeIgniter\Database\Exceptions\DatabaseException: Unknown column 'enrollments.enrollment_date' in 'field list'
[Method: GET, Route: student/enrollments]
in SYSTEMPATH\Database\BaseConnection.php on line 684.
 1 SYSTEMPATH\Database\BaseBuilder.php(1649): CodeIgniter\Database\BaseConnection->query('SELECT `enrollments`.*, `courses`.`id` as `id`, `courses`.`title`, `courses`.`description`, `enrollments`.`enrollment_date`
FROM `enrollments`
INNER JOIN `courses` ON `courses`.`id` = `enrollments`.`course_id`
WHERE `enrollments`.`user_id` = :enrollments.user_id:
ORDER BY `enrollment_date` DESC', [...], false)
 2 SYSTEMPATH\Model.php(286): CodeIgniter\Database\BaseBuilder->get()
 3 SYSTEMPATH\BaseModel.php(677): CodeIgniter\Model->doFindAll(0, 0)
 4 APPPATH\Models\EnrollmentModel.php(31): CodeIgniter\BaseModel->findAll()
 5 APPPATH\Controllers\Student\Enrollments.php(24): App\Models\EnrollmentModel->getUserEnrollments(11)
 6 SYSTEMPATH\CodeIgniter.php(933): App\Controllers\Student\Enrollments->index()
 7 SYSTEMPATH\CodeIgniter.php(507): CodeIgniter\CodeIgniter->runController(Object(App\Controllers\Student\Enrollments))
 8 SYSTEMPATH\CodeIgniter.php(354): CodeIgniter\CodeIgniter->handleRequest(null, Object(Config\Cache), false)
 9 SYSTEMPATH\Boot.php(363): CodeIgniter\CodeIgniter->run()
10 SYSTEMPATH\Boot.php(68): CodeIgniter\Boot::runCodeIgniter(Object(CodeIgniter\CodeIgniter))
11 FCPATH\index.php(59): CodeIgniter\Boot::bootWeb(Object(Config\Paths))
12 SYSTEMPATH\rewrite.php(44): require_once('C:\\xampp\\htdocs\\ITE311-CASTILLO\\public\\index.php')
CRITICAL - 2025-10-10 12:41:23 --> [Caused by] CodeIgniter\Database\Exceptions\DatabaseException: Unknown column 'enrollments.enrollment_date' in 'field list'
in SYSTEMPATH\Database\MySQLi\Connection.php on line 332.
 1 SYSTEMPATH\Database\BaseConnection.php(729): CodeIgniter\Database\MySQLi\Connection->execute('SELECT `enrollments`.*, `courses`.`id` as `id`, `courses`.`title`, `courses`.`description`, `enrollments`.`enrollment_date`
FROM `enrollments`
INNER JOIN `courses` ON `courses`.`id` = `enrollments`.`course_id`
WHERE `enrollments`.`user_id` = 11
ORDER BY `enrollment_date` DESC')
 2 SYSTEMPATH\Database\BaseConnection.php(646): CodeIgniter\Database\BaseConnection->simpleQuery('SELECT `enrollments`.*, `courses`.`id` as `id`, `courses`.`title`, `courses`.`description`, `enrollments`.`enrollment_date`
FROM `enrollments`
INNER JOIN `courses` ON `courses`.`id` = `enrollments`.`course_id`
WHERE `enrollments`.`user_id` = 11
ORDER BY `enrollment_date` DESC')
 3 SYSTEMPATH\Database\BaseBuilder.php(1649): CodeIgniter\Database\BaseConnection->query('SELECT `enrollments`.*, `courses`.`id` as `id`, `courses`.`title`, `courses`.`description`, `enrollments`.`enrollment_date`
FROM `enrollments`
INNER JOIN `courses` ON `courses`.`id` = `enrollments`.`course_id`
WHERE `enrollments`.`user_id` = :enrollments.user_id:
ORDER BY `enrollment_date` DESC', [...], false)
 4 SYSTEMPATH\Model.php(286): CodeIgniter\Database\BaseBuilder->get()
 5 SYSTEMPATH\BaseModel.php(677): CodeIgniter\Model->doFindAll(0, 0)
 6 APPPATH\Models\EnrollmentModel.php(31): CodeIgniter\BaseModel->findAll()
 7 APPPATH\Controllers\Student\Enrollments.php(24): App\Models\EnrollmentModel->getUserEnrollments(11)
 8 SYSTEMPATH\CodeIgniter.php(933): App\Controllers\Student\Enrollments->index()
 9 SYSTEMPATH\CodeIgniter.php(507): CodeIgniter\CodeIgniter->runController(Object(App\Controllers\Student\Enrollments))
10 SYSTEMPATH\CodeIgniter.php(354): CodeIgniter\CodeIgniter->handleRequest(null, Object(Config\Cache), false)
11 SYSTEMPATH\Boot.php(363): CodeIgniter\CodeIgniter->run()
12 SYSTEMPATH\Boot.php(68): CodeIgniter\Boot::runCodeIgniter(Object(CodeIgniter\CodeIgniter))
13 FCPATH\index.php(59): CodeIgniter\Boot::bootWeb(Object(Config\Paths))
14 SYSTEMPATH\rewrite.php(44): require_once('C:\\xampp\\htdocs\\ITE311-CASTILLO\\public\\index.php')
CRITICAL - 2025-10-10 12:41:23 --> [Caused by] mysqli_sql_exception: Unknown column 'enrollments.enrollment_date' in 'field list'
in SYSTEMPATH\Database\MySQLi\Connection.php on line 327.
 1 SYSTEMPATH\Database\MySQLi\Connection.php(327): mysqli->query('SELECT `enrollments`.*, `courses`.`id` as `id`, `courses`.`title`, `courses`.`description`, `enrollments`.`enrollment_date`
FROM `enrollments`
INNER JOIN `courses` ON `courses`.`id` = `enrollments`.`course_id`
WHERE `enrollments`.`user_id` = 11
ORDER BY `enrollment_date` DESC', 0)
 2 SYSTEMPATH\Database\BaseConnection.php(729): CodeIgniter\Database\MySQLi\Connection->execute('SELECT `enrollments`.*, `courses`.`id` as `id`, `courses`.`title`, `courses`.`description`, `enrollments`.`enrollment_date`
FROM `enrollments`
INNER JOIN `courses` ON `courses`.`id` = `enrollments`.`course_id`
WHERE `enrollments`.`user_id` = 11
ORDER BY `enrollment_date` DESC')
 3 SYSTEMPATH\Database\BaseConnection.php(646): CodeIgniter\Database\BaseConnection->simpleQuery('SELECT `enrollments`.*, `courses`.`id` as `id`, `courses`.`title`, `courses`.`description`, `enrollments`.`enrollment_date`
FROM `enrollments`
INNER JOIN `courses` ON `courses`.`id` = `enrollments`.`course_id`
WHERE `enrollments`.`user_id` = 11
ORDER BY `enrollment_date` DESC')
 4 SYSTEMPATH\Database\BaseBuilder.php(1649): CodeIgniter\Database\BaseConnection->query('SELECT `enrollments`.*, `courses`.`id` as `id`, `courses`.`title`, `courses`.`description`, `enrollments`.`enrollment_date`
FROM `enrollments`
INNER JOIN `courses` ON `courses`.`id` = `enrollments`.`course_id`
WHERE `enrollments`.`user_id` = :enrollments.user_id:
ORDER BY `enrollment_date` DESC', [...], false)
 5 SYSTEMPATH\Model.php(286): CodeIgniter\Database\BaseBuilder->get()
 6 SYSTEMPATH\BaseModel.php(677): CodeIgniter\Model->doFindAll(0, 0)
 7 APPPATH\Models\EnrollmentModel.php(31): CodeIgniter\BaseModel->findAll()
 8 APPPATH\Controllers\Student\Enrollments.php(24): App\Models\EnrollmentModel->getUserEnrollments(11)
 9 SYSTEMPATH\CodeIgniter.php(933): App\Controllers\Student\Enrollments->index()
10 SYSTEMPATH\CodeIgniter.php(507): CodeIgniter\CodeIgniter->runController(Object(App\Controllers\Student\Enrollments))
11 SYSTEMPATH\CodeIgniter.php(354): CodeIgniter\CodeIgniter->handleRequest(null, Object(Config\Cache), false)
12 SYSTEMPATH\Boot.php(363): CodeIgniter\CodeIgniter->run()
13 SYSTEMPATH\Boot.php(68): CodeIgniter\Boot::runCodeIgniter(Object(CodeIgniter\CodeIgniter))
14 FCPATH\index.php(59): CodeIgniter\Boot::bootWeb(Object(Config\Paths))
15 SYSTEMPATH\rewrite.php(44): require_once('C:\\xampp\\htdocs\\ITE311-CASTILLO\\public\\index.php')
ERROR - 2025-10-10 12:41:25 --> mysqli_sql_exception: Unknown column 'enrollments.enrollment_date' in 'field list' in C:\xampp\htdocs\ITE311-CASTILLO\system\Database\MySQLi\Connection.php:327
Stack trace:
#0 C:\xampp\htdocs\ITE311-CASTILLO\system\Database\MySQLi\Connection.php(327): mysqli->query('SELECT `enrollm...', 0)
#1 C:\xampp\htdocs\ITE311-CASTILLO\system\Database\BaseConnection.php(729): CodeIgniter\Database\MySQLi\Connection->execute('SELECT `enrollm...')
#2 C:\xampp\htdocs\ITE311-CASTILLO\system\Database\BaseConnection.php(646): CodeIgniter\Database\BaseConnection->simpleQuery('SELECT `enrollm...')
#3 C:\xampp\htdocs\ITE311-CASTILLO\system\Database\BaseBuilder.php(1649): CodeIgniter\Database\BaseConnection->query('SELECT `enrollm...', Array, false)
#4 C:\xampp\htdocs\ITE311-CASTILLO\system\Model.php(286): CodeIgniter\Database\BaseBuilder->get()
#5 C:\xampp\htdocs\ITE311-CASTILLO\system\BaseModel.php(677): CodeIgniter\Model->doFindAll(0, 0)
#6 C:\xampp\htdocs\ITE311-CASTILLO\app\Models\EnrollmentModel.php(31): CodeIgniter\BaseModel->findAll()
#7 C:\xampp\htdocs\ITE311-CASTILLO\app\Controllers\Student\Enrollments.php(24): App\Models\EnrollmentModel->getUserEnrollments(11)
#8 C:\xampp\htdocs\ITE311-CASTILLO\system\CodeIgniter.php(933): App\Controllers\Student\Enrollments->index()
#9 C:\xampp\htdocs\ITE311-CASTILLO\system\CodeIgniter.php(507): CodeIgniter\CodeIgniter->runController(Object(App\Controllers\Student\Enrollments))
#10 C:\xampp\htdocs\ITE311-CASTILLO\system\CodeIgniter.php(354): CodeIgniter\CodeIgniter->handleRequest(NULL, Object(Config\Cache), false)
#11 C:\xampp\htdocs\ITE311-CASTILLO\system\Boot.php(363): CodeIgniter\CodeIgniter->run()
#12 C:\xampp\htdocs\ITE311-CASTILLO\system\Boot.php(68): CodeIgniter\Boot::runCodeIgniter(Object(CodeIgniter\CodeIgniter))
#13 C:\xampp\htdocs\ITE311-CASTILLO\public\index.php(59): CodeIgniter\Boot::bootWeb(Object(Config\Paths))
#14 C:\xampp\htdocs\ITE311-CASTILLO\system\rewrite.php(44): require_once('C:\\xampp\\htdocs...')
#15 {main}
CRITICAL - 2025-10-10 12:41:25 --> CodeIgniter\Database\Exceptions\DatabaseException: Unknown column 'enrollments.enrollment_date' in 'field list'
[Method: GET, Route: student/enrollments]
in SYSTEMPATH\Database\BaseConnection.php on line 684.
 1 SYSTEMPATH\Database\BaseBuilder.php(1649): CodeIgniter\Database\BaseConnection->query('SELECT `enrollments`.*, `courses`.`id` as `id`, `courses`.`title`, `courses`.`description`, `enrollments`.`enrollment_date`
FROM `enrollments`
INNER JOIN `courses` ON `courses`.`id` = `enrollments`.`course_id`
WHERE `enrollments`.`user_id` = :enrollments.user_id:
ORDER BY `enrollment_date` DESC', [...], false)
 2 SYSTEMPATH\Model.php(286): CodeIgniter\Database\BaseBuilder->get()
 3 SYSTEMPATH\BaseModel.php(677): CodeIgniter\Model->doFindAll(0, 0)
 4 APPPATH\Models\EnrollmentModel.php(31): CodeIgniter\BaseModel->findAll()
 5 APPPATH\Controllers\Student\Enrollments.php(24): App\Models\EnrollmentModel->getUserEnrollments(11)
 6 SYSTEMPATH\CodeIgniter.php(933): App\Controllers\Student\Enrollments->index()
 7 SYSTEMPATH\CodeIgniter.php(507): CodeIgniter\CodeIgniter->runController(Object(App\Controllers\Student\Enrollments))
 8 SYSTEMPATH\CodeIgniter.php(354): CodeIgniter\CodeIgniter->handleRequest(null, Object(Config\Cache), false)
 9 SYSTEMPATH\Boot.php(363): CodeIgniter\CodeIgniter->run()
10 SYSTEMPATH\Boot.php(68): CodeIgniter\Boot::runCodeIgniter(Object(CodeIgniter\CodeIgniter))
11 FCPATH\index.php(59): CodeIgniter\Boot::bootWeb(Object(Config\Paths))
12 SYSTEMPATH\rewrite.php(44): require_once('C:\\xampp\\htdocs\\ITE311-CASTILLO\\public\\index.php')
CRITICAL - 2025-10-10 12:41:25 --> [Caused by] CodeIgniter\Database\Exceptions\DatabaseException: Unknown column 'enrollments.enrollment_date' in 'field list'
in SYSTEMPATH\Database\MySQLi\Connection.php on line 332.
 1 SYSTEMPATH\Database\BaseConnection.php(729): CodeIgniter\Database\MySQLi\Connection->execute('SELECT `enrollments`.*, `courses`.`id` as `id`, `courses`.`title`, `courses`.`description`, `enrollments`.`enrollment_date`
FROM `enrollments`
INNER JOIN `courses` ON `courses`.`id` = `enrollments`.`course_id`
WHERE `enrollments`.`user_id` = 11
ORDER BY `enrollment_date` DESC')
 2 SYSTEMPATH\Database\BaseConnection.php(646): CodeIgniter\Database\BaseConnection->simpleQuery('SELECT `enrollments`.*, `courses`.`id` as `id`, `courses`.`title`, `courses`.`description`, `enrollments`.`enrollment_date`
FROM `enrollments`
INNER JOIN `courses` ON `courses`.`id` = `enrollments`.`course_id`
WHERE `enrollments`.`user_id` = 11
ORDER BY `enrollment_date` DESC')
 3 SYSTEMPATH\Database\BaseBuilder.php(1649): CodeIgniter\Database\BaseConnection->query('SELECT `enrollments`.*, `courses`.`id` as `id`, `courses`.`title`, `courses`.`description`, `enrollments`.`enrollment_date`
FROM `enrollments`
INNER JOIN `courses` ON `courses`.`id` = `enrollments`.`course_id`
WHERE `enrollments`.`user_id` = :enrollments.user_id:
ORDER BY `enrollment_date` DESC', [...], false)
 4 SYSTEMPATH\Model.php(286): CodeIgniter\Database\BaseBuilder->get()
 5 SYSTEMPATH\BaseModel.php(677): CodeIgniter\Model->doFindAll(0, 0)
 6 APPPATH\Models\EnrollmentModel.php(31): CodeIgniter\BaseModel->findAll()
 7 APPPATH\Controllers\Student\Enrollments.php(24): App\Models\EnrollmentModel->getUserEnrollments(11)
 8 SYSTEMPATH\CodeIgniter.php(933): App\Controllers\Student\Enrollments->index()
 9 SYSTEMPATH\CodeIgniter.php(507): CodeIgniter\CodeIgniter->runController(Object(App\Controllers\Student\Enrollments))
10 SYSTEMPATH\CodeIgniter.php(354): CodeIgniter\CodeIgniter->handleRequest(null, Object(Config\Cache), false)
11 SYSTEMPATH\Boot.php(363): CodeIgniter\CodeIgniter->run()
12 SYSTEMPATH\Boot.php(68): CodeIgniter\Boot::runCodeIgniter(Object(CodeIgniter\CodeIgniter))
13 FCPATH\index.php(59): CodeIgniter\Boot::bootWeb(Object(Config\Paths))
14 SYSTEMPATH\rewrite.php(44): require_once('C:\\xampp\\htdocs\\ITE311-CASTILLO\\public\\index.php')
CRITICAL - 2025-10-10 12:41:25 --> [Caused by] mysqli_sql_exception: Unknown column 'enrollments.enrollment_date' in 'field list'
in SYSTEMPATH\Database\MySQLi\Connection.php on line 327.
 1 SYSTEMPATH\Database\MySQLi\Connection.php(327): mysqli->query('SELECT `enrollments`.*, `courses`.`id` as `id`, `courses`.`title`, `courses`.`description`, `enrollments`.`enrollment_date`
FROM `enrollments`
INNER JOIN `courses` ON `courses`.`id` = `enrollments`.`course_id`
WHERE `enrollments`.`user_id` = 11
ORDER BY `enrollment_date` DESC', 0)
 2 SYSTEMPATH\Database\BaseConnection.php(729): CodeIgniter\Database\MySQLi\Connection->execute('SELECT `enrollments`.*, `courses`.`id` as `id`, `courses`.`title`, `courses`.`description`, `enrollments`.`enrollment_date`
FROM `enrollments`
INNER JOIN `courses` ON `courses`.`id` = `enrollments`.`course_id`
WHERE `enrollments`.`user_id` = 11
ORDER BY `enrollment_date` DESC')
 3 SYSTEMPATH\Database\BaseConnection.php(646): CodeIgniter\Database\BaseConnection->simpleQuery('SELECT `enrollments`.*, `courses`.`id` as `id`, `courses`.`title`, `courses`.`description`, `enrollments`.`enrollment_date`
FROM `enrollments`
INNER JOIN `courses` ON `courses`.`id` = `enrollments`.`course_id`
WHERE `enrollments`.`user_id` = 11
ORDER BY `enrollment_date` DESC')
 4 SYSTEMPATH\Database\BaseBuilder.php(1649): CodeIgniter\Database\BaseConnection->query('SELECT `enrollments`.*, `courses`.`id` as `id`, `courses`.`title`, `courses`.`description`, `enrollments`.`enrollment_date`
FROM `enrollments`
INNER JOIN `courses` ON `courses`.`id` = `enrollments`.`course_id`
WHERE `enrollments`.`user_id` = :enrollments.user_id:
ORDER BY `enrollment_date` DESC', [...], false)
 5 SYSTEMPATH\Model.php(286): CodeIgniter\Database\BaseBuilder->get()
 6 SYSTEMPATH\BaseModel.php(677): CodeIgniter\Model->doFindAll(0, 0)
 7 APPPATH\Models\EnrollmentModel.php(31): CodeIgniter\BaseModel->findAll()
 8 APPPATH\Controllers\Student\Enrollments.php(24): App\Models\EnrollmentModel->getUserEnrollments(11)
 9 SYSTEMPATH\CodeIgniter.php(933): App\Controllers\Student\Enrollments->index()
10 SYSTEMPATH\CodeIgniter.php(507): CodeIgniter\CodeIgniter->runController(Object(App\Controllers\Student\Enrollments))
11 SYSTEMPATH\CodeIgniter.php(354): CodeIgniter\CodeIgniter->handleRequest(null, Object(Config\Cache), false)
12 SYSTEMPATH\Boot.php(363): CodeIgniter\CodeIgniter->run()
13 SYSTEMPATH\Boot.php(68): CodeIgniter\Boot::runCodeIgniter(Object(CodeIgniter\CodeIgniter))
14 FCPATH\index.php(59): CodeIgniter\Boot::bootWeb(Object(Config\Paths))
15 SYSTEMPATH\rewrite.php(44): require_once('C:\\xampp\\htdocs\\ITE311-CASTILLO\\public\\index.php')
ERROR - 2025-10-10 12:41:28 --> mysqli_sql_exception: Unknown column 'enrollments.enrollment_date' in 'field list' in C:\xampp\htdocs\ITE311-CASTILLO\system\Database\MySQLi\Connection.php:327
Stack trace:
#0 C:\xampp\htdocs\ITE311-CASTILLO\system\Database\MySQLi\Connection.php(327): mysqli->query('SELECT `enrollm...', 0)
#1 C:\xampp\htdocs\ITE311-CASTILLO\system\Database\BaseConnection.php(729): CodeIgniter\Database\MySQLi\Connection->execute('SELECT `enrollm...')
#2 C:\xampp\htdocs\ITE311-CASTILLO\system\Database\BaseConnection.php(646): CodeIgniter\Database\BaseConnection->simpleQuery('SELECT `enrollm...')
#3 C:\xampp\htdocs\ITE311-CASTILLO\system\Database\BaseBuilder.php(1649): CodeIgniter\Database\BaseConnection->query('SELECT `enrollm...', Array, false)
#4 C:\xampp\htdocs\ITE311-CASTILLO\system\Model.php(286): CodeIgniter\Database\BaseBuilder->get()
#5 C:\xampp\htdocs\ITE311-CASTILLO\system\BaseModel.php(677): CodeIgniter\Model->doFindAll(0, 0)
#6 C:\xampp\htdocs\ITE311-CASTILLO\app\Models\EnrollmentModel.php(31): CodeIgniter\BaseModel->findAll()
#7 C:\xampp\htdocs\ITE311-CASTILLO\app\Controllers\Student\Enrollments.php(24): App\Models\EnrollmentModel->getUserEnrollments(11)
#8 C:\xampp\htdocs\ITE311-CASTILLO\system\CodeIgniter.php(933): App\Controllers\Student\Enrollments->index()
#9 C:\xampp\htdocs\ITE311-CASTILLO\system\CodeIgniter.php(507): CodeIgniter\CodeIgniter->runController(Object(App\Controllers\Student\Enrollments))
#10 C:\xampp\htdocs\ITE311-CASTILLO\system\CodeIgniter.php(354): CodeIgniter\CodeIgniter->handleRequest(NULL, Object(Config\Cache), false)
#11 C:\xampp\htdocs\ITE311-CASTILLO\system\Boot.php(363): CodeIgniter\CodeIgniter->run()
#12 C:\xampp\htdocs\ITE311-CASTILLO\system\Boot.php(68): CodeIgniter\Boot::runCodeIgniter(Object(CodeIgniter\CodeIgniter))
#13 C:\xampp\htdocs\ITE311-CASTILLO\public\index.php(59): CodeIgniter\Boot::bootWeb(Object(Config\Paths))
#14 C:\xampp\htdocs\ITE311-CASTILLO\system\rewrite.php(44): require_once('C:\\xampp\\htdocs...')
#15 {main}
CRITICAL - 2025-10-10 12:41:28 --> CodeIgniter\Database\Exceptions\DatabaseException: Unknown column 'enrollments.enrollment_date' in 'field list'
[Method: GET, Route: student/enrollments]
in SYSTEMPATH\Database\BaseConnection.php on line 684.
 1 SYSTEMPATH\Database\BaseBuilder.php(1649): CodeIgniter\Database\BaseConnection->query('SELECT `enrollments`.*, `courses`.`id` as `id`, `courses`.`title`, `courses`.`description`, `enrollments`.`enrollment_date`
FROM `enrollments`
INNER JOIN `courses` ON `courses`.`id` = `enrollments`.`course_id`
WHERE `enrollments`.`user_id` = :enrollments.user_id:
ORDER BY `enrollment_date` DESC', [...], false)
 2 SYSTEMPATH\Model.php(286): CodeIgniter\Database\BaseBuilder->get()
 3 SYSTEMPATH\BaseModel.php(677): CodeIgniter\Model->doFindAll(0, 0)
 4 APPPATH\Models\EnrollmentModel.php(31): CodeIgniter\BaseModel->findAll()
 5 APPPATH\Controllers\Student\Enrollments.php(24): App\Models\EnrollmentModel->getUserEnrollments(11)
 6 SYSTEMPATH\CodeIgniter.php(933): App\Controllers\Student\Enrollments->index()
 7 SYSTEMPATH\CodeIgniter.php(507): CodeIgniter\CodeIgniter->runController(Object(App\Controllers\Student\Enrollments))
 8 SYSTEMPATH\CodeIgniter.php(354): CodeIgniter\CodeIgniter->handleRequest(null, Object(Config\Cache), false)
 9 SYSTEMPATH\Boot.php(363): CodeIgniter\CodeIgniter->run()
10 SYSTEMPATH\Boot.php(68): CodeIgniter\Boot::runCodeIgniter(Object(CodeIgniter\CodeIgniter))
11 FCPATH\index.php(59): CodeIgniter\Boot::bootWeb(Object(Config\Paths))
12 SYSTEMPATH\rewrite.php(44): require_once('C:\\xampp\\htdocs\\ITE311-CASTILLO\\public\\index.php')
CRITICAL - 2025-10-10 12:41:28 --> [Caused by] CodeIgniter\Database\Exceptions\DatabaseException: Unknown column 'enrollments.enrollment_date' in 'field list'
in SYSTEMPATH\Database\MySQLi\Connection.php on line 332.
 1 SYSTEMPATH\Database\BaseConnection.php(729): CodeIgniter\Database\MySQLi\Connection->execute('SELECT `enrollments`.*, `courses`.`id` as `id`, `courses`.`title`, `courses`.`description`, `enrollments`.`enrollment_date`
FROM `enrollments`
INNER JOIN `courses` ON `courses`.`id` = `enrollments`.`course_id`
WHERE `enrollments`.`user_id` = 11
ORDER BY `enrollment_date` DESC')
 2 SYSTEMPATH\Database\BaseConnection.php(646): CodeIgniter\Database\BaseConnection->simpleQuery('SELECT `enrollments`.*, `courses`.`id` as `id`, `courses`.`title`, `courses`.`description`, `enrollments`.`enrollment_date`
FROM `enrollments`
INNER JOIN `courses` ON `courses`.`id` = `enrollments`.`course_id`
WHERE `enrollments`.`user_id` = 11
ORDER BY `enrollment_date` DESC')
 3 SYSTEMPATH\Database\BaseBuilder.php(1649): CodeIgniter\Database\BaseConnection->query('SELECT `enrollments`.*, `courses`.`id` as `id`, `courses`.`title`, `courses`.`description`, `enrollments`.`enrollment_date`
FROM `enrollments`
INNER JOIN `courses` ON `courses`.`id` = `enrollments`.`course_id`
WHERE `enrollments`.`user_id` = :enrollments.user_id:
ORDER BY `enrollment_date` DESC', [...], false)
 4 SYSTEMPATH\Model.php(286): CodeIgniter\Database\BaseBuilder->get()
 5 SYSTEMPATH\BaseModel.php(677): CodeIgniter\Model->doFindAll(0, 0)
 6 APPPATH\Models\EnrollmentModel.php(31): CodeIgniter\BaseModel->findAll()
 7 APPPATH\Controllers\Student\Enrollments.php(24): App\Models\EnrollmentModel->getUserEnrollments(11)
 8 SYSTEMPATH\CodeIgniter.php(933): App\Controllers\Student\Enrollments->index()
 9 SYSTEMPATH\CodeIgniter.php(507): CodeIgniter\CodeIgniter->runController(Object(App\Controllers\Student\Enrollments))
10 SYSTEMPATH\CodeIgniter.php(354): CodeIgniter\CodeIgniter->handleRequest(null, Object(Config\Cache), false)
11 SYSTEMPATH\Boot.php(363): CodeIgniter\CodeIgniter->run()
12 SYSTEMPATH\Boot.php(68): CodeIgniter\Boot::runCodeIgniter(Object(CodeIgniter\CodeIgniter))
13 FCPATH\index.php(59): CodeIgniter\Boot::bootWeb(Object(Config\Paths))
14 SYSTEMPATH\rewrite.php(44): require_once('C:\\xampp\\htdocs\\ITE311-CASTILLO\\public\\index.php')
CRITICAL - 2025-10-10 12:41:28 --> [Caused by] mysqli_sql_exception: Unknown column 'enrollments.enrollment_date' in 'field list'
in SYSTEMPATH\Database\MySQLi\Connection.php on line 327.
 1 SYSTEMPATH\Database\MySQLi\Connection.php(327): mysqli->query('SELECT `enrollments`.*, `courses`.`id` as `id`, `courses`.`title`, `courses`.`description`, `enrollments`.`enrollment_date`
FROM `enrollments`
INNER JOIN `courses` ON `courses`.`id` = `enrollments`.`course_id`
WHERE `enrollments`.`user_id` = 11
ORDER BY `enrollment_date` DESC', 0)
 2 SYSTEMPATH\Database\BaseConnection.php(729): CodeIgniter\Database\MySQLi\Connection->execute('SELECT `enrollments`.*, `courses`.`id` as `id`, `courses`.`title`, `courses`.`description`, `enrollments`.`enrollment_date`
FROM `enrollments`
INNER JOIN `courses` ON `courses`.`id` = `enrollments`.`course_id`
WHERE `enrollments`.`user_id` = 11
ORDER BY `enrollment_date` DESC')
 3 SYSTEMPATH\Database\BaseConnection.php(646): CodeIgniter\Database\BaseConnection->simpleQuery('SELECT `enrollments`.*, `courses`.`id` as `id`, `courses`.`title`, `courses`.`description`, `enrollments`.`enrollment_date`
FROM `enrollments`
INNER JOIN `courses` ON `courses`.`id` = `enrollments`.`course_id`
WHERE `enrollments`.`user_id` = 11
ORDER BY `enrollment_date` DESC')
 4 SYSTEMPATH\Database\BaseBuilder.php(1649): CodeIgniter\Database\BaseConnection->query('SELECT `enrollments`.*, `courses`.`id` as `id`, `courses`.`title`, `courses`.`description`, `enrollments`.`enrollment_date`
FROM `enrollments`
INNER JOIN `courses` ON `courses`.`id` = `enrollments`.`course_id`
WHERE `enrollments`.`user_id` = :enrollments.user_id:
ORDER BY `enrollment_date` DESC', [...], false)
 5 SYSTEMPATH\Model.php(286): CodeIgniter\Database\BaseBuilder->get()
 6 SYSTEMPATH\BaseModel.php(677): CodeIgniter\Model->doFindAll(0, 0)
 7 APPPATH\Models\EnrollmentModel.php(31): CodeIgniter\BaseModel->findAll()
 8 APPPATH\Controllers\Student\Enrollments.php(24): App\Models\EnrollmentModel->getUserEnrollments(11)
 9 SYSTEMPATH\CodeIgniter.php(933): App\Controllers\Student\Enrollments->index()
10 SYSTEMPATH\CodeIgniter.php(507): CodeIgniter\CodeIgniter->runController(Object(App\Controllers\Student\Enrollments))
11 SYSTEMPATH\CodeIgniter.php(354): CodeIgniter\CodeIgniter->handleRequest(null, Object(Config\Cache), false)
12 SYSTEMPATH\Boot.php(363): CodeIgniter\CodeIgniter->run()
13 SYSTEMPATH\Boot.php(68): CodeIgniter\Boot::runCodeIgniter(Object(CodeIgniter\CodeIgniter))
14 FCPATH\index.php(59): CodeIgniter\Boot::bootWeb(Object(Config\Paths))
15 SYSTEMPATH\rewrite.php(44): require_once('C:\\xampp\\htdocs\\ITE311-CASTILLO\\public\\index.php')
ERROR - 2025-10-10 12:44:15 --> mysqli_sql_exception: Unknown column 'enrollments.enrollment_date' in 'field list' in C:\xampp\htdocs\ITE311-CASTILLO\system\Database\MySQLi\Connection.php:327
Stack trace:
#0 C:\xampp\htdocs\ITE311-CASTILLO\system\Database\MySQLi\Connection.php(327): mysqli->query('SELECT `enrollm...', 0)
#1 C:\xampp\htdocs\ITE311-CASTILLO\system\Database\BaseConnection.php(729): CodeIgniter\Database\MySQLi\Connection->execute('SELECT `enrollm...')
#2 C:\xampp\htdocs\ITE311-CASTILLO\system\Database\BaseConnection.php(646): CodeIgniter\Database\BaseConnection->simpleQuery('SELECT `enrollm...')
#3 C:\xampp\htdocs\ITE311-CASTILLO\system\Database\BaseBuilder.php(1649): CodeIgniter\Database\BaseConnection->query('SELECT `enrollm...', Array, false)
#4 C:\xampp\htdocs\ITE311-CASTILLO\system\Model.php(286): CodeIgniter\Database\BaseBuilder->get()
#5 C:\xampp\htdocs\ITE311-CASTILLO\system\BaseModel.php(677): CodeIgniter\Model->doFindAll(0, 0)
#6 C:\xampp\htdocs\ITE311-CASTILLO\app\Models\EnrollmentModel.php(31): CodeIgniter\BaseModel->findAll()
#7 C:\xampp\htdocs\ITE311-CASTILLO\app\Controllers\Student\Enrollments.php(24): App\Models\EnrollmentModel->getUserEnrollments(11)
#8 C:\xampp\htdocs\ITE311-CASTILLO\system\CodeIgniter.php(933): App\Controllers\Student\Enrollments->index()
#9 C:\xampp\htdocs\ITE311-CASTILLO\system\CodeIgniter.php(507): CodeIgniter\CodeIgniter->runController(Object(App\Controllers\Student\Enrollments))
#10 C:\xampp\htdocs\ITE311-CASTILLO\system\CodeIgniter.php(354): CodeIgniter\CodeIgniter->handleRequest(NULL, Object(Config\Cache), false)
#11 C:\xampp\htdocs\ITE311-CASTILLO\system\Boot.php(363): CodeIgniter\CodeIgniter->run()
#12 C:\xampp\htdocs\ITE311-CASTILLO\system\Boot.php(68): CodeIgniter\Boot::runCodeIgniter(Object(CodeIgniter\CodeIgniter))
#13 C:\xampp\htdocs\ITE311-CASTILLO\public\index.php(59): CodeIgniter\Boot::bootWeb(Object(Config\Paths))
#14 C:\xampp\htdocs\ITE311-CASTILLO\system\rewrite.php(44): require_once('C:\\xampp\\htdocs...')
#15 {main}
CRITICAL - 2025-10-10 12:44:15 --> CodeIgniter\Database\Exceptions\DatabaseException: Unknown column 'enrollments.enrollment_date' in 'field list'
[Method: GET, Route: student/enrollments]
in SYSTEMPATH\Database\BaseConnection.php on line 684.
 1 SYSTEMPATH\Database\BaseBuilder.php(1649): CodeIgniter\Database\BaseConnection->query('SELECT `enrollments`.*, `courses`.`id` as `id`, `courses`.`title`, `courses`.`description`, `enrollments`.`enrollment_date`
FROM `enrollments`
INNER JOIN `courses` ON `courses`.`id` = `enrollments`.`course_id`
WHERE `enrollments`.`user_id` = :enrollments.user_id:
ORDER BY `enrollment_date` DESC', [...], false)
 2 SYSTEMPATH\Model.php(286): CodeIgniter\Database\BaseBuilder->get()
 3 SYSTEMPATH\BaseModel.php(677): CodeIgniter\Model->doFindAll(0, 0)
 4 APPPATH\Models\EnrollmentModel.php(31): CodeIgniter\BaseModel->findAll()
 5 APPPATH\Controllers\Student\Enrollments.php(24): App\Models\EnrollmentModel->getUserEnrollments(11)
 6 SYSTEMPATH\CodeIgniter.php(933): App\Controllers\Student\Enrollments->index()
 7 SYSTEMPATH\CodeIgniter.php(507): CodeIgniter\CodeIgniter->runController(Object(App\Controllers\Student\Enrollments))
 8 SYSTEMPATH\CodeIgniter.php(354): CodeIgniter\CodeIgniter->handleRequest(null, Object(Config\Cache), false)
 9 SYSTEMPATH\Boot.php(363): CodeIgniter\CodeIgniter->run()
10 SYSTEMPATH\Boot.php(68): CodeIgniter\Boot::runCodeIgniter(Object(CodeIgniter\CodeIgniter))
11 FCPATH\index.php(59): CodeIgniter\Boot::bootWeb(Object(Config\Paths))
12 SYSTEMPATH\rewrite.php(44): require_once('C:\\xampp\\htdocs\\ITE311-CASTILLO\\public\\index.php')
CRITICAL - 2025-10-10 12:44:15 --> [Caused by] CodeIgniter\Database\Exceptions\DatabaseException: Unknown column 'enrollments.enrollment_date' in 'field list'
in SYSTEMPATH\Database\MySQLi\Connection.php on line 332.
 1 SYSTEMPATH\Database\BaseConnection.php(729): CodeIgniter\Database\MySQLi\Connection->execute('SELECT `enrollments`.*, `courses`.`id` as `id`, `courses`.`title`, `courses`.`description`, `enrollments`.`enrollment_date`
FROM `enrollments`
INNER JOIN `courses` ON `courses`.`id` = `enrollments`.`course_id`
WHERE `enrollments`.`user_id` = 11
ORDER BY `enrollment_date` DESC')
 2 SYSTEMPATH\Database\BaseConnection.php(646): CodeIgniter\Database\BaseConnection->simpleQuery('SELECT `enrollments`.*, `courses`.`id` as `id`, `courses`.`title`, `courses`.`description`, `enrollments`.`enrollment_date`
FROM `enrollments`
INNER JOIN `courses` ON `courses`.`id` = `enrollments`.`course_id`
WHERE `enrollments`.`user_id` = 11
ORDER BY `enrollment_date` DESC')
 3 SYSTEMPATH\Database\BaseBuilder.php(1649): CodeIgniter\Database\BaseConnection->query('SELECT `enrollments`.*, `courses`.`id` as `id`, `courses`.`title`, `courses`.`description`, `enrollments`.`enrollment_date`
FROM `enrollments`
INNER JOIN `courses` ON `courses`.`id` = `enrollments`.`course_id`
WHERE `enrollments`.`user_id` = :enrollments.user_id:
ORDER BY `enrollment_date` DESC', [...], false)
 4 SYSTEMPATH\Model.php(286): CodeIgniter\Database\BaseBuilder->get()
 5 SYSTEMPATH\BaseModel.php(677): CodeIgniter\Model->doFindAll(0, 0)
 6 APPPATH\Models\EnrollmentModel.php(31): CodeIgniter\BaseModel->findAll()
 7 APPPATH\Controllers\Student\Enrollments.php(24): App\Models\EnrollmentModel->getUserEnrollments(11)
 8 SYSTEMPATH\CodeIgniter.php(933): App\Controllers\Student\Enrollments->index()
 9 SYSTEMPATH\CodeIgniter.php(507): CodeIgniter\CodeIgniter->runController(Object(App\Controllers\Student\Enrollments))
10 SYSTEMPATH\CodeIgniter.php(354): CodeIgniter\CodeIgniter->handleRequest(null, Object(Config\Cache), false)
11 SYSTEMPATH\Boot.php(363): CodeIgniter\CodeIgniter->run()
12 SYSTEMPATH\Boot.php(68): CodeIgniter\Boot::runCodeIgniter(Object(CodeIgniter\CodeIgniter))
13 FCPATH\index.php(59): CodeIgniter\Boot::bootWeb(Object(Config\Paths))
14 SYSTEMPATH\rewrite.php(44): require_once('C:\\xampp\\htdocs\\ITE311-CASTILLO\\public\\index.php')
CRITICAL - 2025-10-10 12:44:15 --> [Caused by] mysqli_sql_exception: Unknown column 'enrollments.enrollment_date' in 'field list'
in SYSTEMPATH\Database\MySQLi\Connection.php on line 327.
 1 SYSTEMPATH\Database\MySQLi\Connection.php(327): mysqli->query('SELECT `enrollments`.*, `courses`.`id` as `id`, `courses`.`title`, `courses`.`description`, `enrollments`.`enrollment_date`
FROM `enrollments`
INNER JOIN `courses` ON `courses`.`id` = `enrollments`.`course_id`
WHERE `enrollments`.`user_id` = 11
ORDER BY `enrollment_date` DESC', 0)
 2 SYSTEMPATH\Database\BaseConnection.php(729): CodeIgniter\Database\MySQLi\Connection->execute('SELECT `enrollments`.*, `courses`.`id` as `id`, `courses`.`title`, `courses`.`description`, `enrollments`.`enrollment_date`
FROM `enrollments`
INNER JOIN `courses` ON `courses`.`id` = `enrollments`.`course_id`
WHERE `enrollments`.`user_id` = 11
ORDER BY `enrollment_date` DESC')
 3 SYSTEMPATH\Database\BaseConnection.php(646): CodeIgniter\Database\BaseConnection->simpleQuery('SELECT `enrollments`.*, `courses`.`id` as `id`, `courses`.`title`, `courses`.`description`, `enrollments`.`enrollment_date`
FROM `enrollments`
INNER JOIN `courses` ON `courses`.`id` = `enrollments`.`course_id`
WHERE `enrollments`.`user_id` = 11
ORDER BY `enrollment_date` DESC')
 4 SYSTEMPATH\Database\BaseBuilder.php(1649): CodeIgniter\Database\BaseConnection->query('SELECT `enrollments`.*, `courses`.`id` as `id`, `courses`.`title`, `courses`.`description`, `enrollments`.`enrollment_date`
FROM `enrollments`
INNER JOIN `courses` ON `courses`.`id` = `enrollments`.`course_id`
WHERE `enrollments`.`user_id` = :enrollments.user_id:
ORDER BY `enrollment_date` DESC', [...], false)
 5 SYSTEMPATH\Model.php(286): CodeIgniter\Database\BaseBuilder->get()
 6 SYSTEMPATH\BaseModel.php(677): CodeIgniter\Model->doFindAll(0, 0)
 7 APPPATH\Models\EnrollmentModel.php(31): CodeIgniter\BaseModel->findAll()
 8 APPPATH\Controllers\Student\Enrollments.php(24): App\Models\EnrollmentModel->getUserEnrollments(11)
 9 SYSTEMPATH\CodeIgniter.php(933): App\Controllers\Student\Enrollments->index()
10 SYSTEMPATH\CodeIgniter.php(507): CodeIgniter\CodeIgniter->runController(Object(App\Controllers\Student\Enrollments))
11 SYSTEMPATH\CodeIgniter.php(354): CodeIgniter\CodeIgniter->handleRequest(null, Object(Config\Cache), false)
12 SYSTEMPATH\Boot.php(363): CodeIgniter\CodeIgniter->run()
13 SYSTEMPATH\Boot.php(68): CodeIgniter\Boot::runCodeIgniter(Object(CodeIgniter\CodeIgniter))
14 FCPATH\index.php(59): CodeIgniter\Boot::bootWeb(Object(Config\Paths))
15 SYSTEMPATH\rewrite.php(44): require_once('C:\\xampp\\htdocs\\ITE311-CASTILLO\\public\\index.php')
ERROR - 2025-10-10 12:44:47 --> mysqli_sql_exception: Unknown column 'enrollments.enrollment_date' in 'field list' in C:\xampp\htdocs\ITE311-CASTILLO\system\Database\MySQLi\Connection.php:327
Stack trace:
#0 C:\xampp\htdocs\ITE311-CASTILLO\system\Database\MySQLi\Connection.php(327): mysqli->query('SELECT `enrollm...', 0)
#1 C:\xampp\htdocs\ITE311-CASTILLO\system\Database\BaseConnection.php(729): CodeIgniter\Database\MySQLi\Connection->execute('SELECT `enrollm...')
#2 C:\xampp\htdocs\ITE311-CASTILLO\system\Database\BaseConnection.php(646): CodeIgniter\Database\BaseConnection->simpleQuery('SELECT `enrollm...')
#3 C:\xampp\htdocs\ITE311-CASTILLO\system\Database\BaseBuilder.php(1649): CodeIgniter\Database\BaseConnection->query('SELECT `enrollm...', Array, false)
#4 C:\xampp\htdocs\ITE311-CASTILLO\system\Model.php(286): CodeIgniter\Database\BaseBuilder->get()
#5 C:\xampp\htdocs\ITE311-CASTILLO\system\BaseModel.php(677): CodeIgniter\Model->doFindAll(0, 0)
#6 C:\xampp\htdocs\ITE311-CASTILLO\app\Models\EnrollmentModel.php(31): CodeIgniter\BaseModel->findAll()
#7 C:\xampp\htdocs\ITE311-CASTILLO\app\Controllers\Student\Enrollments.php(24): App\Models\EnrollmentModel->getUserEnrollments(11)
#8 C:\xampp\htdocs\ITE311-CASTILLO\system\CodeIgniter.php(933): App\Controllers\Student\Enrollments->index()
#9 C:\xampp\htdocs\ITE311-CASTILLO\system\CodeIgniter.php(507): CodeIgniter\CodeIgniter->runController(Object(App\Controllers\Student\Enrollments))
#10 C:\xampp\htdocs\ITE311-CASTILLO\system\CodeIgniter.php(354): CodeIgniter\CodeIgniter->handleRequest(NULL, Object(Config\Cache), false)
#11 C:\xampp\htdocs\ITE311-CASTILLO\system\Boot.php(363): CodeIgniter\CodeIgniter->run()
#12 C:\xampp\htdocs\ITE311-CASTILLO\system\Boot.php(68): CodeIgniter\Boot::runCodeIgniter(Object(CodeIgniter\CodeIgniter))
#13 C:\xampp\htdocs\ITE311-CASTILLO\public\index.php(59): CodeIgniter\Boot::bootWeb(Object(Config\Paths))
#14 C:\xampp\htdocs\ITE311-CASTILLO\system\rewrite.php(44): require_once('C:\\xampp\\htdocs...')
#15 {main}
CRITICAL - 2025-10-10 12:44:47 --> CodeIgniter\Database\Exceptions\DatabaseException: Unknown column 'enrollments.enrollment_date' in 'field list'
[Method: GET, Route: student/enrollments]
in SYSTEMPATH\Database\BaseConnection.php on line 684.
 1 SYSTEMPATH\Database\BaseBuilder.php(1649): CodeIgniter\Database\BaseConnection->query('SELECT `enrollments`.*, `courses`.`id` as `id`, `courses`.`title`, `courses`.`description`, `enrollments`.`enrollment_date`
FROM `enrollments`
INNER JOIN `courses` ON `courses`.`id` = `enrollments`.`course_id`
WHERE `enrollments`.`user_id` = :enrollments.user_id:
ORDER BY `enrollment_date` DESC', [...], false)
 2 SYSTEMPATH\Model.php(286): CodeIgniter\Database\BaseBuilder->get()
 3 SYSTEMPATH\BaseModel.php(677): CodeIgniter\Model->doFindAll(0, 0)
 4 APPPATH\Models\EnrollmentModel.php(31): CodeIgniter\BaseModel->findAll()
 5 APPPATH\Controllers\Student\Enrollments.php(24): App\Models\EnrollmentModel->getUserEnrollments(11)
 6 SYSTEMPATH\CodeIgniter.php(933): App\Controllers\Student\Enrollments->index()
 7 SYSTEMPATH\CodeIgniter.php(507): CodeIgniter\CodeIgniter->runController(Object(App\Controllers\Student\Enrollments))
 8 SYSTEMPATH\CodeIgniter.php(354): CodeIgniter\CodeIgniter->handleRequest(null, Object(Config\Cache), false)
 9 SYSTEMPATH\Boot.php(363): CodeIgniter\CodeIgniter->run()
10 SYSTEMPATH\Boot.php(68): CodeIgniter\Boot::runCodeIgniter(Object(CodeIgniter\CodeIgniter))
11 FCPATH\index.php(59): CodeIgniter\Boot::bootWeb(Object(Config\Paths))
12 SYSTEMPATH\rewrite.php(44): require_once('C:\\xampp\\htdocs\\ITE311-CASTILLO\\public\\index.php')
CRITICAL - 2025-10-10 12:44:47 --> [Caused by] CodeIgniter\Database\Exceptions\DatabaseException: Unknown column 'enrollments.enrollment_date' in 'field list'
in SYSTEMPATH\Database\MySQLi\Connection.php on line 332.
 1 SYSTEMPATH\Database\BaseConnection.php(729): CodeIgniter\Database\MySQLi\Connection->execute('SELECT `enrollments`.*, `courses`.`id` as `id`, `courses`.`title`, `courses`.`description`, `enrollments`.`enrollment_date`
FROM `enrollments`
INNER JOIN `courses` ON `courses`.`id` = `enrollments`.`course_id`
WHERE `enrollments`.`user_id` = 11
ORDER BY `enrollment_date` DESC')
 2 SYSTEMPATH\Database\BaseConnection.php(646): CodeIgniter\Database\BaseConnection->simpleQuery('SELECT `enrollments`.*, `courses`.`id` as `id`, `courses`.`title`, `courses`.`description`, `enrollments`.`enrollment_date`
FROM `enrollments`
INNER JOIN `courses` ON `courses`.`id` = `enrollments`.`course_id`
WHERE `enrollments`.`user_id` = 11
ORDER BY `enrollment_date` DESC')
 3 SYSTEMPATH\Database\BaseBuilder.php(1649): CodeIgniter\Database\BaseConnection->query('SELECT `enrollments`.*, `courses`.`id` as `id`, `courses`.`title`, `courses`.`description`, `enrollments`.`enrollment_date`
FROM `enrollments`
INNER JOIN `courses` ON `courses`.`id` = `enrollments`.`course_id`
WHERE `enrollments`.`user_id` = :enrollments.user_id:
ORDER BY `enrollment_date` DESC', [...], false)
 4 SYSTEMPATH\Model.php(286): CodeIgniter\Database\BaseBuilder->get()
 5 SYSTEMPATH\BaseModel.php(677): CodeIgniter\Model->doFindAll(0, 0)
 6 APPPATH\Models\EnrollmentModel.php(31): CodeIgniter\BaseModel->findAll()
 7 APPPATH\Controllers\Student\Enrollments.php(24): App\Models\EnrollmentModel->getUserEnrollments(11)
 8 SYSTEMPATH\CodeIgniter.php(933): App\Controllers\Student\Enrollments->index()
 9 SYSTEMPATH\CodeIgniter.php(507): CodeIgniter\CodeIgniter->runController(Object(App\Controllers\Student\Enrollments))
10 SYSTEMPATH\CodeIgniter.php(354): CodeIgniter\CodeIgniter->handleRequest(null, Object(Config\Cache), false)
11 SYSTEMPATH\Boot.php(363): CodeIgniter\CodeIgniter->run()
12 SYSTEMPATH\Boot.php(68): CodeIgniter\Boot::runCodeIgniter(Object(CodeIgniter\CodeIgniter))
13 FCPATH\index.php(59): CodeIgniter\Boot::bootWeb(Object(Config\Paths))
14 SYSTEMPATH\rewrite.php(44): require_once('C:\\xampp\\htdocs\\ITE311-CASTILLO\\public\\index.php')
CRITICAL - 2025-10-10 12:44:47 --> [Caused by] mysqli_sql_exception: Unknown column 'enrollments.enrollment_date' in 'field list'
in SYSTEMPATH\Database\MySQLi\Connection.php on line 327.
 1 SYSTEMPATH\Database\MySQLi\Connection.php(327): mysqli->query('SELECT `enrollments`.*, `courses`.`id` as `id`, `courses`.`title`, `courses`.`description`, `enrollments`.`enrollment_date`
FROM `enrollments`
INNER JOIN `courses` ON `courses`.`id` = `enrollments`.`course_id`
WHERE `enrollments`.`user_id` = 11
ORDER BY `enrollment_date` DESC', 0)
 2 SYSTEMPATH\Database\BaseConnection.php(729): CodeIgniter\Database\MySQLi\Connection->execute('SELECT `enrollments`.*, `courses`.`id` as `id`, `courses`.`title`, `courses`.`description`, `enrollments`.`enrollment_date`
FROM `enrollments`
INNER JOIN `courses` ON `courses`.`id` = `enrollments`.`course_id`
WHERE `enrollments`.`user_id` = 11
ORDER BY `enrollment_date` DESC')
 3 SYSTEMPATH\Database\BaseConnection.php(646): CodeIgniter\Database\BaseConnection->simpleQuery('SELECT `enrollments`.*, `courses`.`id` as `id`, `courses`.`title`, `courses`.`description`, `enrollments`.`enrollment_date`
FROM `enrollments`
INNER JOIN `courses` ON `courses`.`id` = `enrollments`.`course_id`
WHERE `enrollments`.`user_id` = 11
ORDER BY `enrollment_date` DESC')
 4 SYSTEMPATH\Database\BaseBuilder.php(1649): CodeIgniter\Database\BaseConnection->query('SELECT `enrollments`.*, `courses`.`id` as `id`, `courses`.`title`, `courses`.`description`, `enrollments`.`enrollment_date`
FROM `enrollments`
INNER JOIN `courses` ON `courses`.`id` = `enrollments`.`course_id`
WHERE `enrollments`.`user_id` = :enrollments.user_id:
ORDER BY `enrollment_date` DESC', [...], false)
 5 SYSTEMPATH\Model.php(286): CodeIgniter\Database\BaseBuilder->get()
 6 SYSTEMPATH\BaseModel.php(677): CodeIgniter\Model->doFindAll(0, 0)
 7 APPPATH\Models\EnrollmentModel.php(31): CodeIgniter\BaseModel->findAll()
 8 APPPATH\Controllers\Student\Enrollments.php(24): App\Models\EnrollmentModel->getUserEnrollments(11)
 9 SYSTEMPATH\CodeIgniter.php(933): App\Controllers\Student\Enrollments->index()
10 SYSTEMPATH\CodeIgniter.php(507): CodeIgniter\CodeIgniter->runController(Object(App\Controllers\Student\Enrollments))
11 SYSTEMPATH\CodeIgniter.php(354): CodeIgniter\CodeIgniter->handleRequest(null, Object(Config\Cache), false)
12 SYSTEMPATH\Boot.php(363): CodeIgniter\CodeIgniter->run()
13 SYSTEMPATH\Boot.php(68): CodeIgniter\Boot::runCodeIgniter(Object(CodeIgniter\CodeIgniter))
14 FCPATH\index.php(59): CodeIgniter\Boot::bootWeb(Object(Config\Paths))
15 SYSTEMPATH\rewrite.php(44): require_once('C:\\xampp\\htdocs\\ITE311-CASTILLO\\public\\index.php')
ERROR - 2025-10-10 12:44:49 --> mysqli_sql_exception: Unknown column 'enrollments.enrollment_date' in 'field list' in C:\xampp\htdocs\ITE311-CASTILLO\system\Database\MySQLi\Connection.php:327
Stack trace:
#0 C:\xampp\htdocs\ITE311-CASTILLO\system\Database\MySQLi\Connection.php(327): mysqli->query('SELECT `enrollm...', 0)
#1 C:\xampp\htdocs\ITE311-CASTILLO\system\Database\BaseConnection.php(729): CodeIgniter\Database\MySQLi\Connection->execute('SELECT `enrollm...')
#2 C:\xampp\htdocs\ITE311-CASTILLO\system\Database\BaseConnection.php(646): CodeIgniter\Database\BaseConnection->simpleQuery('SELECT `enrollm...')
#3 C:\xampp\htdocs\ITE311-CASTILLO\system\Database\BaseBuilder.php(1649): CodeIgniter\Database\BaseConnection->query('SELECT `enrollm...', Array, false)
#4 C:\xampp\htdocs\ITE311-CASTILLO\system\Model.php(286): CodeIgniter\Database\BaseBuilder->get()
#5 C:\xampp\htdocs\ITE311-CASTILLO\system\BaseModel.php(677): CodeIgniter\Model->doFindAll(0, 0)
#6 C:\xampp\htdocs\ITE311-CASTILLO\app\Models\EnrollmentModel.php(31): CodeIgniter\BaseModel->findAll()
#7 C:\xampp\htdocs\ITE311-CASTILLO\app\Controllers\Student\Enrollments.php(24): App\Models\EnrollmentModel->getUserEnrollments(11)
#8 C:\xampp\htdocs\ITE311-CASTILLO\system\CodeIgniter.php(933): App\Controllers\Student\Enrollments->index()
#9 C:\xampp\htdocs\ITE311-CASTILLO\system\CodeIgniter.php(507): CodeIgniter\CodeIgniter->runController(Object(App\Controllers\Student\Enrollments))
#10 C:\xampp\htdocs\ITE311-CASTILLO\system\CodeIgniter.php(354): CodeIgniter\CodeIgniter->handleRequest(NULL, Object(Config\Cache), false)
#11 C:\xampp\htdocs\ITE311-CASTILLO\system\Boot.php(363): CodeIgniter\CodeIgniter->run()
#12 C:\xampp\htdocs\ITE311-CASTILLO\system\Boot.php(68): CodeIgniter\Boot::runCodeIgniter(Object(CodeIgniter\CodeIgniter))
#13 C:\xampp\htdocs\ITE311-CASTILLO\public\index.php(59): CodeIgniter\Boot::bootWeb(Object(Config\Paths))
#14 C:\xampp\htdocs\ITE311-CASTILLO\system\rewrite.php(44): require_once('C:\\xampp\\htdocs...')
#15 {main}
CRITICAL - 2025-10-10 12:44:49 --> CodeIgniter\Database\Exceptions\DatabaseException: Unknown column 'enrollments.enrollment_date' in 'field list'
[Method: GET, Route: student/enrollments]
in SYSTEMPATH\Database\BaseConnection.php on line 684.
 1 SYSTEMPATH\Database\BaseBuilder.php(1649): CodeIgniter\Database\BaseConnection->query('SELECT `enrollments`.*, `courses`.`id` as `id`, `courses`.`title`, `courses`.`description`, `enrollments`.`enrollment_date`
FROM `enrollments`
INNER JOIN `courses` ON `courses`.`id` = `enrollments`.`course_id`
WHERE `enrollments`.`user_id` = :enrollments.user_id:
ORDER BY `enrollment_date` DESC', [...], false)
 2 SYSTEMPATH\Model.php(286): CodeIgniter\Database\BaseBuilder->get()
 3 SYSTEMPATH\BaseModel.php(677): CodeIgniter\Model->doFindAll(0, 0)
 4 APPPATH\Models\EnrollmentModel.php(31): CodeIgniter\BaseModel->findAll()
 5 APPPATH\Controllers\Student\Enrollments.php(24): App\Models\EnrollmentModel->getUserEnrollments(11)
 6 SYSTEMPATH\CodeIgniter.php(933): App\Controllers\Student\Enrollments->index()
 7 SYSTEMPATH\CodeIgniter.php(507): CodeIgniter\CodeIgniter->runController(Object(App\Controllers\Student\Enrollments))
 8 SYSTEMPATH\CodeIgniter.php(354): CodeIgniter\CodeIgniter->handleRequest(null, Object(Config\Cache), false)
 9 SYSTEMPATH\Boot.php(363): CodeIgniter\CodeIgniter->run()
10 SYSTEMPATH\Boot.php(68): CodeIgniter\Boot::runCodeIgniter(Object(CodeIgniter\CodeIgniter))
11 FCPATH\index.php(59): CodeIgniter\Boot::bootWeb(Object(Config\Paths))
12 SYSTEMPATH\rewrite.php(44): require_once('C:\\xampp\\htdocs\\ITE311-CASTILLO\\public\\index.php')
CRITICAL - 2025-10-10 12:44:49 --> [Caused by] CodeIgniter\Database\Exceptions\DatabaseException: Unknown column 'enrollments.enrollment_date' in 'field list'
in SYSTEMPATH\Database\MySQLi\Connection.php on line 332.
 1 SYSTEMPATH\Database\BaseConnection.php(729): CodeIgniter\Database\MySQLi\Connection->execute('SELECT `enrollments`.*, `courses`.`id` as `id`, `courses`.`title`, `courses`.`description`, `enrollments`.`enrollment_date`
FROM `enrollments`
INNER JOIN `courses` ON `courses`.`id` = `enrollments`.`course_id`
WHERE `enrollments`.`user_id` = 11
ORDER BY `enrollment_date` DESC')
 2 SYSTEMPATH\Database\BaseConnection.php(646): CodeIgniter\Database\BaseConnection->simpleQuery('SELECT `enrollments`.*, `courses`.`id` as `id`, `courses`.`title`, `courses`.`description`, `enrollments`.`enrollment_date`
FROM `enrollments`
INNER JOIN `courses` ON `courses`.`id` = `enrollments`.`course_id`
WHERE `enrollments`.`user_id` = 11
ORDER BY `enrollment_date` DESC')
 3 SYSTEMPATH\Database\BaseBuilder.php(1649): CodeIgniter\Database\BaseConnection->query('SELECT `enrollments`.*, `courses`.`id` as `id`, `courses`.`title`, `courses`.`description`, `enrollments`.`enrollment_date`
FROM `enrollments`
INNER JOIN `courses` ON `courses`.`id` = `enrollments`.`course_id`
WHERE `enrollments`.`user_id` = :enrollments.user_id:
ORDER BY `enrollment_date` DESC', [...], false)
 4 SYSTEMPATH\Model.php(286): CodeIgniter\Database\BaseBuilder->get()
 5 SYSTEMPATH\BaseModel.php(677): CodeIgniter\Model->doFindAll(0, 0)
 6 APPPATH\Models\EnrollmentModel.php(31): CodeIgniter\BaseModel->findAll()
 7 APPPATH\Controllers\Student\Enrollments.php(24): App\Models\EnrollmentModel->getUserEnrollments(11)
 8 SYSTEMPATH\CodeIgniter.php(933): App\Controllers\Student\Enrollments->index()
 9 SYSTEMPATH\CodeIgniter.php(507): CodeIgniter\CodeIgniter->runController(Object(App\Controllers\Student\Enrollments))
10 SYSTEMPATH\CodeIgniter.php(354): CodeIgniter\CodeIgniter->handleRequest(null, Object(Config\Cache), false)
11 SYSTEMPATH\Boot.php(363): CodeIgniter\CodeIgniter->run()
12 SYSTEMPATH\Boot.php(68): CodeIgniter\Boot::runCodeIgniter(Object(CodeIgniter\CodeIgniter))
13 FCPATH\index.php(59): CodeIgniter\Boot::bootWeb(Object(Config\Paths))
14 SYSTEMPATH\rewrite.php(44): require_once('C:\\xampp\\htdocs\\ITE311-CASTILLO\\public\\index.php')
CRITICAL - 2025-10-10 12:44:49 --> [Caused by] mysqli_sql_exception: Unknown column 'enrollments.enrollment_date' in 'field list'
in SYSTEMPATH\Database\MySQLi\Connection.php on line 327.
 1 SYSTEMPATH\Database\MySQLi\Connection.php(327): mysqli->query('SELECT `enrollments`.*, `courses`.`id` as `id`, `courses`.`title`, `courses`.`description`, `enrollments`.`enrollment_date`
FROM `enrollments`
INNER JOIN `courses` ON `courses`.`id` = `enrollments`.`course_id`
WHERE `enrollments`.`user_id` = 11
ORDER BY `enrollment_date` DESC', 0)
 2 SYSTEMPATH\Database\BaseConnection.php(729): CodeIgniter\Database\MySQLi\Connection->execute('SELECT `enrollments`.*, `courses`.`id` as `id`, `courses`.`title`, `courses`.`description`, `enrollments`.`enrollment_date`
FROM `enrollments`
INNER JOIN `courses` ON `courses`.`id` = `enrollments`.`course_id`
WHERE `enrollments`.`user_id` = 11
ORDER BY `enrollment_date` DESC')
 3 SYSTEMPATH\Database\BaseConnection.php(646): CodeIgniter\Database\BaseConnection->simpleQuery('SELECT `enrollments`.*, `courses`.`id` as `id`, `courses`.`title`, `courses`.`description`, `enrollments`.`enrollment_date`
FROM `enrollments`
INNER JOIN `courses` ON `courses`.`id` = `enrollments`.`course_id`
WHERE `enrollments`.`user_id` = 11
ORDER BY `enrollment_date` DESC')
 4 SYSTEMPATH\Database\BaseBuilder.php(1649): CodeIgniter\Database\BaseConnection->query('SELECT `enrollments`.*, `courses`.`id` as `id`, `courses`.`title`, `courses`.`description`, `enrollments`.`enrollment_date`
FROM `enrollments`
INNER JOIN `courses` ON `courses`.`id` = `enrollments`.`course_id`
WHERE `enrollments`.`user_id` = :enrollments.user_id:
ORDER BY `enrollment_date` DESC', [...], false)
 5 SYSTEMPATH\Model.php(286): CodeIgniter\Database\BaseBuilder->get()
 6 SYSTEMPATH\BaseModel.php(677): CodeIgniter\Model->doFindAll(0, 0)
 7 APPPATH\Models\EnrollmentModel.php(31): CodeIgniter\BaseModel->findAll()
 8 APPPATH\Controllers\Student\Enrollments.php(24): App\Models\EnrollmentModel->getUserEnrollments(11)
 9 SYSTEMPATH\CodeIgniter.php(933): App\Controllers\Student\Enrollments->index()
10 SYSTEMPATH\CodeIgniter.php(507): CodeIgniter\CodeIgniter->runController(Object(App\Controllers\Student\Enrollments))
11 SYSTEMPATH\CodeIgniter.php(354): CodeIgniter\CodeIgniter->handleRequest(null, Object(Config\Cache), false)
12 SYSTEMPATH\Boot.php(363): CodeIgniter\CodeIgniter->run()
13 SYSTEMPATH\Boot.php(68): CodeIgniter\Boot::runCodeIgniter(Object(CodeIgniter\CodeIgniter))
14 FCPATH\index.php(59): CodeIgniter\Boot::bootWeb(Object(Config\Paths))
15 SYSTEMPATH\rewrite.php(44): require_once('C:\\xampp\\htdocs\\ITE311-CASTILLO\\public\\index.php')
ERROR - 2025-10-10 12:46:45 --> mysqli_sql_exception: Unknown column 'enrollments.enrollment_date' in 'field list' in C:\xampp\htdocs\ITE311-CASTILLO\system\Database\MySQLi\Connection.php:327
Stack trace:
#0 C:\xampp\htdocs\ITE311-CASTILLO\system\Database\MySQLi\Connection.php(327): mysqli->query('SELECT `enrollm...', 0)
#1 C:\xampp\htdocs\ITE311-CASTILLO\system\Database\BaseConnection.php(729): CodeIgniter\Database\MySQLi\Connection->execute('SELECT `enrollm...')
#2 C:\xampp\htdocs\ITE311-CASTILLO\system\Database\BaseConnection.php(646): CodeIgniter\Database\BaseConnection->simpleQuery('SELECT `enrollm...')
#3 C:\xampp\htdocs\ITE311-CASTILLO\system\Database\BaseBuilder.php(1649): CodeIgniter\Database\BaseConnection->query('SELECT `enrollm...', Array, false)
#4 C:\xampp\htdocs\ITE311-CASTILLO\system\Model.php(286): CodeIgniter\Database\BaseBuilder->get()
#5 C:\xampp\htdocs\ITE311-CASTILLO\system\BaseModel.php(677): CodeIgniter\Model->doFindAll(0, 0)
#6 C:\xampp\htdocs\ITE311-CASTILLO\app\Models\EnrollmentModel.php(31): CodeIgniter\BaseModel->findAll()
#7 C:\xampp\htdocs\ITE311-CASTILLO\app\Controllers\Student\Enrollments.php(24): App\Models\EnrollmentModel->getUserEnrollments(11)
#8 C:\xampp\htdocs\ITE311-CASTILLO\system\CodeIgniter.php(933): App\Controllers\Student\Enrollments->index()
#9 C:\xampp\htdocs\ITE311-CASTILLO\system\CodeIgniter.php(507): CodeIgniter\CodeIgniter->runController(Object(App\Controllers\Student\Enrollments))
#10 C:\xampp\htdocs\ITE311-CASTILLO\system\CodeIgniter.php(354): CodeIgniter\CodeIgniter->handleRequest(NULL, Object(Config\Cache), false)
#11 C:\xampp\htdocs\ITE311-CASTILLO\system\Boot.php(363): CodeIgniter\CodeIgniter->run()
#12 C:\xampp\htdocs\ITE311-CASTILLO\system\Boot.php(68): CodeIgniter\Boot::runCodeIgniter(Object(CodeIgniter\CodeIgniter))
#13 C:\xampp\htdocs\ITE311-CASTILLO\public\index.php(59): CodeIgniter\Boot::bootWeb(Object(Config\Paths))
#14 C:\xampp\htdocs\ITE311-CASTILLO\system\rewrite.php(44): require_once('C:\\xampp\\htdocs...')
#15 {main}
CRITICAL - 2025-10-10 12:46:45 --> CodeIgniter\Database\Exceptions\DatabaseException: Unknown column 'enrollments.enrollment_date' in 'field list'
[Method: GET, Route: student/enrollments]
in SYSTEMPATH\Database\BaseConnection.php on line 684.
 1 SYSTEMPATH\Database\BaseBuilder.php(1649): CodeIgniter\Database\BaseConnection->query('SELECT `enrollments`.*, `courses`.`id` as `id`, `courses`.`title`, `courses`.`description`, `enrollments`.`enrollment_date`
FROM `enrollments`
INNER JOIN `courses` ON `courses`.`id` = `enrollments`.`course_id`
WHERE `enrollments`.`user_id` = :enrollments.user_id:
ORDER BY `enrollment_date` DESC', [...], false)
 2 SYSTEMPATH\Model.php(286): CodeIgniter\Database\BaseBuilder->get()
 3 SYSTEMPATH\BaseModel.php(677): CodeIgniter\Model->doFindAll(0, 0)
 4 APPPATH\Models\EnrollmentModel.php(31): CodeIgniter\BaseModel->findAll()
 5 APPPATH\Controllers\Student\Enrollments.php(24): App\Models\EnrollmentModel->getUserEnrollments(11)
 6 SYSTEMPATH\CodeIgniter.php(933): App\Controllers\Student\Enrollments->index()
 7 SYSTEMPATH\CodeIgniter.php(507): CodeIgniter\CodeIgniter->runController(Object(App\Controllers\Student\Enrollments))
 8 SYSTEMPATH\CodeIgniter.php(354): CodeIgniter\CodeIgniter->handleRequest(null, Object(Config\Cache), false)
 9 SYSTEMPATH\Boot.php(363): CodeIgniter\CodeIgniter->run()
10 SYSTEMPATH\Boot.php(68): CodeIgniter\Boot::runCodeIgniter(Object(CodeIgniter\CodeIgniter))
11 FCPATH\index.php(59): CodeIgniter\Boot::bootWeb(Object(Config\Paths))
12 SYSTEMPATH\rewrite.php(44): require_once('C:\\xampp\\htdocs\\ITE311-CASTILLO\\public\\index.php')
CRITICAL - 2025-10-10 12:46:45 --> [Caused by] CodeIgniter\Database\Exceptions\DatabaseException: Unknown column 'enrollments.enrollment_date' in 'field list'
in SYSTEMPATH\Database\MySQLi\Connection.php on line 332.
 1 SYSTEMPATH\Database\BaseConnection.php(729): CodeIgniter\Database\MySQLi\Connection->execute('SELECT `enrollments`.*, `courses`.`id` as `id`, `courses`.`title`, `courses`.`description`, `enrollments`.`enrollment_date`
FROM `enrollments`
INNER JOIN `courses` ON `courses`.`id` = `enrollments`.`course_id`
WHERE `enrollments`.`user_id` = 11
ORDER BY `enrollment_date` DESC')
 2 SYSTEMPATH\Database\BaseConnection.php(646): CodeIgniter\Database\BaseConnection->simpleQuery('SELECT `enrollments`.*, `courses`.`id` as `id`, `courses`.`title`, `courses`.`description`, `enrollments`.`enrollment_date`
FROM `enrollments`
INNER JOIN `courses` ON `courses`.`id` = `enrollments`.`course_id`
WHERE `enrollments`.`user_id` = 11
ORDER BY `enrollment_date` DESC')
 3 SYSTEMPATH\Database\BaseBuilder.php(1649): CodeIgniter\Database\BaseConnection->query('SELECT `enrollments`.*, `courses`.`id` as `id`, `courses`.`title`, `courses`.`description`, `enrollments`.`enrollment_date`
FROM `enrollments`
INNER JOIN `courses` ON `courses`.`id` = `enrollments`.`course_id`
WHERE `enrollments`.`user_id` = :enrollments.user_id:
ORDER BY `enrollment_date` DESC', [...], false)
 4 SYSTEMPATH\Model.php(286): CodeIgniter\Database\BaseBuilder->get()
 5 SYSTEMPATH\BaseModel.php(677): CodeIgniter\Model->doFindAll(0, 0)
 6 APPPATH\Models\EnrollmentModel.php(31): CodeIgniter\BaseModel->findAll()
 7 APPPATH\Controllers\Student\Enrollments.php(24): App\Models\EnrollmentModel->getUserEnrollments(11)
 8 SYSTEMPATH\CodeIgniter.php(933): App\Controllers\Student\Enrollments->index()
 9 SYSTEMPATH\CodeIgniter.php(507): CodeIgniter\CodeIgniter->runController(Object(App\Controllers\Student\Enrollments))
10 SYSTEMPATH\CodeIgniter.php(354): CodeIgniter\CodeIgniter->handleRequest(null, Object(Config\Cache), false)
11 SYSTEMPATH\Boot.php(363): CodeIgniter\CodeIgniter->run()
12 SYSTEMPATH\Boot.php(68): CodeIgniter\Boot::runCodeIgniter(Object(CodeIgniter\CodeIgniter))
13 FCPATH\index.php(59): CodeIgniter\Boot::bootWeb(Object(Config\Paths))
14 SYSTEMPATH\rewrite.php(44): require_once('C:\\xampp\\htdocs\\ITE311-CASTILLO\\public\\index.php')
CRITICAL - 2025-10-10 12:46:45 --> [Caused by] mysqli_sql_exception: Unknown column 'enrollments.enrollment_date' in 'field list'
in SYSTEMPATH\Database\MySQLi\Connection.php on line 327.
 1 SYSTEMPATH\Database\MySQLi\Connection.php(327): mysqli->query('SELECT `enrollments`.*, `courses`.`id` as `id`, `courses`.`title`, `courses`.`description`, `enrollments`.`enrollment_date`
FROM `enrollments`
INNER JOIN `courses` ON `courses`.`id` = `enrollments`.`course_id`
WHERE `enrollments`.`user_id` = 11
ORDER BY `enrollment_date` DESC', 0)
 2 SYSTEMPATH\Database\BaseConnection.php(729): CodeIgniter\Database\MySQLi\Connection->execute('SELECT `enrollments`.*, `courses`.`id` as `id`, `courses`.`title`, `courses`.`description`, `enrollments`.`enrollment_date`
FROM `enrollments`
INNER JOIN `courses` ON `courses`.`id` = `enrollments`.`course_id`
WHERE `enrollments`.`user_id` = 11
ORDER BY `enrollment_date` DESC')
 3 SYSTEMPATH\Database\BaseConnection.php(646): CodeIgniter\Database\BaseConnection->simpleQuery('SELECT `enrollments`.*, `courses`.`id` as `id`, `courses`.`title`, `courses`.`description`, `enrollments`.`enrollment_date`
FROM `enrollments`
INNER JOIN `courses` ON `courses`.`id` = `enrollments`.`course_id`
WHERE `enrollments`.`user_id` = 11
ORDER BY `enrollment_date` DESC')
 4 SYSTEMPATH\Database\BaseBuilder.php(1649): CodeIgniter\Database\BaseConnection->query('SELECT `enrollments`.*, `courses`.`id` as `id`, `courses`.`title`, `courses`.`description`, `enrollments`.`enrollment_date`
FROM `enrollments`
INNER JOIN `courses` ON `courses`.`id` = `enrollments`.`course_id`
WHERE `enrollments`.`user_id` = :enrollments.user_id:
ORDER BY `enrollment_date` DESC', [...], false)
 5 SYSTEMPATH\Model.php(286): CodeIgniter\Database\BaseBuilder->get()
 6 SYSTEMPATH\BaseModel.php(677): CodeIgniter\Model->doFindAll(0, 0)
 7 APPPATH\Models\EnrollmentModel.php(31): CodeIgniter\BaseModel->findAll()
 8 APPPATH\Controllers\Student\Enrollments.php(24): App\Models\EnrollmentModel->getUserEnrollments(11)
 9 SYSTEMPATH\CodeIgniter.php(933): App\Controllers\Student\Enrollments->index()
10 SYSTEMPATH\CodeIgniter.php(507): CodeIgniter\CodeIgniter->runController(Object(App\Controllers\Student\Enrollments))
11 SYSTEMPATH\CodeIgniter.php(354): CodeIgniter\CodeIgniter->handleRequest(null, Object(Config\Cache), false)
12 SYSTEMPATH\Boot.php(363): CodeIgniter\CodeIgniter->run()
13 SYSTEMPATH\Boot.php(68): CodeIgniter\Boot::runCodeIgniter(Object(CodeIgniter\CodeIgniter))
14 FCPATH\index.php(59): CodeIgniter\Boot::bootWeb(Object(Config\Paths))
15 SYSTEMPATH\rewrite.php(44): require_once('C:\\xampp\\htdocs\\ITE311-CASTILLO\\public\\index.php')
ERROR - 2025-10-10 12:48:15 --> mysqli_sql_exception: Unknown column 'enrollments.enrollment_date' in 'field list' in C:\xampp\htdocs\ITE311-CASTILLO\system\Database\MySQLi\Connection.php:327
Stack trace:
#0 C:\xampp\htdocs\ITE311-CASTILLO\system\Database\MySQLi\Connection.php(327): mysqli->query('SELECT `enrollm...', 0)
#1 C:\xampp\htdocs\ITE311-CASTILLO\system\Database\BaseConnection.php(729): CodeIgniter\Database\MySQLi\Connection->execute('SELECT `enrollm...')
#2 C:\xampp\htdocs\ITE311-CASTILLO\system\Database\BaseConnection.php(646): CodeIgniter\Database\BaseConnection->simpleQuery('SELECT `enrollm...')
#3 C:\xampp\htdocs\ITE311-CASTILLO\system\Database\BaseBuilder.php(1649): CodeIgniter\Database\BaseConnection->query('SELECT `enrollm...', Array, false)
#4 C:\xampp\htdocs\ITE311-CASTILLO\system\Model.php(286): CodeIgniter\Database\BaseBuilder->get()
#5 C:\xampp\htdocs\ITE311-CASTILLO\system\BaseModel.php(677): CodeIgniter\Model->doFindAll(0, 0)
#6 C:\xampp\htdocs\ITE311-CASTILLO\app\Models\EnrollmentModel.php(31): CodeIgniter\BaseModel->findAll()
#7 C:\xampp\htdocs\ITE311-CASTILLO\app\Controllers\Student\Enrollments.php(24): App\Models\EnrollmentModel->getUserEnrollments(11)
#8 C:\xampp\htdocs\ITE311-CASTILLO\system\CodeIgniter.php(933): App\Controllers\Student\Enrollments->index()
#9 C:\xampp\htdocs\ITE311-CASTILLO\system\CodeIgniter.php(507): CodeIgniter\CodeIgniter->runController(Object(App\Controllers\Student\Enrollments))
#10 C:\xampp\htdocs\ITE311-CASTILLO\system\CodeIgniter.php(354): CodeIgniter\CodeIgniter->handleRequest(NULL, Object(Config\Cache), false)
#11 C:\xampp\htdocs\ITE311-CASTILLO\system\Boot.php(363): CodeIgniter\CodeIgniter->run()
#12 C:\xampp\htdocs\ITE311-CASTILLO\system\Boot.php(68): CodeIgniter\Boot::runCodeIgniter(Object(CodeIgniter\CodeIgniter))
#13 C:\xampp\htdocs\ITE311-CASTILLO\public\index.php(59): CodeIgniter\Boot::bootWeb(Object(Config\Paths))
#14 C:\xampp\htdocs\ITE311-CASTILLO\system\rewrite.php(44): require_once('C:\\xampp\\htdocs...')
#15 {main}
CRITICAL - 2025-10-10 12:48:15 --> CodeIgniter\Database\Exceptions\DatabaseException: Unknown column 'enrollments.enrollment_date' in 'field list'
[Method: GET, Route: student/enrollments]
in SYSTEMPATH\Database\BaseConnection.php on line 684.
 1 SYSTEMPATH\Database\BaseBuilder.php(1649): CodeIgniter\Database\BaseConnection->query('SELECT `enrollments`.*, `courses`.`id` as `id`, `courses`.`title`, `courses`.`description`, `enrollments`.`enrollment_date`
FROM `enrollments`
INNER JOIN `courses` ON `courses`.`id` = `enrollments`.`course_id`
WHERE `enrollments`.`user_id` = :enrollments.user_id:
ORDER BY `enrollment_date` DESC', [...], false)
 2 SYSTEMPATH\Model.php(286): CodeIgniter\Database\BaseBuilder->get()
 3 SYSTEMPATH\BaseModel.php(677): CodeIgniter\Model->doFindAll(0, 0)
 4 APPPATH\Models\EnrollmentModel.php(31): CodeIgniter\BaseModel->findAll()
 5 APPPATH\Controllers\Student\Enrollments.php(24): App\Models\EnrollmentModel->getUserEnrollments(11)
 6 SYSTEMPATH\CodeIgniter.php(933): App\Controllers\Student\Enrollments->index()
 7 SYSTEMPATH\CodeIgniter.php(507): CodeIgniter\CodeIgniter->runController(Object(App\Controllers\Student\Enrollments))
 8 SYSTEMPATH\CodeIgniter.php(354): CodeIgniter\CodeIgniter->handleRequest(null, Object(Config\Cache), false)
 9 SYSTEMPATH\Boot.php(363): CodeIgniter\CodeIgniter->run()
10 SYSTEMPATH\Boot.php(68): CodeIgniter\Boot::runCodeIgniter(Object(CodeIgniter\CodeIgniter))
11 FCPATH\index.php(59): CodeIgniter\Boot::bootWeb(Object(Config\Paths))
12 SYSTEMPATH\rewrite.php(44): require_once('C:\\xampp\\htdocs\\ITE311-CASTILLO\\public\\index.php')
CRITICAL - 2025-10-10 12:48:15 --> [Caused by] CodeIgniter\Database\Exceptions\DatabaseException: Unknown column 'enrollments.enrollment_date' in 'field list'
in SYSTEMPATH\Database\MySQLi\Connection.php on line 332.
 1 SYSTEMPATH\Database\BaseConnection.php(729): CodeIgniter\Database\MySQLi\Connection->execute('SELECT `enrollments`.*, `courses`.`id` as `id`, `courses`.`title`, `courses`.`description`, `enrollments`.`enrollment_date`
FROM `enrollments`
INNER JOIN `courses` ON `courses`.`id` = `enrollments`.`course_id`
WHERE `enrollments`.`user_id` = 11
ORDER BY `enrollment_date` DESC')
 2 SYSTEMPATH\Database\BaseConnection.php(646): CodeIgniter\Database\BaseConnection->simpleQuery('SELECT `enrollments`.*, `courses`.`id` as `id`, `courses`.`title`, `courses`.`description`, `enrollments`.`enrollment_date`
FROM `enrollments`
INNER JOIN `courses` ON `courses`.`id` = `enrollments`.`course_id`
WHERE `enrollments`.`user_id` = 11
ORDER BY `enrollment_date` DESC')
 3 SYSTEMPATH\Database\BaseBuilder.php(1649): CodeIgniter\Database\BaseConnection->query('SELECT `enrollments`.*, `courses`.`id` as `id`, `courses`.`title`, `courses`.`description`, `enrollments`.`enrollment_date`
FROM `enrollments`
INNER JOIN `courses` ON `courses`.`id` = `enrollments`.`course_id`
WHERE `enrollments`.`user_id` = :enrollments.user_id:
ORDER BY `enrollment_date` DESC', [...], false)
 4 SYSTEMPATH\Model.php(286): CodeIgniter\Database\BaseBuilder->get()
 5 SYSTEMPATH\BaseModel.php(677): CodeIgniter\Model->doFindAll(0, 0)
 6 APPPATH\Models\EnrollmentModel.php(31): CodeIgniter\BaseModel->findAll()
 7 APPPATH\Controllers\Student\Enrollments.php(24): App\Models\EnrollmentModel->getUserEnrollments(11)
 8 SYSTEMPATH\CodeIgniter.php(933): App\Controllers\Student\Enrollments->index()
 9 SYSTEMPATH\CodeIgniter.php(507): CodeIgniter\CodeIgniter->runController(Object(App\Controllers\Student\Enrollments))
10 SYSTEMPATH\CodeIgniter.php(354): CodeIgniter\CodeIgniter->handleRequest(null, Object(Config\Cache), false)
11 SYSTEMPATH\Boot.php(363): CodeIgniter\CodeIgniter->run()
12 SYSTEMPATH\Boot.php(68): CodeIgniter\Boot::runCodeIgniter(Object(CodeIgniter\CodeIgniter))
13 FCPATH\index.php(59): CodeIgniter\Boot::bootWeb(Object(Config\Paths))
14 SYSTEMPATH\rewrite.php(44): require_once('C:\\xampp\\htdocs\\ITE311-CASTILLO\\public\\index.php')
CRITICAL - 2025-10-10 12:48:15 --> [Caused by] mysqli_sql_exception: Unknown column 'enrollments.enrollment_date' in 'field list'
in SYSTEMPATH\Database\MySQLi\Connection.php on line 327.
 1 SYSTEMPATH\Database\MySQLi\Connection.php(327): mysqli->query('SELECT `enrollments`.*, `courses`.`id` as `id`, `courses`.`title`, `courses`.`description`, `enrollments`.`enrollment_date`
FROM `enrollments`
INNER JOIN `courses` ON `courses`.`id` = `enrollments`.`course_id`
WHERE `enrollments`.`user_id` = 11
ORDER BY `enrollment_date` DESC', 0)
 2 SYSTEMPATH\Database\BaseConnection.php(729): CodeIgniter\Database\MySQLi\Connection->execute('SELECT `enrollments`.*, `courses`.`id` as `id`, `courses`.`title`, `courses`.`description`, `enrollments`.`enrollment_date`
FROM `enrollments`
INNER JOIN `courses` ON `courses`.`id` = `enrollments`.`course_id`
WHERE `enrollments`.`user_id` = 11
ORDER BY `enrollment_date` DESC')
 3 SYSTEMPATH\Database\BaseConnection.php(646): CodeIgniter\Database\BaseConnection->simpleQuery('SELECT `enrollments`.*, `courses`.`id` as `id`, `courses`.`title`, `courses`.`description`, `enrollments`.`enrollment_date`
FROM `enrollments`
INNER JOIN `courses` ON `courses`.`id` = `enrollments`.`course_id`
WHERE `enrollments`.`user_id` = 11
ORDER BY `enrollment_date` DESC')
 4 SYSTEMPATH\Database\BaseBuilder.php(1649): CodeIgniter\Database\BaseConnection->query('SELECT `enrollments`.*, `courses`.`id` as `id`, `courses`.`title`, `courses`.`description`, `enrollments`.`enrollment_date`
FROM `enrollments`
INNER JOIN `courses` ON `courses`.`id` = `enrollments`.`course_id`
WHERE `enrollments`.`user_id` = :enrollments.user_id:
ORDER BY `enrollment_date` DESC', [...], false)
 5 SYSTEMPATH\Model.php(286): CodeIgniter\Database\BaseBuilder->get()
 6 SYSTEMPATH\BaseModel.php(677): CodeIgniter\Model->doFindAll(0, 0)
 7 APPPATH\Models\EnrollmentModel.php(31): CodeIgniter\BaseModel->findAll()
 8 APPPATH\Controllers\Student\Enrollments.php(24): App\Models\EnrollmentModel->getUserEnrollments(11)
 9 SYSTEMPATH\CodeIgniter.php(933): App\Controllers\Student\Enrollments->index()
10 SYSTEMPATH\CodeIgniter.php(507): CodeIgniter\CodeIgniter->runController(Object(App\Controllers\Student\Enrollments))
11 SYSTEMPATH\CodeIgniter.php(354): CodeIgniter\CodeIgniter->handleRequest(null, Object(Config\Cache), false)
12 SYSTEMPATH\Boot.php(363): CodeIgniter\CodeIgniter->run()
13 SYSTEMPATH\Boot.php(68): CodeIgniter\Boot::runCodeIgniter(Object(CodeIgniter\CodeIgniter))
14 FCPATH\index.php(59): CodeIgniter\Boot::bootWeb(Object(Config\Paths))
15 SYSTEMPATH\rewrite.php(44): require_once('C:\\xampp\\htdocs\\ITE311-CASTILLO\\public\\index.php')
ERROR - 2025-10-10 12:49:15 --> mysqli_sql_exception: Unknown column 'enrollments.enrollment_date' in 'field list' in C:\xampp\htdocs\ITE311-CASTILLO\system\Database\MySQLi\Connection.php:327
Stack trace:
#0 C:\xampp\htdocs\ITE311-CASTILLO\system\Database\MySQLi\Connection.php(327): mysqli->query('SELECT `enrollm...', 0)
#1 C:\xampp\htdocs\ITE311-CASTILLO\system\Database\BaseConnection.php(729): CodeIgniter\Database\MySQLi\Connection->execute('SELECT `enrollm...')
#2 C:\xampp\htdocs\ITE311-CASTILLO\system\Database\BaseConnection.php(646): CodeIgniter\Database\BaseConnection->simpleQuery('SELECT `enrollm...')
#3 C:\xampp\htdocs\ITE311-CASTILLO\system\Database\BaseBuilder.php(1649): CodeIgniter\Database\BaseConnection->query('SELECT `enrollm...', Array, false)
#4 C:\xampp\htdocs\ITE311-CASTILLO\system\Model.php(286): CodeIgniter\Database\BaseBuilder->get()
#5 C:\xampp\htdocs\ITE311-CASTILLO\system\BaseModel.php(677): CodeIgniter\Model->doFindAll(0, 0)
#6 C:\xampp\htdocs\ITE311-CASTILLO\app\Models\EnrollmentModel.php(31): CodeIgniter\BaseModel->findAll()
#7 C:\xampp\htdocs\ITE311-CASTILLO\app\Controllers\Auth.php(146): App\Models\EnrollmentModel->getUserEnrollments(11)
#8 C:\xampp\htdocs\ITE311-CASTILLO\system\CodeIgniter.php(933): App\Controllers\Auth->dashboard()
#9 C:\xampp\htdocs\ITE311-CASTILLO\system\CodeIgniter.php(507): CodeIgniter\CodeIgniter->runController(Object(App\Controllers\Auth))
#10 C:\xampp\htdocs\ITE311-CASTILLO\system\CodeIgniter.php(354): CodeIgniter\CodeIgniter->handleRequest(NULL, Object(Config\Cache), false)
#11 C:\xampp\htdocs\ITE311-CASTILLO\system\Boot.php(363): CodeIgniter\CodeIgniter->run()
#12 C:\xampp\htdocs\ITE311-CASTILLO\system\Boot.php(68): CodeIgniter\Boot::runCodeIgniter(Object(CodeIgniter\CodeIgniter))
#13 C:\xampp\htdocs\ITE311-CASTILLO\public\index.php(59): CodeIgniter\Boot::bootWeb(Object(Config\Paths))
#14 C:\xampp\htdocs\ITE311-CASTILLO\system\rewrite.php(44): require_once('C:\\xampp\\htdocs...')
#15 {main}
CRITICAL - 2025-10-10 12:49:15 --> CodeIgniter\Database\Exceptions\DatabaseException: Unknown column 'enrollments.enrollment_date' in 'field list'
[Method: GET, Route: dashboard]
in SYSTEMPATH\Database\BaseConnection.php on line 684.
 1 SYSTEMPATH\Database\BaseBuilder.php(1649): CodeIgniter\Database\BaseConnection->query('SELECT `enrollments`.*, `courses`.`id` as `id`, `courses`.`title`, `courses`.`description`, `enrollments`.`enrollment_date`
FROM `enrollments`
INNER JOIN `courses` ON `courses`.`id` = `enrollments`.`course_id`
WHERE `enrollments`.`user_id` = :enrollments.user_id:
ORDER BY `enrollment_date` DESC', [...], false)
 2 SYSTEMPATH\Model.php(286): CodeIgniter\Database\BaseBuilder->get()
 3 SYSTEMPATH\BaseModel.php(677): CodeIgniter\Model->doFindAll(0, 0)
 4 APPPATH\Models\EnrollmentModel.php(31): CodeIgniter\BaseModel->findAll()
 5 APPPATH\Controllers\Auth.php(146): App\Models\EnrollmentModel->getUserEnrollments(11)
 6 SYSTEMPATH\CodeIgniter.php(933): App\Controllers\Auth->dashboard()
 7 SYSTEMPATH\CodeIgniter.php(507): CodeIgniter\CodeIgniter->runController(Object(App\Controllers\Auth))
 8 SYSTEMPATH\CodeIgniter.php(354): CodeIgniter\CodeIgniter->handleRequest(null, Object(Config\Cache), false)
 9 SYSTEMPATH\Boot.php(363): CodeIgniter\CodeIgniter->run()
10 SYSTEMPATH\Boot.php(68): CodeIgniter\Boot::runCodeIgniter(Object(CodeIgniter\CodeIgniter))
11 FCPATH\index.php(59): CodeIgniter\Boot::bootWeb(Object(Config\Paths))
12 SYSTEMPATH\rewrite.php(44): require_once('C:\\xampp\\htdocs\\ITE311-CASTILLO\\public\\index.php')
CRITICAL - 2025-10-10 12:49:15 --> [Caused by] CodeIgniter\Database\Exceptions\DatabaseException: Unknown column 'enrollments.enrollment_date' in 'field list'
in SYSTEMPATH\Database\MySQLi\Connection.php on line 332.
 1 SYSTEMPATH\Database\BaseConnection.php(729): CodeIgniter\Database\MySQLi\Connection->execute('SELECT `enrollments`.*, `courses`.`id` as `id`, `courses`.`title`, `courses`.`description`, `enrollments`.`enrollment_date`
FROM `enrollments`
INNER JOIN `courses` ON `courses`.`id` = `enrollments`.`course_id`
WHERE `enrollments`.`user_id` = 11
ORDER BY `enrollment_date` DESC')
 2 SYSTEMPATH\Database\BaseConnection.php(646): CodeIgniter\Database\BaseConnection->simpleQuery('SELECT `enrollments`.*, `courses`.`id` as `id`, `courses`.`title`, `courses`.`description`, `enrollments`.`enrollment_date`
FROM `enrollments`
INNER JOIN `courses` ON `courses`.`id` = `enrollments`.`course_id`
WHERE `enrollments`.`user_id` = 11
ORDER BY `enrollment_date` DESC')
 3 SYSTEMPATH\Database\BaseBuilder.php(1649): CodeIgniter\Database\BaseConnection->query('SELECT `enrollments`.*, `courses`.`id` as `id`, `courses`.`title`, `courses`.`description`, `enrollments`.`enrollment_date`
FROM `enrollments`
INNER JOIN `courses` ON `courses`.`id` = `enrollments`.`course_id`
WHERE `enrollments`.`user_id` = :enrollments.user_id:
ORDER BY `enrollment_date` DESC', [...], false)
 4 SYSTEMPATH\Model.php(286): CodeIgniter\Database\BaseBuilder->get()
 5 SYSTEMPATH\BaseModel.php(677): CodeIgniter\Model->doFindAll(0, 0)
 6 APPPATH\Models\EnrollmentModel.php(31): CodeIgniter\BaseModel->findAll()
 7 APPPATH\Controllers\Auth.php(146): App\Models\EnrollmentModel->getUserEnrollments(11)
 8 SYSTEMPATH\CodeIgniter.php(933): App\Controllers\Auth->dashboard()
 9 SYSTEMPATH\CodeIgniter.php(507): CodeIgniter\CodeIgniter->runController(Object(App\Controllers\Auth))
10 SYSTEMPATH\CodeIgniter.php(354): CodeIgniter\CodeIgniter->handleRequest(null, Object(Config\Cache), false)
11 SYSTEMPATH\Boot.php(363): CodeIgniter\CodeIgniter->run()
12 SYSTEMPATH\Boot.php(68): CodeIgniter\Boot::runCodeIgniter(Object(CodeIgniter\CodeIgniter))
13 FCPATH\index.php(59): CodeIgniter\Boot::bootWeb(Object(Config\Paths))
14 SYSTEMPATH\rewrite.php(44): require_once('C:\\xampp\\htdocs\\ITE311-CASTILLO\\public\\index.php')
CRITICAL - 2025-10-10 12:49:15 --> [Caused by] mysqli_sql_exception: Unknown column 'enrollments.enrollment_date' in 'field list'
in SYSTEMPATH\Database\MySQLi\Connection.php on line 327.
 1 SYSTEMPATH\Database\MySQLi\Connection.php(327): mysqli->query('SELECT `enrollments`.*, `courses`.`id` as `id`, `courses`.`title`, `courses`.`description`, `enrollments`.`enrollment_date`
FROM `enrollments`
INNER JOIN `courses` ON `courses`.`id` = `enrollments`.`course_id`
WHERE `enrollments`.`user_id` = 11
ORDER BY `enrollment_date` DESC', 0)
 2 SYSTEMPATH\Database\BaseConnection.php(729): CodeIgniter\Database\MySQLi\Connection->execute('SELECT `enrollments`.*, `courses`.`id` as `id`, `courses`.`title`, `courses`.`description`, `enrollments`.`enrollment_date`
FROM `enrollments`
INNER JOIN `courses` ON `courses`.`id` = `enrollments`.`course_id`
WHERE `enrollments`.`user_id` = 11
ORDER BY `enrollment_date` DESC')
 3 SYSTEMPATH\Database\BaseConnection.php(646): CodeIgniter\Database\BaseConnection->simpleQuery('SELECT `enrollments`.*, `courses`.`id` as `id`, `courses`.`title`, `courses`.`description`, `enrollments`.`enrollment_date`
FROM `enrollments`
INNER JOIN `courses` ON `courses`.`id` = `enrollments`.`course_id`
WHERE `enrollments`.`user_id` = 11
ORDER BY `enrollment_date` DESC')
 4 SYSTEMPATH\Database\BaseBuilder.php(1649): CodeIgniter\Database\BaseConnection->query('SELECT `enrollments`.*, `courses`.`id` as `id`, `courses`.`title`, `courses`.`description`, `enrollments`.`enrollment_date`
FROM `enrollments`
INNER JOIN `courses` ON `courses`.`id` = `enrollments`.`course_id`
WHERE `enrollments`.`user_id` = :enrollments.user_id:
ORDER BY `enrollment_date` DESC', [...], false)
 5 SYSTEMPATH\Model.php(286): CodeIgniter\Database\BaseBuilder->get()
 6 SYSTEMPATH\BaseModel.php(677): CodeIgniter\Model->doFindAll(0, 0)
 7 APPPATH\Models\EnrollmentModel.php(31): CodeIgniter\BaseModel->findAll()
 8 APPPATH\Controllers\Auth.php(146): App\Models\EnrollmentModel->getUserEnrollments(11)
 9 SYSTEMPATH\CodeIgniter.php(933): App\Controllers\Auth->dashboard()
10 SYSTEMPATH\CodeIgniter.php(507): CodeIgniter\CodeIgniter->runController(Object(App\Controllers\Auth))
11 SYSTEMPATH\CodeIgniter.php(354): CodeIgniter\CodeIgniter->handleRequest(null, Object(Config\Cache), false)
12 SYSTEMPATH\Boot.php(363): CodeIgniter\CodeIgniter->run()
13 SYSTEMPATH\Boot.php(68): CodeIgniter\Boot::runCodeIgniter(Object(CodeIgniter\CodeIgniter))
14 FCPATH\index.php(59): CodeIgniter\Boot::bootWeb(Object(Config\Paths))
15 SYSTEMPATH\rewrite.php(44): require_once('C:\\xampp\\htdocs\\ITE311-CASTILLO\\public\\index.php')
ERROR - 2025-10-10 12:49:17 --> mysqli_sql_exception: Unknown column 'enrollments.enrollment_date' in 'field list' in C:\xampp\htdocs\ITE311-CASTILLO\system\Database\MySQLi\Connection.php:327
Stack trace:
#0 C:\xampp\htdocs\ITE311-CASTILLO\system\Database\MySQLi\Connection.php(327): mysqli->query('SELECT `enrollm...', 0)
#1 C:\xampp\htdocs\ITE311-CASTILLO\system\Database\BaseConnection.php(729): CodeIgniter\Database\MySQLi\Connection->execute('SELECT `enrollm...')
#2 C:\xampp\htdocs\ITE311-CASTILLO\system\Database\BaseConnection.php(646): CodeIgniter\Database\BaseConnection->simpleQuery('SELECT `enrollm...')
#3 C:\xampp\htdocs\ITE311-CASTILLO\system\Database\BaseBuilder.php(1649): CodeIgniter\Database\BaseConnection->query('SELECT `enrollm...', Array, false)
#4 C:\xampp\htdocs\ITE311-CASTILLO\system\Model.php(286): CodeIgniter\Database\BaseBuilder->get()
#5 C:\xampp\htdocs\ITE311-CASTILLO\system\BaseModel.php(677): CodeIgniter\Model->doFindAll(0, 0)
#6 C:\xampp\htdocs\ITE311-CASTILLO\app\Models\EnrollmentModel.php(31): CodeIgniter\BaseModel->findAll()
#7 C:\xampp\htdocs\ITE311-CASTILLO\app\Controllers\Auth.php(146): App\Models\EnrollmentModel->getUserEnrollments(11)
#8 C:\xampp\htdocs\ITE311-CASTILLO\system\CodeIgniter.php(933): App\Controllers\Auth->dashboard()
#9 C:\xampp\htdocs\ITE311-CASTILLO\system\CodeIgniter.php(507): CodeIgniter\CodeIgniter->runController(Object(App\Controllers\Auth))
#10 C:\xampp\htdocs\ITE311-CASTILLO\system\CodeIgniter.php(354): CodeIgniter\CodeIgniter->handleRequest(NULL, Object(Config\Cache), false)
#11 C:\xampp\htdocs\ITE311-CASTILLO\system\Boot.php(363): CodeIgniter\CodeIgniter->run()
#12 C:\xampp\htdocs\ITE311-CASTILLO\system\Boot.php(68): CodeIgniter\Boot::runCodeIgniter(Object(CodeIgniter\CodeIgniter))
#13 C:\xampp\htdocs\ITE311-CASTILLO\public\index.php(59): CodeIgniter\Boot::bootWeb(Object(Config\Paths))
#14 C:\xampp\htdocs\ITE311-CASTILLO\system\rewrite.php(44): require_once('C:\\xampp\\htdocs...')
#15 {main}
CRITICAL - 2025-10-10 12:49:17 --> CodeIgniter\Database\Exceptions\DatabaseException: Unknown column 'enrollments.enrollment_date' in 'field list'
[Method: GET, Route: dashboard]
in SYSTEMPATH\Database\BaseConnection.php on line 684.
 1 SYSTEMPATH\Database\BaseBuilder.php(1649): CodeIgniter\Database\BaseConnection->query('SELECT `enrollments`.*, `courses`.`id` as `id`, `courses`.`title`, `courses`.`description`, `enrollments`.`enrollment_date`
FROM `enrollments`
INNER JOIN `courses` ON `courses`.`id` = `enrollments`.`course_id`
WHERE `enrollments`.`user_id` = :enrollments.user_id:
ORDER BY `enrollment_date` DESC', [...], false)
 2 SYSTEMPATH\Model.php(286): CodeIgniter\Database\BaseBuilder->get()
 3 SYSTEMPATH\BaseModel.php(677): CodeIgniter\Model->doFindAll(0, 0)
 4 APPPATH\Models\EnrollmentModel.php(31): CodeIgniter\BaseModel->findAll()
 5 APPPATH\Controllers\Auth.php(146): App\Models\EnrollmentModel->getUserEnrollments(11)
 6 SYSTEMPATH\CodeIgniter.php(933): App\Controllers\Auth->dashboard()
 7 SYSTEMPATH\CodeIgniter.php(507): CodeIgniter\CodeIgniter->runController(Object(App\Controllers\Auth))
 8 SYSTEMPATH\CodeIgniter.php(354): CodeIgniter\CodeIgniter->handleRequest(null, Object(Config\Cache), false)
 9 SYSTEMPATH\Boot.php(363): CodeIgniter\CodeIgniter->run()
10 SYSTEMPATH\Boot.php(68): CodeIgniter\Boot::runCodeIgniter(Object(CodeIgniter\CodeIgniter))
11 FCPATH\index.php(59): CodeIgniter\Boot::bootWeb(Object(Config\Paths))
12 SYSTEMPATH\rewrite.php(44): require_once('C:\\xampp\\htdocs\\ITE311-CASTILLO\\public\\index.php')
CRITICAL - 2025-10-10 12:49:17 --> [Caused by] CodeIgniter\Database\Exceptions\DatabaseException: Unknown column 'enrollments.enrollment_date' in 'field list'
in SYSTEMPATH\Database\MySQLi\Connection.php on line 332.
 1 SYSTEMPATH\Database\BaseConnection.php(729): CodeIgniter\Database\MySQLi\Connection->execute('SELECT `enrollments`.*, `courses`.`id` as `id`, `courses`.`title`, `courses`.`description`, `enrollments`.`enrollment_date`
FROM `enrollments`
INNER JOIN `courses` ON `courses`.`id` = `enrollments`.`course_id`
WHERE `enrollments`.`user_id` = 11
ORDER BY `enrollment_date` DESC')
 2 SYSTEMPATH\Database\BaseConnection.php(646): CodeIgniter\Database\BaseConnection->simpleQuery('SELECT `enrollments`.*, `courses`.`id` as `id`, `courses`.`title`, `courses`.`description`, `enrollments`.`enrollment_date`
FROM `enrollments`
INNER JOIN `courses` ON `courses`.`id` = `enrollments`.`course_id`
WHERE `enrollments`.`user_id` = 11
ORDER BY `enrollment_date` DESC')
 3 SYSTEMPATH\Database\BaseBuilder.php(1649): CodeIgniter\Database\BaseConnection->query('SELECT `enrollments`.*, `courses`.`id` as `id`, `courses`.`title`, `courses`.`description`, `enrollments`.`enrollment_date`
FROM `enrollments`
INNER JOIN `courses` ON `courses`.`id` = `enrollments`.`course_id`
WHERE `enrollments`.`user_id` = :enrollments.user_id:
ORDER BY `enrollment_date` DESC', [...], false)
 4 SYSTEMPATH\Model.php(286): CodeIgniter\Database\BaseBuilder->get()
 5 SYSTEMPATH\BaseModel.php(677): CodeIgniter\Model->doFindAll(0, 0)
 6 APPPATH\Models\EnrollmentModel.php(31): CodeIgniter\BaseModel->findAll()
 7 APPPATH\Controllers\Auth.php(146): App\Models\EnrollmentModel->getUserEnrollments(11)
 8 SYSTEMPATH\CodeIgniter.php(933): App\Controllers\Auth->dashboard()
 9 SYSTEMPATH\CodeIgniter.php(507): CodeIgniter\CodeIgniter->runController(Object(App\Controllers\Auth))
10 SYSTEMPATH\CodeIgniter.php(354): CodeIgniter\CodeIgniter->handleRequest(null, Object(Config\Cache), false)
11 SYSTEMPATH\Boot.php(363): CodeIgniter\CodeIgniter->run()
12 SYSTEMPATH\Boot.php(68): CodeIgniter\Boot::runCodeIgniter(Object(CodeIgniter\CodeIgniter))
13 FCPATH\index.php(59): CodeIgniter\Boot::bootWeb(Object(Config\Paths))
14 SYSTEMPATH\rewrite.php(44): require_once('C:\\xampp\\htdocs\\ITE311-CASTILLO\\public\\index.php')
CRITICAL - 2025-10-10 12:49:17 --> [Caused by] mysqli_sql_exception: Unknown column 'enrollments.enrollment_date' in 'field list'
in SYSTEMPATH\Database\MySQLi\Connection.php on line 327.
 1 SYSTEMPATH\Database\MySQLi\Connection.php(327): mysqli->query('SELECT `enrollments`.*, `courses`.`id` as `id`, `courses`.`title`, `courses`.`description`, `enrollments`.`enrollment_date`
FROM `enrollments`
INNER JOIN `courses` ON `courses`.`id` = `enrollments`.`course_id`
WHERE `enrollments`.`user_id` = 11
ORDER BY `enrollment_date` DESC', 0)
 2 SYSTEMPATH\Database\BaseConnection.php(729): CodeIgniter\Database\MySQLi\Connection->execute('SELECT `enrollments`.*, `courses`.`id` as `id`, `courses`.`title`, `courses`.`description`, `enrollments`.`enrollment_date`
FROM `enrollments`
INNER JOIN `courses` ON `courses`.`id` = `enrollments`.`course_id`
WHERE `enrollments`.`user_id` = 11
ORDER BY `enrollment_date` DESC')
 3 SYSTEMPATH\Database\BaseConnection.php(646): CodeIgniter\Database\BaseConnection->simpleQuery('SELECT `enrollments`.*, `courses`.`id` as `id`, `courses`.`title`, `courses`.`description`, `enrollments`.`enrollment_date`
FROM `enrollments`
INNER JOIN `courses` ON `courses`.`id` = `enrollments`.`course_id`
WHERE `enrollments`.`user_id` = 11
ORDER BY `enrollment_date` DESC')
 4 SYSTEMPATH\Database\BaseBuilder.php(1649): CodeIgniter\Database\BaseConnection->query('SELECT `enrollments`.*, `courses`.`id` as `id`, `courses`.`title`, `courses`.`description`, `enrollments`.`enrollment_date`
FROM `enrollments`
INNER JOIN `courses` ON `courses`.`id` = `enrollments`.`course_id`
WHERE `enrollments`.`user_id` = :enrollments.user_id:
ORDER BY `enrollment_date` DESC', [...], false)
 5 SYSTEMPATH\Model.php(286): CodeIgniter\Database\BaseBuilder->get()
 6 SYSTEMPATH\BaseModel.php(677): CodeIgniter\Model->doFindAll(0, 0)
 7 APPPATH\Models\EnrollmentModel.php(31): CodeIgniter\BaseModel->findAll()
 8 APPPATH\Controllers\Auth.php(146): App\Models\EnrollmentModel->getUserEnrollments(11)
 9 SYSTEMPATH\CodeIgniter.php(933): App\Controllers\Auth->dashboard()
10 SYSTEMPATH\CodeIgniter.php(507): CodeIgniter\CodeIgniter->runController(Object(App\Controllers\Auth))
11 SYSTEMPATH\CodeIgniter.php(354): CodeIgniter\CodeIgniter->handleRequest(null, Object(Config\Cache), false)
12 SYSTEMPATH\Boot.php(363): CodeIgniter\CodeIgniter->run()
13 SYSTEMPATH\Boot.php(68): CodeIgniter\Boot::runCodeIgniter(Object(CodeIgniter\CodeIgniter))
14 FCPATH\index.php(59): CodeIgniter\Boot::bootWeb(Object(Config\Paths))
15 SYSTEMPATH\rewrite.php(44): require_once('C:\\xampp\\htdocs\\ITE311-CASTILLO\\public\\index.php')
ERROR - 2025-10-10 12:49:19 --> mysqli_sql_exception: Unknown column 'enrollments.enrollment_date' in 'field list' in C:\xampp\htdocs\ITE311-CASTILLO\system\Database\MySQLi\Connection.php:327
Stack trace:
#0 C:\xampp\htdocs\ITE311-CASTILLO\system\Database\MySQLi\Connection.php(327): mysqli->query('SELECT `enrollm...', 0)
#1 C:\xampp\htdocs\ITE311-CASTILLO\system\Database\BaseConnection.php(729): CodeIgniter\Database\MySQLi\Connection->execute('SELECT `enrollm...')
#2 C:\xampp\htdocs\ITE311-CASTILLO\system\Database\BaseConnection.php(646): CodeIgniter\Database\BaseConnection->simpleQuery('SELECT `enrollm...')
#3 C:\xampp\htdocs\ITE311-CASTILLO\system\Database\BaseBuilder.php(1649): CodeIgniter\Database\BaseConnection->query('SELECT `enrollm...', Array, false)
#4 C:\xampp\htdocs\ITE311-CASTILLO\system\Model.php(286): CodeIgniter\Database\BaseBuilder->get()
#5 C:\xampp\htdocs\ITE311-CASTILLO\system\BaseModel.php(677): CodeIgniter\Model->doFindAll(0, 0)
#6 C:\xampp\htdocs\ITE311-CASTILLO\app\Models\EnrollmentModel.php(31): CodeIgniter\BaseModel->findAll()
#7 C:\xampp\htdocs\ITE311-CASTILLO\app\Controllers\Auth.php(146): App\Models\EnrollmentModel->getUserEnrollments(11)
#8 C:\xampp\htdocs\ITE311-CASTILLO\system\CodeIgniter.php(933): App\Controllers\Auth->dashboard()
#9 C:\xampp\htdocs\ITE311-CASTILLO\system\CodeIgniter.php(507): CodeIgniter\CodeIgniter->runController(Object(App\Controllers\Auth))
#10 C:\xampp\htdocs\ITE311-CASTILLO\system\CodeIgniter.php(354): CodeIgniter\CodeIgniter->handleRequest(NULL, Object(Config\Cache), false)
#11 C:\xampp\htdocs\ITE311-CASTILLO\system\Boot.php(363): CodeIgniter\CodeIgniter->run()
#12 C:\xampp\htdocs\ITE311-CASTILLO\system\Boot.php(68): CodeIgniter\Boot::runCodeIgniter(Object(CodeIgniter\CodeIgniter))
#13 C:\xampp\htdocs\ITE311-CASTILLO\public\index.php(59): CodeIgniter\Boot::bootWeb(Object(Config\Paths))
#14 C:\xampp\htdocs\ITE311-CASTILLO\system\rewrite.php(44): require_once('C:\\xampp\\htdocs...')
#15 {main}
CRITICAL - 2025-10-10 12:49:19 --> CodeIgniter\Database\Exceptions\DatabaseException: Unknown column 'enrollments.enrollment_date' in 'field list'
[Method: GET, Route: dashboard]
in SYSTEMPATH\Database\BaseConnection.php on line 684.
 1 SYSTEMPATH\Database\BaseBuilder.php(1649): CodeIgniter\Database\BaseConnection->query('SELECT `enrollments`.*, `courses`.`id` as `id`, `courses`.`title`, `courses`.`description`, `enrollments`.`enrollment_date`
FROM `enrollments`
INNER JOIN `courses` ON `courses`.`id` = `enrollments`.`course_id`
WHERE `enrollments`.`user_id` = :enrollments.user_id:
ORDER BY `enrollment_date` DESC', [...], false)
 2 SYSTEMPATH\Model.php(286): CodeIgniter\Database\BaseBuilder->get()
 3 SYSTEMPATH\BaseModel.php(677): CodeIgniter\Model->doFindAll(0, 0)
 4 APPPATH\Models\EnrollmentModel.php(31): CodeIgniter\BaseModel->findAll()
 5 APPPATH\Controllers\Auth.php(146): App\Models\EnrollmentModel->getUserEnrollments(11)
 6 SYSTEMPATH\CodeIgniter.php(933): App\Controllers\Auth->dashboard()
 7 SYSTEMPATH\CodeIgniter.php(507): CodeIgniter\CodeIgniter->runController(Object(App\Controllers\Auth))
 8 SYSTEMPATH\CodeIgniter.php(354): CodeIgniter\CodeIgniter->handleRequest(null, Object(Config\Cache), false)
 9 SYSTEMPATH\Boot.php(363): CodeIgniter\CodeIgniter->run()
10 SYSTEMPATH\Boot.php(68): CodeIgniter\Boot::runCodeIgniter(Object(CodeIgniter\CodeIgniter))
11 FCPATH\index.php(59): CodeIgniter\Boot::bootWeb(Object(Config\Paths))
12 SYSTEMPATH\rewrite.php(44): require_once('C:\\xampp\\htdocs\\ITE311-CASTILLO\\public\\index.php')
CRITICAL - 2025-10-10 12:49:19 --> [Caused by] CodeIgniter\Database\Exceptions\DatabaseException: Unknown column 'enrollments.enrollment_date' in 'field list'
in SYSTEMPATH\Database\MySQLi\Connection.php on line 332.
 1 SYSTEMPATH\Database\BaseConnection.php(729): CodeIgniter\Database\MySQLi\Connection->execute('SELECT `enrollments`.*, `courses`.`id` as `id`, `courses`.`title`, `courses`.`description`, `enrollments`.`enrollment_date`
FROM `enrollments`
INNER JOIN `courses` ON `courses`.`id` = `enrollments`.`course_id`
WHERE `enrollments`.`user_id` = 11
ORDER BY `enrollment_date` DESC')
 2 SYSTEMPATH\Database\BaseConnection.php(646): CodeIgniter\Database\BaseConnection->simpleQuery('SELECT `enrollments`.*, `courses`.`id` as `id`, `courses`.`title`, `courses`.`description`, `enrollments`.`enrollment_date`
FROM `enrollments`
INNER JOIN `courses` ON `courses`.`id` = `enrollments`.`course_id`
WHERE `enrollments`.`user_id` = 11
ORDER BY `enrollment_date` DESC')
 3 SYSTEMPATH\Database\BaseBuilder.php(1649): CodeIgniter\Database\BaseConnection->query('SELECT `enrollments`.*, `courses`.`id` as `id`, `courses`.`title`, `courses`.`description`, `enrollments`.`enrollment_date`
FROM `enrollments`
INNER JOIN `courses` ON `courses`.`id` = `enrollments`.`course_id`
WHERE `enrollments`.`user_id` = :enrollments.user_id:
ORDER BY `enrollment_date` DESC', [...], false)
 4 SYSTEMPATH\Model.php(286): CodeIgniter\Database\BaseBuilder->get()
 5 SYSTEMPATH\BaseModel.php(677): CodeIgniter\Model->doFindAll(0, 0)
 6 APPPATH\Models\EnrollmentModel.php(31): CodeIgniter\BaseModel->findAll()
 7 APPPATH\Controllers\Auth.php(146): App\Models\EnrollmentModel->getUserEnrollments(11)
 8 SYSTEMPATH\CodeIgniter.php(933): App\Controllers\Auth->dashboard()
 9 SYSTEMPATH\CodeIgniter.php(507): CodeIgniter\CodeIgniter->runController(Object(App\Controllers\Auth))
10 SYSTEMPATH\CodeIgniter.php(354): CodeIgniter\CodeIgniter->handleRequest(null, Object(Config\Cache), false)
11 SYSTEMPATH\Boot.php(363): CodeIgniter\CodeIgniter->run()
12 SYSTEMPATH\Boot.php(68): CodeIgniter\Boot::runCodeIgniter(Object(CodeIgniter\CodeIgniter))
13 FCPATH\index.php(59): CodeIgniter\Boot::bootWeb(Object(Config\Paths))
14 SYSTEMPATH\rewrite.php(44): require_once('C:\\xampp\\htdocs\\ITE311-CASTILLO\\public\\index.php')
CRITICAL - 2025-10-10 12:49:19 --> [Caused by] mysqli_sql_exception: Unknown column 'enrollments.enrollment_date' in 'field list'
in SYSTEMPATH\Database\MySQLi\Connection.php on line 327.
 1 SYSTEMPATH\Database\MySQLi\Connection.php(327): mysqli->query('SELECT `enrollments`.*, `courses`.`id` as `id`, `courses`.`title`, `courses`.`description`, `enrollments`.`enrollment_date`
FROM `enrollments`
INNER JOIN `courses` ON `courses`.`id` = `enrollments`.`course_id`
WHERE `enrollments`.`user_id` = 11
ORDER BY `enrollment_date` DESC', 0)
 2 SYSTEMPATH\Database\BaseConnection.php(729): CodeIgniter\Database\MySQLi\Connection->execute('SELECT `enrollments`.*, `courses`.`id` as `id`, `courses`.`title`, `courses`.`description`, `enrollments`.`enrollment_date`
FROM `enrollments`
INNER JOIN `courses` ON `courses`.`id` = `enrollments`.`course_id`
WHERE `enrollments`.`user_id` = 11
ORDER BY `enrollment_date` DESC')
 3 SYSTEMPATH\Database\BaseConnection.php(646): CodeIgniter\Database\BaseConnection->simpleQuery('SELECT `enrollments`.*, `courses`.`id` as `id`, `courses`.`title`, `courses`.`description`, `enrollments`.`enrollment_date`
FROM `enrollments`
INNER JOIN `courses` ON `courses`.`id` = `enrollments`.`course_id`
WHERE `enrollments`.`user_id` = 11
ORDER BY `enrollment_date` DESC')
 4 SYSTEMPATH\Database\BaseBuilder.php(1649): CodeIgniter\Database\BaseConnection->query('SELECT `enrollments`.*, `courses`.`id` as `id`, `courses`.`title`, `courses`.`description`, `enrollments`.`enrollment_date`
FROM `enrollments`
INNER JOIN `courses` ON `courses`.`id` = `enrollments`.`course_id`
WHERE `enrollments`.`user_id` = :enrollments.user_id:
ORDER BY `enrollment_date` DESC', [...], false)
 5 SYSTEMPATH\Model.php(286): CodeIgniter\Database\BaseBuilder->get()
 6 SYSTEMPATH\BaseModel.php(677): CodeIgniter\Model->doFindAll(0, 0)
 7 APPPATH\Models\EnrollmentModel.php(31): CodeIgniter\BaseModel->findAll()
 8 APPPATH\Controllers\Auth.php(146): App\Models\EnrollmentModel->getUserEnrollments(11)
 9 SYSTEMPATH\CodeIgniter.php(933): App\Controllers\Auth->dashboard()
10 SYSTEMPATH\CodeIgniter.php(507): CodeIgniter\CodeIgniter->runController(Object(App\Controllers\Auth))
11 SYSTEMPATH\CodeIgniter.php(354): CodeIgniter\CodeIgniter->handleRequest(null, Object(Config\Cache), false)
12 SYSTEMPATH\Boot.php(363): CodeIgniter\CodeIgniter->run()
13 SYSTEMPATH\Boot.php(68): CodeIgniter\Boot::runCodeIgniter(Object(CodeIgniter\CodeIgniter))
14 FCPATH\index.php(59): CodeIgniter\Boot::bootWeb(Object(Config\Paths))
15 SYSTEMPATH\rewrite.php(44): require_once('C:\\xampp\\htdocs\\ITE311-CASTILLO\\public\\index.php')
ERROR - 2025-10-10 12:49:20 --> mysqli_sql_exception: Unknown column 'enrollments.enrollment_date' in 'field list' in C:\xampp\htdocs\ITE311-CASTILLO\system\Database\MySQLi\Connection.php:327
Stack trace:
#0 C:\xampp\htdocs\ITE311-CASTILLO\system\Database\MySQLi\Connection.php(327): mysqli->query('SELECT `enrollm...', 0)
#1 C:\xampp\htdocs\ITE311-CASTILLO\system\Database\BaseConnection.php(729): CodeIgniter\Database\MySQLi\Connection->execute('SELECT `enrollm...')
#2 C:\xampp\htdocs\ITE311-CASTILLO\system\Database\BaseConnection.php(646): CodeIgniter\Database\BaseConnection->simpleQuery('SELECT `enrollm...')
#3 C:\xampp\htdocs\ITE311-CASTILLO\system\Database\BaseBuilder.php(1649): CodeIgniter\Database\BaseConnection->query('SELECT `enrollm...', Array, false)
#4 C:\xampp\htdocs\ITE311-CASTILLO\system\Model.php(286): CodeIgniter\Database\BaseBuilder->get()
#5 C:\xampp\htdocs\ITE311-CASTILLO\system\BaseModel.php(677): CodeIgniter\Model->doFindAll(0, 0)
#6 C:\xampp\htdocs\ITE311-CASTILLO\app\Models\EnrollmentModel.php(31): CodeIgniter\BaseModel->findAll()
#7 C:\xampp\htdocs\ITE311-CASTILLO\app\Controllers\Auth.php(146): App\Models\EnrollmentModel->getUserEnrollments(11)
#8 C:\xampp\htdocs\ITE311-CASTILLO\system\CodeIgniter.php(933): App\Controllers\Auth->dashboard()
#9 C:\xampp\htdocs\ITE311-CASTILLO\system\CodeIgniter.php(507): CodeIgniter\CodeIgniter->runController(Object(App\Controllers\Auth))
#10 C:\xampp\htdocs\ITE311-CASTILLO\system\CodeIgniter.php(354): CodeIgniter\CodeIgniter->handleRequest(NULL, Object(Config\Cache), false)
#11 C:\xampp\htdocs\ITE311-CASTILLO\system\Boot.php(363): CodeIgniter\CodeIgniter->run()
#12 C:\xampp\htdocs\ITE311-CASTILLO\system\Boot.php(68): CodeIgniter\Boot::runCodeIgniter(Object(CodeIgniter\CodeIgniter))
#13 C:\xampp\htdocs\ITE311-CASTILLO\public\index.php(59): CodeIgniter\Boot::bootWeb(Object(Config\Paths))
#14 C:\xampp\htdocs\ITE311-CASTILLO\system\rewrite.php(44): require_once('C:\\xampp\\htdocs...')
#15 {main}
CRITICAL - 2025-10-10 12:49:20 --> CodeIgniter\Database\Exceptions\DatabaseException: Unknown column 'enrollments.enrollment_date' in 'field list'
[Method: GET, Route: dashboard]
in SYSTEMPATH\Database\BaseConnection.php on line 684.
 1 SYSTEMPATH\Database\BaseBuilder.php(1649): CodeIgniter\Database\BaseConnection->query('SELECT `enrollments`.*, `courses`.`id` as `id`, `courses`.`title`, `courses`.`description`, `enrollments`.`enrollment_date`
FROM `enrollments`
INNER JOIN `courses` ON `courses`.`id` = `enrollments`.`course_id`
WHERE `enrollments`.`user_id` = :enrollments.user_id:
ORDER BY `enrollment_date` DESC', [...], false)
 2 SYSTEMPATH\Model.php(286): CodeIgniter\Database\BaseBuilder->get()
 3 SYSTEMPATH\BaseModel.php(677): CodeIgniter\Model->doFindAll(0, 0)
 4 APPPATH\Models\EnrollmentModel.php(31): CodeIgniter\BaseModel->findAll()
 5 APPPATH\Controllers\Auth.php(146): App\Models\EnrollmentModel->getUserEnrollments(11)
 6 SYSTEMPATH\CodeIgniter.php(933): App\Controllers\Auth->dashboard()
 7 SYSTEMPATH\CodeIgniter.php(507): CodeIgniter\CodeIgniter->runController(Object(App\Controllers\Auth))
 8 SYSTEMPATH\CodeIgniter.php(354): CodeIgniter\CodeIgniter->handleRequest(null, Object(Config\Cache), false)
 9 SYSTEMPATH\Boot.php(363): CodeIgniter\CodeIgniter->run()
10 SYSTEMPATH\Boot.php(68): CodeIgniter\Boot::runCodeIgniter(Object(CodeIgniter\CodeIgniter))
11 FCPATH\index.php(59): CodeIgniter\Boot::bootWeb(Object(Config\Paths))
12 SYSTEMPATH\rewrite.php(44): require_once('C:\\xampp\\htdocs\\ITE311-CASTILLO\\public\\index.php')
CRITICAL - 2025-10-10 12:49:20 --> [Caused by] CodeIgniter\Database\Exceptions\DatabaseException: Unknown column 'enrollments.enrollment_date' in 'field list'
in SYSTEMPATH\Database\MySQLi\Connection.php on line 332.
 1 SYSTEMPATH\Database\BaseConnection.php(729): CodeIgniter\Database\MySQLi\Connection->execute('SELECT `enrollments`.*, `courses`.`id` as `id`, `courses`.`title`, `courses`.`description`, `enrollments`.`enrollment_date`
FROM `enrollments`
INNER JOIN `courses` ON `courses`.`id` = `enrollments`.`course_id`
WHERE `enrollments`.`user_id` = 11
ORDER BY `enrollment_date` DESC')
 2 SYSTEMPATH\Database\BaseConnection.php(646): CodeIgniter\Database\BaseConnection->simpleQuery('SELECT `enrollments`.*, `courses`.`id` as `id`, `courses`.`title`, `courses`.`description`, `enrollments`.`enrollment_date`
FROM `enrollments`
INNER JOIN `courses` ON `courses`.`id` = `enrollments`.`course_id`
WHERE `enrollments`.`user_id` = 11
ORDER BY `enrollment_date` DESC')
 3 SYSTEMPATH\Database\BaseBuilder.php(1649): CodeIgniter\Database\BaseConnection->query('SELECT `enrollments`.*, `courses`.`id` as `id`, `courses`.`title`, `courses`.`description`, `enrollments`.`enrollment_date`
FROM `enrollments`
INNER JOIN `courses` ON `courses`.`id` = `enrollments`.`course_id`
WHERE `enrollments`.`user_id` = :enrollments.user_id:
ORDER BY `enrollment_date` DESC', [...], false)
 4 SYSTEMPATH\Model.php(286): CodeIgniter\Database\BaseBuilder->get()
 5 SYSTEMPATH\BaseModel.php(677): CodeIgniter\Model->doFindAll(0, 0)
 6 APPPATH\Models\EnrollmentModel.php(31): CodeIgniter\BaseModel->findAll()
 7 APPPATH\Controllers\Auth.php(146): App\Models\EnrollmentModel->getUserEnrollments(11)
 8 SYSTEMPATH\CodeIgniter.php(933): App\Controllers\Auth->dashboard()
 9 SYSTEMPATH\CodeIgniter.php(507): CodeIgniter\CodeIgniter->runController(Object(App\Controllers\Auth))
10 SYSTEMPATH\CodeIgniter.php(354): CodeIgniter\CodeIgniter->handleRequest(null, Object(Config\Cache), false)
11 SYSTEMPATH\Boot.php(363): CodeIgniter\CodeIgniter->run()
12 SYSTEMPATH\Boot.php(68): CodeIgniter\Boot::runCodeIgniter(Object(CodeIgniter\CodeIgniter))
13 FCPATH\index.php(59): CodeIgniter\Boot::bootWeb(Object(Config\Paths))
14 SYSTEMPATH\rewrite.php(44): require_once('C:\\xampp\\htdocs\\ITE311-CASTILLO\\public\\index.php')
CRITICAL - 2025-10-10 12:49:20 --> [Caused by] mysqli_sql_exception: Unknown column 'enrollments.enrollment_date' in 'field list'
in SYSTEMPATH\Database\MySQLi\Connection.php on line 327.
 1 SYSTEMPATH\Database\MySQLi\Connection.php(327): mysqli->query('SELECT `enrollments`.*, `courses`.`id` as `id`, `courses`.`title`, `courses`.`description`, `enrollments`.`enrollment_date`
FROM `enrollments`
INNER JOIN `courses` ON `courses`.`id` = `enrollments`.`course_id`
WHERE `enrollments`.`user_id` = 11
ORDER BY `enrollment_date` DESC', 0)
 2 SYSTEMPATH\Database\BaseConnection.php(729): CodeIgniter\Database\MySQLi\Connection->execute('SELECT `enrollments`.*, `courses`.`id` as `id`, `courses`.`title`, `courses`.`description`, `enrollments`.`enrollment_date`
FROM `enrollments`
INNER JOIN `courses` ON `courses`.`id` = `enrollments`.`course_id`
WHERE `enrollments`.`user_id` = 11
ORDER BY `enrollment_date` DESC')
 3 SYSTEMPATH\Database\BaseConnection.php(646): CodeIgniter\Database\BaseConnection->simpleQuery('SELECT `enrollments`.*, `courses`.`id` as `id`, `courses`.`title`, `courses`.`description`, `enrollments`.`enrollment_date`
FROM `enrollments`
INNER JOIN `courses` ON `courses`.`id` = `enrollments`.`course_id`
WHERE `enrollments`.`user_id` = 11
ORDER BY `enrollment_date` DESC')
 4 SYSTEMPATH\Database\BaseBuilder.php(1649): CodeIgniter\Database\BaseConnection->query('SELECT `enrollments`.*, `courses`.`id` as `id`, `courses`.`title`, `courses`.`description`, `enrollments`.`enrollment_date`
FROM `enrollments`
INNER JOIN `courses` ON `courses`.`id` = `enrollments`.`course_id`
WHERE `enrollments`.`user_id` = :enrollments.user_id:
ORDER BY `enrollment_date` DESC', [...], false)
 5 SYSTEMPATH\Model.php(286): CodeIgniter\Database\BaseBuilder->get()
 6 SYSTEMPATH\BaseModel.php(677): CodeIgniter\Model->doFindAll(0, 0)
 7 APPPATH\Models\EnrollmentModel.php(31): CodeIgniter\BaseModel->findAll()
 8 APPPATH\Controllers\Auth.php(146): App\Models\EnrollmentModel->getUserEnrollments(11)
 9 SYSTEMPATH\CodeIgniter.php(933): App\Controllers\Auth->dashboard()
10 SYSTEMPATH\CodeIgniter.php(507): CodeIgniter\CodeIgniter->runController(Object(App\Controllers\Auth))
11 SYSTEMPATH\CodeIgniter.php(354): CodeIgniter\CodeIgniter->handleRequest(null, Object(Config\Cache), false)
12 SYSTEMPATH\Boot.php(363): CodeIgniter\CodeIgniter->run()
13 SYSTEMPATH\Boot.php(68): CodeIgniter\Boot::runCodeIgniter(Object(CodeIgniter\CodeIgniter))
14 FCPATH\index.php(59): CodeIgniter\Boot::bootWeb(Object(Config\Paths))
15 SYSTEMPATH\rewrite.php(44): require_once('C:\\xampp\\htdocs\\ITE311-CASTILLO\\public\\index.php')
ERROR - 2025-10-10 12:49:20 --> mysqli_sql_exception: Unknown column 'enrollments.enrollment_date' in 'field list' in C:\xampp\htdocs\ITE311-CASTILLO\system\Database\MySQLi\Connection.php:327
Stack trace:
#0 C:\xampp\htdocs\ITE311-CASTILLO\system\Database\MySQLi\Connection.php(327): mysqli->query('SELECT `enrollm...', 0)
#1 C:\xampp\htdocs\ITE311-CASTILLO\system\Database\BaseConnection.php(729): CodeIgniter\Database\MySQLi\Connection->execute('SELECT `enrollm...')
#2 C:\xampp\htdocs\ITE311-CASTILLO\system\Database\BaseConnection.php(646): CodeIgniter\Database\BaseConnection->simpleQuery('SELECT `enrollm...')
#3 C:\xampp\htdocs\ITE311-CASTILLO\system\Database\BaseBuilder.php(1649): CodeIgniter\Database\BaseConnection->query('SELECT `enrollm...', Array, false)
#4 C:\xampp\htdocs\ITE311-CASTILLO\system\Model.php(286): CodeIgniter\Database\BaseBuilder->get()
#5 C:\xampp\htdocs\ITE311-CASTILLO\system\BaseModel.php(677): CodeIgniter\Model->doFindAll(0, 0)
#6 C:\xampp\htdocs\ITE311-CASTILLO\app\Models\EnrollmentModel.php(31): CodeIgniter\BaseModel->findAll()
#7 C:\xampp\htdocs\ITE311-CASTILLO\app\Controllers\Auth.php(146): App\Models\EnrollmentModel->getUserEnrollments(11)
#8 C:\xampp\htdocs\ITE311-CASTILLO\system\CodeIgniter.php(933): App\Controllers\Auth->dashboard()
#9 C:\xampp\htdocs\ITE311-CASTILLO\system\CodeIgniter.php(507): CodeIgniter\CodeIgniter->runController(Object(App\Controllers\Auth))
#10 C:\xampp\htdocs\ITE311-CASTILLO\system\CodeIgniter.php(354): CodeIgniter\CodeIgniter->handleRequest(NULL, Object(Config\Cache), false)
#11 C:\xampp\htdocs\ITE311-CASTILLO\system\Boot.php(363): CodeIgniter\CodeIgniter->run()
#12 C:\xampp\htdocs\ITE311-CASTILLO\system\Boot.php(68): CodeIgniter\Boot::runCodeIgniter(Object(CodeIgniter\CodeIgniter))
#13 C:\xampp\htdocs\ITE311-CASTILLO\public\index.php(59): CodeIgniter\Boot::bootWeb(Object(Config\Paths))
#14 C:\xampp\htdocs\ITE311-CASTILLO\system\rewrite.php(44): require_once('C:\\xampp\\htdocs...')
#15 {main}
CRITICAL - 2025-10-10 12:49:20 --> CodeIgniter\Database\Exceptions\DatabaseException: Unknown column 'enrollments.enrollment_date' in 'field list'
[Method: GET, Route: dashboard]
in SYSTEMPATH\Database\BaseConnection.php on line 684.
 1 SYSTEMPATH\Database\BaseBuilder.php(1649): CodeIgniter\Database\BaseConnection->query('SELECT `enrollments`.*, `courses`.`id` as `id`, `courses`.`title`, `courses`.`description`, `enrollments`.`enrollment_date`
FROM `enrollments`
INNER JOIN `courses` ON `courses`.`id` = `enrollments`.`course_id`
WHERE `enrollments`.`user_id` = :enrollments.user_id:
ORDER BY `enrollment_date` DESC', [...], false)
 2 SYSTEMPATH\Model.php(286): CodeIgniter\Database\BaseBuilder->get()
 3 SYSTEMPATH\BaseModel.php(677): CodeIgniter\Model->doFindAll(0, 0)
 4 APPPATH\Models\EnrollmentModel.php(31): CodeIgniter\BaseModel->findAll()
 5 APPPATH\Controllers\Auth.php(146): App\Models\EnrollmentModel->getUserEnrollments(11)
 6 SYSTEMPATH\CodeIgniter.php(933): App\Controllers\Auth->dashboard()
 7 SYSTEMPATH\CodeIgniter.php(507): CodeIgniter\CodeIgniter->runController(Object(App\Controllers\Auth))
 8 SYSTEMPATH\CodeIgniter.php(354): CodeIgniter\CodeIgniter->handleRequest(null, Object(Config\Cache), false)
 9 SYSTEMPATH\Boot.php(363): CodeIgniter\CodeIgniter->run()
10 SYSTEMPATH\Boot.php(68): CodeIgniter\Boot::runCodeIgniter(Object(CodeIgniter\CodeIgniter))
11 FCPATH\index.php(59): CodeIgniter\Boot::bootWeb(Object(Config\Paths))
12 SYSTEMPATH\rewrite.php(44): require_once('C:\\xampp\\htdocs\\ITE311-CASTILLO\\public\\index.php')
CRITICAL - 2025-10-10 12:49:20 --> [Caused by] CodeIgniter\Database\Exceptions\DatabaseException: Unknown column 'enrollments.enrollment_date' in 'field list'
in SYSTEMPATH\Database\MySQLi\Connection.php on line 332.
 1 SYSTEMPATH\Database\BaseConnection.php(729): CodeIgniter\Database\MySQLi\Connection->execute('SELECT `enrollments`.*, `courses`.`id` as `id`, `courses`.`title`, `courses`.`description`, `enrollments`.`enrollment_date`
FROM `enrollments`
INNER JOIN `courses` ON `courses`.`id` = `enrollments`.`course_id`
WHERE `enrollments`.`user_id` = 11
ORDER BY `enrollment_date` DESC')
 2 SYSTEMPATH\Database\BaseConnection.php(646): CodeIgniter\Database\BaseConnection->simpleQuery('SELECT `enrollments`.*, `courses`.`id` as `id`, `courses`.`title`, `courses`.`description`, `enrollments`.`enrollment_date`
FROM `enrollments`
INNER JOIN `courses` ON `courses`.`id` = `enrollments`.`course_id`
WHERE `enrollments`.`user_id` = 11
ORDER BY `enrollment_date` DESC')
 3 SYSTEMPATH\Database\BaseBuilder.php(1649): CodeIgniter\Database\BaseConnection->query('SELECT `enrollments`.*, `courses`.`id` as `id`, `courses`.`title`, `courses`.`description`, `enrollments`.`enrollment_date`
FROM `enrollments`
INNER JOIN `courses` ON `courses`.`id` = `enrollments`.`course_id`
WHERE `enrollments`.`user_id` = :enrollments.user_id:
ORDER BY `enrollment_date` DESC', [...], false)
 4 SYSTEMPATH\Model.php(286): CodeIgniter\Database\BaseBuilder->get()
 5 SYSTEMPATH\BaseModel.php(677): CodeIgniter\Model->doFindAll(0, 0)
 6 APPPATH\Models\EnrollmentModel.php(31): CodeIgniter\BaseModel->findAll()
 7 APPPATH\Controllers\Auth.php(146): App\Models\EnrollmentModel->getUserEnrollments(11)
 8 SYSTEMPATH\CodeIgniter.php(933): App\Controllers\Auth->dashboard()
 9 SYSTEMPATH\CodeIgniter.php(507): CodeIgniter\CodeIgniter->runController(Object(App\Controllers\Auth))
10 SYSTEMPATH\CodeIgniter.php(354): CodeIgniter\CodeIgniter->handleRequest(null, Object(Config\Cache), false)
11 SYSTEMPATH\Boot.php(363): CodeIgniter\CodeIgniter->run()
12 SYSTEMPATH\Boot.php(68): CodeIgniter\Boot::runCodeIgniter(Object(CodeIgniter\CodeIgniter))
13 FCPATH\index.php(59): CodeIgniter\Boot::bootWeb(Object(Config\Paths))
14 SYSTEMPATH\rewrite.php(44): require_once('C:\\xampp\\htdocs\\ITE311-CASTILLO\\public\\index.php')
CRITICAL - 2025-10-10 12:49:20 --> [Caused by] mysqli_sql_exception: Unknown column 'enrollments.enrollment_date' in 'field list'
in SYSTEMPATH\Database\MySQLi\Connection.php on line 327.
 1 SYSTEMPATH\Database\MySQLi\Connection.php(327): mysqli->query('SELECT `enrollments`.*, `courses`.`id` as `id`, `courses`.`title`, `courses`.`description`, `enrollments`.`enrollment_date`
FROM `enrollments`
INNER JOIN `courses` ON `courses`.`id` = `enrollments`.`course_id`
WHERE `enrollments`.`user_id` = 11
ORDER BY `enrollment_date` DESC', 0)
 2 SYSTEMPATH\Database\BaseConnection.php(729): CodeIgniter\Database\MySQLi\Connection->execute('SELECT `enrollments`.*, `courses`.`id` as `id`, `courses`.`title`, `courses`.`description`, `enrollments`.`enrollment_date`
FROM `enrollments`
INNER JOIN `courses` ON `courses`.`id` = `enrollments`.`course_id`
WHERE `enrollments`.`user_id` = 11
ORDER BY `enrollment_date` DESC')
 3 SYSTEMPATH\Database\BaseConnection.php(646): CodeIgniter\Database\BaseConnection->simpleQuery('SELECT `enrollments`.*, `courses`.`id` as `id`, `courses`.`title`, `courses`.`description`, `enrollments`.`enrollment_date`
FROM `enrollments`
INNER JOIN `courses` ON `courses`.`id` = `enrollments`.`course_id`
WHERE `enrollments`.`user_id` = 11
ORDER BY `enrollment_date` DESC')
 4 SYSTEMPATH\Database\BaseBuilder.php(1649): CodeIgniter\Database\BaseConnection->query('SELECT `enrollments`.*, `courses`.`id` as `id`, `courses`.`title`, `courses`.`description`, `enrollments`.`enrollment_date`
FROM `enrollments`
INNER JOIN `courses` ON `courses`.`id` = `enrollments`.`course_id`
WHERE `enrollments`.`user_id` = :enrollments.user_id:
ORDER BY `enrollment_date` DESC', [...], false)
 5 SYSTEMPATH\Model.php(286): CodeIgniter\Database\BaseBuilder->get()
 6 SYSTEMPATH\BaseModel.php(677): CodeIgniter\Model->doFindAll(0, 0)
 7 APPPATH\Models\EnrollmentModel.php(31): CodeIgniter\BaseModel->findAll()
 8 APPPATH\Controllers\Auth.php(146): App\Models\EnrollmentModel->getUserEnrollments(11)
 9 SYSTEMPATH\CodeIgniter.php(933): App\Controllers\Auth->dashboard()
10 SYSTEMPATH\CodeIgniter.php(507): CodeIgniter\CodeIgniter->runController(Object(App\Controllers\Auth))
11 SYSTEMPATH\CodeIgniter.php(354): CodeIgniter\CodeIgniter->handleRequest(null, Object(Config\Cache), false)
12 SYSTEMPATH\Boot.php(363): CodeIgniter\CodeIgniter->run()
13 SYSTEMPATH\Boot.php(68): CodeIgniter\Boot::runCodeIgniter(Object(CodeIgniter\CodeIgniter))
14 FCPATH\index.php(59): CodeIgniter\Boot::bootWeb(Object(Config\Paths))
15 SYSTEMPATH\rewrite.php(44): require_once('C:\\xampp\\htdocs\\ITE311-CASTILLO\\public\\index.php')
ERROR - 2025-10-10 12:49:20 --> mysqli_sql_exception: Unknown column 'enrollments.enrollment_date' in 'field list' in C:\xampp\htdocs\ITE311-CASTILLO\system\Database\MySQLi\Connection.php:327
Stack trace:
#0 C:\xampp\htdocs\ITE311-CASTILLO\system\Database\MySQLi\Connection.php(327): mysqli->query('SELECT `enrollm...', 0)
#1 C:\xampp\htdocs\ITE311-CASTILLO\system\Database\BaseConnection.php(729): CodeIgniter\Database\MySQLi\Connection->execute('SELECT `enrollm...')
#2 C:\xampp\htdocs\ITE311-CASTILLO\system\Database\BaseConnection.php(646): CodeIgniter\Database\BaseConnection->simpleQuery('SELECT `enrollm...')
#3 C:\xampp\htdocs\ITE311-CASTILLO\system\Database\BaseBuilder.php(1649): CodeIgniter\Database\BaseConnection->query('SELECT `enrollm...', Array, false)
#4 C:\xampp\htdocs\ITE311-CASTILLO\system\Model.php(286): CodeIgniter\Database\BaseBuilder->get()
#5 C:\xampp\htdocs\ITE311-CASTILLO\system\BaseModel.php(677): CodeIgniter\Model->doFindAll(0, 0)
#6 C:\xampp\htdocs\ITE311-CASTILLO\app\Models\EnrollmentModel.php(31): CodeIgniter\BaseModel->findAll()
#7 C:\xampp\htdocs\ITE311-CASTILLO\app\Controllers\Auth.php(146): App\Models\EnrollmentModel->getUserEnrollments(11)
#8 C:\xampp\htdocs\ITE311-CASTILLO\system\CodeIgniter.php(933): App\Controllers\Auth->dashboard()
#9 C:\xampp\htdocs\ITE311-CASTILLO\system\CodeIgniter.php(507): CodeIgniter\CodeIgniter->runController(Object(App\Controllers\Auth))
#10 C:\xampp\htdocs\ITE311-CASTILLO\system\CodeIgniter.php(354): CodeIgniter\CodeIgniter->handleRequest(NULL, Object(Config\Cache), false)
#11 C:\xampp\htdocs\ITE311-CASTILLO\system\Boot.php(363): CodeIgniter\CodeIgniter->run()
#12 C:\xampp\htdocs\ITE311-CASTILLO\system\Boot.php(68): CodeIgniter\Boot::runCodeIgniter(Object(CodeIgniter\CodeIgniter))
#13 C:\xampp\htdocs\ITE311-CASTILLO\public\index.php(59): CodeIgniter\Boot::bootWeb(Object(Config\Paths))
#14 C:\xampp\htdocs\ITE311-CASTILLO\system\rewrite.php(44): require_once('C:\\xampp\\htdocs...')
#15 {main}
CRITICAL - 2025-10-10 12:49:20 --> CodeIgniter\Database\Exceptions\DatabaseException: Unknown column 'enrollments.enrollment_date' in 'field list'
[Method: GET, Route: dashboard]
in SYSTEMPATH\Database\BaseConnection.php on line 684.
 1 SYSTEMPATH\Database\BaseBuilder.php(1649): CodeIgniter\Database\BaseConnection->query('SELECT `enrollments`.*, `courses`.`id` as `id`, `courses`.`title`, `courses`.`description`, `enrollments`.`enrollment_date`
FROM `enrollments`
INNER JOIN `courses` ON `courses`.`id` = `enrollments`.`course_id`
WHERE `enrollments`.`user_id` = :enrollments.user_id:
ORDER BY `enrollment_date` DESC', [...], false)
 2 SYSTEMPATH\Model.php(286): CodeIgniter\Database\BaseBuilder->get()
 3 SYSTEMPATH\BaseModel.php(677): CodeIgniter\Model->doFindAll(0, 0)
 4 APPPATH\Models\EnrollmentModel.php(31): CodeIgniter\BaseModel->findAll()
 5 APPPATH\Controllers\Auth.php(146): App\Models\EnrollmentModel->getUserEnrollments(11)
 6 SYSTEMPATH\CodeIgniter.php(933): App\Controllers\Auth->dashboard()
 7 SYSTEMPATH\CodeIgniter.php(507): CodeIgniter\CodeIgniter->runController(Object(App\Controllers\Auth))
 8 SYSTEMPATH\CodeIgniter.php(354): CodeIgniter\CodeIgniter->handleRequest(null, Object(Config\Cache), false)
 9 SYSTEMPATH\Boot.php(363): CodeIgniter\CodeIgniter->run()
10 SYSTEMPATH\Boot.php(68): CodeIgniter\Boot::runCodeIgniter(Object(CodeIgniter\CodeIgniter))
11 FCPATH\index.php(59): CodeIgniter\Boot::bootWeb(Object(Config\Paths))
12 SYSTEMPATH\rewrite.php(44): require_once('C:\\xampp\\htdocs\\ITE311-CASTILLO\\public\\index.php')
CRITICAL - 2025-10-10 12:49:20 --> [Caused by] CodeIgniter\Database\Exceptions\DatabaseException: Unknown column 'enrollments.enrollment_date' in 'field list'
in SYSTEMPATH\Database\MySQLi\Connection.php on line 332.
 1 SYSTEMPATH\Database\BaseConnection.php(729): CodeIgniter\Database\MySQLi\Connection->execute('SELECT `enrollments`.*, `courses`.`id` as `id`, `courses`.`title`, `courses`.`description`, `enrollments`.`enrollment_date`
FROM `enrollments`
INNER JOIN `courses` ON `courses`.`id` = `enrollments`.`course_id`
WHERE `enrollments`.`user_id` = 11
ORDER BY `enrollment_date` DESC')
 2 SYSTEMPATH\Database\BaseConnection.php(646): CodeIgniter\Database\BaseConnection->simpleQuery('SELECT `enrollments`.*, `courses`.`id` as `id`, `courses`.`title`, `courses`.`description`, `enrollments`.`enrollment_date`
FROM `enrollments`
INNER JOIN `courses` ON `courses`.`id` = `enrollments`.`course_id`
WHERE `enrollments`.`user_id` = 11
ORDER BY `enrollment_date` DESC')
 3 SYSTEMPATH\Database\BaseBuilder.php(1649): CodeIgniter\Database\BaseConnection->query('SELECT `enrollments`.*, `courses`.`id` as `id`, `courses`.`title`, `courses`.`description`, `enrollments`.`enrollment_date`
FROM `enrollments`
INNER JOIN `courses` ON `courses`.`id` = `enrollments`.`course_id`
WHERE `enrollments`.`user_id` = :enrollments.user_id:
ORDER BY `enrollment_date` DESC', [...], false)
 4 SYSTEMPATH\Model.php(286): CodeIgniter\Database\BaseBuilder->get()
 5 SYSTEMPATH\BaseModel.php(677): CodeIgniter\Model->doFindAll(0, 0)
 6 APPPATH\Models\EnrollmentModel.php(31): CodeIgniter\BaseModel->findAll()
 7 APPPATH\Controllers\Auth.php(146): App\Models\EnrollmentModel->getUserEnrollments(11)
 8 SYSTEMPATH\CodeIgniter.php(933): App\Controllers\Auth->dashboard()
 9 SYSTEMPATH\CodeIgniter.php(507): CodeIgniter\CodeIgniter->runController(Object(App\Controllers\Auth))
10 SYSTEMPATH\CodeIgniter.php(354): CodeIgniter\CodeIgniter->handleRequest(null, Object(Config\Cache), false)
11 SYSTEMPATH\Boot.php(363): CodeIgniter\CodeIgniter->run()
12 SYSTEMPATH\Boot.php(68): CodeIgniter\Boot::runCodeIgniter(Object(CodeIgniter\CodeIgniter))
13 FCPATH\index.php(59): CodeIgniter\Boot::bootWeb(Object(Config\Paths))
14 SYSTEMPATH\rewrite.php(44): require_once('C:\\xampp\\htdocs\\ITE311-CASTILLO\\public\\index.php')
CRITICAL - 2025-10-10 12:49:20 --> [Caused by] mysqli_sql_exception: Unknown column 'enrollments.enrollment_date' in 'field list'
in SYSTEMPATH\Database\MySQLi\Connection.php on line 327.
 1 SYSTEMPATH\Database\MySQLi\Connection.php(327): mysqli->query('SELECT `enrollments`.*, `courses`.`id` as `id`, `courses`.`title`, `courses`.`description`, `enrollments`.`enrollment_date`
FROM `enrollments`
INNER JOIN `courses` ON `courses`.`id` = `enrollments`.`course_id`
WHERE `enrollments`.`user_id` = 11
ORDER BY `enrollment_date` DESC', 0)
 2 SYSTEMPATH\Database\BaseConnection.php(729): CodeIgniter\Database\MySQLi\Connection->execute('SELECT `enrollments`.*, `courses`.`id` as `id`, `courses`.`title`, `courses`.`description`, `enrollments`.`enrollment_date`
FROM `enrollments`
INNER JOIN `courses` ON `courses`.`id` = `enrollments`.`course_id`
WHERE `enrollments`.`user_id` = 11
ORDER BY `enrollment_date` DESC')
 3 SYSTEMPATH\Database\BaseConnection.php(646): CodeIgniter\Database\BaseConnection->simpleQuery('SELECT `enrollments`.*, `courses`.`id` as `id`, `courses`.`title`, `courses`.`description`, `enrollments`.`enrollment_date`
FROM `enrollments`
INNER JOIN `courses` ON `courses`.`id` = `enrollments`.`course_id`
WHERE `enrollments`.`user_id` = 11
ORDER BY `enrollment_date` DESC')
 4 SYSTEMPATH\Database\BaseBuilder.php(1649): CodeIgniter\Database\BaseConnection->query('SELECT `enrollments`.*, `courses`.`id` as `id`, `courses`.`title`, `courses`.`description`, `enrollments`.`enrollment_date`
FROM `enrollments`
INNER JOIN `courses` ON `courses`.`id` = `enrollments`.`course_id`
WHERE `enrollments`.`user_id` = :enrollments.user_id:
ORDER BY `enrollment_date` DESC', [...], false)
 5 SYSTEMPATH\Model.php(286): CodeIgniter\Database\BaseBuilder->get()
 6 SYSTEMPATH\BaseModel.php(677): CodeIgniter\Model->doFindAll(0, 0)
 7 APPPATH\Models\EnrollmentModel.php(31): CodeIgniter\BaseModel->findAll()
 8 APPPATH\Controllers\Auth.php(146): App\Models\EnrollmentModel->getUserEnrollments(11)
 9 SYSTEMPATH\CodeIgniter.php(933): App\Controllers\Auth->dashboard()
10 SYSTEMPATH\CodeIgniter.php(507): CodeIgniter\CodeIgniter->runController(Object(App\Controllers\Auth))
11 SYSTEMPATH\CodeIgniter.php(354): CodeIgniter\CodeIgniter->handleRequest(null, Object(Config\Cache), false)
12 SYSTEMPATH\Boot.php(363): CodeIgniter\CodeIgniter->run()
13 SYSTEMPATH\Boot.php(68): CodeIgniter\Boot::runCodeIgniter(Object(CodeIgniter\CodeIgniter))
14 FCPATH\index.php(59): CodeIgniter\Boot::bootWeb(Object(Config\Paths))
15 SYSTEMPATH\rewrite.php(44): require_once('C:\\xampp\\htdocs\\ITE311-CASTILLO\\public\\index.php')
ERROR - 2025-10-10 12:49:21 --> mysqli_sql_exception: Unknown column 'enrollments.enrollment_date' in 'field list' in C:\xampp\htdocs\ITE311-CASTILLO\system\Database\MySQLi\Connection.php:327
Stack trace:
#0 C:\xampp\htdocs\ITE311-CASTILLO\system\Database\MySQLi\Connection.php(327): mysqli->query('SELECT `enrollm...', 0)
#1 C:\xampp\htdocs\ITE311-CASTILLO\system\Database\BaseConnection.php(729): CodeIgniter\Database\MySQLi\Connection->execute('SELECT `enrollm...')
#2 C:\xampp\htdocs\ITE311-CASTILLO\system\Database\BaseConnection.php(646): CodeIgniter\Database\BaseConnection->simpleQuery('SELECT `enrollm...')
#3 C:\xampp\htdocs\ITE311-CASTILLO\system\Database\BaseBuilder.php(1649): CodeIgniter\Database\BaseConnection->query('SELECT `enrollm...', Array, false)
#4 C:\xampp\htdocs\ITE311-CASTILLO\system\Model.php(286): CodeIgniter\Database\BaseBuilder->get()
#5 C:\xampp\htdocs\ITE311-CASTILLO\system\BaseModel.php(677): CodeIgniter\Model->doFindAll(0, 0)
#6 C:\xampp\htdocs\ITE311-CASTILLO\app\Models\EnrollmentModel.php(31): CodeIgniter\BaseModel->findAll()
#7 C:\xampp\htdocs\ITE311-CASTILLO\app\Controllers\Auth.php(146): App\Models\EnrollmentModel->getUserEnrollments(11)
#8 C:\xampp\htdocs\ITE311-CASTILLO\system\CodeIgniter.php(933): App\Controllers\Auth->dashboard()
#9 C:\xampp\htdocs\ITE311-CASTILLO\system\CodeIgniter.php(507): CodeIgniter\CodeIgniter->runController(Object(App\Controllers\Auth))
#10 C:\xampp\htdocs\ITE311-CASTILLO\system\CodeIgniter.php(354): CodeIgniter\CodeIgniter->handleRequest(NULL, Object(Config\Cache), false)
#11 C:\xampp\htdocs\ITE311-CASTILLO\system\Boot.php(363): CodeIgniter\CodeIgniter->run()
#12 C:\xampp\htdocs\ITE311-CASTILLO\system\Boot.php(68): CodeIgniter\Boot::runCodeIgniter(Object(CodeIgniter\CodeIgniter))
#13 C:\xampp\htdocs\ITE311-CASTILLO\public\index.php(59): CodeIgniter\Boot::bootWeb(Object(Config\Paths))
#14 C:\xampp\htdocs\ITE311-CASTILLO\system\rewrite.php(44): require_once('C:\\xampp\\htdocs...')
#15 {main}
CRITICAL - 2025-10-10 12:49:21 --> CodeIgniter\Database\Exceptions\DatabaseException: Unknown column 'enrollments.enrollment_date' in 'field list'
[Method: GET, Route: dashboard]
in SYSTEMPATH\Database\BaseConnection.php on line 684.
 1 SYSTEMPATH\Database\BaseBuilder.php(1649): CodeIgniter\Database\BaseConnection->query('SELECT `enrollments`.*, `courses`.`id` as `id`, `courses`.`title`, `courses`.`description`, `enrollments`.`enrollment_date`
FROM `enrollments`
INNER JOIN `courses` ON `courses`.`id` = `enrollments`.`course_id`
WHERE `enrollments`.`user_id` = :enrollments.user_id:
ORDER BY `enrollment_date` DESC', [...], false)
 2 SYSTEMPATH\Model.php(286): CodeIgniter\Database\BaseBuilder->get()
 3 SYSTEMPATH\BaseModel.php(677): CodeIgniter\Model->doFindAll(0, 0)
 4 APPPATH\Models\EnrollmentModel.php(31): CodeIgniter\BaseModel->findAll()
 5 APPPATH\Controllers\Auth.php(146): App\Models\EnrollmentModel->getUserEnrollments(11)
 6 SYSTEMPATH\CodeIgniter.php(933): App\Controllers\Auth->dashboard()
 7 SYSTEMPATH\CodeIgniter.php(507): CodeIgniter\CodeIgniter->runController(Object(App\Controllers\Auth))
 8 SYSTEMPATH\CodeIgniter.php(354): CodeIgniter\CodeIgniter->handleRequest(null, Object(Config\Cache), false)
 9 SYSTEMPATH\Boot.php(363): CodeIgniter\CodeIgniter->run()
10 SYSTEMPATH\Boot.php(68): CodeIgniter\Boot::runCodeIgniter(Object(CodeIgniter\CodeIgniter))
11 FCPATH\index.php(59): CodeIgniter\Boot::bootWeb(Object(Config\Paths))
12 SYSTEMPATH\rewrite.php(44): require_once('C:\\xampp\\htdocs\\ITE311-CASTILLO\\public\\index.php')
CRITICAL - 2025-10-10 12:49:21 --> [Caused by] CodeIgniter\Database\Exceptions\DatabaseException: Unknown column 'enrollments.enrollment_date' in 'field list'
in SYSTEMPATH\Database\MySQLi\Connection.php on line 332.
 1 SYSTEMPATH\Database\BaseConnection.php(729): CodeIgniter\Database\MySQLi\Connection->execute('SELECT `enrollments`.*, `courses`.`id` as `id`, `courses`.`title`, `courses`.`description`, `enrollments`.`enrollment_date`
FROM `enrollments`
INNER JOIN `courses` ON `courses`.`id` = `enrollments`.`course_id`
WHERE `enrollments`.`user_id` = 11
ORDER BY `enrollment_date` DESC')
 2 SYSTEMPATH\Database\BaseConnection.php(646): CodeIgniter\Database\BaseConnection->simpleQuery('SELECT `enrollments`.*, `courses`.`id` as `id`, `courses`.`title`, `courses`.`description`, `enrollments`.`enrollment_date`
FROM `enrollments`
INNER JOIN `courses` ON `courses`.`id` = `enrollments`.`course_id`
WHERE `enrollments`.`user_id` = 11
ORDER BY `enrollment_date` DESC')
 3 SYSTEMPATH\Database\BaseBuilder.php(1649): CodeIgniter\Database\BaseConnection->query('SELECT `enrollments`.*, `courses`.`id` as `id`, `courses`.`title`, `courses`.`description`, `enrollments`.`enrollment_date`
FROM `enrollments`
INNER JOIN `courses` ON `courses`.`id` = `enrollments`.`course_id`
WHERE `enrollments`.`user_id` = :enrollments.user_id:
ORDER BY `enrollment_date` DESC', [...], false)
 4 SYSTEMPATH\Model.php(286): CodeIgniter\Database\BaseBuilder->get()
 5 SYSTEMPATH\BaseModel.php(677): CodeIgniter\Model->doFindAll(0, 0)
 6 APPPATH\Models\EnrollmentModel.php(31): CodeIgniter\BaseModel->findAll()
 7 APPPATH\Controllers\Auth.php(146): App\Models\EnrollmentModel->getUserEnrollments(11)
 8 SYSTEMPATH\CodeIgniter.php(933): App\Controllers\Auth->dashboard()
 9 SYSTEMPATH\CodeIgniter.php(507): CodeIgniter\CodeIgniter->runController(Object(App\Controllers\Auth))
10 SYSTEMPATH\CodeIgniter.php(354): CodeIgniter\CodeIgniter->handleRequest(null, Object(Config\Cache), false)
11 SYSTEMPATH\Boot.php(363): CodeIgniter\CodeIgniter->run()
12 SYSTEMPATH\Boot.php(68): CodeIgniter\Boot::runCodeIgniter(Object(CodeIgniter\CodeIgniter))
13 FCPATH\index.php(59): CodeIgniter\Boot::bootWeb(Object(Config\Paths))
14 SYSTEMPATH\rewrite.php(44): require_once('C:\\xampp\\htdocs\\ITE311-CASTILLO\\public\\index.php')
CRITICAL - 2025-10-10 12:49:21 --> [Caused by] mysqli_sql_exception: Unknown column 'enrollments.enrollment_date' in 'field list'
in SYSTEMPATH\Database\MySQLi\Connection.php on line 327.
 1 SYSTEMPATH\Database\MySQLi\Connection.php(327): mysqli->query('SELECT `enrollments`.*, `courses`.`id` as `id`, `courses`.`title`, `courses`.`description`, `enrollments`.`enrollment_date`
FROM `enrollments`
INNER JOIN `courses` ON `courses`.`id` = `enrollments`.`course_id`
WHERE `enrollments`.`user_id` = 11
ORDER BY `enrollment_date` DESC', 0)
 2 SYSTEMPATH\Database\BaseConnection.php(729): CodeIgniter\Database\MySQLi\Connection->execute('SELECT `enrollments`.*, `courses`.`id` as `id`, `courses`.`title`, `courses`.`description`, `enrollments`.`enrollment_date`
FROM `enrollments`
INNER JOIN `courses` ON `courses`.`id` = `enrollments`.`course_id`
WHERE `enrollments`.`user_id` = 11
ORDER BY `enrollment_date` DESC')
 3 SYSTEMPATH\Database\BaseConnection.php(646): CodeIgniter\Database\BaseConnection->simpleQuery('SELECT `enrollments`.*, `courses`.`id` as `id`, `courses`.`title`, `courses`.`description`, `enrollments`.`enrollment_date`
FROM `enrollments`
INNER JOIN `courses` ON `courses`.`id` = `enrollments`.`course_id`
WHERE `enrollments`.`user_id` = 11
ORDER BY `enrollment_date` DESC')
 4 SYSTEMPATH\Database\BaseBuilder.php(1649): CodeIgniter\Database\BaseConnection->query('SELECT `enrollments`.*, `courses`.`id` as `id`, `courses`.`title`, `courses`.`description`, `enrollments`.`enrollment_date`
FROM `enrollments`
INNER JOIN `courses` ON `courses`.`id` = `enrollments`.`course_id`
WHERE `enrollments`.`user_id` = :enrollments.user_id:
ORDER BY `enrollment_date` DESC', [...], false)
 5 SYSTEMPATH\Model.php(286): CodeIgniter\Database\BaseBuilder->get()
 6 SYSTEMPATH\BaseModel.php(677): CodeIgniter\Model->doFindAll(0, 0)
 7 APPPATH\Models\EnrollmentModel.php(31): CodeIgniter\BaseModel->findAll()
 8 APPPATH\Controllers\Auth.php(146): App\Models\EnrollmentModel->getUserEnrollments(11)
 9 SYSTEMPATH\CodeIgniter.php(933): App\Controllers\Auth->dashboard()
10 SYSTEMPATH\CodeIgniter.php(507): CodeIgniter\CodeIgniter->runController(Object(App\Controllers\Auth))
11 SYSTEMPATH\CodeIgniter.php(354): CodeIgniter\CodeIgniter->handleRequest(null, Object(Config\Cache), false)
12 SYSTEMPATH\Boot.php(363): CodeIgniter\CodeIgniter->run()
13 SYSTEMPATH\Boot.php(68): CodeIgniter\Boot::runCodeIgniter(Object(CodeIgniter\CodeIgniter))
14 FCPATH\index.php(59): CodeIgniter\Boot::bootWeb(Object(Config\Paths))
15 SYSTEMPATH\rewrite.php(44): require_once('C:\\xampp\\htdocs\\ITE311-CASTILLO\\public\\index.php')
ERROR - 2025-10-10 12:49:21 --> mysqli_sql_exception: Unknown column 'enrollments.enrollment_date' in 'field list' in C:\xampp\htdocs\ITE311-CASTILLO\system\Database\MySQLi\Connection.php:327
Stack trace:
#0 C:\xampp\htdocs\ITE311-CASTILLO\system\Database\MySQLi\Connection.php(327): mysqli->query('SELECT `enrollm...', 0)
#1 C:\xampp\htdocs\ITE311-CASTILLO\system\Database\BaseConnection.php(729): CodeIgniter\Database\MySQLi\Connection->execute('SELECT `enrollm...')
#2 C:\xampp\htdocs\ITE311-CASTILLO\system\Database\BaseConnection.php(646): CodeIgniter\Database\BaseConnection->simpleQuery('SELECT `enrollm...')
#3 C:\xampp\htdocs\ITE311-CASTILLO\system\Database\BaseBuilder.php(1649): CodeIgniter\Database\BaseConnection->query('SELECT `enrollm...', Array, false)
#4 C:\xampp\htdocs\ITE311-CASTILLO\system\Model.php(286): CodeIgniter\Database\BaseBuilder->get()
#5 C:\xampp\htdocs\ITE311-CASTILLO\system\BaseModel.php(677): CodeIgniter\Model->doFindAll(0, 0)
#6 C:\xampp\htdocs\ITE311-CASTILLO\app\Models\EnrollmentModel.php(31): CodeIgniter\BaseModel->findAll()
#7 C:\xampp\htdocs\ITE311-CASTILLO\app\Controllers\Auth.php(146): App\Models\EnrollmentModel->getUserEnrollments(11)
#8 C:\xampp\htdocs\ITE311-CASTILLO\system\CodeIgniter.php(933): App\Controllers\Auth->dashboard()
#9 C:\xampp\htdocs\ITE311-CASTILLO\system\CodeIgniter.php(507): CodeIgniter\CodeIgniter->runController(Object(App\Controllers\Auth))
#10 C:\xampp\htdocs\ITE311-CASTILLO\system\CodeIgniter.php(354): CodeIgniter\CodeIgniter->handleRequest(NULL, Object(Config\Cache), false)
#11 C:\xampp\htdocs\ITE311-CASTILLO\system\Boot.php(363): CodeIgniter\CodeIgniter->run()
#12 C:\xampp\htdocs\ITE311-CASTILLO\system\Boot.php(68): CodeIgniter\Boot::runCodeIgniter(Object(CodeIgniter\CodeIgniter))
#13 C:\xampp\htdocs\ITE311-CASTILLO\public\index.php(59): CodeIgniter\Boot::bootWeb(Object(Config\Paths))
#14 C:\xampp\htdocs\ITE311-CASTILLO\system\rewrite.php(44): require_once('C:\\xampp\\htdocs...')
#15 {main}
CRITICAL - 2025-10-10 12:49:21 --> CodeIgniter\Database\Exceptions\DatabaseException: Unknown column 'enrollments.enrollment_date' in 'field list'
[Method: GET, Route: dashboard]
in SYSTEMPATH\Database\BaseConnection.php on line 684.
 1 SYSTEMPATH\Database\BaseBuilder.php(1649): CodeIgniter\Database\BaseConnection->query('SELECT `enrollments`.*, `courses`.`id` as `id`, `courses`.`title`, `courses`.`description`, `enrollments`.`enrollment_date`
FROM `enrollments`
INNER JOIN `courses` ON `courses`.`id` = `enrollments`.`course_id`
WHERE `enrollments`.`user_id` = :enrollments.user_id:
ORDER BY `enrollment_date` DESC', [...], false)
 2 SYSTEMPATH\Model.php(286): CodeIgniter\Database\BaseBuilder->get()
 3 SYSTEMPATH\BaseModel.php(677): CodeIgniter\Model->doFindAll(0, 0)
 4 APPPATH\Models\EnrollmentModel.php(31): CodeIgniter\BaseModel->findAll()
 5 APPPATH\Controllers\Auth.php(146): App\Models\EnrollmentModel->getUserEnrollments(11)
 6 SYSTEMPATH\CodeIgniter.php(933): App\Controllers\Auth->dashboard()
 7 SYSTEMPATH\CodeIgniter.php(507): CodeIgniter\CodeIgniter->runController(Object(App\Controllers\Auth))
 8 SYSTEMPATH\CodeIgniter.php(354): CodeIgniter\CodeIgniter->handleRequest(null, Object(Config\Cache), false)
 9 SYSTEMPATH\Boot.php(363): CodeIgniter\CodeIgniter->run()
10 SYSTEMPATH\Boot.php(68): CodeIgniter\Boot::runCodeIgniter(Object(CodeIgniter\CodeIgniter))
11 FCPATH\index.php(59): CodeIgniter\Boot::bootWeb(Object(Config\Paths))
12 SYSTEMPATH\rewrite.php(44): require_once('C:\\xampp\\htdocs\\ITE311-CASTILLO\\public\\index.php')
CRITICAL - 2025-10-10 12:49:21 --> [Caused by] CodeIgniter\Database\Exceptions\DatabaseException: Unknown column 'enrollments.enrollment_date' in 'field list'
in SYSTEMPATH\Database\MySQLi\Connection.php on line 332.
 1 SYSTEMPATH\Database\BaseConnection.php(729): CodeIgniter\Database\MySQLi\Connection->execute('SELECT `enrollments`.*, `courses`.`id` as `id`, `courses`.`title`, `courses`.`description`, `enrollments`.`enrollment_date`
FROM `enrollments`
INNER JOIN `courses` ON `courses`.`id` = `enrollments`.`course_id`
WHERE `enrollments`.`user_id` = 11
ORDER BY `enrollment_date` DESC')
 2 SYSTEMPATH\Database\BaseConnection.php(646): CodeIgniter\Database\BaseConnection->simpleQuery('SELECT `enrollments`.*, `courses`.`id` as `id`, `courses`.`title`, `courses`.`description`, `enrollments`.`enrollment_date`
FROM `enrollments`
INNER JOIN `courses` ON `courses`.`id` = `enrollments`.`course_id`
WHERE `enrollments`.`user_id` = 11
ORDER BY `enrollment_date` DESC')
 3 SYSTEMPATH\Database\BaseBuilder.php(1649): CodeIgniter\Database\BaseConnection->query('SELECT `enrollments`.*, `courses`.`id` as `id`, `courses`.`title`, `courses`.`description`, `enrollments`.`enrollment_date`
FROM `enrollments`
INNER JOIN `courses` ON `courses`.`id` = `enrollments`.`course_id`
WHERE `enrollments`.`user_id` = :enrollments.user_id:
ORDER BY `enrollment_date` DESC', [...], false)
 4 SYSTEMPATH\Model.php(286): CodeIgniter\Database\BaseBuilder->get()
 5 SYSTEMPATH\BaseModel.php(677): CodeIgniter\Model->doFindAll(0, 0)
 6 APPPATH\Models\EnrollmentModel.php(31): CodeIgniter\BaseModel->findAll()
 7 APPPATH\Controllers\Auth.php(146): App\Models\EnrollmentModel->getUserEnrollments(11)
 8 SYSTEMPATH\CodeIgniter.php(933): App\Controllers\Auth->dashboard()
 9 SYSTEMPATH\CodeIgniter.php(507): CodeIgniter\CodeIgniter->runController(Object(App\Controllers\Auth))
10 SYSTEMPATH\CodeIgniter.php(354): CodeIgniter\CodeIgniter->handleRequest(null, Object(Config\Cache), false)
11 SYSTEMPATH\Boot.php(363): CodeIgniter\CodeIgniter->run()
12 SYSTEMPATH\Boot.php(68): CodeIgniter\Boot::runCodeIgniter(Object(CodeIgniter\CodeIgniter))
13 FCPATH\index.php(59): CodeIgniter\Boot::bootWeb(Object(Config\Paths))
14 SYSTEMPATH\rewrite.php(44): require_once('C:\\xampp\\htdocs\\ITE311-CASTILLO\\public\\index.php')
CRITICAL - 2025-10-10 12:49:21 --> [Caused by] mysqli_sql_exception: Unknown column 'enrollments.enrollment_date' in 'field list'
in SYSTEMPATH\Database\MySQLi\Connection.php on line 327.
 1 SYSTEMPATH\Database\MySQLi\Connection.php(327): mysqli->query('SELECT `enrollments`.*, `courses`.`id` as `id`, `courses`.`title`, `courses`.`description`, `enrollments`.`enrollment_date`
FROM `enrollments`
INNER JOIN `courses` ON `courses`.`id` = `enrollments`.`course_id`
WHERE `enrollments`.`user_id` = 11
ORDER BY `enrollment_date` DESC', 0)
 2 SYSTEMPATH\Database\BaseConnection.php(729): CodeIgniter\Database\MySQLi\Connection->execute('SELECT `enrollments`.*, `courses`.`id` as `id`, `courses`.`title`, `courses`.`description`, `enrollments`.`enrollment_date`
FROM `enrollments`
INNER JOIN `courses` ON `courses`.`id` = `enrollments`.`course_id`
WHERE `enrollments`.`user_id` = 11
ORDER BY `enrollment_date` DESC')
 3 SYSTEMPATH\Database\BaseConnection.php(646): CodeIgniter\Database\BaseConnection->simpleQuery('SELECT `enrollments`.*, `courses`.`id` as `id`, `courses`.`title`, `courses`.`description`, `enrollments`.`enrollment_date`
FROM `enrollments`
INNER JOIN `courses` ON `courses`.`id` = `enrollments`.`course_id`
WHERE `enrollments`.`user_id` = 11
ORDER BY `enrollment_date` DESC')
 4 SYSTEMPATH\Database\BaseBuilder.php(1649): CodeIgniter\Database\BaseConnection->query('SELECT `enrollments`.*, `courses`.`id` as `id`, `courses`.`title`, `courses`.`description`, `enrollments`.`enrollment_date`
FROM `enrollments`
INNER JOIN `courses` ON `courses`.`id` = `enrollments`.`course_id`
WHERE `enrollments`.`user_id` = :enrollments.user_id:
ORDER BY `enrollment_date` DESC', [...], false)
 5 SYSTEMPATH\Model.php(286): CodeIgniter\Database\BaseBuilder->get()
 6 SYSTEMPATH\BaseModel.php(677): CodeIgniter\Model->doFindAll(0, 0)
 7 APPPATH\Models\EnrollmentModel.php(31): CodeIgniter\BaseModel->findAll()
 8 APPPATH\Controllers\Auth.php(146): App\Models\EnrollmentModel->getUserEnrollments(11)
 9 SYSTEMPATH\CodeIgniter.php(933): App\Controllers\Auth->dashboard()
10 SYSTEMPATH\CodeIgniter.php(507): CodeIgniter\CodeIgniter->runController(Object(App\Controllers\Auth))
11 SYSTEMPATH\CodeIgniter.php(354): CodeIgniter\CodeIgniter->handleRequest(null, Object(Config\Cache), false)
12 SYSTEMPATH\Boot.php(363): CodeIgniter\CodeIgniter->run()
13 SYSTEMPATH\Boot.php(68): CodeIgniter\Boot::runCodeIgniter(Object(CodeIgniter\CodeIgniter))
14 FCPATH\index.php(59): CodeIgniter\Boot::bootWeb(Object(Config\Paths))
15 SYSTEMPATH\rewrite.php(44): require_once('C:\\xampp\\htdocs\\ITE311-CASTILLO\\public\\index.php')
ERROR - 2025-10-10 12:50:28 --> mysqli_sql_exception: Unknown column 'enrollments.enrollment_date' in 'field list' in C:\xampp\htdocs\ITE311-CASTILLO\system\Database\MySQLi\Connection.php:327
Stack trace:
#0 C:\xampp\htdocs\ITE311-CASTILLO\system\Database\MySQLi\Connection.php(327): mysqli->query('SELECT `enrollm...', 0)
#1 C:\xampp\htdocs\ITE311-CASTILLO\system\Database\BaseConnection.php(729): CodeIgniter\Database\MySQLi\Connection->execute('SELECT `enrollm...')
#2 C:\xampp\htdocs\ITE311-CASTILLO\system\Database\BaseConnection.php(646): CodeIgniter\Database\BaseConnection->simpleQuery('SELECT `enrollm...')
#3 C:\xampp\htdocs\ITE311-CASTILLO\system\Database\BaseBuilder.php(1649): CodeIgniter\Database\BaseConnection->query('SELECT `enrollm...', Array, false)
#4 C:\xampp\htdocs\ITE311-CASTILLO\system\Model.php(286): CodeIgniter\Database\BaseBuilder->get()
#5 C:\xampp\htdocs\ITE311-CASTILLO\system\BaseModel.php(677): CodeIgniter\Model->doFindAll(0, 0)
#6 C:\xampp\htdocs\ITE311-CASTILLO\app\Models\EnrollmentModel.php(31): CodeIgniter\BaseModel->findAll()
#7 C:\xampp\htdocs\ITE311-CASTILLO\app\Controllers\Student\Enrollments.php(24): App\Models\EnrollmentModel->getUserEnrollments(11)
#8 C:\xampp\htdocs\ITE311-CASTILLO\system\CodeIgniter.php(933): App\Controllers\Student\Enrollments->index()
#9 C:\xampp\htdocs\ITE311-CASTILLO\system\CodeIgniter.php(507): CodeIgniter\CodeIgniter->runController(Object(App\Controllers\Student\Enrollments))
#10 C:\xampp\htdocs\ITE311-CASTILLO\system\CodeIgniter.php(354): CodeIgniter\CodeIgniter->handleRequest(NULL, Object(Config\Cache), false)
#11 C:\xampp\htdocs\ITE311-CASTILLO\system\Boot.php(363): CodeIgniter\CodeIgniter->run()
#12 C:\xampp\htdocs\ITE311-CASTILLO\system\Boot.php(68): CodeIgniter\Boot::runCodeIgniter(Object(CodeIgniter\CodeIgniter))
#13 C:\xampp\htdocs\ITE311-CASTILLO\public\index.php(59): CodeIgniter\Boot::bootWeb(Object(Config\Paths))
#14 C:\xampp\htdocs\ITE311-CASTILLO\system\rewrite.php(44): require_once('C:\\xampp\\htdocs...')
#15 {main}
CRITICAL - 2025-10-10 12:50:28 --> CodeIgniter\Database\Exceptions\DatabaseException: Unknown column 'enrollments.enrollment_date' in 'field list'
[Method: GET, Route: student/enrollments]
in SYSTEMPATH\Database\BaseConnection.php on line 684.
 1 SYSTEMPATH\Database\BaseBuilder.php(1649): CodeIgniter\Database\BaseConnection->query('SELECT `enrollments`.*, `courses`.`id` as `id`, `courses`.`title`, `courses`.`description`, `enrollments`.`enrollment_date`
FROM `enrollments`
INNER JOIN `courses` ON `courses`.`id` = `enrollments`.`course_id`
WHERE `enrollments`.`user_id` = :enrollments.user_id:
ORDER BY `enrollment_date` DESC', [...], false)
 2 SYSTEMPATH\Model.php(286): CodeIgniter\Database\BaseBuilder->get()
 3 SYSTEMPATH\BaseModel.php(677): CodeIgniter\Model->doFindAll(0, 0)
 4 APPPATH\Models\EnrollmentModel.php(31): CodeIgniter\BaseModel->findAll()
 5 APPPATH\Controllers\Student\Enrollments.php(24): App\Models\EnrollmentModel->getUserEnrollments(11)
 6 SYSTEMPATH\CodeIgniter.php(933): App\Controllers\Student\Enrollments->index()
 7 SYSTEMPATH\CodeIgniter.php(507): CodeIgniter\CodeIgniter->runController(Object(App\Controllers\Student\Enrollments))
 8 SYSTEMPATH\CodeIgniter.php(354): CodeIgniter\CodeIgniter->handleRequest(null, Object(Config\Cache), false)
 9 SYSTEMPATH\Boot.php(363): CodeIgniter\CodeIgniter->run()
10 SYSTEMPATH\Boot.php(68): CodeIgniter\Boot::runCodeIgniter(Object(CodeIgniter\CodeIgniter))
11 FCPATH\index.php(59): CodeIgniter\Boot::bootWeb(Object(Config\Paths))
12 SYSTEMPATH\rewrite.php(44): require_once('C:\\xampp\\htdocs\\ITE311-CASTILLO\\public\\index.php')
CRITICAL - 2025-10-10 12:50:28 --> [Caused by] CodeIgniter\Database\Exceptions\DatabaseException: Unknown column 'enrollments.enrollment_date' in 'field list'
in SYSTEMPATH\Database\MySQLi\Connection.php on line 332.
 1 SYSTEMPATH\Database\BaseConnection.php(729): CodeIgniter\Database\MySQLi\Connection->execute('SELECT `enrollments`.*, `courses`.`id` as `id`, `courses`.`title`, `courses`.`description`, `enrollments`.`enrollment_date`
FROM `enrollments`
INNER JOIN `courses` ON `courses`.`id` = `enrollments`.`course_id`
WHERE `enrollments`.`user_id` = 11
ORDER BY `enrollment_date` DESC')
 2 SYSTEMPATH\Database\BaseConnection.php(646): CodeIgniter\Database\BaseConnection->simpleQuery('SELECT `enrollments`.*, `courses`.`id` as `id`, `courses`.`title`, `courses`.`description`, `enrollments`.`enrollment_date`
FROM `enrollments`
INNER JOIN `courses` ON `courses`.`id` = `enrollments`.`course_id`
WHERE `enrollments`.`user_id` = 11
ORDER BY `enrollment_date` DESC')
 3 SYSTEMPATH\Database\BaseBuilder.php(1649): CodeIgniter\Database\BaseConnection->query('SELECT `enrollments`.*, `courses`.`id` as `id`, `courses`.`title`, `courses`.`description`, `enrollments`.`enrollment_date`
FROM `enrollments`
INNER JOIN `courses` ON `courses`.`id` = `enrollments`.`course_id`
WHERE `enrollments`.`user_id` = :enrollments.user_id:
ORDER BY `enrollment_date` DESC', [...], false)
 4 SYSTEMPATH\Model.php(286): CodeIgniter\Database\BaseBuilder->get()
 5 SYSTEMPATH\BaseModel.php(677): CodeIgniter\Model->doFindAll(0, 0)
 6 APPPATH\Models\EnrollmentModel.php(31): CodeIgniter\BaseModel->findAll()
 7 APPPATH\Controllers\Student\Enrollments.php(24): App\Models\EnrollmentModel->getUserEnrollments(11)
 8 SYSTEMPATH\CodeIgniter.php(933): App\Controllers\Student\Enrollments->index()
 9 SYSTEMPATH\CodeIgniter.php(507): CodeIgniter\CodeIgniter->runController(Object(App\Controllers\Student\Enrollments))
10 SYSTEMPATH\CodeIgniter.php(354): CodeIgniter\CodeIgniter->handleRequest(null, Object(Config\Cache), false)
11 SYSTEMPATH\Boot.php(363): CodeIgniter\CodeIgniter->run()
12 SYSTEMPATH\Boot.php(68): CodeIgniter\Boot::runCodeIgniter(Object(CodeIgniter\CodeIgniter))
13 FCPATH\index.php(59): CodeIgniter\Boot::bootWeb(Object(Config\Paths))
14 SYSTEMPATH\rewrite.php(44): require_once('C:\\xampp\\htdocs\\ITE311-CASTILLO\\public\\index.php')
CRITICAL - 2025-10-10 12:50:28 --> [Caused by] mysqli_sql_exception: Unknown column 'enrollments.enrollment_date' in 'field list'
in SYSTEMPATH\Database\MySQLi\Connection.php on line 327.
 1 SYSTEMPATH\Database\MySQLi\Connection.php(327): mysqli->query('SELECT `enrollments`.*, `courses`.`id` as `id`, `courses`.`title`, `courses`.`description`, `enrollments`.`enrollment_date`
FROM `enrollments`
INNER JOIN `courses` ON `courses`.`id` = `enrollments`.`course_id`
WHERE `enrollments`.`user_id` = 11
ORDER BY `enrollment_date` DESC', 0)
 2 SYSTEMPATH\Database\BaseConnection.php(729): CodeIgniter\Database\MySQLi\Connection->execute('SELECT `enrollments`.*, `courses`.`id` as `id`, `courses`.`title`, `courses`.`description`, `enrollments`.`enrollment_date`
FROM `enrollments`
INNER JOIN `courses` ON `courses`.`id` = `enrollments`.`course_id`
WHERE `enrollments`.`user_id` = 11
ORDER BY `enrollment_date` DESC')
 3 SYSTEMPATH\Database\BaseConnection.php(646): CodeIgniter\Database\BaseConnection->simpleQuery('SELECT `enrollments`.*, `courses`.`id` as `id`, `courses`.`title`, `courses`.`description`, `enrollments`.`enrollment_date`
FROM `enrollments`
INNER JOIN `courses` ON `courses`.`id` = `enrollments`.`course_id`
WHERE `enrollments`.`user_id` = 11
ORDER BY `enrollment_date` DESC')
 4 SYSTEMPATH\Database\BaseBuilder.php(1649): CodeIgniter\Database\BaseConnection->query('SELECT `enrollments`.*, `courses`.`id` as `id`, `courses`.`title`, `courses`.`description`, `enrollments`.`enrollment_date`
FROM `enrollments`
INNER JOIN `courses` ON `courses`.`id` = `enrollments`.`course_id`
WHERE `enrollments`.`user_id` = :enrollments.user_id:
ORDER BY `enrollment_date` DESC', [...], false)
 5 SYSTEMPATH\Model.php(286): CodeIgniter\Database\BaseBuilder->get()
 6 SYSTEMPATH\BaseModel.php(677): CodeIgniter\Model->doFindAll(0, 0)
 7 APPPATH\Models\EnrollmentModel.php(31): CodeIgniter\BaseModel->findAll()
 8 APPPATH\Controllers\Student\Enrollments.php(24): App\Models\EnrollmentModel->getUserEnrollments(11)
 9 SYSTEMPATH\CodeIgniter.php(933): App\Controllers\Student\Enrollments->index()
10 SYSTEMPATH\CodeIgniter.php(507): CodeIgniter\CodeIgniter->runController(Object(App\Controllers\Student\Enrollments))
11 SYSTEMPATH\CodeIgniter.php(354): CodeIgniter\CodeIgniter->handleRequest(null, Object(Config\Cache), false)
12 SYSTEMPATH\Boot.php(363): CodeIgniter\CodeIgniter->run()
13 SYSTEMPATH\Boot.php(68): CodeIgniter\Boot::runCodeIgniter(Object(CodeIgniter\CodeIgniter))
14 FCPATH\index.php(59): CodeIgniter\Boot::bootWeb(Object(Config\Paths))
15 SYSTEMPATH\rewrite.php(44): require_once('C:\\xampp\\htdocs\\ITE311-CASTILLO\\public\\index.php')
ERROR - 2025-10-10 12:50:28 --> mysqli_sql_exception: Unknown column 'enrollments.enrollment_date' in 'field list' in C:\xampp\htdocs\ITE311-CASTILLO\system\Database\MySQLi\Connection.php:327
Stack trace:
#0 C:\xampp\htdocs\ITE311-CASTILLO\system\Database\MySQLi\Connection.php(327): mysqli->query('SELECT `enrollm...', 0)
#1 C:\xampp\htdocs\ITE311-CASTILLO\system\Database\BaseConnection.php(729): CodeIgniter\Database\MySQLi\Connection->execute('SELECT `enrollm...')
#2 C:\xampp\htdocs\ITE311-CASTILLO\system\Database\BaseConnection.php(646): CodeIgniter\Database\BaseConnection->simpleQuery('SELECT `enrollm...')
#3 C:\xampp\htdocs\ITE311-CASTILLO\system\Database\BaseBuilder.php(1649): CodeIgniter\Database\BaseConnection->query('SELECT `enrollm...', Array, false)
#4 C:\xampp\htdocs\ITE311-CASTILLO\system\Model.php(286): CodeIgniter\Database\BaseBuilder->get()
#5 C:\xampp\htdocs\ITE311-CASTILLO\system\BaseModel.php(677): CodeIgniter\Model->doFindAll(0, 0)
#6 C:\xampp\htdocs\ITE311-CASTILLO\app\Models\EnrollmentModel.php(31): CodeIgniter\BaseModel->findAll()
#7 C:\xampp\htdocs\ITE311-CASTILLO\app\Controllers\Student\Enrollments.php(24): App\Models\EnrollmentModel->getUserEnrollments(11)
#8 C:\xampp\htdocs\ITE311-CASTILLO\system\CodeIgniter.php(933): App\Controllers\Student\Enrollments->index()
#9 C:\xampp\htdocs\ITE311-CASTILLO\system\CodeIgniter.php(507): CodeIgniter\CodeIgniter->runController(Object(App\Controllers\Student\Enrollments))
#10 C:\xampp\htdocs\ITE311-CASTILLO\system\CodeIgniter.php(354): CodeIgniter\CodeIgniter->handleRequest(NULL, Object(Config\Cache), false)
#11 C:\xampp\htdocs\ITE311-CASTILLO\system\Boot.php(363): CodeIgniter\CodeIgniter->run()
#12 C:\xampp\htdocs\ITE311-CASTILLO\system\Boot.php(68): CodeIgniter\Boot::runCodeIgniter(Object(CodeIgniter\CodeIgniter))
#13 C:\xampp\htdocs\ITE311-CASTILLO\public\index.php(59): CodeIgniter\Boot::bootWeb(Object(Config\Paths))
#14 C:\xampp\htdocs\ITE311-CASTILLO\system\rewrite.php(44): require_once('C:\\xampp\\htdocs...')
#15 {main}
CRITICAL - 2025-10-10 12:50:28 --> CodeIgniter\Database\Exceptions\DatabaseException: Unknown column 'enrollments.enrollment_date' in 'field list'
[Method: GET, Route: student/enrollments]
in SYSTEMPATH\Database\BaseConnection.php on line 684.
 1 SYSTEMPATH\Database\BaseBuilder.php(1649): CodeIgniter\Database\BaseConnection->query('SELECT `enrollments`.*, `courses`.`id` as `id`, `courses`.`title`, `courses`.`description`, `enrollments`.`enrollment_date`
FROM `enrollments`
INNER JOIN `courses` ON `courses`.`id` = `enrollments`.`course_id`
WHERE `enrollments`.`user_id` = :enrollments.user_id:
ORDER BY `enrollment_date` DESC', [...], false)
 2 SYSTEMPATH\Model.php(286): CodeIgniter\Database\BaseBuilder->get()
 3 SYSTEMPATH\BaseModel.php(677): CodeIgniter\Model->doFindAll(0, 0)
 4 APPPATH\Models\EnrollmentModel.php(31): CodeIgniter\BaseModel->findAll()
 5 APPPATH\Controllers\Student\Enrollments.php(24): App\Models\EnrollmentModel->getUserEnrollments(11)
 6 SYSTEMPATH\CodeIgniter.php(933): App\Controllers\Student\Enrollments->index()
 7 SYSTEMPATH\CodeIgniter.php(507): CodeIgniter\CodeIgniter->runController(Object(App\Controllers\Student\Enrollments))
 8 SYSTEMPATH\CodeIgniter.php(354): CodeIgniter\CodeIgniter->handleRequest(null, Object(Config\Cache), false)
 9 SYSTEMPATH\Boot.php(363): CodeIgniter\CodeIgniter->run()
10 SYSTEMPATH\Boot.php(68): CodeIgniter\Boot::runCodeIgniter(Object(CodeIgniter\CodeIgniter))
11 FCPATH\index.php(59): CodeIgniter\Boot::bootWeb(Object(Config\Paths))
12 SYSTEMPATH\rewrite.php(44): require_once('C:\\xampp\\htdocs\\ITE311-CASTILLO\\public\\index.php')
CRITICAL - 2025-10-10 12:50:28 --> [Caused by] CodeIgniter\Database\Exceptions\DatabaseException: Unknown column 'enrollments.enrollment_date' in 'field list'
in SYSTEMPATH\Database\MySQLi\Connection.php on line 332.
 1 SYSTEMPATH\Database\BaseConnection.php(729): CodeIgniter\Database\MySQLi\Connection->execute('SELECT `enrollments`.*, `courses`.`id` as `id`, `courses`.`title`, `courses`.`description`, `enrollments`.`enrollment_date`
FROM `enrollments`
INNER JOIN `courses` ON `courses`.`id` = `enrollments`.`course_id`
WHERE `enrollments`.`user_id` = 11
ORDER BY `enrollment_date` DESC')
 2 SYSTEMPATH\Database\BaseConnection.php(646): CodeIgniter\Database\BaseConnection->simpleQuery('SELECT `enrollments`.*, `courses`.`id` as `id`, `courses`.`title`, `courses`.`description`, `enrollments`.`enrollment_date`
FROM `enrollments`
INNER JOIN `courses` ON `courses`.`id` = `enrollments`.`course_id`
WHERE `enrollments`.`user_id` = 11
ORDER BY `enrollment_date` DESC')
 3 SYSTEMPATH\Database\BaseBuilder.php(1649): CodeIgniter\Database\BaseConnection->query('SELECT `enrollments`.*, `courses`.`id` as `id`, `courses`.`title`, `courses`.`description`, `enrollments`.`enrollment_date`
FROM `enrollments`
INNER JOIN `courses` ON `courses`.`id` = `enrollments`.`course_id`
WHERE `enrollments`.`user_id` = :enrollments.user_id:
ORDER BY `enrollment_date` DESC', [...], false)
 4 SYSTEMPATH\Model.php(286): CodeIgniter\Database\BaseBuilder->get()
 5 SYSTEMPATH\BaseModel.php(677): CodeIgniter\Model->doFindAll(0, 0)
 6 APPPATH\Models\EnrollmentModel.php(31): CodeIgniter\BaseModel->findAll()
 7 APPPATH\Controllers\Student\Enrollments.php(24): App\Models\EnrollmentModel->getUserEnrollments(11)
 8 SYSTEMPATH\CodeIgniter.php(933): App\Controllers\Student\Enrollments->index()
 9 SYSTEMPATH\CodeIgniter.php(507): CodeIgniter\CodeIgniter->runController(Object(App\Controllers\Student\Enrollments))
10 SYSTEMPATH\CodeIgniter.php(354): CodeIgniter\CodeIgniter->handleRequest(null, Object(Config\Cache), false)
11 SYSTEMPATH\Boot.php(363): CodeIgniter\CodeIgniter->run()
12 SYSTEMPATH\Boot.php(68): CodeIgniter\Boot::runCodeIgniter(Object(CodeIgniter\CodeIgniter))
13 FCPATH\index.php(59): CodeIgniter\Boot::bootWeb(Object(Config\Paths))
14 SYSTEMPATH\rewrite.php(44): require_once('C:\\xampp\\htdocs\\ITE311-CASTILLO\\public\\index.php')
CRITICAL - 2025-10-10 12:50:28 --> [Caused by] mysqli_sql_exception: Unknown column 'enrollments.enrollment_date' in 'field list'
in SYSTEMPATH\Database\MySQLi\Connection.php on line 327.
 1 SYSTEMPATH\Database\MySQLi\Connection.php(327): mysqli->query('SELECT `enrollments`.*, `courses`.`id` as `id`, `courses`.`title`, `courses`.`description`, `enrollments`.`enrollment_date`
FROM `enrollments`
INNER JOIN `courses` ON `courses`.`id` = `enrollments`.`course_id`
WHERE `enrollments`.`user_id` = 11
ORDER BY `enrollment_date` DESC', 0)
 2 SYSTEMPATH\Database\BaseConnection.php(729): CodeIgniter\Database\MySQLi\Connection->execute('SELECT `enrollments`.*, `courses`.`id` as `id`, `courses`.`title`, `courses`.`description`, `enrollments`.`enrollment_date`
FROM `enrollments`
INNER JOIN `courses` ON `courses`.`id` = `enrollments`.`course_id`
WHERE `enrollments`.`user_id` = 11
ORDER BY `enrollment_date` DESC')
 3 SYSTEMPATH\Database\BaseConnection.php(646): CodeIgniter\Database\BaseConnection->simpleQuery('SELECT `enrollments`.*, `courses`.`id` as `id`, `courses`.`title`, `courses`.`description`, `enrollments`.`enrollment_date`
FROM `enrollments`
INNER JOIN `courses` ON `courses`.`id` = `enrollments`.`course_id`
WHERE `enrollments`.`user_id` = 11
ORDER BY `enrollment_date` DESC')
 4 SYSTEMPATH\Database\BaseBuilder.php(1649): CodeIgniter\Database\BaseConnection->query('SELECT `enrollments`.*, `courses`.`id` as `id`, `courses`.`title`, `courses`.`description`, `enrollments`.`enrollment_date`
FROM `enrollments`
INNER JOIN `courses` ON `courses`.`id` = `enrollments`.`course_id`
WHERE `enrollments`.`user_id` = :enrollments.user_id:
ORDER BY `enrollment_date` DESC', [...], false)
 5 SYSTEMPATH\Model.php(286): CodeIgniter\Database\BaseBuilder->get()
 6 SYSTEMPATH\BaseModel.php(677): CodeIgniter\Model->doFindAll(0, 0)
 7 APPPATH\Models\EnrollmentModel.php(31): CodeIgniter\BaseModel->findAll()
 8 APPPATH\Controllers\Student\Enrollments.php(24): App\Models\EnrollmentModel->getUserEnrollments(11)
 9 SYSTEMPATH\CodeIgniter.php(933): App\Controllers\Student\Enrollments->index()
10 SYSTEMPATH\CodeIgniter.php(507): CodeIgniter\CodeIgniter->runController(Object(App\Controllers\Student\Enrollments))
11 SYSTEMPATH\CodeIgniter.php(354): CodeIgniter\CodeIgniter->handleRequest(null, Object(Config\Cache), false)
12 SYSTEMPATH\Boot.php(363): CodeIgniter\CodeIgniter->run()
13 SYSTEMPATH\Boot.php(68): CodeIgniter\Boot::runCodeIgniter(Object(CodeIgniter\CodeIgniter))
14 FCPATH\index.php(59): CodeIgniter\Boot::bootWeb(Object(Config\Paths))
15 SYSTEMPATH\rewrite.php(44): require_once('C:\\xampp\\htdocs\\ITE311-CASTILLO\\public\\index.php')
ERROR - 2025-10-10 12:50:29 --> mysqli_sql_exception: Unknown column 'enrollments.enrollment_date' in 'field list' in C:\xampp\htdocs\ITE311-CASTILLO\system\Database\MySQLi\Connection.php:327
Stack trace:
#0 C:\xampp\htdocs\ITE311-CASTILLO\system\Database\MySQLi\Connection.php(327): mysqli->query('SELECT `enrollm...', 0)
#1 C:\xampp\htdocs\ITE311-CASTILLO\system\Database\BaseConnection.php(729): CodeIgniter\Database\MySQLi\Connection->execute('SELECT `enrollm...')
#2 C:\xampp\htdocs\ITE311-CASTILLO\system\Database\BaseConnection.php(646): CodeIgniter\Database\BaseConnection->simpleQuery('SELECT `enrollm...')
#3 C:\xampp\htdocs\ITE311-CASTILLO\system\Database\BaseBuilder.php(1649): CodeIgniter\Database\BaseConnection->query('SELECT `enrollm...', Array, false)
#4 C:\xampp\htdocs\ITE311-CASTILLO\system\Model.php(286): CodeIgniter\Database\BaseBuilder->get()
#5 C:\xampp\htdocs\ITE311-CASTILLO\system\BaseModel.php(677): CodeIgniter\Model->doFindAll(0, 0)
#6 C:\xampp\htdocs\ITE311-CASTILLO\app\Models\EnrollmentModel.php(31): CodeIgniter\BaseModel->findAll()
#7 C:\xampp\htdocs\ITE311-CASTILLO\app\Controllers\Student\Enrollments.php(24): App\Models\EnrollmentModel->getUserEnrollments(11)
#8 C:\xampp\htdocs\ITE311-CASTILLO\system\CodeIgniter.php(933): App\Controllers\Student\Enrollments->index()
#9 C:\xampp\htdocs\ITE311-CASTILLO\system\CodeIgniter.php(507): CodeIgniter\CodeIgniter->runController(Object(App\Controllers\Student\Enrollments))
#10 C:\xampp\htdocs\ITE311-CASTILLO\system\CodeIgniter.php(354): CodeIgniter\CodeIgniter->handleRequest(NULL, Object(Config\Cache), false)
#11 C:\xampp\htdocs\ITE311-CASTILLO\system\Boot.php(363): CodeIgniter\CodeIgniter->run()
#12 C:\xampp\htdocs\ITE311-CASTILLO\system\Boot.php(68): CodeIgniter\Boot::runCodeIgniter(Object(CodeIgniter\CodeIgniter))
#13 C:\xampp\htdocs\ITE311-CASTILLO\public\index.php(59): CodeIgniter\Boot::bootWeb(Object(Config\Paths))
#14 C:\xampp\htdocs\ITE311-CASTILLO\system\rewrite.php(44): require_once('C:\\xampp\\htdocs...')
#15 {main}
CRITICAL - 2025-10-10 12:50:29 --> CodeIgniter\Database\Exceptions\DatabaseException: Unknown column 'enrollments.enrollment_date' in 'field list'
[Method: GET, Route: student/enrollments]
in SYSTEMPATH\Database\BaseConnection.php on line 684.
 1 SYSTEMPATH\Database\BaseBuilder.php(1649): CodeIgniter\Database\BaseConnection->query('SELECT `enrollments`.*, `courses`.`id` as `id`, `courses`.`title`, `courses`.`description`, `enrollments`.`enrollment_date`
FROM `enrollments`
INNER JOIN `courses` ON `courses`.`id` = `enrollments`.`course_id`
WHERE `enrollments`.`user_id` = :enrollments.user_id:
ORDER BY `enrollment_date` DESC', [...], false)
 2 SYSTEMPATH\Model.php(286): CodeIgniter\Database\BaseBuilder->get()
 3 SYSTEMPATH\BaseModel.php(677): CodeIgniter\Model->doFindAll(0, 0)
 4 APPPATH\Models\EnrollmentModel.php(31): CodeIgniter\BaseModel->findAll()
 5 APPPATH\Controllers\Student\Enrollments.php(24): App\Models\EnrollmentModel->getUserEnrollments(11)
 6 SYSTEMPATH\CodeIgniter.php(933): App\Controllers\Student\Enrollments->index()
 7 SYSTEMPATH\CodeIgniter.php(507): CodeIgniter\CodeIgniter->runController(Object(App\Controllers\Student\Enrollments))
 8 SYSTEMPATH\CodeIgniter.php(354): CodeIgniter\CodeIgniter->handleRequest(null, Object(Config\Cache), false)
 9 SYSTEMPATH\Boot.php(363): CodeIgniter\CodeIgniter->run()
10 SYSTEMPATH\Boot.php(68): CodeIgniter\Boot::runCodeIgniter(Object(CodeIgniter\CodeIgniter))
11 FCPATH\index.php(59): CodeIgniter\Boot::bootWeb(Object(Config\Paths))
12 SYSTEMPATH\rewrite.php(44): require_once('C:\\xampp\\htdocs\\ITE311-CASTILLO\\public\\index.php')
CRITICAL - 2025-10-10 12:50:29 --> [Caused by] CodeIgniter\Database\Exceptions\DatabaseException: Unknown column 'enrollments.enrollment_date' in 'field list'
in SYSTEMPATH\Database\MySQLi\Connection.php on line 332.
 1 SYSTEMPATH\Database\BaseConnection.php(729): CodeIgniter\Database\MySQLi\Connection->execute('SELECT `enrollments`.*, `courses`.`id` as `id`, `courses`.`title`, `courses`.`description`, `enrollments`.`enrollment_date`
FROM `enrollments`
INNER JOIN `courses` ON `courses`.`id` = `enrollments`.`course_id`
WHERE `enrollments`.`user_id` = 11
ORDER BY `enrollment_date` DESC')
 2 SYSTEMPATH\Database\BaseConnection.php(646): CodeIgniter\Database\BaseConnection->simpleQuery('SELECT `enrollments`.*, `courses`.`id` as `id`, `courses`.`title`, `courses`.`description`, `enrollments`.`enrollment_date`
FROM `enrollments`
INNER JOIN `courses` ON `courses`.`id` = `enrollments`.`course_id`
WHERE `enrollments`.`user_id` = 11
ORDER BY `enrollment_date` DESC')
 3 SYSTEMPATH\Database\BaseBuilder.php(1649): CodeIgniter\Database\BaseConnection->query('SELECT `enrollments`.*, `courses`.`id` as `id`, `courses`.`title`, `courses`.`description`, `enrollments`.`enrollment_date`
FROM `enrollments`
INNER JOIN `courses` ON `courses`.`id` = `enrollments`.`course_id`
WHERE `enrollments`.`user_id` = :enrollments.user_id:
ORDER BY `enrollment_date` DESC', [...], false)
 4 SYSTEMPATH\Model.php(286): CodeIgniter\Database\BaseBuilder->get()
 5 SYSTEMPATH\BaseModel.php(677): CodeIgniter\Model->doFindAll(0, 0)
 6 APPPATH\Models\EnrollmentModel.php(31): CodeIgniter\BaseModel->findAll()
 7 APPPATH\Controllers\Student\Enrollments.php(24): App\Models\EnrollmentModel->getUserEnrollments(11)
 8 SYSTEMPATH\CodeIgniter.php(933): App\Controllers\Student\Enrollments->index()
 9 SYSTEMPATH\CodeIgniter.php(507): CodeIgniter\CodeIgniter->runController(Object(App\Controllers\Student\Enrollments))
10 SYSTEMPATH\CodeIgniter.php(354): CodeIgniter\CodeIgniter->handleRequest(null, Object(Config\Cache), false)
11 SYSTEMPATH\Boot.php(363): CodeIgniter\CodeIgniter->run()
12 SYSTEMPATH\Boot.php(68): CodeIgniter\Boot::runCodeIgniter(Object(CodeIgniter\CodeIgniter))
13 FCPATH\index.php(59): CodeIgniter\Boot::bootWeb(Object(Config\Paths))
14 SYSTEMPATH\rewrite.php(44): require_once('C:\\xampp\\htdocs\\ITE311-CASTILLO\\public\\index.php')
CRITICAL - 2025-10-10 12:50:29 --> [Caused by] mysqli_sql_exception: Unknown column 'enrollments.enrollment_date' in 'field list'
in SYSTEMPATH\Database\MySQLi\Connection.php on line 327.
 1 SYSTEMPATH\Database\MySQLi\Connection.php(327): mysqli->query('SELECT `enrollments`.*, `courses`.`id` as `id`, `courses`.`title`, `courses`.`description`, `enrollments`.`enrollment_date`
FROM `enrollments`
INNER JOIN `courses` ON `courses`.`id` = `enrollments`.`course_id`
WHERE `enrollments`.`user_id` = 11
ORDER BY `enrollment_date` DESC', 0)
 2 SYSTEMPATH\Database\BaseConnection.php(729): CodeIgniter\Database\MySQLi\Connection->execute('SELECT `enrollments`.*, `courses`.`id` as `id`, `courses`.`title`, `courses`.`description`, `enrollments`.`enrollment_date`
FROM `enrollments`
INNER JOIN `courses` ON `courses`.`id` = `enrollments`.`course_id`
WHERE `enrollments`.`user_id` = 11
ORDER BY `enrollment_date` DESC')
 3 SYSTEMPATH\Database\BaseConnection.php(646): CodeIgniter\Database\BaseConnection->simpleQuery('SELECT `enrollments`.*, `courses`.`id` as `id`, `courses`.`title`, `courses`.`description`, `enrollments`.`enrollment_date`
FROM `enrollments`
INNER JOIN `courses` ON `courses`.`id` = `enrollments`.`course_id`
WHERE `enrollments`.`user_id` = 11
ORDER BY `enrollment_date` DESC')
 4 SYSTEMPATH\Database\BaseBuilder.php(1649): CodeIgniter\Database\BaseConnection->query('SELECT `enrollments`.*, `courses`.`id` as `id`, `courses`.`title`, `courses`.`description`, `enrollments`.`enrollment_date`
FROM `enrollments`
INNER JOIN `courses` ON `courses`.`id` = `enrollments`.`course_id`
WHERE `enrollments`.`user_id` = :enrollments.user_id:
ORDER BY `enrollment_date` DESC', [...], false)
 5 SYSTEMPATH\Model.php(286): CodeIgniter\Database\BaseBuilder->get()
 6 SYSTEMPATH\BaseModel.php(677): CodeIgniter\Model->doFindAll(0, 0)
 7 APPPATH\Models\EnrollmentModel.php(31): CodeIgniter\BaseModel->findAll()
 8 APPPATH\Controllers\Student\Enrollments.php(24): App\Models\EnrollmentModel->getUserEnrollments(11)
 9 SYSTEMPATH\CodeIgniter.php(933): App\Controllers\Student\Enrollments->index()
10 SYSTEMPATH\CodeIgniter.php(507): CodeIgniter\CodeIgniter->runController(Object(App\Controllers\Student\Enrollments))
11 SYSTEMPATH\CodeIgniter.php(354): CodeIgniter\CodeIgniter->handleRequest(null, Object(Config\Cache), false)
12 SYSTEMPATH\Boot.php(363): CodeIgniter\CodeIgniter->run()
13 SYSTEMPATH\Boot.php(68): CodeIgniter\Boot::runCodeIgniter(Object(CodeIgniter\CodeIgniter))
14 FCPATH\index.php(59): CodeIgniter\Boot::bootWeb(Object(Config\Paths))
15 SYSTEMPATH\rewrite.php(44): require_once('C:\\xampp\\htdocs\\ITE311-CASTILLO\\public\\index.php')
ERROR - 2025-10-10 12:50:29 --> mysqli_sql_exception: Unknown column 'enrollments.enrollment_date' in 'field list' in C:\xampp\htdocs\ITE311-CASTILLO\system\Database\MySQLi\Connection.php:327
Stack trace:
#0 C:\xampp\htdocs\ITE311-CASTILLO\system\Database\MySQLi\Connection.php(327): mysqli->query('SELECT `enrollm...', 0)
#1 C:\xampp\htdocs\ITE311-CASTILLO\system\Database\BaseConnection.php(729): CodeIgniter\Database\MySQLi\Connection->execute('SELECT `enrollm...')
#2 C:\xampp\htdocs\ITE311-CASTILLO\system\Database\BaseConnection.php(646): CodeIgniter\Database\BaseConnection->simpleQuery('SELECT `enrollm...')
#3 C:\xampp\htdocs\ITE311-CASTILLO\system\Database\BaseBuilder.php(1649): CodeIgniter\Database\BaseConnection->query('SELECT `enrollm...', Array, false)
#4 C:\xampp\htdocs\ITE311-CASTILLO\system\Model.php(286): CodeIgniter\Database\BaseBuilder->get()
#5 C:\xampp\htdocs\ITE311-CASTILLO\system\BaseModel.php(677): CodeIgniter\Model->doFindAll(0, 0)
#6 C:\xampp\htdocs\ITE311-CASTILLO\app\Models\EnrollmentModel.php(31): CodeIgniter\BaseModel->findAll()
#7 C:\xampp\htdocs\ITE311-CASTILLO\app\Controllers\Student\Enrollments.php(24): App\Models\EnrollmentModel->getUserEnrollments(11)
#8 C:\xampp\htdocs\ITE311-CASTILLO\system\CodeIgniter.php(933): App\Controllers\Student\Enrollments->index()
#9 C:\xampp\htdocs\ITE311-CASTILLO\system\CodeIgniter.php(507): CodeIgniter\CodeIgniter->runController(Object(App\Controllers\Student\Enrollments))
#10 C:\xampp\htdocs\ITE311-CASTILLO\system\CodeIgniter.php(354): CodeIgniter\CodeIgniter->handleRequest(NULL, Object(Config\Cache), false)
#11 C:\xampp\htdocs\ITE311-CASTILLO\system\Boot.php(363): CodeIgniter\CodeIgniter->run()
#12 C:\xampp\htdocs\ITE311-CASTILLO\system\Boot.php(68): CodeIgniter\Boot::runCodeIgniter(Object(CodeIgniter\CodeIgniter))
#13 C:\xampp\htdocs\ITE311-CASTILLO\public\index.php(59): CodeIgniter\Boot::bootWeb(Object(Config\Paths))
#14 C:\xampp\htdocs\ITE311-CASTILLO\system\rewrite.php(44): require_once('C:\\xampp\\htdocs...')
#15 {main}
CRITICAL - 2025-10-10 12:50:29 --> CodeIgniter\Database\Exceptions\DatabaseException: Unknown column 'enrollments.enrollment_date' in 'field list'
[Method: GET, Route: student/enrollments]
in SYSTEMPATH\Database\BaseConnection.php on line 684.
 1 SYSTEMPATH\Database\BaseBuilder.php(1649): CodeIgniter\Database\BaseConnection->query('SELECT `enrollments`.*, `courses`.`id` as `id`, `courses`.`title`, `courses`.`description`, `enrollments`.`enrollment_date`
FROM `enrollments`
INNER JOIN `courses` ON `courses`.`id` = `enrollments`.`course_id`
WHERE `enrollments`.`user_id` = :enrollments.user_id:
ORDER BY `enrollment_date` DESC', [...], false)
 2 SYSTEMPATH\Model.php(286): CodeIgniter\Database\BaseBuilder->get()
 3 SYSTEMPATH\BaseModel.php(677): CodeIgniter\Model->doFindAll(0, 0)
 4 APPPATH\Models\EnrollmentModel.php(31): CodeIgniter\BaseModel->findAll()
 5 APPPATH\Controllers\Student\Enrollments.php(24): App\Models\EnrollmentModel->getUserEnrollments(11)
 6 SYSTEMPATH\CodeIgniter.php(933): App\Controllers\Student\Enrollments->index()
 7 SYSTEMPATH\CodeIgniter.php(507): CodeIgniter\CodeIgniter->runController(Object(App\Controllers\Student\Enrollments))
 8 SYSTEMPATH\CodeIgniter.php(354): CodeIgniter\CodeIgniter->handleRequest(null, Object(Config\Cache), false)
 9 SYSTEMPATH\Boot.php(363): CodeIgniter\CodeIgniter->run()
10 SYSTEMPATH\Boot.php(68): CodeIgniter\Boot::runCodeIgniter(Object(CodeIgniter\CodeIgniter))
11 FCPATH\index.php(59): CodeIgniter\Boot::bootWeb(Object(Config\Paths))
12 SYSTEMPATH\rewrite.php(44): require_once('C:\\xampp\\htdocs\\ITE311-CASTILLO\\public\\index.php')
CRITICAL - 2025-10-10 12:50:29 --> [Caused by] CodeIgniter\Database\Exceptions\DatabaseException: Unknown column 'enrollments.enrollment_date' in 'field list'
in SYSTEMPATH\Database\MySQLi\Connection.php on line 332.
 1 SYSTEMPATH\Database\BaseConnection.php(729): CodeIgniter\Database\MySQLi\Connection->execute('SELECT `enrollments`.*, `courses`.`id` as `id`, `courses`.`title`, `courses`.`description`, `enrollments`.`enrollment_date`
FROM `enrollments`
INNER JOIN `courses` ON `courses`.`id` = `enrollments`.`course_id`
WHERE `enrollments`.`user_id` = 11
ORDER BY `enrollment_date` DESC')
 2 SYSTEMPATH\Database\BaseConnection.php(646): CodeIgniter\Database\BaseConnection->simpleQuery('SELECT `enrollments`.*, `courses`.`id` as `id`, `courses`.`title`, `courses`.`description`, `enrollments`.`enrollment_date`
FROM `enrollments`
INNER JOIN `courses` ON `courses`.`id` = `enrollments`.`course_id`
WHERE `enrollments`.`user_id` = 11
ORDER BY `enrollment_date` DESC')
 3 SYSTEMPATH\Database\BaseBuilder.php(1649): CodeIgniter\Database\BaseConnection->query('SELECT `enrollments`.*, `courses`.`id` as `id`, `courses`.`title`, `courses`.`description`, `enrollments`.`enrollment_date`
FROM `enrollments`
INNER JOIN `courses` ON `courses`.`id` = `enrollments`.`course_id`
WHERE `enrollments`.`user_id` = :enrollments.user_id:
ORDER BY `enrollment_date` DESC', [...], false)
 4 SYSTEMPATH\Model.php(286): CodeIgniter\Database\BaseBuilder->get()
 5 SYSTEMPATH\BaseModel.php(677): CodeIgniter\Model->doFindAll(0, 0)
 6 APPPATH\Models\EnrollmentModel.php(31): CodeIgniter\BaseModel->findAll()
 7 APPPATH\Controllers\Student\Enrollments.php(24): App\Models\EnrollmentModel->getUserEnrollments(11)
 8 SYSTEMPATH\CodeIgniter.php(933): App\Controllers\Student\Enrollments->index()
 9 SYSTEMPATH\CodeIgniter.php(507): CodeIgniter\CodeIgniter->runController(Object(App\Controllers\Student\Enrollments))
10 SYSTEMPATH\CodeIgniter.php(354): CodeIgniter\CodeIgniter->handleRequest(null, Object(Config\Cache), false)
11 SYSTEMPATH\Boot.php(363): CodeIgniter\CodeIgniter->run()
12 SYSTEMPATH\Boot.php(68): CodeIgniter\Boot::runCodeIgniter(Object(CodeIgniter\CodeIgniter))
13 FCPATH\index.php(59): CodeIgniter\Boot::bootWeb(Object(Config\Paths))
14 SYSTEMPATH\rewrite.php(44): require_once('C:\\xampp\\htdocs\\ITE311-CASTILLO\\public\\index.php')
CRITICAL - 2025-10-10 12:50:29 --> [Caused by] mysqli_sql_exception: Unknown column 'enrollments.enrollment_date' in 'field list'
in SYSTEMPATH\Database\MySQLi\Connection.php on line 327.
 1 SYSTEMPATH\Database\MySQLi\Connection.php(327): mysqli->query('SELECT `enrollments`.*, `courses`.`id` as `id`, `courses`.`title`, `courses`.`description`, `enrollments`.`enrollment_date`
FROM `enrollments`
INNER JOIN `courses` ON `courses`.`id` = `enrollments`.`course_id`
WHERE `enrollments`.`user_id` = 11
ORDER BY `enrollment_date` DESC', 0)
 2 SYSTEMPATH\Database\BaseConnection.php(729): CodeIgniter\Database\MySQLi\Connection->execute('SELECT `enrollments`.*, `courses`.`id` as `id`, `courses`.`title`, `courses`.`description`, `enrollments`.`enrollment_date`
FROM `enrollments`
INNER JOIN `courses` ON `courses`.`id` = `enrollments`.`course_id`
WHERE `enrollments`.`user_id` = 11
ORDER BY `enrollment_date` DESC')
 3 SYSTEMPATH\Database\BaseConnection.php(646): CodeIgniter\Database\BaseConnection->simpleQuery('SELECT `enrollments`.*, `courses`.`id` as `id`, `courses`.`title`, `courses`.`description`, `enrollments`.`enrollment_date`
FROM `enrollments`
INNER JOIN `courses` ON `courses`.`id` = `enrollments`.`course_id`
WHERE `enrollments`.`user_id` = 11
ORDER BY `enrollment_date` DESC')
 4 SYSTEMPATH\Database\BaseBuilder.php(1649): CodeIgniter\Database\BaseConnection->query('SELECT `enrollments`.*, `courses`.`id` as `id`, `courses`.`title`, `courses`.`description`, `enrollments`.`enrollment_date`
FROM `enrollments`
INNER JOIN `courses` ON `courses`.`id` = `enrollments`.`course_id`
WHERE `enrollments`.`user_id` = :enrollments.user_id:
ORDER BY `enrollment_date` DESC', [...], false)
 5 SYSTEMPATH\Model.php(286): CodeIgniter\Database\BaseBuilder->get()
 6 SYSTEMPATH\BaseModel.php(677): CodeIgniter\Model->doFindAll(0, 0)
 7 APPPATH\Models\EnrollmentModel.php(31): CodeIgniter\BaseModel->findAll()
 8 APPPATH\Controllers\Student\Enrollments.php(24): App\Models\EnrollmentModel->getUserEnrollments(11)
 9 SYSTEMPATH\CodeIgniter.php(933): App\Controllers\Student\Enrollments->index()
10 SYSTEMPATH\CodeIgniter.php(507): CodeIgniter\CodeIgniter->runController(Object(App\Controllers\Student\Enrollments))
11 SYSTEMPATH\CodeIgniter.php(354): CodeIgniter\CodeIgniter->handleRequest(null, Object(Config\Cache), false)
12 SYSTEMPATH\Boot.php(363): CodeIgniter\CodeIgniter->run()
13 SYSTEMPATH\Boot.php(68): CodeIgniter\Boot::runCodeIgniter(Object(CodeIgniter\CodeIgniter))
14 FCPATH\index.php(59): CodeIgniter\Boot::bootWeb(Object(Config\Paths))
15 SYSTEMPATH\rewrite.php(44): require_once('C:\\xampp\\htdocs\\ITE311-CASTILLO\\public\\index.php')
ERROR - 2025-10-10 12:50:30 --> mysqli_sql_exception: Unknown column 'enrollments.enrollment_date' in 'field list' in C:\xampp\htdocs\ITE311-CASTILLO\system\Database\MySQLi\Connection.php:327
Stack trace:
#0 C:\xampp\htdocs\ITE311-CASTILLO\system\Database\MySQLi\Connection.php(327): mysqli->query('SELECT `enrollm...', 0)
#1 C:\xampp\htdocs\ITE311-CASTILLO\system\Database\BaseConnection.php(729): CodeIgniter\Database\MySQLi\Connection->execute('SELECT `enrollm...')
#2 C:\xampp\htdocs\ITE311-CASTILLO\system\Database\BaseConnection.php(646): CodeIgniter\Database\BaseConnection->simpleQuery('SELECT `enrollm...')
#3 C:\xampp\htdocs\ITE311-CASTILLO\system\Database\BaseBuilder.php(1649): CodeIgniter\Database\BaseConnection->query('SELECT `enrollm...', Array, false)
#4 C:\xampp\htdocs\ITE311-CASTILLO\system\Model.php(286): CodeIgniter\Database\BaseBuilder->get()
#5 C:\xampp\htdocs\ITE311-CASTILLO\system\BaseModel.php(677): CodeIgniter\Model->doFindAll(0, 0)
#6 C:\xampp\htdocs\ITE311-CASTILLO\app\Models\EnrollmentModel.php(31): CodeIgniter\BaseModel->findAll()
#7 C:\xampp\htdocs\ITE311-CASTILLO\app\Controllers\Auth.php(146): App\Models\EnrollmentModel->getUserEnrollments(11)
#8 C:\xampp\htdocs\ITE311-CASTILLO\system\CodeIgniter.php(933): App\Controllers\Auth->dashboard()
#9 C:\xampp\htdocs\ITE311-CASTILLO\system\CodeIgniter.php(507): CodeIgniter\CodeIgniter->runController(Object(App\Controllers\Auth))
#10 C:\xampp\htdocs\ITE311-CASTILLO\system\CodeIgniter.php(354): CodeIgniter\CodeIgniter->handleRequest(NULL, Object(Config\Cache), false)
#11 C:\xampp\htdocs\ITE311-CASTILLO\system\Boot.php(363): CodeIgniter\CodeIgniter->run()
#12 C:\xampp\htdocs\ITE311-CASTILLO\system\Boot.php(68): CodeIgniter\Boot::runCodeIgniter(Object(CodeIgniter\CodeIgniter))
#13 C:\xampp\htdocs\ITE311-CASTILLO\public\index.php(59): CodeIgniter\Boot::bootWeb(Object(Config\Paths))
#14 C:\xampp\htdocs\ITE311-CASTILLO\system\rewrite.php(44): require_once('C:\\xampp\\htdocs...')
#15 {main}
CRITICAL - 2025-10-10 12:50:30 --> CodeIgniter\Database\Exceptions\DatabaseException: Unknown column 'enrollments.enrollment_date' in 'field list'
[Method: GET, Route: dashboard]
in SYSTEMPATH\Database\BaseConnection.php on line 684.
 1 SYSTEMPATH\Database\BaseBuilder.php(1649): CodeIgniter\Database\BaseConnection->query('SELECT `enrollments`.*, `courses`.`id` as `id`, `courses`.`title`, `courses`.`description`, `enrollments`.`enrollment_date`
FROM `enrollments`
INNER JOIN `courses` ON `courses`.`id` = `enrollments`.`course_id`
WHERE `enrollments`.`user_id` = :enrollments.user_id:
ORDER BY `enrollment_date` DESC', [...], false)
 2 SYSTEMPATH\Model.php(286): CodeIgniter\Database\BaseBuilder->get()
 3 SYSTEMPATH\BaseModel.php(677): CodeIgniter\Model->doFindAll(0, 0)
 4 APPPATH\Models\EnrollmentModel.php(31): CodeIgniter\BaseModel->findAll()
 5 APPPATH\Controllers\Auth.php(146): App\Models\EnrollmentModel->getUserEnrollments(11)
 6 SYSTEMPATH\CodeIgniter.php(933): App\Controllers\Auth->dashboard()
 7 SYSTEMPATH\CodeIgniter.php(507): CodeIgniter\CodeIgniter->runController(Object(App\Controllers\Auth))
 8 SYSTEMPATH\CodeIgniter.php(354): CodeIgniter\CodeIgniter->handleRequest(null, Object(Config\Cache), false)
 9 SYSTEMPATH\Boot.php(363): CodeIgniter\CodeIgniter->run()
10 SYSTEMPATH\Boot.php(68): CodeIgniter\Boot::runCodeIgniter(Object(CodeIgniter\CodeIgniter))
11 FCPATH\index.php(59): CodeIgniter\Boot::bootWeb(Object(Config\Paths))
12 SYSTEMPATH\rewrite.php(44): require_once('C:\\xampp\\htdocs\\ITE311-CASTILLO\\public\\index.php')
CRITICAL - 2025-10-10 12:50:30 --> [Caused by] CodeIgniter\Database\Exceptions\DatabaseException: Unknown column 'enrollments.enrollment_date' in 'field list'
in SYSTEMPATH\Database\MySQLi\Connection.php on line 332.
 1 SYSTEMPATH\Database\BaseConnection.php(729): CodeIgniter\Database\MySQLi\Connection->execute('SELECT `enrollments`.*, `courses`.`id` as `id`, `courses`.`title`, `courses`.`description`, `enrollments`.`enrollment_date`
FROM `enrollments`
INNER JOIN `courses` ON `courses`.`id` = `enrollments`.`course_id`
WHERE `enrollments`.`user_id` = 11
ORDER BY `enrollment_date` DESC')
 2 SYSTEMPATH\Database\BaseConnection.php(646): CodeIgniter\Database\BaseConnection->simpleQuery('SELECT `enrollments`.*, `courses`.`id` as `id`, `courses`.`title`, `courses`.`description`, `enrollments`.`enrollment_date`
FROM `enrollments`
INNER JOIN `courses` ON `courses`.`id` = `enrollments`.`course_id`
WHERE `enrollments`.`user_id` = 11
ORDER BY `enrollment_date` DESC')
 3 SYSTEMPATH\Database\BaseBuilder.php(1649): CodeIgniter\Database\BaseConnection->query('SELECT `enrollments`.*, `courses`.`id` as `id`, `courses`.`title`, `courses`.`description`, `enrollments`.`enrollment_date`
FROM `enrollments`
INNER JOIN `courses` ON `courses`.`id` = `enrollments`.`course_id`
WHERE `enrollments`.`user_id` = :enrollments.user_id:
ORDER BY `enrollment_date` DESC', [...], false)
 4 SYSTEMPATH\Model.php(286): CodeIgniter\Database\BaseBuilder->get()
 5 SYSTEMPATH\BaseModel.php(677): CodeIgniter\Model->doFindAll(0, 0)
 6 APPPATH\Models\EnrollmentModel.php(31): CodeIgniter\BaseModel->findAll()
 7 APPPATH\Controllers\Auth.php(146): App\Models\EnrollmentModel->getUserEnrollments(11)
 8 SYSTEMPATH\CodeIgniter.php(933): App\Controllers\Auth->dashboard()
 9 SYSTEMPATH\CodeIgniter.php(507): CodeIgniter\CodeIgniter->runController(Object(App\Controllers\Auth))
10 SYSTEMPATH\CodeIgniter.php(354): CodeIgniter\CodeIgniter->handleRequest(null, Object(Config\Cache), false)
11 SYSTEMPATH\Boot.php(363): CodeIgniter\CodeIgniter->run()
12 SYSTEMPATH\Boot.php(68): CodeIgniter\Boot::runCodeIgniter(Object(CodeIgniter\CodeIgniter))
13 FCPATH\index.php(59): CodeIgniter\Boot::bootWeb(Object(Config\Paths))
14 SYSTEMPATH\rewrite.php(44): require_once('C:\\xampp\\htdocs\\ITE311-CASTILLO\\public\\index.php')
CRITICAL - 2025-10-10 12:50:30 --> [Caused by] mysqli_sql_exception: Unknown column 'enrollments.enrollment_date' in 'field list'
in SYSTEMPATH\Database\MySQLi\Connection.php on line 327.
 1 SYSTEMPATH\Database\MySQLi\Connection.php(327): mysqli->query('SELECT `enrollments`.*, `courses`.`id` as `id`, `courses`.`title`, `courses`.`description`, `enrollments`.`enrollment_date`
FROM `enrollments`
INNER JOIN `courses` ON `courses`.`id` = `enrollments`.`course_id`
WHERE `enrollments`.`user_id` = 11
ORDER BY `enrollment_date` DESC', 0)
 2 SYSTEMPATH\Database\BaseConnection.php(729): CodeIgniter\Database\MySQLi\Connection->execute('SELECT `enrollments`.*, `courses`.`id` as `id`, `courses`.`title`, `courses`.`description`, `enrollments`.`enrollment_date`
FROM `enrollments`
INNER JOIN `courses` ON `courses`.`id` = `enrollments`.`course_id`
WHERE `enrollments`.`user_id` = 11
ORDER BY `enrollment_date` DESC')
 3 SYSTEMPATH\Database\BaseConnection.php(646): CodeIgniter\Database\BaseConnection->simpleQuery('SELECT `enrollments`.*, `courses`.`id` as `id`, `courses`.`title`, `courses`.`description`, `enrollments`.`enrollment_date`
FROM `enrollments`
INNER JOIN `courses` ON `courses`.`id` = `enrollments`.`course_id`
WHERE `enrollments`.`user_id` = 11
ORDER BY `enrollment_date` DESC')
 4 SYSTEMPATH\Database\BaseBuilder.php(1649): CodeIgniter\Database\BaseConnection->query('SELECT `enrollments`.*, `courses`.`id` as `id`, `courses`.`title`, `courses`.`description`, `enrollments`.`enrollment_date`
FROM `enrollments`
INNER JOIN `courses` ON `courses`.`id` = `enrollments`.`course_id`
WHERE `enrollments`.`user_id` = :enrollments.user_id:
ORDER BY `enrollment_date` DESC', [...], false)
 5 SYSTEMPATH\Model.php(286): CodeIgniter\Database\BaseBuilder->get()
 6 SYSTEMPATH\BaseModel.php(677): CodeIgniter\Model->doFindAll(0, 0)
 7 APPPATH\Models\EnrollmentModel.php(31): CodeIgniter\BaseModel->findAll()
 8 APPPATH\Controllers\Auth.php(146): App\Models\EnrollmentModel->getUserEnrollments(11)
 9 SYSTEMPATH\CodeIgniter.php(933): App\Controllers\Auth->dashboard()
10 SYSTEMPATH\CodeIgniter.php(507): CodeIgniter\CodeIgniter->runController(Object(App\Controllers\Auth))
11 SYSTEMPATH\CodeIgniter.php(354): CodeIgniter\CodeIgniter->handleRequest(null, Object(Config\Cache), false)
12 SYSTEMPATH\Boot.php(363): CodeIgniter\CodeIgniter->run()
13 SYSTEMPATH\Boot.php(68): CodeIgniter\Boot::runCodeIgniter(Object(CodeIgniter\CodeIgniter))
14 FCPATH\index.php(59): CodeIgniter\Boot::bootWeb(Object(Config\Paths))
15 SYSTEMPATH\rewrite.php(44): require_once('C:\\xampp\\htdocs\\ITE311-CASTILLO\\public\\index.php')
ERROR - 2025-10-10 12:50:33 --> mysqli_sql_exception: Unknown column 'enrollments.enrollment_date' in 'field list' in C:\xampp\htdocs\ITE311-CASTILLO\system\Database\MySQLi\Connection.php:327
Stack trace:
#0 C:\xampp\htdocs\ITE311-CASTILLO\system\Database\MySQLi\Connection.php(327): mysqli->query('SELECT `enrollm...', 0)
#1 C:\xampp\htdocs\ITE311-CASTILLO\system\Database\BaseConnection.php(729): CodeIgniter\Database\MySQLi\Connection->execute('SELECT `enrollm...')
#2 C:\xampp\htdocs\ITE311-CASTILLO\system\Database\BaseConnection.php(646): CodeIgniter\Database\BaseConnection->simpleQuery('SELECT `enrollm...')
#3 C:\xampp\htdocs\ITE311-CASTILLO\system\Database\BaseBuilder.php(1649): CodeIgniter\Database\BaseConnection->query('SELECT `enrollm...', Array, false)
#4 C:\xampp\htdocs\ITE311-CASTILLO\system\Model.php(286): CodeIgniter\Database\BaseBuilder->get()
#5 C:\xampp\htdocs\ITE311-CASTILLO\system\BaseModel.php(677): CodeIgniter\Model->doFindAll(0, 0)
#6 C:\xampp\htdocs\ITE311-CASTILLO\app\Models\EnrollmentModel.php(31): CodeIgniter\BaseModel->findAll()
#7 C:\xampp\htdocs\ITE311-CASTILLO\app\Controllers\Auth.php(146): App\Models\EnrollmentModel->getUserEnrollments(11)
#8 C:\xampp\htdocs\ITE311-CASTILLO\system\CodeIgniter.php(933): App\Controllers\Auth->dashboard()
#9 C:\xampp\htdocs\ITE311-CASTILLO\system\CodeIgniter.php(507): CodeIgniter\CodeIgniter->runController(Object(App\Controllers\Auth))
#10 C:\xampp\htdocs\ITE311-CASTILLO\system\CodeIgniter.php(354): CodeIgniter\CodeIgniter->handleRequest(NULL, Object(Config\Cache), false)
#11 C:\xampp\htdocs\ITE311-CASTILLO\system\Boot.php(363): CodeIgniter\CodeIgniter->run()
#12 C:\xampp\htdocs\ITE311-CASTILLO\system\Boot.php(68): CodeIgniter\Boot::runCodeIgniter(Object(CodeIgniter\CodeIgniter))
#13 C:\xampp\htdocs\ITE311-CASTILLO\public\index.php(59): CodeIgniter\Boot::bootWeb(Object(Config\Paths))
#14 C:\xampp\htdocs\ITE311-CASTILLO\system\rewrite.php(44): require_once('C:\\xampp\\htdocs...')
#15 {main}
CRITICAL - 2025-10-10 12:50:33 --> CodeIgniter\Database\Exceptions\DatabaseException: Unknown column 'enrollments.enrollment_date' in 'field list'
[Method: GET, Route: dashboard]
in SYSTEMPATH\Database\BaseConnection.php on line 684.
 1 SYSTEMPATH\Database\BaseBuilder.php(1649): CodeIgniter\Database\BaseConnection->query('SELECT `enrollments`.*, `courses`.`id` as `id`, `courses`.`title`, `courses`.`description`, `enrollments`.`enrollment_date`
FROM `enrollments`
INNER JOIN `courses` ON `courses`.`id` = `enrollments`.`course_id`
WHERE `enrollments`.`user_id` = :enrollments.user_id:
ORDER BY `enrollment_date` DESC', [...], false)
 2 SYSTEMPATH\Model.php(286): CodeIgniter\Database\BaseBuilder->get()
 3 SYSTEMPATH\BaseModel.php(677): CodeIgniter\Model->doFindAll(0, 0)
 4 APPPATH\Models\EnrollmentModel.php(31): CodeIgniter\BaseModel->findAll()
 5 APPPATH\Controllers\Auth.php(146): App\Models\EnrollmentModel->getUserEnrollments(11)
 6 SYSTEMPATH\CodeIgniter.php(933): App\Controllers\Auth->dashboard()
 7 SYSTEMPATH\CodeIgniter.php(507): CodeIgniter\CodeIgniter->runController(Object(App\Controllers\Auth))
 8 SYSTEMPATH\CodeIgniter.php(354): CodeIgniter\CodeIgniter->handleRequest(null, Object(Config\Cache), false)
 9 SYSTEMPATH\Boot.php(363): CodeIgniter\CodeIgniter->run()
10 SYSTEMPATH\Boot.php(68): CodeIgniter\Boot::runCodeIgniter(Object(CodeIgniter\CodeIgniter))
11 FCPATH\index.php(59): CodeIgniter\Boot::bootWeb(Object(Config\Paths))
12 SYSTEMPATH\rewrite.php(44): require_once('C:\\xampp\\htdocs\\ITE311-CASTILLO\\public\\index.php')
CRITICAL - 2025-10-10 12:50:33 --> [Caused by] CodeIgniter\Database\Exceptions\DatabaseException: Unknown column 'enrollments.enrollment_date' in 'field list'
in SYSTEMPATH\Database\MySQLi\Connection.php on line 332.
 1 SYSTEMPATH\Database\BaseConnection.php(729): CodeIgniter\Database\MySQLi\Connection->execute('SELECT `enrollments`.*, `courses`.`id` as `id`, `courses`.`title`, `courses`.`description`, `enrollments`.`enrollment_date`
FROM `enrollments`
INNER JOIN `courses` ON `courses`.`id` = `enrollments`.`course_id`
WHERE `enrollments`.`user_id` = 11
ORDER BY `enrollment_date` DESC')
 2 SYSTEMPATH\Database\BaseConnection.php(646): CodeIgniter\Database\BaseConnection->simpleQuery('SELECT `enrollments`.*, `courses`.`id` as `id`, `courses`.`title`, `courses`.`description`, `enrollments`.`enrollment_date`
FROM `enrollments`
INNER JOIN `courses` ON `courses`.`id` = `enrollments`.`course_id`
WHERE `enrollments`.`user_id` = 11
ORDER BY `enrollment_date` DESC')
 3 SYSTEMPATH\Database\BaseBuilder.php(1649): CodeIgniter\Database\BaseConnection->query('SELECT `enrollments`.*, `courses`.`id` as `id`, `courses`.`title`, `courses`.`description`, `enrollments`.`enrollment_date`
FROM `enrollments`
INNER JOIN `courses` ON `courses`.`id` = `enrollments`.`course_id`
WHERE `enrollments`.`user_id` = :enrollments.user_id:
ORDER BY `enrollment_date` DESC', [...], false)
 4 SYSTEMPATH\Model.php(286): CodeIgniter\Database\BaseBuilder->get()
 5 SYSTEMPATH\BaseModel.php(677): CodeIgniter\Model->doFindAll(0, 0)
 6 APPPATH\Models\EnrollmentModel.php(31): CodeIgniter\BaseModel->findAll()
 7 APPPATH\Controllers\Auth.php(146): App\Models\EnrollmentModel->getUserEnrollments(11)
 8 SYSTEMPATH\CodeIgniter.php(933): App\Controllers\Auth->dashboard()
 9 SYSTEMPATH\CodeIgniter.php(507): CodeIgniter\CodeIgniter->runController(Object(App\Controllers\Auth))
10 SYSTEMPATH\CodeIgniter.php(354): CodeIgniter\CodeIgniter->handleRequest(null, Object(Config\Cache), false)
11 SYSTEMPATH\Boot.php(363): CodeIgniter\CodeIgniter->run()
12 SYSTEMPATH\Boot.php(68): CodeIgniter\Boot::runCodeIgniter(Object(CodeIgniter\CodeIgniter))
13 FCPATH\index.php(59): CodeIgniter\Boot::bootWeb(Object(Config\Paths))
14 SYSTEMPATH\rewrite.php(44): require_once('C:\\xampp\\htdocs\\ITE311-CASTILLO\\public\\index.php')
CRITICAL - 2025-10-10 12:50:33 --> [Caused by] mysqli_sql_exception: Unknown column 'enrollments.enrollment_date' in 'field list'
in SYSTEMPATH\Database\MySQLi\Connection.php on line 327.
 1 SYSTEMPATH\Database\MySQLi\Connection.php(327): mysqli->query('SELECT `enrollments`.*, `courses`.`id` as `id`, `courses`.`title`, `courses`.`description`, `enrollments`.`enrollment_date`
FROM `enrollments`
INNER JOIN `courses` ON `courses`.`id` = `enrollments`.`course_id`
WHERE `enrollments`.`user_id` = 11
ORDER BY `enrollment_date` DESC', 0)
 2 SYSTEMPATH\Database\BaseConnection.php(729): CodeIgniter\Database\MySQLi\Connection->execute('SELECT `enrollments`.*, `courses`.`id` as `id`, `courses`.`title`, `courses`.`description`, `enrollments`.`enrollment_date`
FROM `enrollments`
INNER JOIN `courses` ON `courses`.`id` = `enrollments`.`course_id`
WHERE `enrollments`.`user_id` = 11
ORDER BY `enrollment_date` DESC')
 3 SYSTEMPATH\Database\BaseConnection.php(646): CodeIgniter\Database\BaseConnection->simpleQuery('SELECT `enrollments`.*, `courses`.`id` as `id`, `courses`.`title`, `courses`.`description`, `enrollments`.`enrollment_date`
FROM `enrollments`
INNER JOIN `courses` ON `courses`.`id` = `enrollments`.`course_id`
WHERE `enrollments`.`user_id` = 11
ORDER BY `enrollment_date` DESC')
 4 SYSTEMPATH\Database\BaseBuilder.php(1649): CodeIgniter\Database\BaseConnection->query('SELECT `enrollments`.*, `courses`.`id` as `id`, `courses`.`title`, `courses`.`description`, `enrollments`.`enrollment_date`
FROM `enrollments`
INNER JOIN `courses` ON `courses`.`id` = `enrollments`.`course_id`
WHERE `enrollments`.`user_id` = :enrollments.user_id:
ORDER BY `enrollment_date` DESC', [...], false)
 5 SYSTEMPATH\Model.php(286): CodeIgniter\Database\BaseBuilder->get()
 6 SYSTEMPATH\BaseModel.php(677): CodeIgniter\Model->doFindAll(0, 0)
 7 APPPATH\Models\EnrollmentModel.php(31): CodeIgniter\BaseModel->findAll()
 8 APPPATH\Controllers\Auth.php(146): App\Models\EnrollmentModel->getUserEnrollments(11)
 9 SYSTEMPATH\CodeIgniter.php(933): App\Controllers\Auth->dashboard()
10 SYSTEMPATH\CodeIgniter.php(507): CodeIgniter\CodeIgniter->runController(Object(App\Controllers\Auth))
11 SYSTEMPATH\CodeIgniter.php(354): CodeIgniter\CodeIgniter->handleRequest(null, Object(Config\Cache), false)
12 SYSTEMPATH\Boot.php(363): CodeIgniter\CodeIgniter->run()
13 SYSTEMPATH\Boot.php(68): CodeIgniter\Boot::runCodeIgniter(Object(CodeIgniter\CodeIgniter))
14 FCPATH\index.php(59): CodeIgniter\Boot::bootWeb(Object(Config\Paths))
15 SYSTEMPATH\rewrite.php(44): require_once('C:\\xampp\\htdocs\\ITE311-CASTILLO\\public\\index.php')
ERROR - 2025-10-10 12:50:38 --> mysqli_sql_exception: Unknown column 'enrollments.enrollment_date' in 'field list' in C:\xampp\htdocs\ITE311-CASTILLO\system\Database\MySQLi\Connection.php:327
Stack trace:
#0 C:\xampp\htdocs\ITE311-CASTILLO\system\Database\MySQLi\Connection.php(327): mysqli->query('SELECT `enrollm...', 0)
#1 C:\xampp\htdocs\ITE311-CASTILLO\system\Database\BaseConnection.php(729): CodeIgniter\Database\MySQLi\Connection->execute('SELECT `enrollm...')
#2 C:\xampp\htdocs\ITE311-CASTILLO\system\Database\BaseConnection.php(646): CodeIgniter\Database\BaseConnection->simpleQuery('SELECT `enrollm...')
#3 C:\xampp\htdocs\ITE311-CASTILLO\system\Database\BaseBuilder.php(1649): CodeIgniter\Database\BaseConnection->query('SELECT `enrollm...', Array, false)
#4 C:\xampp\htdocs\ITE311-CASTILLO\system\Model.php(286): CodeIgniter\Database\BaseBuilder->get()
#5 C:\xampp\htdocs\ITE311-CASTILLO\system\BaseModel.php(677): CodeIgniter\Model->doFindAll(0, 0)
#6 C:\xampp\htdocs\ITE311-CASTILLO\app\Models\EnrollmentModel.php(31): CodeIgniter\BaseModel->findAll()
#7 C:\xampp\htdocs\ITE311-CASTILLO\app\Controllers\Auth.php(146): App\Models\EnrollmentModel->getUserEnrollments(11)
#8 C:\xampp\htdocs\ITE311-CASTILLO\system\CodeIgniter.php(933): App\Controllers\Auth->dashboard()
#9 C:\xampp\htdocs\ITE311-CASTILLO\system\CodeIgniter.php(507): CodeIgniter\CodeIgniter->runController(Object(App\Controllers\Auth))
#10 C:\xampp\htdocs\ITE311-CASTILLO\system\CodeIgniter.php(354): CodeIgniter\CodeIgniter->handleRequest(NULL, Object(Config\Cache), false)
#11 C:\xampp\htdocs\ITE311-CASTILLO\system\Boot.php(363): CodeIgniter\CodeIgniter->run()
#12 C:\xampp\htdocs\ITE311-CASTILLO\system\Boot.php(68): CodeIgniter\Boot::runCodeIgniter(Object(CodeIgniter\CodeIgniter))
#13 C:\xampp\htdocs\ITE311-CASTILLO\public\index.php(59): CodeIgniter\Boot::bootWeb(Object(Config\Paths))
#14 C:\xampp\htdocs\ITE311-CASTILLO\system\rewrite.php(44): require_once('C:\\xampp\\htdocs...')
#15 {main}
CRITICAL - 2025-10-10 12:50:38 --> CodeIgniter\Database\Exceptions\DatabaseException: Unknown column 'enrollments.enrollment_date' in 'field list'
[Method: GET, Route: dashboard]
in SYSTEMPATH\Database\BaseConnection.php on line 684.
 1 SYSTEMPATH\Database\BaseBuilder.php(1649): CodeIgniter\Database\BaseConnection->query('SELECT `enrollments`.*, `courses`.`id` as `id`, `courses`.`title`, `courses`.`description`, `enrollments`.`enrollment_date`
FROM `enrollments`
INNER JOIN `courses` ON `courses`.`id` = `enrollments`.`course_id`
WHERE `enrollments`.`user_id` = :enrollments.user_id:
ORDER BY `enrollment_date` DESC', [...], false)
 2 SYSTEMPATH\Model.php(286): CodeIgniter\Database\BaseBuilder->get()
 3 SYSTEMPATH\BaseModel.php(677): CodeIgniter\Model->doFindAll(0, 0)
 4 APPPATH\Models\EnrollmentModel.php(31): CodeIgniter\BaseModel->findAll()
 5 APPPATH\Controllers\Auth.php(146): App\Models\EnrollmentModel->getUserEnrollments(11)
 6 SYSTEMPATH\CodeIgniter.php(933): App\Controllers\Auth->dashboard()
 7 SYSTEMPATH\CodeIgniter.php(507): CodeIgniter\CodeIgniter->runController(Object(App\Controllers\Auth))
 8 SYSTEMPATH\CodeIgniter.php(354): CodeIgniter\CodeIgniter->handleRequest(null, Object(Config\Cache), false)
 9 SYSTEMPATH\Boot.php(363): CodeIgniter\CodeIgniter->run()
10 SYSTEMPATH\Boot.php(68): CodeIgniter\Boot::runCodeIgniter(Object(CodeIgniter\CodeIgniter))
11 FCPATH\index.php(59): CodeIgniter\Boot::bootWeb(Object(Config\Paths))
12 SYSTEMPATH\rewrite.php(44): require_once('C:\\xampp\\htdocs\\ITE311-CASTILLO\\public\\index.php')
CRITICAL - 2025-10-10 12:50:38 --> [Caused by] CodeIgniter\Database\Exceptions\DatabaseException: Unknown column 'enrollments.enrollment_date' in 'field list'
in SYSTEMPATH\Database\MySQLi\Connection.php on line 332.
 1 SYSTEMPATH\Database\BaseConnection.php(729): CodeIgniter\Database\MySQLi\Connection->execute('SELECT `enrollments`.*, `courses`.`id` as `id`, `courses`.`title`, `courses`.`description`, `enrollments`.`enrollment_date`
FROM `enrollments`
INNER JOIN `courses` ON `courses`.`id` = `enrollments`.`course_id`
WHERE `enrollments`.`user_id` = 11
ORDER BY `enrollment_date` DESC')
 2 SYSTEMPATH\Database\BaseConnection.php(646): CodeIgniter\Database\BaseConnection->simpleQuery('SELECT `enrollments`.*, `courses`.`id` as `id`, `courses`.`title`, `courses`.`description`, `enrollments`.`enrollment_date`
FROM `enrollments`
INNER JOIN `courses` ON `courses`.`id` = `enrollments`.`course_id`
WHERE `enrollments`.`user_id` = 11
ORDER BY `enrollment_date` DESC')
 3 SYSTEMPATH\Database\BaseBuilder.php(1649): CodeIgniter\Database\BaseConnection->query('SELECT `enrollments`.*, `courses`.`id` as `id`, `courses`.`title`, `courses`.`description`, `enrollments`.`enrollment_date`
FROM `enrollments`
INNER JOIN `courses` ON `courses`.`id` = `enrollments`.`course_id`
WHERE `enrollments`.`user_id` = :enrollments.user_id:
ORDER BY `enrollment_date` DESC', [...], false)
 4 SYSTEMPATH\Model.php(286): CodeIgniter\Database\BaseBuilder->get()
 5 SYSTEMPATH\BaseModel.php(677): CodeIgniter\Model->doFindAll(0, 0)
 6 APPPATH\Models\EnrollmentModel.php(31): CodeIgniter\BaseModel->findAll()
 7 APPPATH\Controllers\Auth.php(146): App\Models\EnrollmentModel->getUserEnrollments(11)
 8 SYSTEMPATH\CodeIgniter.php(933): App\Controllers\Auth->dashboard()
 9 SYSTEMPATH\CodeIgniter.php(507): CodeIgniter\CodeIgniter->runController(Object(App\Controllers\Auth))
10 SYSTEMPATH\CodeIgniter.php(354): CodeIgniter\CodeIgniter->handleRequest(null, Object(Config\Cache), false)
11 SYSTEMPATH\Boot.php(363): CodeIgniter\CodeIgniter->run()
12 SYSTEMPATH\Boot.php(68): CodeIgniter\Boot::runCodeIgniter(Object(CodeIgniter\CodeIgniter))
13 FCPATH\index.php(59): CodeIgniter\Boot::bootWeb(Object(Config\Paths))
14 SYSTEMPATH\rewrite.php(44): require_once('C:\\xampp\\htdocs\\ITE311-CASTILLO\\public\\index.php')
CRITICAL - 2025-10-10 12:50:38 --> [Caused by] mysqli_sql_exception: Unknown column 'enrollments.enrollment_date' in 'field list'
in SYSTEMPATH\Database\MySQLi\Connection.php on line 327.
 1 SYSTEMPATH\Database\MySQLi\Connection.php(327): mysqli->query('SELECT `enrollments`.*, `courses`.`id` as `id`, `courses`.`title`, `courses`.`description`, `enrollments`.`enrollment_date`
FROM `enrollments`
INNER JOIN `courses` ON `courses`.`id` = `enrollments`.`course_id`
WHERE `enrollments`.`user_id` = 11
ORDER BY `enrollment_date` DESC', 0)
 2 SYSTEMPATH\Database\BaseConnection.php(729): CodeIgniter\Database\MySQLi\Connection->execute('SELECT `enrollments`.*, `courses`.`id` as `id`, `courses`.`title`, `courses`.`description`, `enrollments`.`enrollment_date`
FROM `enrollments`
INNER JOIN `courses` ON `courses`.`id` = `enrollments`.`course_id`
WHERE `enrollments`.`user_id` = 11
ORDER BY `enrollment_date` DESC')
 3 SYSTEMPATH\Database\BaseConnection.php(646): CodeIgniter\Database\BaseConnection->simpleQuery('SELECT `enrollments`.*, `courses`.`id` as `id`, `courses`.`title`, `courses`.`description`, `enrollments`.`enrollment_date`
FROM `enrollments`
INNER JOIN `courses` ON `courses`.`id` = `enrollments`.`course_id`
WHERE `enrollments`.`user_id` = 11
ORDER BY `enrollment_date` DESC')
 4 SYSTEMPATH\Database\BaseBuilder.php(1649): CodeIgniter\Database\BaseConnection->query('SELECT `enrollments`.*, `courses`.`id` as `id`, `courses`.`title`, `courses`.`description`, `enrollments`.`enrollment_date`
FROM `enrollments`
INNER JOIN `courses` ON `courses`.`id` = `enrollments`.`course_id`
WHERE `enrollments`.`user_id` = :enrollments.user_id:
ORDER BY `enrollment_date` DESC', [...], false)
 5 SYSTEMPATH\Model.php(286): CodeIgniter\Database\BaseBuilder->get()
 6 SYSTEMPATH\BaseModel.php(677): CodeIgniter\Model->doFindAll(0, 0)
 7 APPPATH\Models\EnrollmentModel.php(31): CodeIgniter\BaseModel->findAll()
 8 APPPATH\Controllers\Auth.php(146): App\Models\EnrollmentModel->getUserEnrollments(11)
 9 SYSTEMPATH\CodeIgniter.php(933): App\Controllers\Auth->dashboard()
10 SYSTEMPATH\CodeIgniter.php(507): CodeIgniter\CodeIgniter->runController(Object(App\Controllers\Auth))
11 SYSTEMPATH\CodeIgniter.php(354): CodeIgniter\CodeIgniter->handleRequest(null, Object(Config\Cache), false)
12 SYSTEMPATH\Boot.php(363): CodeIgniter\CodeIgniter->run()
13 SYSTEMPATH\Boot.php(68): CodeIgniter\Boot::runCodeIgniter(Object(CodeIgniter\CodeIgniter))
14 FCPATH\index.php(59): CodeIgniter\Boot::bootWeb(Object(Config\Paths))
15 SYSTEMPATH\rewrite.php(44): require_once('C:\\xampp\\htdocs\\ITE311-CASTILLO\\public\\index.php')
ERROR - 2025-10-10 12:50:39 --> mysqli_sql_exception: Unknown column 'enrollments.enrollment_date' in 'field list' in C:\xampp\htdocs\ITE311-CASTILLO\system\Database\MySQLi\Connection.php:327
Stack trace:
#0 C:\xampp\htdocs\ITE311-CASTILLO\system\Database\MySQLi\Connection.php(327): mysqli->query('SELECT `enrollm...', 0)
#1 C:\xampp\htdocs\ITE311-CASTILLO\system\Database\BaseConnection.php(729): CodeIgniter\Database\MySQLi\Connection->execute('SELECT `enrollm...')
#2 C:\xampp\htdocs\ITE311-CASTILLO\system\Database\BaseConnection.php(646): CodeIgniter\Database\BaseConnection->simpleQuery('SELECT `enrollm...')
#3 C:\xampp\htdocs\ITE311-CASTILLO\system\Database\BaseBuilder.php(1649): CodeIgniter\Database\BaseConnection->query('SELECT `enrollm...', Array, false)
#4 C:\xampp\htdocs\ITE311-CASTILLO\system\Model.php(286): CodeIgniter\Database\BaseBuilder->get()
#5 C:\xampp\htdocs\ITE311-CASTILLO\system\BaseModel.php(677): CodeIgniter\Model->doFindAll(0, 0)
#6 C:\xampp\htdocs\ITE311-CASTILLO\app\Models\EnrollmentModel.php(31): CodeIgniter\BaseModel->findAll()
#7 C:\xampp\htdocs\ITE311-CASTILLO\app\Controllers\Student\Enrollments.php(24): App\Models\EnrollmentModel->getUserEnrollments(11)
#8 C:\xampp\htdocs\ITE311-CASTILLO\system\CodeIgniter.php(933): App\Controllers\Student\Enrollments->index()
#9 C:\xampp\htdocs\ITE311-CASTILLO\system\CodeIgniter.php(507): CodeIgniter\CodeIgniter->runController(Object(App\Controllers\Student\Enrollments))
#10 C:\xampp\htdocs\ITE311-CASTILLO\system\CodeIgniter.php(354): CodeIgniter\CodeIgniter->handleRequest(NULL, Object(Config\Cache), false)
#11 C:\xampp\htdocs\ITE311-CASTILLO\system\Boot.php(363): CodeIgniter\CodeIgniter->run()
#12 C:\xampp\htdocs\ITE311-CASTILLO\system\Boot.php(68): CodeIgniter\Boot::runCodeIgniter(Object(CodeIgniter\CodeIgniter))
#13 C:\xampp\htdocs\ITE311-CASTILLO\public\index.php(59): CodeIgniter\Boot::bootWeb(Object(Config\Paths))
#14 C:\xampp\htdocs\ITE311-CASTILLO\system\rewrite.php(44): require_once('C:\\xampp\\htdocs...')
#15 {main}
CRITICAL - 2025-10-10 12:50:39 --> CodeIgniter\Database\Exceptions\DatabaseException: Unknown column 'enrollments.enrollment_date' in 'field list'
[Method: GET, Route: student/enrollments]
in SYSTEMPATH\Database\BaseConnection.php on line 684.
 1 SYSTEMPATH\Database\BaseBuilder.php(1649): CodeIgniter\Database\BaseConnection->query('SELECT `enrollments`.*, `courses`.`id` as `id`, `courses`.`title`, `courses`.`description`, `enrollments`.`enrollment_date`
FROM `enrollments`
INNER JOIN `courses` ON `courses`.`id` = `enrollments`.`course_id`
WHERE `enrollments`.`user_id` = :enrollments.user_id:
ORDER BY `enrollment_date` DESC', [...], false)
 2 SYSTEMPATH\Model.php(286): CodeIgniter\Database\BaseBuilder->get()
 3 SYSTEMPATH\BaseModel.php(677): CodeIgniter\Model->doFindAll(0, 0)
 4 APPPATH\Models\EnrollmentModel.php(31): CodeIgniter\BaseModel->findAll()
 5 APPPATH\Controllers\Student\Enrollments.php(24): App\Models\EnrollmentModel->getUserEnrollments(11)
 6 SYSTEMPATH\CodeIgniter.php(933): App\Controllers\Student\Enrollments->index()
 7 SYSTEMPATH\CodeIgniter.php(507): CodeIgniter\CodeIgniter->runController(Object(App\Controllers\Student\Enrollments))
 8 SYSTEMPATH\CodeIgniter.php(354): CodeIgniter\CodeIgniter->handleRequest(null, Object(Config\Cache), false)
 9 SYSTEMPATH\Boot.php(363): CodeIgniter\CodeIgniter->run()
10 SYSTEMPATH\Boot.php(68): CodeIgniter\Boot::runCodeIgniter(Object(CodeIgniter\CodeIgniter))
11 FCPATH\index.php(59): CodeIgniter\Boot::bootWeb(Object(Config\Paths))
12 SYSTEMPATH\rewrite.php(44): require_once('C:\\xampp\\htdocs\\ITE311-CASTILLO\\public\\index.php')
CRITICAL - 2025-10-10 12:50:40 --> [Caused by] CodeIgniter\Database\Exceptions\DatabaseException: Unknown column 'enrollments.enrollment_date' in 'field list'
in SYSTEMPATH\Database\MySQLi\Connection.php on line 332.
 1 SYSTEMPATH\Database\BaseConnection.php(729): CodeIgniter\Database\MySQLi\Connection->execute('SELECT `enrollments`.*, `courses`.`id` as `id`, `courses`.`title`, `courses`.`description`, `enrollments`.`enrollment_date`
FROM `enrollments`
INNER JOIN `courses` ON `courses`.`id` = `enrollments`.`course_id`
WHERE `enrollments`.`user_id` = 11
ORDER BY `enrollment_date` DESC')
 2 SYSTEMPATH\Database\BaseConnection.php(646): CodeIgniter\Database\BaseConnection->simpleQuery('SELECT `enrollments`.*, `courses`.`id` as `id`, `courses`.`title`, `courses`.`description`, `enrollments`.`enrollment_date`
FROM `enrollments`
INNER JOIN `courses` ON `courses`.`id` = `enrollments`.`course_id`
WHERE `enrollments`.`user_id` = 11
ORDER BY `enrollment_date` DESC')
 3 SYSTEMPATH\Database\BaseBuilder.php(1649): CodeIgniter\Database\BaseConnection->query('SELECT `enrollments`.*, `courses`.`id` as `id`, `courses`.`title`, `courses`.`description`, `enrollments`.`enrollment_date`
FROM `enrollments`
INNER JOIN `courses` ON `courses`.`id` = `enrollments`.`course_id`
WHERE `enrollments`.`user_id` = :enrollments.user_id:
ORDER BY `enrollment_date` DESC', [...], false)
 4 SYSTEMPATH\Model.php(286): CodeIgniter\Database\BaseBuilder->get()
 5 SYSTEMPATH\BaseModel.php(677): CodeIgniter\Model->doFindAll(0, 0)
 6 APPPATH\Models\EnrollmentModel.php(31): CodeIgniter\BaseModel->findAll()
 7 APPPATH\Controllers\Student\Enrollments.php(24): App\Models\EnrollmentModel->getUserEnrollments(11)
 8 SYSTEMPATH\CodeIgniter.php(933): App\Controllers\Student\Enrollments->index()
 9 SYSTEMPATH\CodeIgniter.php(507): CodeIgniter\CodeIgniter->runController(Object(App\Controllers\Student\Enrollments))
10 SYSTEMPATH\CodeIgniter.php(354): CodeIgniter\CodeIgniter->handleRequest(null, Object(Config\Cache), false)
11 SYSTEMPATH\Boot.php(363): CodeIgniter\CodeIgniter->run()
12 SYSTEMPATH\Boot.php(68): CodeIgniter\Boot::runCodeIgniter(Object(CodeIgniter\CodeIgniter))
13 FCPATH\index.php(59): CodeIgniter\Boot::bootWeb(Object(Config\Paths))
14 SYSTEMPATH\rewrite.php(44): require_once('C:\\xampp\\htdocs\\ITE311-CASTILLO\\public\\index.php')
CRITICAL - 2025-10-10 12:50:40 --> [Caused by] mysqli_sql_exception: Unknown column 'enrollments.enrollment_date' in 'field list'
in SYSTEMPATH\Database\MySQLi\Connection.php on line 327.
 1 SYSTEMPATH\Database\MySQLi\Connection.php(327): mysqli->query('SELECT `enrollments`.*, `courses`.`id` as `id`, `courses`.`title`, `courses`.`description`, `enrollments`.`enrollment_date`
FROM `enrollments`
INNER JOIN `courses` ON `courses`.`id` = `enrollments`.`course_id`
WHERE `enrollments`.`user_id` = 11
ORDER BY `enrollment_date` DESC', 0)
 2 SYSTEMPATH\Database\BaseConnection.php(729): CodeIgniter\Database\MySQLi\Connection->execute('SELECT `enrollments`.*, `courses`.`id` as `id`, `courses`.`title`, `courses`.`description`, `enrollments`.`enrollment_date`
FROM `enrollments`
INNER JOIN `courses` ON `courses`.`id` = `enrollments`.`course_id`
WHERE `enrollments`.`user_id` = 11
ORDER BY `enrollment_date` DESC')
 3 SYSTEMPATH\Database\BaseConnection.php(646): CodeIgniter\Database\BaseConnection->simpleQuery('SELECT `enrollments`.*, `courses`.`id` as `id`, `courses`.`title`, `courses`.`description`, `enrollments`.`enrollment_date`
FROM `enrollments`
INNER JOIN `courses` ON `courses`.`id` = `enrollments`.`course_id`
WHERE `enrollments`.`user_id` = 11
ORDER BY `enrollment_date` DESC')
 4 SYSTEMPATH\Database\BaseBuilder.php(1649): CodeIgniter\Database\BaseConnection->query('SELECT `enrollments`.*, `courses`.`id` as `id`, `courses`.`title`, `courses`.`description`, `enrollments`.`enrollment_date`
FROM `enrollments`
INNER JOIN `courses` ON `courses`.`id` = `enrollments`.`course_id`
WHERE `enrollments`.`user_id` = :enrollments.user_id:
ORDER BY `enrollment_date` DESC', [...], false)
 5 SYSTEMPATH\Model.php(286): CodeIgniter\Database\BaseBuilder->get()
 6 SYSTEMPATH\BaseModel.php(677): CodeIgniter\Model->doFindAll(0, 0)
 7 APPPATH\Models\EnrollmentModel.php(31): CodeIgniter\BaseModel->findAll()
 8 APPPATH\Controllers\Student\Enrollments.php(24): App\Models\EnrollmentModel->getUserEnrollments(11)
 9 SYSTEMPATH\CodeIgniter.php(933): App\Controllers\Student\Enrollments->index()
10 SYSTEMPATH\CodeIgniter.php(507): CodeIgniter\CodeIgniter->runController(Object(App\Controllers\Student\Enrollments))
11 SYSTEMPATH\CodeIgniter.php(354): CodeIgniter\CodeIgniter->handleRequest(null, Object(Config\Cache), false)
12 SYSTEMPATH\Boot.php(363): CodeIgniter\CodeIgniter->run()
13 SYSTEMPATH\Boot.php(68): CodeIgniter\Boot::runCodeIgniter(Object(CodeIgniter\CodeIgniter))
14 FCPATH\index.php(59): CodeIgniter\Boot::bootWeb(Object(Config\Paths))
15 SYSTEMPATH\rewrite.php(44): require_once('C:\\xampp\\htdocs\\ITE311-CASTILLO\\public\\index.php')
ERROR - 2025-10-10 12:50:41 --> mysqli_sql_exception: Unknown column 'enrollments.enrollment_date' in 'field list' in C:\xampp\htdocs\ITE311-CASTILLO\system\Database\MySQLi\Connection.php:327
Stack trace:
#0 C:\xampp\htdocs\ITE311-CASTILLO\system\Database\MySQLi\Connection.php(327): mysqli->query('SELECT `enrollm...', 0)
#1 C:\xampp\htdocs\ITE311-CASTILLO\system\Database\BaseConnection.php(729): CodeIgniter\Database\MySQLi\Connection->execute('SELECT `enrollm...')
#2 C:\xampp\htdocs\ITE311-CASTILLO\system\Database\BaseConnection.php(646): CodeIgniter\Database\BaseConnection->simpleQuery('SELECT `enrollm...')
#3 C:\xampp\htdocs\ITE311-CASTILLO\system\Database\BaseBuilder.php(1649): CodeIgniter\Database\BaseConnection->query('SELECT `enrollm...', Array, false)
#4 C:\xampp\htdocs\ITE311-CASTILLO\system\Model.php(286): CodeIgniter\Database\BaseBuilder->get()
#5 C:\xampp\htdocs\ITE311-CASTILLO\system\BaseModel.php(677): CodeIgniter\Model->doFindAll(0, 0)
#6 C:\xampp\htdocs\ITE311-CASTILLO\app\Models\EnrollmentModel.php(31): CodeIgniter\BaseModel->findAll()
#7 C:\xampp\htdocs\ITE311-CASTILLO\app\Controllers\Auth.php(146): App\Models\EnrollmentModel->getUserEnrollments(11)
#8 C:\xampp\htdocs\ITE311-CASTILLO\system\CodeIgniter.php(933): App\Controllers\Auth->dashboard()
#9 C:\xampp\htdocs\ITE311-CASTILLO\system\CodeIgniter.php(507): CodeIgniter\CodeIgniter->runController(Object(App\Controllers\Auth))
#10 C:\xampp\htdocs\ITE311-CASTILLO\system\CodeIgniter.php(354): CodeIgniter\CodeIgniter->handleRequest(NULL, Object(Config\Cache), false)
#11 C:\xampp\htdocs\ITE311-CASTILLO\system\Boot.php(363): CodeIgniter\CodeIgniter->run()
#12 C:\xampp\htdocs\ITE311-CASTILLO\system\Boot.php(68): CodeIgniter\Boot::runCodeIgniter(Object(CodeIgniter\CodeIgniter))
#13 C:\xampp\htdocs\ITE311-CASTILLO\public\index.php(59): CodeIgniter\Boot::bootWeb(Object(Config\Paths))
#14 C:\xampp\htdocs\ITE311-CASTILLO\system\rewrite.php(44): require_once('C:\\xampp\\htdocs...')
#15 {main}
CRITICAL - 2025-10-10 12:50:41 --> CodeIgniter\Database\Exceptions\DatabaseException: Unknown column 'enrollments.enrollment_date' in 'field list'
[Method: GET, Route: dashboard]
in SYSTEMPATH\Database\BaseConnection.php on line 684.
 1 SYSTEMPATH\Database\BaseBuilder.php(1649): CodeIgniter\Database\BaseConnection->query('SELECT `enrollments`.*, `courses`.`id` as `id`, `courses`.`title`, `courses`.`description`, `enrollments`.`enrollment_date`
FROM `enrollments`
INNER JOIN `courses` ON `courses`.`id` = `enrollments`.`course_id`
WHERE `enrollments`.`user_id` = :enrollments.user_id:
ORDER BY `enrollment_date` DESC', [...], false)
 2 SYSTEMPATH\Model.php(286): CodeIgniter\Database\BaseBuilder->get()
 3 SYSTEMPATH\BaseModel.php(677): CodeIgniter\Model->doFindAll(0, 0)
 4 APPPATH\Models\EnrollmentModel.php(31): CodeIgniter\BaseModel->findAll()
 5 APPPATH\Controllers\Auth.php(146): App\Models\EnrollmentModel->getUserEnrollments(11)
 6 SYSTEMPATH\CodeIgniter.php(933): App\Controllers\Auth->dashboard()
 7 SYSTEMPATH\CodeIgniter.php(507): CodeIgniter\CodeIgniter->runController(Object(App\Controllers\Auth))
 8 SYSTEMPATH\CodeIgniter.php(354): CodeIgniter\CodeIgniter->handleRequest(null, Object(Config\Cache), false)
 9 SYSTEMPATH\Boot.php(363): CodeIgniter\CodeIgniter->run()
10 SYSTEMPATH\Boot.php(68): CodeIgniter\Boot::runCodeIgniter(Object(CodeIgniter\CodeIgniter))
11 FCPATH\index.php(59): CodeIgniter\Boot::bootWeb(Object(Config\Paths))
12 SYSTEMPATH\rewrite.php(44): require_once('C:\\xampp\\htdocs\\ITE311-CASTILLO\\public\\index.php')
CRITICAL - 2025-10-10 12:50:41 --> [Caused by] CodeIgniter\Database\Exceptions\DatabaseException: Unknown column 'enrollments.enrollment_date' in 'field list'
in SYSTEMPATH\Database\MySQLi\Connection.php on line 332.
 1 SYSTEMPATH\Database\BaseConnection.php(729): CodeIgniter\Database\MySQLi\Connection->execute('SELECT `enrollments`.*, `courses`.`id` as `id`, `courses`.`title`, `courses`.`description`, `enrollments`.`enrollment_date`
FROM `enrollments`
INNER JOIN `courses` ON `courses`.`id` = `enrollments`.`course_id`
WHERE `enrollments`.`user_id` = 11
ORDER BY `enrollment_date` DESC')
 2 SYSTEMPATH\Database\BaseConnection.php(646): CodeIgniter\Database\BaseConnection->simpleQuery('SELECT `enrollments`.*, `courses`.`id` as `id`, `courses`.`title`, `courses`.`description`, `enrollments`.`enrollment_date`
FROM `enrollments`
INNER JOIN `courses` ON `courses`.`id` = `enrollments`.`course_id`
WHERE `enrollments`.`user_id` = 11
ORDER BY `enrollment_date` DESC')
 3 SYSTEMPATH\Database\BaseBuilder.php(1649): CodeIgniter\Database\BaseConnection->query('SELECT `enrollments`.*, `courses`.`id` as `id`, `courses`.`title`, `courses`.`description`, `enrollments`.`enrollment_date`
FROM `enrollments`
INNER JOIN `courses` ON `courses`.`id` = `enrollments`.`course_id`
WHERE `enrollments`.`user_id` = :enrollments.user_id:
ORDER BY `enrollment_date` DESC', [...], false)
 4 SYSTEMPATH\Model.php(286): CodeIgniter\Database\BaseBuilder->get()
 5 SYSTEMPATH\BaseModel.php(677): CodeIgniter\Model->doFindAll(0, 0)
 6 APPPATH\Models\EnrollmentModel.php(31): CodeIgniter\BaseModel->findAll()
 7 APPPATH\Controllers\Auth.php(146): App\Models\EnrollmentModel->getUserEnrollments(11)
 8 SYSTEMPATH\CodeIgniter.php(933): App\Controllers\Auth->dashboard()
 9 SYSTEMPATH\CodeIgniter.php(507): CodeIgniter\CodeIgniter->runController(Object(App\Controllers\Auth))
10 SYSTEMPATH\CodeIgniter.php(354): CodeIgniter\CodeIgniter->handleRequest(null, Object(Config\Cache), false)
11 SYSTEMPATH\Boot.php(363): CodeIgniter\CodeIgniter->run()
12 SYSTEMPATH\Boot.php(68): CodeIgniter\Boot::runCodeIgniter(Object(CodeIgniter\CodeIgniter))
13 FCPATH\index.php(59): CodeIgniter\Boot::bootWeb(Object(Config\Paths))
14 SYSTEMPATH\rewrite.php(44): require_once('C:\\xampp\\htdocs\\ITE311-CASTILLO\\public\\index.php')
CRITICAL - 2025-10-10 12:50:41 --> [Caused by] mysqli_sql_exception: Unknown column 'enrollments.enrollment_date' in 'field list'
in SYSTEMPATH\Database\MySQLi\Connection.php on line 327.
 1 SYSTEMPATH\Database\MySQLi\Connection.php(327): mysqli->query('SELECT `enrollments`.*, `courses`.`id` as `id`, `courses`.`title`, `courses`.`description`, `enrollments`.`enrollment_date`
FROM `enrollments`
INNER JOIN `courses` ON `courses`.`id` = `enrollments`.`course_id`
WHERE `enrollments`.`user_id` = 11
ORDER BY `enrollment_date` DESC', 0)
 2 SYSTEMPATH\Database\BaseConnection.php(729): CodeIgniter\Database\MySQLi\Connection->execute('SELECT `enrollments`.*, `courses`.`id` as `id`, `courses`.`title`, `courses`.`description`, `enrollments`.`enrollment_date`
FROM `enrollments`
INNER JOIN `courses` ON `courses`.`id` = `enrollments`.`course_id`
WHERE `enrollments`.`user_id` = 11
ORDER BY `enrollment_date` DESC')
 3 SYSTEMPATH\Database\BaseConnection.php(646): CodeIgniter\Database\BaseConnection->simpleQuery('SELECT `enrollments`.*, `courses`.`id` as `id`, `courses`.`title`, `courses`.`description`, `enrollments`.`enrollment_date`
FROM `enrollments`
INNER JOIN `courses` ON `courses`.`id` = `enrollments`.`course_id`
WHERE `enrollments`.`user_id` = 11
ORDER BY `enrollment_date` DESC')
 4 SYSTEMPATH\Database\BaseBuilder.php(1649): CodeIgniter\Database\BaseConnection->query('SELECT `enrollments`.*, `courses`.`id` as `id`, `courses`.`title`, `courses`.`description`, `enrollments`.`enrollment_date`
FROM `enrollments`
INNER JOIN `courses` ON `courses`.`id` = `enrollments`.`course_id`
WHERE `enrollments`.`user_id` = :enrollments.user_id:
ORDER BY `enrollment_date` DESC', [...], false)
 5 SYSTEMPATH\Model.php(286): CodeIgniter\Database\BaseBuilder->get()
 6 SYSTEMPATH\BaseModel.php(677): CodeIgniter\Model->doFindAll(0, 0)
 7 APPPATH\Models\EnrollmentModel.php(31): CodeIgniter\BaseModel->findAll()
 8 APPPATH\Controllers\Auth.php(146): App\Models\EnrollmentModel->getUserEnrollments(11)
 9 SYSTEMPATH\CodeIgniter.php(933): App\Controllers\Auth->dashboard()
10 SYSTEMPATH\CodeIgniter.php(507): CodeIgniter\CodeIgniter->runController(Object(App\Controllers\Auth))
11 SYSTEMPATH\CodeIgniter.php(354): CodeIgniter\CodeIgniter->handleRequest(null, Object(Config\Cache), false)
12 SYSTEMPATH\Boot.php(363): CodeIgniter\CodeIgniter->run()
13 SYSTEMPATH\Boot.php(68): CodeIgniter\Boot::runCodeIgniter(Object(CodeIgniter\CodeIgniter))
14 FCPATH\index.php(59): CodeIgniter\Boot::bootWeb(Object(Config\Paths))
15 SYSTEMPATH\rewrite.php(44): require_once('C:\\xampp\\htdocs\\ITE311-CASTILLO\\public\\index.php')
ERROR - 2025-10-10 12:50:46 --> mysqli_sql_exception: Unknown column 'enrollments.enrollment_date' in 'field list' in C:\xampp\htdocs\ITE311-CASTILLO\system\Database\MySQLi\Connection.php:327
Stack trace:
#0 C:\xampp\htdocs\ITE311-CASTILLO\system\Database\MySQLi\Connection.php(327): mysqli->query('SELECT `enrollm...', 0)
#1 C:\xampp\htdocs\ITE311-CASTILLO\system\Database\BaseConnection.php(729): CodeIgniter\Database\MySQLi\Connection->execute('SELECT `enrollm...')
#2 C:\xampp\htdocs\ITE311-CASTILLO\system\Database\BaseConnection.php(646): CodeIgniter\Database\BaseConnection->simpleQuery('SELECT `enrollm...')
#3 C:\xampp\htdocs\ITE311-CASTILLO\system\Database\BaseBuilder.php(1649): CodeIgniter\Database\BaseConnection->query('SELECT `enrollm...', Array, false)
#4 C:\xampp\htdocs\ITE311-CASTILLO\system\Model.php(286): CodeIgniter\Database\BaseBuilder->get()
#5 C:\xampp\htdocs\ITE311-CASTILLO\system\BaseModel.php(677): CodeIgniter\Model->doFindAll(0, 0)
#6 C:\xampp\htdocs\ITE311-CASTILLO\app\Models\EnrollmentModel.php(31): CodeIgniter\BaseModel->findAll()
#7 C:\xampp\htdocs\ITE311-CASTILLO\app\Controllers\Auth.php(146): App\Models\EnrollmentModel->getUserEnrollments(11)
#8 C:\xampp\htdocs\ITE311-CASTILLO\system\CodeIgniter.php(933): App\Controllers\Auth->dashboard()
#9 C:\xampp\htdocs\ITE311-CASTILLO\system\CodeIgniter.php(507): CodeIgniter\CodeIgniter->runController(Object(App\Controllers\Auth))
#10 C:\xampp\htdocs\ITE311-CASTILLO\system\CodeIgniter.php(354): CodeIgniter\CodeIgniter->handleRequest(NULL, Object(Config\Cache), false)
#11 C:\xampp\htdocs\ITE311-CASTILLO\system\Boot.php(363): CodeIgniter\CodeIgniter->run()
#12 C:\xampp\htdocs\ITE311-CASTILLO\system\Boot.php(68): CodeIgniter\Boot::runCodeIgniter(Object(CodeIgniter\CodeIgniter))
#13 C:\xampp\htdocs\ITE311-CASTILLO\public\index.php(59): CodeIgniter\Boot::bootWeb(Object(Config\Paths))
#14 C:\xampp\htdocs\ITE311-CASTILLO\system\rewrite.php(44): require_once('C:\\xampp\\htdocs...')
#15 {main}
CRITICAL - 2025-10-10 12:50:46 --> CodeIgniter\Database\Exceptions\DatabaseException: Unknown column 'enrollments.enrollment_date' in 'field list'
[Method: GET, Route: dashboard]
in SYSTEMPATH\Database\BaseConnection.php on line 684.
 1 SYSTEMPATH\Database\BaseBuilder.php(1649): CodeIgniter\Database\BaseConnection->query('SELECT `enrollments`.*, `courses`.`id` as `id`, `courses`.`title`, `courses`.`description`, `enrollments`.`enrollment_date`
FROM `enrollments`
INNER JOIN `courses` ON `courses`.`id` = `enrollments`.`course_id`
WHERE `enrollments`.`user_id` = :enrollments.user_id:
ORDER BY `enrollment_date` DESC', [...], false)
 2 SYSTEMPATH\Model.php(286): CodeIgniter\Database\BaseBuilder->get()
 3 SYSTEMPATH\BaseModel.php(677): CodeIgniter\Model->doFindAll(0, 0)
 4 APPPATH\Models\EnrollmentModel.php(31): CodeIgniter\BaseModel->findAll()
 5 APPPATH\Controllers\Auth.php(146): App\Models\EnrollmentModel->getUserEnrollments(11)
 6 SYSTEMPATH\CodeIgniter.php(933): App\Controllers\Auth->dashboard()
 7 SYSTEMPATH\CodeIgniter.php(507): CodeIgniter\CodeIgniter->runController(Object(App\Controllers\Auth))
 8 SYSTEMPATH\CodeIgniter.php(354): CodeIgniter\CodeIgniter->handleRequest(null, Object(Config\Cache), false)
 9 SYSTEMPATH\Boot.php(363): CodeIgniter\CodeIgniter->run()
10 SYSTEMPATH\Boot.php(68): CodeIgniter\Boot::runCodeIgniter(Object(CodeIgniter\CodeIgniter))
11 FCPATH\index.php(59): CodeIgniter\Boot::bootWeb(Object(Config\Paths))
12 SYSTEMPATH\rewrite.php(44): require_once('C:\\xampp\\htdocs\\ITE311-CASTILLO\\public\\index.php')
CRITICAL - 2025-10-10 12:50:46 --> [Caused by] CodeIgniter\Database\Exceptions\DatabaseException: Unknown column 'enrollments.enrollment_date' in 'field list'
in SYSTEMPATH\Database\MySQLi\Connection.php on line 332.
 1 SYSTEMPATH\Database\BaseConnection.php(729): CodeIgniter\Database\MySQLi\Connection->execute('SELECT `enrollments`.*, `courses`.`id` as `id`, `courses`.`title`, `courses`.`description`, `enrollments`.`enrollment_date`
FROM `enrollments`
INNER JOIN `courses` ON `courses`.`id` = `enrollments`.`course_id`
WHERE `enrollments`.`user_id` = 11
ORDER BY `enrollment_date` DESC')
 2 SYSTEMPATH\Database\BaseConnection.php(646): CodeIgniter\Database\BaseConnection->simpleQuery('SELECT `enrollments`.*, `courses`.`id` as `id`, `courses`.`title`, `courses`.`description`, `enrollments`.`enrollment_date`
FROM `enrollments`
INNER JOIN `courses` ON `courses`.`id` = `enrollments`.`course_id`
WHERE `enrollments`.`user_id` = 11
ORDER BY `enrollment_date` DESC')
 3 SYSTEMPATH\Database\BaseBuilder.php(1649): CodeIgniter\Database\BaseConnection->query('SELECT `enrollments`.*, `courses`.`id` as `id`, `courses`.`title`, `courses`.`description`, `enrollments`.`enrollment_date`
FROM `enrollments`
INNER JOIN `courses` ON `courses`.`id` = `enrollments`.`course_id`
WHERE `enrollments`.`user_id` = :enrollments.user_id:
ORDER BY `enrollment_date` DESC', [...], false)
 4 SYSTEMPATH\Model.php(286): CodeIgniter\Database\BaseBuilder->get()
 5 SYSTEMPATH\BaseModel.php(677): CodeIgniter\Model->doFindAll(0, 0)
 6 APPPATH\Models\EnrollmentModel.php(31): CodeIgniter\BaseModel->findAll()
 7 APPPATH\Controllers\Auth.php(146): App\Models\EnrollmentModel->getUserEnrollments(11)
 8 SYSTEMPATH\CodeIgniter.php(933): App\Controllers\Auth->dashboard()
 9 SYSTEMPATH\CodeIgniter.php(507): CodeIgniter\CodeIgniter->runController(Object(App\Controllers\Auth))
10 SYSTEMPATH\CodeIgniter.php(354): CodeIgniter\CodeIgniter->handleRequest(null, Object(Config\Cache), false)
11 SYSTEMPATH\Boot.php(363): CodeIgniter\CodeIgniter->run()
12 SYSTEMPATH\Boot.php(68): CodeIgniter\Boot::runCodeIgniter(Object(CodeIgniter\CodeIgniter))
13 FCPATH\index.php(59): CodeIgniter\Boot::bootWeb(Object(Config\Paths))
14 SYSTEMPATH\rewrite.php(44): require_once('C:\\xampp\\htdocs\\ITE311-CASTILLO\\public\\index.php')
CRITICAL - 2025-10-10 12:50:46 --> [Caused by] mysqli_sql_exception: Unknown column 'enrollments.enrollment_date' in 'field list'
in SYSTEMPATH\Database\MySQLi\Connection.php on line 327.
 1 SYSTEMPATH\Database\MySQLi\Connection.php(327): mysqli->query('SELECT `enrollments`.*, `courses`.`id` as `id`, `courses`.`title`, `courses`.`description`, `enrollments`.`enrollment_date`
FROM `enrollments`
INNER JOIN `courses` ON `courses`.`id` = `enrollments`.`course_id`
WHERE `enrollments`.`user_id` = 11
ORDER BY `enrollment_date` DESC', 0)
 2 SYSTEMPATH\Database\BaseConnection.php(729): CodeIgniter\Database\MySQLi\Connection->execute('SELECT `enrollments`.*, `courses`.`id` as `id`, `courses`.`title`, `courses`.`description`, `enrollments`.`enrollment_date`
FROM `enrollments`
INNER JOIN `courses` ON `courses`.`id` = `enrollments`.`course_id`
WHERE `enrollments`.`user_id` = 11
ORDER BY `enrollment_date` DESC')
 3 SYSTEMPATH\Database\BaseConnection.php(646): CodeIgniter\Database\BaseConnection->simpleQuery('SELECT `enrollments`.*, `courses`.`id` as `id`, `courses`.`title`, `courses`.`description`, `enrollments`.`enrollment_date`
FROM `enrollments`
INNER JOIN `courses` ON `courses`.`id` = `enrollments`.`course_id`
WHERE `enrollments`.`user_id` = 11
ORDER BY `enrollment_date` DESC')
 4 SYSTEMPATH\Database\BaseBuilder.php(1649): CodeIgniter\Database\BaseConnection->query('SELECT `enrollments`.*, `courses`.`id` as `id`, `courses`.`title`, `courses`.`description`, `enrollments`.`enrollment_date`
FROM `enrollments`
INNER JOIN `courses` ON `courses`.`id` = `enrollments`.`course_id`
WHERE `enrollments`.`user_id` = :enrollments.user_id:
ORDER BY `enrollment_date` DESC', [...], false)
 5 SYSTEMPATH\Model.php(286): CodeIgniter\Database\BaseBuilder->get()
 6 SYSTEMPATH\BaseModel.php(677): CodeIgniter\Model->doFindAll(0, 0)
 7 APPPATH\Models\EnrollmentModel.php(31): CodeIgniter\BaseModel->findAll()
 8 APPPATH\Controllers\Auth.php(146): App\Models\EnrollmentModel->getUserEnrollments(11)
 9 SYSTEMPATH\CodeIgniter.php(933): App\Controllers\Auth->dashboard()
10 SYSTEMPATH\CodeIgniter.php(507): CodeIgniter\CodeIgniter->runController(Object(App\Controllers\Auth))
11 SYSTEMPATH\CodeIgniter.php(354): CodeIgniter\CodeIgniter->handleRequest(null, Object(Config\Cache), false)
12 SYSTEMPATH\Boot.php(363): CodeIgniter\CodeIgniter->run()
13 SYSTEMPATH\Boot.php(68): CodeIgniter\Boot::runCodeIgniter(Object(CodeIgniter\CodeIgniter))
14 FCPATH\index.php(59): CodeIgniter\Boot::bootWeb(Object(Config\Paths))
15 SYSTEMPATH\rewrite.php(44): require_once('C:\\xampp\\htdocs\\ITE311-CASTILLO\\public\\index.php')
ERROR - 2025-10-10 12:50:48 --> mysqli_sql_exception: Unknown column 'enrollments.enrollment_date' in 'field list' in C:\xampp\htdocs\ITE311-CASTILLO\system\Database\MySQLi\Connection.php:327
Stack trace:
#0 C:\xampp\htdocs\ITE311-CASTILLO\system\Database\MySQLi\Connection.php(327): mysqli->query('SELECT `enrollm...', 0)
#1 C:\xampp\htdocs\ITE311-CASTILLO\system\Database\BaseConnection.php(729): CodeIgniter\Database\MySQLi\Connection->execute('SELECT `enrollm...')
#2 C:\xampp\htdocs\ITE311-CASTILLO\system\Database\BaseConnection.php(646): CodeIgniter\Database\BaseConnection->simpleQuery('SELECT `enrollm...')
#3 C:\xampp\htdocs\ITE311-CASTILLO\system\Database\BaseBuilder.php(1649): CodeIgniter\Database\BaseConnection->query('SELECT `enrollm...', Array, false)
#4 C:\xampp\htdocs\ITE311-CASTILLO\system\Model.php(286): CodeIgniter\Database\BaseBuilder->get()
#5 C:\xampp\htdocs\ITE311-CASTILLO\system\BaseModel.php(677): CodeIgniter\Model->doFindAll(0, 0)
#6 C:\xampp\htdocs\ITE311-CASTILLO\app\Models\EnrollmentModel.php(31): CodeIgniter\BaseModel->findAll()
#7 C:\xampp\htdocs\ITE311-CASTILLO\app\Controllers\Auth.php(146): App\Models\EnrollmentModel->getUserEnrollments(11)
#8 C:\xampp\htdocs\ITE311-CASTILLO\system\CodeIgniter.php(933): App\Controllers\Auth->dashboard()
#9 C:\xampp\htdocs\ITE311-CASTILLO\system\CodeIgniter.php(507): CodeIgniter\CodeIgniter->runController(Object(App\Controllers\Auth))
#10 C:\xampp\htdocs\ITE311-CASTILLO\system\CodeIgniter.php(354): CodeIgniter\CodeIgniter->handleRequest(NULL, Object(Config\Cache), false)
#11 C:\xampp\htdocs\ITE311-CASTILLO\system\Boot.php(363): CodeIgniter\CodeIgniter->run()
#12 C:\xampp\htdocs\ITE311-CASTILLO\system\Boot.php(68): CodeIgniter\Boot::runCodeIgniter(Object(CodeIgniter\CodeIgniter))
#13 C:\xampp\htdocs\ITE311-CASTILLO\public\index.php(59): CodeIgniter\Boot::bootWeb(Object(Config\Paths))
#14 C:\xampp\htdocs\ITE311-CASTILLO\system\rewrite.php(44): require_once('C:\\xampp\\htdocs...')
#15 {main}
CRITICAL - 2025-10-10 12:50:48 --> CodeIgniter\Database\Exceptions\DatabaseException: Unknown column 'enrollments.enrollment_date' in 'field list'
[Method: GET, Route: dashboard]
in SYSTEMPATH\Database\BaseConnection.php on line 684.
 1 SYSTEMPATH\Database\BaseBuilder.php(1649): CodeIgniter\Database\BaseConnection->query('SELECT `enrollments`.*, `courses`.`id` as `id`, `courses`.`title`, `courses`.`description`, `enrollments`.`enrollment_date`
FROM `enrollments`
INNER JOIN `courses` ON `courses`.`id` = `enrollments`.`course_id`
WHERE `enrollments`.`user_id` = :enrollments.user_id:
ORDER BY `enrollment_date` DESC', [...], false)
 2 SYSTEMPATH\Model.php(286): CodeIgniter\Database\BaseBuilder->get()
 3 SYSTEMPATH\BaseModel.php(677): CodeIgniter\Model->doFindAll(0, 0)
 4 APPPATH\Models\EnrollmentModel.php(31): CodeIgniter\BaseModel->findAll()
 5 APPPATH\Controllers\Auth.php(146): App\Models\EnrollmentModel->getUserEnrollments(11)
 6 SYSTEMPATH\CodeIgniter.php(933): App\Controllers\Auth->dashboard()
 7 SYSTEMPATH\CodeIgniter.php(507): CodeIgniter\CodeIgniter->runController(Object(App\Controllers\Auth))
 8 SYSTEMPATH\CodeIgniter.php(354): CodeIgniter\CodeIgniter->handleRequest(null, Object(Config\Cache), false)
 9 SYSTEMPATH\Boot.php(363): CodeIgniter\CodeIgniter->run()
10 SYSTEMPATH\Boot.php(68): CodeIgniter\Boot::runCodeIgniter(Object(CodeIgniter\CodeIgniter))
11 FCPATH\index.php(59): CodeIgniter\Boot::bootWeb(Object(Config\Paths))
12 SYSTEMPATH\rewrite.php(44): require_once('C:\\xampp\\htdocs\\ITE311-CASTILLO\\public\\index.php')
CRITICAL - 2025-10-10 12:50:48 --> [Caused by] CodeIgniter\Database\Exceptions\DatabaseException: Unknown column 'enrollments.enrollment_date' in 'field list'
in SYSTEMPATH\Database\MySQLi\Connection.php on line 332.
 1 SYSTEMPATH\Database\BaseConnection.php(729): CodeIgniter\Database\MySQLi\Connection->execute('SELECT `enrollments`.*, `courses`.`id` as `id`, `courses`.`title`, `courses`.`description`, `enrollments`.`enrollment_date`
FROM `enrollments`
INNER JOIN `courses` ON `courses`.`id` = `enrollments`.`course_id`
WHERE `enrollments`.`user_id` = 11
ORDER BY `enrollment_date` DESC')
 2 SYSTEMPATH\Database\BaseConnection.php(646): CodeIgniter\Database\BaseConnection->simpleQuery('SELECT `enrollments`.*, `courses`.`id` as `id`, `courses`.`title`, `courses`.`description`, `enrollments`.`enrollment_date`
FROM `enrollments`
INNER JOIN `courses` ON `courses`.`id` = `enrollments`.`course_id`
WHERE `enrollments`.`user_id` = 11
ORDER BY `enrollment_date` DESC')
 3 SYSTEMPATH\Database\BaseBuilder.php(1649): CodeIgniter\Database\BaseConnection->query('SELECT `enrollments`.*, `courses`.`id` as `id`, `courses`.`title`, `courses`.`description`, `enrollments`.`enrollment_date`
FROM `enrollments`
INNER JOIN `courses` ON `courses`.`id` = `enrollments`.`course_id`
WHERE `enrollments`.`user_id` = :enrollments.user_id:
ORDER BY `enrollment_date` DESC', [...], false)
 4 SYSTEMPATH\Model.php(286): CodeIgniter\Database\BaseBuilder->get()
 5 SYSTEMPATH\BaseModel.php(677): CodeIgniter\Model->doFindAll(0, 0)
 6 APPPATH\Models\EnrollmentModel.php(31): CodeIgniter\BaseModel->findAll()
 7 APPPATH\Controllers\Auth.php(146): App\Models\EnrollmentModel->getUserEnrollments(11)
 8 SYSTEMPATH\CodeIgniter.php(933): App\Controllers\Auth->dashboard()
 9 SYSTEMPATH\CodeIgniter.php(507): CodeIgniter\CodeIgniter->runController(Object(App\Controllers\Auth))
10 SYSTEMPATH\CodeIgniter.php(354): CodeIgniter\CodeIgniter->handleRequest(null, Object(Config\Cache), false)
11 SYSTEMPATH\Boot.php(363): CodeIgniter\CodeIgniter->run()
12 SYSTEMPATH\Boot.php(68): CodeIgniter\Boot::runCodeIgniter(Object(CodeIgniter\CodeIgniter))
13 FCPATH\index.php(59): CodeIgniter\Boot::bootWeb(Object(Config\Paths))
14 SYSTEMPATH\rewrite.php(44): require_once('C:\\xampp\\htdocs\\ITE311-CASTILLO\\public\\index.php')
CRITICAL - 2025-10-10 12:50:48 --> [Caused by] mysqli_sql_exception: Unknown column 'enrollments.enrollment_date' in 'field list'
in SYSTEMPATH\Database\MySQLi\Connection.php on line 327.
 1 SYSTEMPATH\Database\MySQLi\Connection.php(327): mysqli->query('SELECT `enrollments`.*, `courses`.`id` as `id`, `courses`.`title`, `courses`.`description`, `enrollments`.`enrollment_date`
FROM `enrollments`
INNER JOIN `courses` ON `courses`.`id` = `enrollments`.`course_id`
WHERE `enrollments`.`user_id` = 11
ORDER BY `enrollment_date` DESC', 0)
 2 SYSTEMPATH\Database\BaseConnection.php(729): CodeIgniter\Database\MySQLi\Connection->execute('SELECT `enrollments`.*, `courses`.`id` as `id`, `courses`.`title`, `courses`.`description`, `enrollments`.`enrollment_date`
FROM `enrollments`
INNER JOIN `courses` ON `courses`.`id` = `enrollments`.`course_id`
WHERE `enrollments`.`user_id` = 11
ORDER BY `enrollment_date` DESC')
 3 SYSTEMPATH\Database\BaseConnection.php(646): CodeIgniter\Database\BaseConnection->simpleQuery('SELECT `enrollments`.*, `courses`.`id` as `id`, `courses`.`title`, `courses`.`description`, `enrollments`.`enrollment_date`
FROM `enrollments`
INNER JOIN `courses` ON `courses`.`id` = `enrollments`.`course_id`
WHERE `enrollments`.`user_id` = 11
ORDER BY `enrollment_date` DESC')
 4 SYSTEMPATH\Database\BaseBuilder.php(1649): CodeIgniter\Database\BaseConnection->query('SELECT `enrollments`.*, `courses`.`id` as `id`, `courses`.`title`, `courses`.`description`, `enrollments`.`enrollment_date`
FROM `enrollments`
INNER JOIN `courses` ON `courses`.`id` = `enrollments`.`course_id`
WHERE `enrollments`.`user_id` = :enrollments.user_id:
ORDER BY `enrollment_date` DESC', [...], false)
 5 SYSTEMPATH\Model.php(286): CodeIgniter\Database\BaseBuilder->get()
 6 SYSTEMPATH\BaseModel.php(677): CodeIgniter\Model->doFindAll(0, 0)
 7 APPPATH\Models\EnrollmentModel.php(31): CodeIgniter\BaseModel->findAll()
 8 APPPATH\Controllers\Auth.php(146): App\Models\EnrollmentModel->getUserEnrollments(11)
 9 SYSTEMPATH\CodeIgniter.php(933): App\Controllers\Auth->dashboard()
10 SYSTEMPATH\CodeIgniter.php(507): CodeIgniter\CodeIgniter->runController(Object(App\Controllers\Auth))
11 SYSTEMPATH\CodeIgniter.php(354): CodeIgniter\CodeIgniter->handleRequest(null, Object(Config\Cache), false)
12 SYSTEMPATH\Boot.php(363): CodeIgniter\CodeIgniter->run()
13 SYSTEMPATH\Boot.php(68): CodeIgniter\Boot::runCodeIgniter(Object(CodeIgniter\CodeIgniter))
14 FCPATH\index.php(59): CodeIgniter\Boot::bootWeb(Object(Config\Paths))
15 SYSTEMPATH\rewrite.php(44): require_once('C:\\xampp\\htdocs\\ITE311-CASTILLO\\public\\index.php')
ERROR - 2025-10-10 12:50:49 --> mysqli_sql_exception: Unknown column 'enrollments.enrollment_date' in 'field list' in C:\xampp\htdocs\ITE311-CASTILLO\system\Database\MySQLi\Connection.php:327
Stack trace:
#0 C:\xampp\htdocs\ITE311-CASTILLO\system\Database\MySQLi\Connection.php(327): mysqli->query('SELECT `enrollm...', 0)
#1 C:\xampp\htdocs\ITE311-CASTILLO\system\Database\BaseConnection.php(729): CodeIgniter\Database\MySQLi\Connection->execute('SELECT `enrollm...')
#2 C:\xampp\htdocs\ITE311-CASTILLO\system\Database\BaseConnection.php(646): CodeIgniter\Database\BaseConnection->simpleQuery('SELECT `enrollm...')
#3 C:\xampp\htdocs\ITE311-CASTILLO\system\Database\BaseBuilder.php(1649): CodeIgniter\Database\BaseConnection->query('SELECT `enrollm...', Array, false)
#4 C:\xampp\htdocs\ITE311-CASTILLO\system\Model.php(286): CodeIgniter\Database\BaseBuilder->get()
#5 C:\xampp\htdocs\ITE311-CASTILLO\system\BaseModel.php(677): CodeIgniter\Model->doFindAll(0, 0)
#6 C:\xampp\htdocs\ITE311-CASTILLO\app\Models\EnrollmentModel.php(31): CodeIgniter\BaseModel->findAll()
#7 C:\xampp\htdocs\ITE311-CASTILLO\app\Controllers\Auth.php(146): App\Models\EnrollmentModel->getUserEnrollments(11)
#8 C:\xampp\htdocs\ITE311-CASTILLO\system\CodeIgniter.php(933): App\Controllers\Auth->dashboard()
#9 C:\xampp\htdocs\ITE311-CASTILLO\system\CodeIgniter.php(507): CodeIgniter\CodeIgniter->runController(Object(App\Controllers\Auth))
#10 C:\xampp\htdocs\ITE311-CASTILLO\system\CodeIgniter.php(354): CodeIgniter\CodeIgniter->handleRequest(NULL, Object(Config\Cache), false)
#11 C:\xampp\htdocs\ITE311-CASTILLO\system\Boot.php(363): CodeIgniter\CodeIgniter->run()
#12 C:\xampp\htdocs\ITE311-CASTILLO\system\Boot.php(68): CodeIgniter\Boot::runCodeIgniter(Object(CodeIgniter\CodeIgniter))
#13 C:\xampp\htdocs\ITE311-CASTILLO\public\index.php(59): CodeIgniter\Boot::bootWeb(Object(Config\Paths))
#14 C:\xampp\htdocs\ITE311-CASTILLO\system\rewrite.php(44): require_once('C:\\xampp\\htdocs...')
#15 {main}
CRITICAL - 2025-10-10 12:50:49 --> CodeIgniter\Database\Exceptions\DatabaseException: Unknown column 'enrollments.enrollment_date' in 'field list'
[Method: GET, Route: dashboard]
in SYSTEMPATH\Database\BaseConnection.php on line 684.
 1 SYSTEMPATH\Database\BaseBuilder.php(1649): CodeIgniter\Database\BaseConnection->query('SELECT `enrollments`.*, `courses`.`id` as `id`, `courses`.`title`, `courses`.`description`, `enrollments`.`enrollment_date`
FROM `enrollments`
INNER JOIN `courses` ON `courses`.`id` = `enrollments`.`course_id`
WHERE `enrollments`.`user_id` = :enrollments.user_id:
ORDER BY `enrollment_date` DESC', [...], false)
 2 SYSTEMPATH\Model.php(286): CodeIgniter\Database\BaseBuilder->get()
 3 SYSTEMPATH\BaseModel.php(677): CodeIgniter\Model->doFindAll(0, 0)
 4 APPPATH\Models\EnrollmentModel.php(31): CodeIgniter\BaseModel->findAll()
 5 APPPATH\Controllers\Auth.php(146): App\Models\EnrollmentModel->getUserEnrollments(11)
 6 SYSTEMPATH\CodeIgniter.php(933): App\Controllers\Auth->dashboard()
 7 SYSTEMPATH\CodeIgniter.php(507): CodeIgniter\CodeIgniter->runController(Object(App\Controllers\Auth))
 8 SYSTEMPATH\CodeIgniter.php(354): CodeIgniter\CodeIgniter->handleRequest(null, Object(Config\Cache), false)
 9 SYSTEMPATH\Boot.php(363): CodeIgniter\CodeIgniter->run()
10 SYSTEMPATH\Boot.php(68): CodeIgniter\Boot::runCodeIgniter(Object(CodeIgniter\CodeIgniter))
11 FCPATH\index.php(59): CodeIgniter\Boot::bootWeb(Object(Config\Paths))
12 SYSTEMPATH\rewrite.php(44): require_once('C:\\xampp\\htdocs\\ITE311-CASTILLO\\public\\index.php')
CRITICAL - 2025-10-10 12:50:49 --> [Caused by] CodeIgniter\Database\Exceptions\DatabaseException: Unknown column 'enrollments.enrollment_date' in 'field list'
in SYSTEMPATH\Database\MySQLi\Connection.php on line 332.
 1 SYSTEMPATH\Database\BaseConnection.php(729): CodeIgniter\Database\MySQLi\Connection->execute('SELECT `enrollments`.*, `courses`.`id` as `id`, `courses`.`title`, `courses`.`description`, `enrollments`.`enrollment_date`
FROM `enrollments`
INNER JOIN `courses` ON `courses`.`id` = `enrollments`.`course_id`
WHERE `enrollments`.`user_id` = 11
ORDER BY `enrollment_date` DESC')
 2 SYSTEMPATH\Database\BaseConnection.php(646): CodeIgniter\Database\BaseConnection->simpleQuery('SELECT `enrollments`.*, `courses`.`id` as `id`, `courses`.`title`, `courses`.`description`, `enrollments`.`enrollment_date`
FROM `enrollments`
INNER JOIN `courses` ON `courses`.`id` = `enrollments`.`course_id`
WHERE `enrollments`.`user_id` = 11
ORDER BY `enrollment_date` DESC')
 3 SYSTEMPATH\Database\BaseBuilder.php(1649): CodeIgniter\Database\BaseConnection->query('SELECT `enrollments`.*, `courses`.`id` as `id`, `courses`.`title`, `courses`.`description`, `enrollments`.`enrollment_date`
FROM `enrollments`
INNER JOIN `courses` ON `courses`.`id` = `enrollments`.`course_id`
WHERE `enrollments`.`user_id` = :enrollments.user_id:
ORDER BY `enrollment_date` DESC', [...], false)
 4 SYSTEMPATH\Model.php(286): CodeIgniter\Database\BaseBuilder->get()
 5 SYSTEMPATH\BaseModel.php(677): CodeIgniter\Model->doFindAll(0, 0)
 6 APPPATH\Models\EnrollmentModel.php(31): CodeIgniter\BaseModel->findAll()
 7 APPPATH\Controllers\Auth.php(146): App\Models\EnrollmentModel->getUserEnrollments(11)
 8 SYSTEMPATH\CodeIgniter.php(933): App\Controllers\Auth->dashboard()
 9 SYSTEMPATH\CodeIgniter.php(507): CodeIgniter\CodeIgniter->runController(Object(App\Controllers\Auth))
10 SYSTEMPATH\CodeIgniter.php(354): CodeIgniter\CodeIgniter->handleRequest(null, Object(Config\Cache), false)
11 SYSTEMPATH\Boot.php(363): CodeIgniter\CodeIgniter->run()
12 SYSTEMPATH\Boot.php(68): CodeIgniter\Boot::runCodeIgniter(Object(CodeIgniter\CodeIgniter))
13 FCPATH\index.php(59): CodeIgniter\Boot::bootWeb(Object(Config\Paths))
14 SYSTEMPATH\rewrite.php(44): require_once('C:\\xampp\\htdocs\\ITE311-CASTILLO\\public\\index.php')
CRITICAL - 2025-10-10 12:50:49 --> [Caused by] mysqli_sql_exception: Unknown column 'enrollments.enrollment_date' in 'field list'
in SYSTEMPATH\Database\MySQLi\Connection.php on line 327.
 1 SYSTEMPATH\Database\MySQLi\Connection.php(327): mysqli->query('SELECT `enrollments`.*, `courses`.`id` as `id`, `courses`.`title`, `courses`.`description`, `enrollments`.`enrollment_date`
FROM `enrollments`
INNER JOIN `courses` ON `courses`.`id` = `enrollments`.`course_id`
WHERE `enrollments`.`user_id` = 11
ORDER BY `enrollment_date` DESC', 0)
 2 SYSTEMPATH\Database\BaseConnection.php(729): CodeIgniter\Database\MySQLi\Connection->execute('SELECT `enrollments`.*, `courses`.`id` as `id`, `courses`.`title`, `courses`.`description`, `enrollments`.`enrollment_date`
FROM `enrollments`
INNER JOIN `courses` ON `courses`.`id` = `enrollments`.`course_id`
WHERE `enrollments`.`user_id` = 11
ORDER BY `enrollment_date` DESC')
 3 SYSTEMPATH\Database\BaseConnection.php(646): CodeIgniter\Database\BaseConnection->simpleQuery('SELECT `enrollments`.*, `courses`.`id` as `id`, `courses`.`title`, `courses`.`description`, `enrollments`.`enrollment_date`
FROM `enrollments`
INNER JOIN `courses` ON `courses`.`id` = `enrollments`.`course_id`
WHERE `enrollments`.`user_id` = 11
ORDER BY `enrollment_date` DESC')
 4 SYSTEMPATH\Database\BaseBuilder.php(1649): CodeIgniter\Database\BaseConnection->query('SELECT `enrollments`.*, `courses`.`id` as `id`, `courses`.`title`, `courses`.`description`, `enrollments`.`enrollment_date`
FROM `enrollments`
INNER JOIN `courses` ON `courses`.`id` = `enrollments`.`course_id`
WHERE `enrollments`.`user_id` = :enrollments.user_id:
ORDER BY `enrollment_date` DESC', [...], false)
 5 SYSTEMPATH\Model.php(286): CodeIgniter\Database\BaseBuilder->get()
 6 SYSTEMPATH\BaseModel.php(677): CodeIgniter\Model->doFindAll(0, 0)
 7 APPPATH\Models\EnrollmentModel.php(31): CodeIgniter\BaseModel->findAll()
 8 APPPATH\Controllers\Auth.php(146): App\Models\EnrollmentModel->getUserEnrollments(11)
 9 SYSTEMPATH\CodeIgniter.php(933): App\Controllers\Auth->dashboard()
10 SYSTEMPATH\CodeIgniter.php(507): CodeIgniter\CodeIgniter->runController(Object(App\Controllers\Auth))
11 SYSTEMPATH\CodeIgniter.php(354): CodeIgniter\CodeIgniter->handleRequest(null, Object(Config\Cache), false)
12 SYSTEMPATH\Boot.php(363): CodeIgniter\CodeIgniter->run()
13 SYSTEMPATH\Boot.php(68): CodeIgniter\Boot::runCodeIgniter(Object(CodeIgniter\CodeIgniter))
14 FCPATH\index.php(59): CodeIgniter\Boot::bootWeb(Object(Config\Paths))
15 SYSTEMPATH\rewrite.php(44): require_once('C:\\xampp\\htdocs\\ITE311-CASTILLO\\public\\index.php')
ERROR - 2025-10-10 12:51:38 --> mysqli_sql_exception: Unknown column 'enrollments.enrollment_date' in 'field list' in C:\xampp\htdocs\ITE311-CASTILLO\system\Database\MySQLi\Connection.php:327
Stack trace:
#0 C:\xampp\htdocs\ITE311-CASTILLO\system\Database\MySQLi\Connection.php(327): mysqli->query('SELECT `enrollm...', 0)
#1 C:\xampp\htdocs\ITE311-CASTILLO\system\Database\BaseConnection.php(729): CodeIgniter\Database\MySQLi\Connection->execute('SELECT `enrollm...')
#2 C:\xampp\htdocs\ITE311-CASTILLO\system\Database\BaseConnection.php(646): CodeIgniter\Database\BaseConnection->simpleQuery('SELECT `enrollm...')
#3 C:\xampp\htdocs\ITE311-CASTILLO\system\Database\BaseBuilder.php(1649): CodeIgniter\Database\BaseConnection->query('SELECT `enrollm...', Array, false)
#4 C:\xampp\htdocs\ITE311-CASTILLO\system\Model.php(286): CodeIgniter\Database\BaseBuilder->get()
#5 C:\xampp\htdocs\ITE311-CASTILLO\system\BaseModel.php(677): CodeIgniter\Model->doFindAll(0, 0)
#6 C:\xampp\htdocs\ITE311-CASTILLO\app\Models\EnrollmentModel.php(31): CodeIgniter\BaseModel->findAll()
#7 C:\xampp\htdocs\ITE311-CASTILLO\app\Controllers\Auth.php(146): App\Models\EnrollmentModel->getUserEnrollments(11)
#8 C:\xampp\htdocs\ITE311-CASTILLO\system\CodeIgniter.php(933): App\Controllers\Auth->dashboard()
#9 C:\xampp\htdocs\ITE311-CASTILLO\system\CodeIgniter.php(507): CodeIgniter\CodeIgniter->runController(Object(App\Controllers\Auth))
#10 C:\xampp\htdocs\ITE311-CASTILLO\system\CodeIgniter.php(354): CodeIgniter\CodeIgniter->handleRequest(NULL, Object(Config\Cache), false)
#11 C:\xampp\htdocs\ITE311-CASTILLO\system\Boot.php(363): CodeIgniter\CodeIgniter->run()
#12 C:\xampp\htdocs\ITE311-CASTILLO\system\Boot.php(68): CodeIgniter\Boot::runCodeIgniter(Object(CodeIgniter\CodeIgniter))
#13 C:\xampp\htdocs\ITE311-CASTILLO\public\index.php(59): CodeIgniter\Boot::bootWeb(Object(Config\Paths))
#14 C:\xampp\htdocs\ITE311-CASTILLO\system\rewrite.php(44): require_once('C:\\xampp\\htdocs...')
#15 {main}
CRITICAL - 2025-10-10 12:51:38 --> CodeIgniter\Database\Exceptions\DatabaseException: Unknown column 'enrollments.enrollment_date' in 'field list'
[Method: GET, Route: dashboard]
in SYSTEMPATH\Database\BaseConnection.php on line 684.
 1 SYSTEMPATH\Database\BaseBuilder.php(1649): CodeIgniter\Database\BaseConnection->query('SELECT `enrollments`.*, `courses`.`id` as `id`, `courses`.`title`, `courses`.`description`, `enrollments`.`enrollment_date`
FROM `enrollments`
INNER JOIN `courses` ON `courses`.`id` = `enrollments`.`course_id`
WHERE `enrollments`.`user_id` = :enrollments.user_id:
ORDER BY `enrollment_date` DESC', [...], false)
 2 SYSTEMPATH\Model.php(286): CodeIgniter\Database\BaseBuilder->get()
 3 SYSTEMPATH\BaseModel.php(677): CodeIgniter\Model->doFindAll(0, 0)
 4 APPPATH\Models\EnrollmentModel.php(31): CodeIgniter\BaseModel->findAll()
 5 APPPATH\Controllers\Auth.php(146): App\Models\EnrollmentModel->getUserEnrollments(11)
 6 SYSTEMPATH\CodeIgniter.php(933): App\Controllers\Auth->dashboard()
 7 SYSTEMPATH\CodeIgniter.php(507): CodeIgniter\CodeIgniter->runController(Object(App\Controllers\Auth))
 8 SYSTEMPATH\CodeIgniter.php(354): CodeIgniter\CodeIgniter->handleRequest(null, Object(Config\Cache), false)
 9 SYSTEMPATH\Boot.php(363): CodeIgniter\CodeIgniter->run()
10 SYSTEMPATH\Boot.php(68): CodeIgniter\Boot::runCodeIgniter(Object(CodeIgniter\CodeIgniter))
11 FCPATH\index.php(59): CodeIgniter\Boot::bootWeb(Object(Config\Paths))
12 SYSTEMPATH\rewrite.php(44): require_once('C:\\xampp\\htdocs\\ITE311-CASTILLO\\public\\index.php')
CRITICAL - 2025-10-10 12:51:38 --> [Caused by] CodeIgniter\Database\Exceptions\DatabaseException: Unknown column 'enrollments.enrollment_date' in 'field list'
in SYSTEMPATH\Database\MySQLi\Connection.php on line 332.
 1 SYSTEMPATH\Database\BaseConnection.php(729): CodeIgniter\Database\MySQLi\Connection->execute('SELECT `enrollments`.*, `courses`.`id` as `id`, `courses`.`title`, `courses`.`description`, `enrollments`.`enrollment_date`
FROM `enrollments`
INNER JOIN `courses` ON `courses`.`id` = `enrollments`.`course_id`
WHERE `enrollments`.`user_id` = 11
ORDER BY `enrollment_date` DESC')
 2 SYSTEMPATH\Database\BaseConnection.php(646): CodeIgniter\Database\BaseConnection->simpleQuery('SELECT `enrollments`.*, `courses`.`id` as `id`, `courses`.`title`, `courses`.`description`, `enrollments`.`enrollment_date`
FROM `enrollments`
INNER JOIN `courses` ON `courses`.`id` = `enrollments`.`course_id`
WHERE `enrollments`.`user_id` = 11
ORDER BY `enrollment_date` DESC')
 3 SYSTEMPATH\Database\BaseBuilder.php(1649): CodeIgniter\Database\BaseConnection->query('SELECT `enrollments`.*, `courses`.`id` as `id`, `courses`.`title`, `courses`.`description`, `enrollments`.`enrollment_date`
FROM `enrollments`
INNER JOIN `courses` ON `courses`.`id` = `enrollments`.`course_id`
WHERE `enrollments`.`user_id` = :enrollments.user_id:
ORDER BY `enrollment_date` DESC', [...], false)
 4 SYSTEMPATH\Model.php(286): CodeIgniter\Database\BaseBuilder->get()
 5 SYSTEMPATH\BaseModel.php(677): CodeIgniter\Model->doFindAll(0, 0)
 6 APPPATH\Models\EnrollmentModel.php(31): CodeIgniter\BaseModel->findAll()
 7 APPPATH\Controllers\Auth.php(146): App\Models\EnrollmentModel->getUserEnrollments(11)
 8 SYSTEMPATH\CodeIgniter.php(933): App\Controllers\Auth->dashboard()
 9 SYSTEMPATH\CodeIgniter.php(507): CodeIgniter\CodeIgniter->runController(Object(App\Controllers\Auth))
10 SYSTEMPATH\CodeIgniter.php(354): CodeIgniter\CodeIgniter->handleRequest(null, Object(Config\Cache), false)
11 SYSTEMPATH\Boot.php(363): CodeIgniter\CodeIgniter->run()
12 SYSTEMPATH\Boot.php(68): CodeIgniter\Boot::runCodeIgniter(Object(CodeIgniter\CodeIgniter))
13 FCPATH\index.php(59): CodeIgniter\Boot::bootWeb(Object(Config\Paths))
14 SYSTEMPATH\rewrite.php(44): require_once('C:\\xampp\\htdocs\\ITE311-CASTILLO\\public\\index.php')
CRITICAL - 2025-10-10 12:51:38 --> [Caused by] mysqli_sql_exception: Unknown column 'enrollments.enrollment_date' in 'field list'
in SYSTEMPATH\Database\MySQLi\Connection.php on line 327.
 1 SYSTEMPATH\Database\MySQLi\Connection.php(327): mysqli->query('SELECT `enrollments`.*, `courses`.`id` as `id`, `courses`.`title`, `courses`.`description`, `enrollments`.`enrollment_date`
FROM `enrollments`
INNER JOIN `courses` ON `courses`.`id` = `enrollments`.`course_id`
WHERE `enrollments`.`user_id` = 11
ORDER BY `enrollment_date` DESC', 0)
 2 SYSTEMPATH\Database\BaseConnection.php(729): CodeIgniter\Database\MySQLi\Connection->execute('SELECT `enrollments`.*, `courses`.`id` as `id`, `courses`.`title`, `courses`.`description`, `enrollments`.`enrollment_date`
FROM `enrollments`
INNER JOIN `courses` ON `courses`.`id` = `enrollments`.`course_id`
WHERE `enrollments`.`user_id` = 11
ORDER BY `enrollment_date` DESC')
 3 SYSTEMPATH\Database\BaseConnection.php(646): CodeIgniter\Database\BaseConnection->simpleQuery('SELECT `enrollments`.*, `courses`.`id` as `id`, `courses`.`title`, `courses`.`description`, `enrollments`.`enrollment_date`
FROM `enrollments`
INNER JOIN `courses` ON `courses`.`id` = `enrollments`.`course_id`
WHERE `enrollments`.`user_id` = 11
ORDER BY `enrollment_date` DESC')
 4 SYSTEMPATH\Database\BaseBuilder.php(1649): CodeIgniter\Database\BaseConnection->query('SELECT `enrollments`.*, `courses`.`id` as `id`, `courses`.`title`, `courses`.`description`, `enrollments`.`enrollment_date`
FROM `enrollments`
INNER JOIN `courses` ON `courses`.`id` = `enrollments`.`course_id`
WHERE `enrollments`.`user_id` = :enrollments.user_id:
ORDER BY `enrollment_date` DESC', [...], false)
 5 SYSTEMPATH\Model.php(286): CodeIgniter\Database\BaseBuilder->get()
 6 SYSTEMPATH\BaseModel.php(677): CodeIgniter\Model->doFindAll(0, 0)
 7 APPPATH\Models\EnrollmentModel.php(31): CodeIgniter\BaseModel->findAll()
 8 APPPATH\Controllers\Auth.php(146): App\Models\EnrollmentModel->getUserEnrollments(11)
 9 SYSTEMPATH\CodeIgniter.php(933): App\Controllers\Auth->dashboard()
10 SYSTEMPATH\CodeIgniter.php(507): CodeIgniter\CodeIgniter->runController(Object(App\Controllers\Auth))
11 SYSTEMPATH\CodeIgniter.php(354): CodeIgniter\CodeIgniter->handleRequest(null, Object(Config\Cache), false)
12 SYSTEMPATH\Boot.php(363): CodeIgniter\CodeIgniter->run()
13 SYSTEMPATH\Boot.php(68): CodeIgniter\Boot::runCodeIgniter(Object(CodeIgniter\CodeIgniter))
14 FCPATH\index.php(59): CodeIgniter\Boot::bootWeb(Object(Config\Paths))
15 SYSTEMPATH\rewrite.php(44): require_once('C:\\xampp\\htdocs\\ITE311-CASTILLO\\public\\index.php')
ERROR - 2025-10-10 12:51:52 --> mysqli_sql_exception: Unknown column 'enrollments.enrollment_date' in 'field list' in C:\xampp\htdocs\ITE311-CASTILLO\system\Database\MySQLi\Connection.php:327
Stack trace:
#0 C:\xampp\htdocs\ITE311-CASTILLO\system\Database\MySQLi\Connection.php(327): mysqli->query('SELECT `enrollm...', 0)
#1 C:\xampp\htdocs\ITE311-CASTILLO\system\Database\BaseConnection.php(729): CodeIgniter\Database\MySQLi\Connection->execute('SELECT `enrollm...')
#2 C:\xampp\htdocs\ITE311-CASTILLO\system\Database\BaseConnection.php(646): CodeIgniter\Database\BaseConnection->simpleQuery('SELECT `enrollm...')
#3 C:\xampp\htdocs\ITE311-CASTILLO\system\Database\BaseBuilder.php(1649): CodeIgniter\Database\BaseConnection->query('SELECT `enrollm...', Array, false)
#4 C:\xampp\htdocs\ITE311-CASTILLO\system\Model.php(286): CodeIgniter\Database\BaseBuilder->get()
#5 C:\xampp\htdocs\ITE311-CASTILLO\system\BaseModel.php(677): CodeIgniter\Model->doFindAll(0, 0)
#6 C:\xampp\htdocs\ITE311-CASTILLO\app\Models\EnrollmentModel.php(31): CodeIgniter\BaseModel->findAll()
#7 C:\xampp\htdocs\ITE311-CASTILLO\app\Controllers\Auth.php(146): App\Models\EnrollmentModel->getUserEnrollments(11)
#8 C:\xampp\htdocs\ITE311-CASTILLO\system\CodeIgniter.php(933): App\Controllers\Auth->dashboard()
#9 C:\xampp\htdocs\ITE311-CASTILLO\system\CodeIgniter.php(507): CodeIgniter\CodeIgniter->runController(Object(App\Controllers\Auth))
#10 C:\xampp\htdocs\ITE311-CASTILLO\system\CodeIgniter.php(354): CodeIgniter\CodeIgniter->handleRequest(NULL, Object(Config\Cache), false)
#11 C:\xampp\htdocs\ITE311-CASTILLO\system\Boot.php(363): CodeIgniter\CodeIgniter->run()
#12 C:\xampp\htdocs\ITE311-CASTILLO\system\Boot.php(68): CodeIgniter\Boot::runCodeIgniter(Object(CodeIgniter\CodeIgniter))
#13 C:\xampp\htdocs\ITE311-CASTILLO\public\index.php(59): CodeIgniter\Boot::bootWeb(Object(Config\Paths))
#14 C:\xampp\htdocs\ITE311-CASTILLO\system\rewrite.php(44): require_once('C:\\xampp\\htdocs...')
#15 {main}
CRITICAL - 2025-10-10 12:51:52 --> CodeIgniter\Database\Exceptions\DatabaseException: Unknown column 'enrollments.enrollment_date' in 'field list'
[Method: GET, Route: dashboard]
in SYSTEMPATH\Database\BaseConnection.php on line 684.
 1 SYSTEMPATH\Database\BaseBuilder.php(1649): CodeIgniter\Database\BaseConnection->query('SELECT `enrollments`.*, `courses`.`id` as `id`, `courses`.`title`, `courses`.`description`, `enrollments`.`enrollment_date`
FROM `enrollments`
INNER JOIN `courses` ON `courses`.`id` = `enrollments`.`course_id`
WHERE `enrollments`.`user_id` = :enrollments.user_id:
ORDER BY `enrollment_date` DESC', [...], false)
 2 SYSTEMPATH\Model.php(286): CodeIgniter\Database\BaseBuilder->get()
 3 SYSTEMPATH\BaseModel.php(677): CodeIgniter\Model->doFindAll(0, 0)
 4 APPPATH\Models\EnrollmentModel.php(31): CodeIgniter\BaseModel->findAll()
 5 APPPATH\Controllers\Auth.php(146): App\Models\EnrollmentModel->getUserEnrollments(11)
 6 SYSTEMPATH\CodeIgniter.php(933): App\Controllers\Auth->dashboard()
 7 SYSTEMPATH\CodeIgniter.php(507): CodeIgniter\CodeIgniter->runController(Object(App\Controllers\Auth))
 8 SYSTEMPATH\CodeIgniter.php(354): CodeIgniter\CodeIgniter->handleRequest(null, Object(Config\Cache), false)
 9 SYSTEMPATH\Boot.php(363): CodeIgniter\CodeIgniter->run()
10 SYSTEMPATH\Boot.php(68): CodeIgniter\Boot::runCodeIgniter(Object(CodeIgniter\CodeIgniter))
11 FCPATH\index.php(59): CodeIgniter\Boot::bootWeb(Object(Config\Paths))
12 SYSTEMPATH\rewrite.php(44): require_once('C:\\xampp\\htdocs\\ITE311-CASTILLO\\public\\index.php')
CRITICAL - 2025-10-10 12:51:52 --> [Caused by] CodeIgniter\Database\Exceptions\DatabaseException: Unknown column 'enrollments.enrollment_date' in 'field list'
in SYSTEMPATH\Database\MySQLi\Connection.php on line 332.
 1 SYSTEMPATH\Database\BaseConnection.php(729): CodeIgniter\Database\MySQLi\Connection->execute('SELECT `enrollments`.*, `courses`.`id` as `id`, `courses`.`title`, `courses`.`description`, `enrollments`.`enrollment_date`
FROM `enrollments`
INNER JOIN `courses` ON `courses`.`id` = `enrollments`.`course_id`
WHERE `enrollments`.`user_id` = 11
ORDER BY `enrollment_date` DESC')
 2 SYSTEMPATH\Database\BaseConnection.php(646): CodeIgniter\Database\BaseConnection->simpleQuery('SELECT `enrollments`.*, `courses`.`id` as `id`, `courses`.`title`, `courses`.`description`, `enrollments`.`enrollment_date`
FROM `enrollments`
INNER JOIN `courses` ON `courses`.`id` = `enrollments`.`course_id`
WHERE `enrollments`.`user_id` = 11
ORDER BY `enrollment_date` DESC')
 3 SYSTEMPATH\Database\BaseBuilder.php(1649): CodeIgniter\Database\BaseConnection->query('SELECT `enrollments`.*, `courses`.`id` as `id`, `courses`.`title`, `courses`.`description`, `enrollments`.`enrollment_date`
FROM `enrollments`
INNER JOIN `courses` ON `courses`.`id` = `enrollments`.`course_id`
WHERE `enrollments`.`user_id` = :enrollments.user_id:
ORDER BY `enrollment_date` DESC', [...], false)
 4 SYSTEMPATH\Model.php(286): CodeIgniter\Database\BaseBuilder->get()
 5 SYSTEMPATH\BaseModel.php(677): CodeIgniter\Model->doFindAll(0, 0)
 6 APPPATH\Models\EnrollmentModel.php(31): CodeIgniter\BaseModel->findAll()
 7 APPPATH\Controllers\Auth.php(146): App\Models\EnrollmentModel->getUserEnrollments(11)
 8 SYSTEMPATH\CodeIgniter.php(933): App\Controllers\Auth->dashboard()
 9 SYSTEMPATH\CodeIgniter.php(507): CodeIgniter\CodeIgniter->runController(Object(App\Controllers\Auth))
10 SYSTEMPATH\CodeIgniter.php(354): CodeIgniter\CodeIgniter->handleRequest(null, Object(Config\Cache), false)
11 SYSTEMPATH\Boot.php(363): CodeIgniter\CodeIgniter->run()
12 SYSTEMPATH\Boot.php(68): CodeIgniter\Boot::runCodeIgniter(Object(CodeIgniter\CodeIgniter))
13 FCPATH\index.php(59): CodeIgniter\Boot::bootWeb(Object(Config\Paths))
14 SYSTEMPATH\rewrite.php(44): require_once('C:\\xampp\\htdocs\\ITE311-CASTILLO\\public\\index.php')
CRITICAL - 2025-10-10 12:51:52 --> [Caused by] mysqli_sql_exception: Unknown column 'enrollments.enrollment_date' in 'field list'
in SYSTEMPATH\Database\MySQLi\Connection.php on line 327.
 1 SYSTEMPATH\Database\MySQLi\Connection.php(327): mysqli->query('SELECT `enrollments`.*, `courses`.`id` as `id`, `courses`.`title`, `courses`.`description`, `enrollments`.`enrollment_date`
FROM `enrollments`
INNER JOIN `courses` ON `courses`.`id` = `enrollments`.`course_id`
WHERE `enrollments`.`user_id` = 11
ORDER BY `enrollment_date` DESC', 0)
 2 SYSTEMPATH\Database\BaseConnection.php(729): CodeIgniter\Database\MySQLi\Connection->execute('SELECT `enrollments`.*, `courses`.`id` as `id`, `courses`.`title`, `courses`.`description`, `enrollments`.`enrollment_date`
FROM `enrollments`
INNER JOIN `courses` ON `courses`.`id` = `enrollments`.`course_id`
WHERE `enrollments`.`user_id` = 11
ORDER BY `enrollment_date` DESC')
 3 SYSTEMPATH\Database\BaseConnection.php(646): CodeIgniter\Database\BaseConnection->simpleQuery('SELECT `enrollments`.*, `courses`.`id` as `id`, `courses`.`title`, `courses`.`description`, `enrollments`.`enrollment_date`
FROM `enrollments`
INNER JOIN `courses` ON `courses`.`id` = `enrollments`.`course_id`
WHERE `enrollments`.`user_id` = 11
ORDER BY `enrollment_date` DESC')
 4 SYSTEMPATH\Database\BaseBuilder.php(1649): CodeIgniter\Database\BaseConnection->query('SELECT `enrollments`.*, `courses`.`id` as `id`, `courses`.`title`, `courses`.`description`, `enrollments`.`enrollment_date`
FROM `enrollments`
INNER JOIN `courses` ON `courses`.`id` = `enrollments`.`course_id`
WHERE `enrollments`.`user_id` = :enrollments.user_id:
ORDER BY `enrollment_date` DESC', [...], false)
 5 SYSTEMPATH\Model.php(286): CodeIgniter\Database\BaseBuilder->get()
 6 SYSTEMPATH\BaseModel.php(677): CodeIgniter\Model->doFindAll(0, 0)
 7 APPPATH\Models\EnrollmentModel.php(31): CodeIgniter\BaseModel->findAll()
 8 APPPATH\Controllers\Auth.php(146): App\Models\EnrollmentModel->getUserEnrollments(11)
 9 SYSTEMPATH\CodeIgniter.php(933): App\Controllers\Auth->dashboard()
10 SYSTEMPATH\CodeIgniter.php(507): CodeIgniter\CodeIgniter->runController(Object(App\Controllers\Auth))
11 SYSTEMPATH\CodeIgniter.php(354): CodeIgniter\CodeIgniter->handleRequest(null, Object(Config\Cache), false)
12 SYSTEMPATH\Boot.php(363): CodeIgniter\CodeIgniter->run()
13 SYSTEMPATH\Boot.php(68): CodeIgniter\Boot::runCodeIgniter(Object(CodeIgniter\CodeIgniter))
14 FCPATH\index.php(59): CodeIgniter\Boot::bootWeb(Object(Config\Paths))
15 SYSTEMPATH\rewrite.php(44): require_once('C:\\xampp\\htdocs\\ITE311-CASTILLO\\public\\index.php')
ERROR - 2025-10-10 12:51:52 --> mysqli_sql_exception: Unknown column 'enrollments.enrollment_date' in 'field list' in C:\xampp\htdocs\ITE311-CASTILLO\system\Database\MySQLi\Connection.php:327
Stack trace:
#0 C:\xampp\htdocs\ITE311-CASTILLO\system\Database\MySQLi\Connection.php(327): mysqli->query('SELECT `enrollm...', 0)
#1 C:\xampp\htdocs\ITE311-CASTILLO\system\Database\BaseConnection.php(729): CodeIgniter\Database\MySQLi\Connection->execute('SELECT `enrollm...')
#2 C:\xampp\htdocs\ITE311-CASTILLO\system\Database\BaseConnection.php(646): CodeIgniter\Database\BaseConnection->simpleQuery('SELECT `enrollm...')
#3 C:\xampp\htdocs\ITE311-CASTILLO\system\Database\BaseBuilder.php(1649): CodeIgniter\Database\BaseConnection->query('SELECT `enrollm...', Array, false)
#4 C:\xampp\htdocs\ITE311-CASTILLO\system\Model.php(286): CodeIgniter\Database\BaseBuilder->get()
#5 C:\xampp\htdocs\ITE311-CASTILLO\system\BaseModel.php(677): CodeIgniter\Model->doFindAll(0, 0)
#6 C:\xampp\htdocs\ITE311-CASTILLO\app\Models\EnrollmentModel.php(31): CodeIgniter\BaseModel->findAll()
#7 C:\xampp\htdocs\ITE311-CASTILLO\app\Controllers\Auth.php(146): App\Models\EnrollmentModel->getUserEnrollments(11)
#8 C:\xampp\htdocs\ITE311-CASTILLO\system\CodeIgniter.php(933): App\Controllers\Auth->dashboard()
#9 C:\xampp\htdocs\ITE311-CASTILLO\system\CodeIgniter.php(507): CodeIgniter\CodeIgniter->runController(Object(App\Controllers\Auth))
#10 C:\xampp\htdocs\ITE311-CASTILLO\system\CodeIgniter.php(354): CodeIgniter\CodeIgniter->handleRequest(NULL, Object(Config\Cache), false)
#11 C:\xampp\htdocs\ITE311-CASTILLO\system\Boot.php(363): CodeIgniter\CodeIgniter->run()
#12 C:\xampp\htdocs\ITE311-CASTILLO\system\Boot.php(68): CodeIgniter\Boot::runCodeIgniter(Object(CodeIgniter\CodeIgniter))
#13 C:\xampp\htdocs\ITE311-CASTILLO\public\index.php(59): CodeIgniter\Boot::bootWeb(Object(Config\Paths))
#14 C:\xampp\htdocs\ITE311-CASTILLO\system\rewrite.php(44): require_once('C:\\xampp\\htdocs...')
#15 {main}
CRITICAL - 2025-10-10 12:51:52 --> CodeIgniter\Database\Exceptions\DatabaseException: Unknown column 'enrollments.enrollment_date' in 'field list'
[Method: GET, Route: dashboard]
in SYSTEMPATH\Database\BaseConnection.php on line 684.
 1 SYSTEMPATH\Database\BaseBuilder.php(1649): CodeIgniter\Database\BaseConnection->query('SELECT `enrollments`.*, `courses`.`id` as `id`, `courses`.`title`, `courses`.`description`, `enrollments`.`enrollment_date`
FROM `enrollments`
INNER JOIN `courses` ON `courses`.`id` = `enrollments`.`course_id`
WHERE `enrollments`.`user_id` = :enrollments.user_id:
ORDER BY `enrollment_date` DESC', [...], false)
 2 SYSTEMPATH\Model.php(286): CodeIgniter\Database\BaseBuilder->get()
 3 SYSTEMPATH\BaseModel.php(677): CodeIgniter\Model->doFindAll(0, 0)
 4 APPPATH\Models\EnrollmentModel.php(31): CodeIgniter\BaseModel->findAll()
 5 APPPATH\Controllers\Auth.php(146): App\Models\EnrollmentModel->getUserEnrollments(11)
 6 SYSTEMPATH\CodeIgniter.php(933): App\Controllers\Auth->dashboard()
 7 SYSTEMPATH\CodeIgniter.php(507): CodeIgniter\CodeIgniter->runController(Object(App\Controllers\Auth))
 8 SYSTEMPATH\CodeIgniter.php(354): CodeIgniter\CodeIgniter->handleRequest(null, Object(Config\Cache), false)
 9 SYSTEMPATH\Boot.php(363): CodeIgniter\CodeIgniter->run()
10 SYSTEMPATH\Boot.php(68): CodeIgniter\Boot::runCodeIgniter(Object(CodeIgniter\CodeIgniter))
11 FCPATH\index.php(59): CodeIgniter\Boot::bootWeb(Object(Config\Paths))
12 SYSTEMPATH\rewrite.php(44): require_once('C:\\xampp\\htdocs\\ITE311-CASTILLO\\public\\index.php')
CRITICAL - 2025-10-10 12:51:52 --> [Caused by] CodeIgniter\Database\Exceptions\DatabaseException: Unknown column 'enrollments.enrollment_date' in 'field list'
in SYSTEMPATH\Database\MySQLi\Connection.php on line 332.
 1 SYSTEMPATH\Database\BaseConnection.php(729): CodeIgniter\Database\MySQLi\Connection->execute('SELECT `enrollments`.*, `courses`.`id` as `id`, `courses`.`title`, `courses`.`description`, `enrollments`.`enrollment_date`
FROM `enrollments`
INNER JOIN `courses` ON `courses`.`id` = `enrollments`.`course_id`
WHERE `enrollments`.`user_id` = 11
ORDER BY `enrollment_date` DESC')
 2 SYSTEMPATH\Database\BaseConnection.php(646): CodeIgniter\Database\BaseConnection->simpleQuery('SELECT `enrollments`.*, `courses`.`id` as `id`, `courses`.`title`, `courses`.`description`, `enrollments`.`enrollment_date`
FROM `enrollments`
INNER JOIN `courses` ON `courses`.`id` = `enrollments`.`course_id`
WHERE `enrollments`.`user_id` = 11
ORDER BY `enrollment_date` DESC')
 3 SYSTEMPATH\Database\BaseBuilder.php(1649): CodeIgniter\Database\BaseConnection->query('SELECT `enrollments`.*, `courses`.`id` as `id`, `courses`.`title`, `courses`.`description`, `enrollments`.`enrollment_date`
FROM `enrollments`
INNER JOIN `courses` ON `courses`.`id` = `enrollments`.`course_id`
WHERE `enrollments`.`user_id` = :enrollments.user_id:
ORDER BY `enrollment_date` DESC', [...], false)
 4 SYSTEMPATH\Model.php(286): CodeIgniter\Database\BaseBuilder->get()
 5 SYSTEMPATH\BaseModel.php(677): CodeIgniter\Model->doFindAll(0, 0)
 6 APPPATH\Models\EnrollmentModel.php(31): CodeIgniter\BaseModel->findAll()
 7 APPPATH\Controllers\Auth.php(146): App\Models\EnrollmentModel->getUserEnrollments(11)
 8 SYSTEMPATH\CodeIgniter.php(933): App\Controllers\Auth->dashboard()
 9 SYSTEMPATH\CodeIgniter.php(507): CodeIgniter\CodeIgniter->runController(Object(App\Controllers\Auth))
10 SYSTEMPATH\CodeIgniter.php(354): CodeIgniter\CodeIgniter->handleRequest(null, Object(Config\Cache), false)
11 SYSTEMPATH\Boot.php(363): CodeIgniter\CodeIgniter->run()
12 SYSTEMPATH\Boot.php(68): CodeIgniter\Boot::runCodeIgniter(Object(CodeIgniter\CodeIgniter))
13 FCPATH\index.php(59): CodeIgniter\Boot::bootWeb(Object(Config\Paths))
14 SYSTEMPATH\rewrite.php(44): require_once('C:\\xampp\\htdocs\\ITE311-CASTILLO\\public\\index.php')
CRITICAL - 2025-10-10 12:51:52 --> [Caused by] mysqli_sql_exception: Unknown column 'enrollments.enrollment_date' in 'field list'
in SYSTEMPATH\Database\MySQLi\Connection.php on line 327.
 1 SYSTEMPATH\Database\MySQLi\Connection.php(327): mysqli->query('SELECT `enrollments`.*, `courses`.`id` as `id`, `courses`.`title`, `courses`.`description`, `enrollments`.`enrollment_date`
FROM `enrollments`
INNER JOIN `courses` ON `courses`.`id` = `enrollments`.`course_id`
WHERE `enrollments`.`user_id` = 11
ORDER BY `enrollment_date` DESC', 0)
 2 SYSTEMPATH\Database\BaseConnection.php(729): CodeIgniter\Database\MySQLi\Connection->execute('SELECT `enrollments`.*, `courses`.`id` as `id`, `courses`.`title`, `courses`.`description`, `enrollments`.`enrollment_date`
FROM `enrollments`
INNER JOIN `courses` ON `courses`.`id` = `enrollments`.`course_id`
WHERE `enrollments`.`user_id` = 11
ORDER BY `enrollment_date` DESC')
 3 SYSTEMPATH\Database\BaseConnection.php(646): CodeIgniter\Database\BaseConnection->simpleQuery('SELECT `enrollments`.*, `courses`.`id` as `id`, `courses`.`title`, `courses`.`description`, `enrollments`.`enrollment_date`
FROM `enrollments`
INNER JOIN `courses` ON `courses`.`id` = `enrollments`.`course_id`
WHERE `enrollments`.`user_id` = 11
ORDER BY `enrollment_date` DESC')
 4 SYSTEMPATH\Database\BaseBuilder.php(1649): CodeIgniter\Database\BaseConnection->query('SELECT `enrollments`.*, `courses`.`id` as `id`, `courses`.`title`, `courses`.`description`, `enrollments`.`enrollment_date`
FROM `enrollments`
INNER JOIN `courses` ON `courses`.`id` = `enrollments`.`course_id`
WHERE `enrollments`.`user_id` = :enrollments.user_id:
ORDER BY `enrollment_date` DESC', [...], false)
 5 SYSTEMPATH\Model.php(286): CodeIgniter\Database\BaseBuilder->get()
 6 SYSTEMPATH\BaseModel.php(677): CodeIgniter\Model->doFindAll(0, 0)
 7 APPPATH\Models\EnrollmentModel.php(31): CodeIgniter\BaseModel->findAll()
 8 APPPATH\Controllers\Auth.php(146): App\Models\EnrollmentModel->getUserEnrollments(11)
 9 SYSTEMPATH\CodeIgniter.php(933): App\Controllers\Auth->dashboard()
10 SYSTEMPATH\CodeIgniter.php(507): CodeIgniter\CodeIgniter->runController(Object(App\Controllers\Auth))
11 SYSTEMPATH\CodeIgniter.php(354): CodeIgniter\CodeIgniter->handleRequest(null, Object(Config\Cache), false)
12 SYSTEMPATH\Boot.php(363): CodeIgniter\CodeIgniter->run()
13 SYSTEMPATH\Boot.php(68): CodeIgniter\Boot::runCodeIgniter(Object(CodeIgniter\CodeIgniter))
14 FCPATH\index.php(59): CodeIgniter\Boot::bootWeb(Object(Config\Paths))
15 SYSTEMPATH\rewrite.php(44): require_once('C:\\xampp\\htdocs\\ITE311-CASTILLO\\public\\index.php')
ERROR - 2025-10-10 12:51:52 --> mysqli_sql_exception: Unknown column 'enrollments.enrollment_date' in 'field list' in C:\xampp\htdocs\ITE311-CASTILLO\system\Database\MySQLi\Connection.php:327
Stack trace:
#0 C:\xampp\htdocs\ITE311-CASTILLO\system\Database\MySQLi\Connection.php(327): mysqli->query('SELECT `enrollm...', 0)
#1 C:\xampp\htdocs\ITE311-CASTILLO\system\Database\BaseConnection.php(729): CodeIgniter\Database\MySQLi\Connection->execute('SELECT `enrollm...')
#2 C:\xampp\htdocs\ITE311-CASTILLO\system\Database\BaseConnection.php(646): CodeIgniter\Database\BaseConnection->simpleQuery('SELECT `enrollm...')
#3 C:\xampp\htdocs\ITE311-CASTILLO\system\Database\BaseBuilder.php(1649): CodeIgniter\Database\BaseConnection->query('SELECT `enrollm...', Array, false)
#4 C:\xampp\htdocs\ITE311-CASTILLO\system\Model.php(286): CodeIgniter\Database\BaseBuilder->get()
#5 C:\xampp\htdocs\ITE311-CASTILLO\system\BaseModel.php(677): CodeIgniter\Model->doFindAll(0, 0)
#6 C:\xampp\htdocs\ITE311-CASTILLO\app\Models\EnrollmentModel.php(31): CodeIgniter\BaseModel->findAll()
#7 C:\xampp\htdocs\ITE311-CASTILLO\app\Controllers\Auth.php(146): App\Models\EnrollmentModel->getUserEnrollments(11)
#8 C:\xampp\htdocs\ITE311-CASTILLO\system\CodeIgniter.php(933): App\Controllers\Auth->dashboard()
#9 C:\xampp\htdocs\ITE311-CASTILLO\system\CodeIgniter.php(507): CodeIgniter\CodeIgniter->runController(Object(App\Controllers\Auth))
#10 C:\xampp\htdocs\ITE311-CASTILLO\system\CodeIgniter.php(354): CodeIgniter\CodeIgniter->handleRequest(NULL, Object(Config\Cache), false)
#11 C:\xampp\htdocs\ITE311-CASTILLO\system\Boot.php(363): CodeIgniter\CodeIgniter->run()
#12 C:\xampp\htdocs\ITE311-CASTILLO\system\Boot.php(68): CodeIgniter\Boot::runCodeIgniter(Object(CodeIgniter\CodeIgniter))
#13 C:\xampp\htdocs\ITE311-CASTILLO\public\index.php(59): CodeIgniter\Boot::bootWeb(Object(Config\Paths))
#14 C:\xampp\htdocs\ITE311-CASTILLO\system\rewrite.php(44): require_once('C:\\xampp\\htdocs...')
#15 {main}
CRITICAL - 2025-10-10 12:51:52 --> CodeIgniter\Database\Exceptions\DatabaseException: Unknown column 'enrollments.enrollment_date' in 'field list'
[Method: GET, Route: dashboard]
in SYSTEMPATH\Database\BaseConnection.php on line 684.
 1 SYSTEMPATH\Database\BaseBuilder.php(1649): CodeIgniter\Database\BaseConnection->query('SELECT `enrollments`.*, `courses`.`id` as `id`, `courses`.`title`, `courses`.`description`, `enrollments`.`enrollment_date`
FROM `enrollments`
INNER JOIN `courses` ON `courses`.`id` = `enrollments`.`course_id`
WHERE `enrollments`.`user_id` = :enrollments.user_id:
ORDER BY `enrollment_date` DESC', [...], false)
 2 SYSTEMPATH\Model.php(286): CodeIgniter\Database\BaseBuilder->get()
 3 SYSTEMPATH\BaseModel.php(677): CodeIgniter\Model->doFindAll(0, 0)
 4 APPPATH\Models\EnrollmentModel.php(31): CodeIgniter\BaseModel->findAll()
 5 APPPATH\Controllers\Auth.php(146): App\Models\EnrollmentModel->getUserEnrollments(11)
 6 SYSTEMPATH\CodeIgniter.php(933): App\Controllers\Auth->dashboard()
 7 SYSTEMPATH\CodeIgniter.php(507): CodeIgniter\CodeIgniter->runController(Object(App\Controllers\Auth))
 8 SYSTEMPATH\CodeIgniter.php(354): CodeIgniter\CodeIgniter->handleRequest(null, Object(Config\Cache), false)
 9 SYSTEMPATH\Boot.php(363): CodeIgniter\CodeIgniter->run()
10 SYSTEMPATH\Boot.php(68): CodeIgniter\Boot::runCodeIgniter(Object(CodeIgniter\CodeIgniter))
11 FCPATH\index.php(59): CodeIgniter\Boot::bootWeb(Object(Config\Paths))
12 SYSTEMPATH\rewrite.php(44): require_once('C:\\xampp\\htdocs\\ITE311-CASTILLO\\public\\index.php')
CRITICAL - 2025-10-10 12:51:52 --> [Caused by] CodeIgniter\Database\Exceptions\DatabaseException: Unknown column 'enrollments.enrollment_date' in 'field list'
in SYSTEMPATH\Database\MySQLi\Connection.php on line 332.
 1 SYSTEMPATH\Database\BaseConnection.php(729): CodeIgniter\Database\MySQLi\Connection->execute('SELECT `enrollments`.*, `courses`.`id` as `id`, `courses`.`title`, `courses`.`description`, `enrollments`.`enrollment_date`
FROM `enrollments`
INNER JOIN `courses` ON `courses`.`id` = `enrollments`.`course_id`
WHERE `enrollments`.`user_id` = 11
ORDER BY `enrollment_date` DESC')
 2 SYSTEMPATH\Database\BaseConnection.php(646): CodeIgniter\Database\BaseConnection->simpleQuery('SELECT `enrollments`.*, `courses`.`id` as `id`, `courses`.`title`, `courses`.`description`, `enrollments`.`enrollment_date`
FROM `enrollments`
INNER JOIN `courses` ON `courses`.`id` = `enrollments`.`course_id`
WHERE `enrollments`.`user_id` = 11
ORDER BY `enrollment_date` DESC')
 3 SYSTEMPATH\Database\BaseBuilder.php(1649): CodeIgniter\Database\BaseConnection->query('SELECT `enrollments`.*, `courses`.`id` as `id`, `courses`.`title`, `courses`.`description`, `enrollments`.`enrollment_date`
FROM `enrollments`
INNER JOIN `courses` ON `courses`.`id` = `enrollments`.`course_id`
WHERE `enrollments`.`user_id` = :enrollments.user_id:
ORDER BY `enrollment_date` DESC', [...], false)
 4 SYSTEMPATH\Model.php(286): CodeIgniter\Database\BaseBuilder->get()
 5 SYSTEMPATH\BaseModel.php(677): CodeIgniter\Model->doFindAll(0, 0)
 6 APPPATH\Models\EnrollmentModel.php(31): CodeIgniter\BaseModel->findAll()
 7 APPPATH\Controllers\Auth.php(146): App\Models\EnrollmentModel->getUserEnrollments(11)
 8 SYSTEMPATH\CodeIgniter.php(933): App\Controllers\Auth->dashboard()
 9 SYSTEMPATH\CodeIgniter.php(507): CodeIgniter\CodeIgniter->runController(Object(App\Controllers\Auth))
10 SYSTEMPATH\CodeIgniter.php(354): CodeIgniter\CodeIgniter->handleRequest(null, Object(Config\Cache), false)
11 SYSTEMPATH\Boot.php(363): CodeIgniter\CodeIgniter->run()
12 SYSTEMPATH\Boot.php(68): CodeIgniter\Boot::runCodeIgniter(Object(CodeIgniter\CodeIgniter))
13 FCPATH\index.php(59): CodeIgniter\Boot::bootWeb(Object(Config\Paths))
14 SYSTEMPATH\rewrite.php(44): require_once('C:\\xampp\\htdocs\\ITE311-CASTILLO\\public\\index.php')
CRITICAL - 2025-10-10 12:51:52 --> [Caused by] mysqli_sql_exception: Unknown column 'enrollments.enrollment_date' in 'field list'
in SYSTEMPATH\Database\MySQLi\Connection.php on line 327.
 1 SYSTEMPATH\Database\MySQLi\Connection.php(327): mysqli->query('SELECT `enrollments`.*, `courses`.`id` as `id`, `courses`.`title`, `courses`.`description`, `enrollments`.`enrollment_date`
FROM `enrollments`
INNER JOIN `courses` ON `courses`.`id` = `enrollments`.`course_id`
WHERE `enrollments`.`user_id` = 11
ORDER BY `enrollment_date` DESC', 0)
 2 SYSTEMPATH\Database\BaseConnection.php(729): CodeIgniter\Database\MySQLi\Connection->execute('SELECT `enrollments`.*, `courses`.`id` as `id`, `courses`.`title`, `courses`.`description`, `enrollments`.`enrollment_date`
FROM `enrollments`
INNER JOIN `courses` ON `courses`.`id` = `enrollments`.`course_id`
WHERE `enrollments`.`user_id` = 11
ORDER BY `enrollment_date` DESC')
 3 SYSTEMPATH\Database\BaseConnection.php(646): CodeIgniter\Database\BaseConnection->simpleQuery('SELECT `enrollments`.*, `courses`.`id` as `id`, `courses`.`title`, `courses`.`description`, `enrollments`.`enrollment_date`
FROM `enrollments`
INNER JOIN `courses` ON `courses`.`id` = `enrollments`.`course_id`
WHERE `enrollments`.`user_id` = 11
ORDER BY `enrollment_date` DESC')
 4 SYSTEMPATH\Database\BaseBuilder.php(1649): CodeIgniter\Database\BaseConnection->query('SELECT `enrollments`.*, `courses`.`id` as `id`, `courses`.`title`, `courses`.`description`, `enrollments`.`enrollment_date`
FROM `enrollments`
INNER JOIN `courses` ON `courses`.`id` = `enrollments`.`course_id`
WHERE `enrollments`.`user_id` = :enrollments.user_id:
ORDER BY `enrollment_date` DESC', [...], false)
 5 SYSTEMPATH\Model.php(286): CodeIgniter\Database\BaseBuilder->get()
 6 SYSTEMPATH\BaseModel.php(677): CodeIgniter\Model->doFindAll(0, 0)
 7 APPPATH\Models\EnrollmentModel.php(31): CodeIgniter\BaseModel->findAll()
 8 APPPATH\Controllers\Auth.php(146): App\Models\EnrollmentModel->getUserEnrollments(11)
 9 SYSTEMPATH\CodeIgniter.php(933): App\Controllers\Auth->dashboard()
10 SYSTEMPATH\CodeIgniter.php(507): CodeIgniter\CodeIgniter->runController(Object(App\Controllers\Auth))
11 SYSTEMPATH\CodeIgniter.php(354): CodeIgniter\CodeIgniter->handleRequest(null, Object(Config\Cache), false)
12 SYSTEMPATH\Boot.php(363): CodeIgniter\CodeIgniter->run()
13 SYSTEMPATH\Boot.php(68): CodeIgniter\Boot::runCodeIgniter(Object(CodeIgniter\CodeIgniter))
14 FCPATH\index.php(59): CodeIgniter\Boot::bootWeb(Object(Config\Paths))
15 SYSTEMPATH\rewrite.php(44): require_once('C:\\xampp\\htdocs\\ITE311-CASTILLO\\public\\index.php')
ERROR - 2025-10-10 12:51:52 --> mysqli_sql_exception: Unknown column 'enrollments.enrollment_date' in 'field list' in C:\xampp\htdocs\ITE311-CASTILLO\system\Database\MySQLi\Connection.php:327
Stack trace:
#0 C:\xampp\htdocs\ITE311-CASTILLO\system\Database\MySQLi\Connection.php(327): mysqli->query('SELECT `enrollm...', 0)
#1 C:\xampp\htdocs\ITE311-CASTILLO\system\Database\BaseConnection.php(729): CodeIgniter\Database\MySQLi\Connection->execute('SELECT `enrollm...')
#2 C:\xampp\htdocs\ITE311-CASTILLO\system\Database\BaseConnection.php(646): CodeIgniter\Database\BaseConnection->simpleQuery('SELECT `enrollm...')
#3 C:\xampp\htdocs\ITE311-CASTILLO\system\Database\BaseBuilder.php(1649): CodeIgniter\Database\BaseConnection->query('SELECT `enrollm...', Array, false)
#4 C:\xampp\htdocs\ITE311-CASTILLO\system\Model.php(286): CodeIgniter\Database\BaseBuilder->get()
#5 C:\xampp\htdocs\ITE311-CASTILLO\system\BaseModel.php(677): CodeIgniter\Model->doFindAll(0, 0)
#6 C:\xampp\htdocs\ITE311-CASTILLO\app\Models\EnrollmentModel.php(31): CodeIgniter\BaseModel->findAll()
#7 C:\xampp\htdocs\ITE311-CASTILLO\app\Controllers\Auth.php(146): App\Models\EnrollmentModel->getUserEnrollments(11)
#8 C:\xampp\htdocs\ITE311-CASTILLO\system\CodeIgniter.php(933): App\Controllers\Auth->dashboard()
#9 C:\xampp\htdocs\ITE311-CASTILLO\system\CodeIgniter.php(507): CodeIgniter\CodeIgniter->runController(Object(App\Controllers\Auth))
#10 C:\xampp\htdocs\ITE311-CASTILLO\system\CodeIgniter.php(354): CodeIgniter\CodeIgniter->handleRequest(NULL, Object(Config\Cache), false)
#11 C:\xampp\htdocs\ITE311-CASTILLO\system\Boot.php(363): CodeIgniter\CodeIgniter->run()
#12 C:\xampp\htdocs\ITE311-CASTILLO\system\Boot.php(68): CodeIgniter\Boot::runCodeIgniter(Object(CodeIgniter\CodeIgniter))
#13 C:\xampp\htdocs\ITE311-CASTILLO\public\index.php(59): CodeIgniter\Boot::bootWeb(Object(Config\Paths))
#14 C:\xampp\htdocs\ITE311-CASTILLO\system\rewrite.php(44): require_once('C:\\xampp\\htdocs...')
#15 {main}
CRITICAL - 2025-10-10 12:51:52 --> CodeIgniter\Database\Exceptions\DatabaseException: Unknown column 'enrollments.enrollment_date' in 'field list'
[Method: GET, Route: dashboard]
in SYSTEMPATH\Database\BaseConnection.php on line 684.
 1 SYSTEMPATH\Database\BaseBuilder.php(1649): CodeIgniter\Database\BaseConnection->query('SELECT `enrollments`.*, `courses`.`id` as `id`, `courses`.`title`, `courses`.`description`, `enrollments`.`enrollment_date`
FROM `enrollments`
INNER JOIN `courses` ON `courses`.`id` = `enrollments`.`course_id`
WHERE `enrollments`.`user_id` = :enrollments.user_id:
ORDER BY `enrollment_date` DESC', [...], false)
 2 SYSTEMPATH\Model.php(286): CodeIgniter\Database\BaseBuilder->get()
 3 SYSTEMPATH\BaseModel.php(677): CodeIgniter\Model->doFindAll(0, 0)
 4 APPPATH\Models\EnrollmentModel.php(31): CodeIgniter\BaseModel->findAll()
 5 APPPATH\Controllers\Auth.php(146): App\Models\EnrollmentModel->getUserEnrollments(11)
 6 SYSTEMPATH\CodeIgniter.php(933): App\Controllers\Auth->dashboard()
 7 SYSTEMPATH\CodeIgniter.php(507): CodeIgniter\CodeIgniter->runController(Object(App\Controllers\Auth))
 8 SYSTEMPATH\CodeIgniter.php(354): CodeIgniter\CodeIgniter->handleRequest(null, Object(Config\Cache), false)
 9 SYSTEMPATH\Boot.php(363): CodeIgniter\CodeIgniter->run()
10 SYSTEMPATH\Boot.php(68): CodeIgniter\Boot::runCodeIgniter(Object(CodeIgniter\CodeIgniter))
11 FCPATH\index.php(59): CodeIgniter\Boot::bootWeb(Object(Config\Paths))
12 SYSTEMPATH\rewrite.php(44): require_once('C:\\xampp\\htdocs\\ITE311-CASTILLO\\public\\index.php')
CRITICAL - 2025-10-10 12:51:52 --> [Caused by] CodeIgniter\Database\Exceptions\DatabaseException: Unknown column 'enrollments.enrollment_date' in 'field list'
in SYSTEMPATH\Database\MySQLi\Connection.php on line 332.
 1 SYSTEMPATH\Database\BaseConnection.php(729): CodeIgniter\Database\MySQLi\Connection->execute('SELECT `enrollments`.*, `courses`.`id` as `id`, `courses`.`title`, `courses`.`description`, `enrollments`.`enrollment_date`
FROM `enrollments`
INNER JOIN `courses` ON `courses`.`id` = `enrollments`.`course_id`
WHERE `enrollments`.`user_id` = 11
ORDER BY `enrollment_date` DESC')
 2 SYSTEMPATH\Database\BaseConnection.php(646): CodeIgniter\Database\BaseConnection->simpleQuery('SELECT `enrollments`.*, `courses`.`id` as `id`, `courses`.`title`, `courses`.`description`, `enrollments`.`enrollment_date`
FROM `enrollments`
INNER JOIN `courses` ON `courses`.`id` = `enrollments`.`course_id`
WHERE `enrollments`.`user_id` = 11
ORDER BY `enrollment_date` DESC')
 3 SYSTEMPATH\Database\BaseBuilder.php(1649): CodeIgniter\Database\BaseConnection->query('SELECT `enrollments`.*, `courses`.`id` as `id`, `courses`.`title`, `courses`.`description`, `enrollments`.`enrollment_date`
FROM `enrollments`
INNER JOIN `courses` ON `courses`.`id` = `enrollments`.`course_id`
WHERE `enrollments`.`user_id` = :enrollments.user_id:
ORDER BY `enrollment_date` DESC', [...], false)
 4 SYSTEMPATH\Model.php(286): CodeIgniter\Database\BaseBuilder->get()
 5 SYSTEMPATH\BaseModel.php(677): CodeIgniter\Model->doFindAll(0, 0)
 6 APPPATH\Models\EnrollmentModel.php(31): CodeIgniter\BaseModel->findAll()
 7 APPPATH\Controllers\Auth.php(146): App\Models\EnrollmentModel->getUserEnrollments(11)
 8 SYSTEMPATH\CodeIgniter.php(933): App\Controllers\Auth->dashboard()
 9 SYSTEMPATH\CodeIgniter.php(507): CodeIgniter\CodeIgniter->runController(Object(App\Controllers\Auth))
10 SYSTEMPATH\CodeIgniter.php(354): CodeIgniter\CodeIgniter->handleRequest(null, Object(Config\Cache), false)
11 SYSTEMPATH\Boot.php(363): CodeIgniter\CodeIgniter->run()
12 SYSTEMPATH\Boot.php(68): CodeIgniter\Boot::runCodeIgniter(Object(CodeIgniter\CodeIgniter))
13 FCPATH\index.php(59): CodeIgniter\Boot::bootWeb(Object(Config\Paths))
14 SYSTEMPATH\rewrite.php(44): require_once('C:\\xampp\\htdocs\\ITE311-CASTILLO\\public\\index.php')
CRITICAL - 2025-10-10 12:51:52 --> [Caused by] mysqli_sql_exception: Unknown column 'enrollments.enrollment_date' in 'field list'
in SYSTEMPATH\Database\MySQLi\Connection.php on line 327.
 1 SYSTEMPATH\Database\MySQLi\Connection.php(327): mysqli->query('SELECT `enrollments`.*, `courses`.`id` as `id`, `courses`.`title`, `courses`.`description`, `enrollments`.`enrollment_date`
FROM `enrollments`
INNER JOIN `courses` ON `courses`.`id` = `enrollments`.`course_id`
WHERE `enrollments`.`user_id` = 11
ORDER BY `enrollment_date` DESC', 0)
 2 SYSTEMPATH\Database\BaseConnection.php(729): CodeIgniter\Database\MySQLi\Connection->execute('SELECT `enrollments`.*, `courses`.`id` as `id`, `courses`.`title`, `courses`.`description`, `enrollments`.`enrollment_date`
FROM `enrollments`
INNER JOIN `courses` ON `courses`.`id` = `enrollments`.`course_id`
WHERE `enrollments`.`user_id` = 11
ORDER BY `enrollment_date` DESC')
 3 SYSTEMPATH\Database\BaseConnection.php(646): CodeIgniter\Database\BaseConnection->simpleQuery('SELECT `enrollments`.*, `courses`.`id` as `id`, `courses`.`title`, `courses`.`description`, `enrollments`.`enrollment_date`
FROM `enrollments`
INNER JOIN `courses` ON `courses`.`id` = `enrollments`.`course_id`
WHERE `enrollments`.`user_id` = 11
ORDER BY `enrollment_date` DESC')
 4 SYSTEMPATH\Database\BaseBuilder.php(1649): CodeIgniter\Database\BaseConnection->query('SELECT `enrollments`.*, `courses`.`id` as `id`, `courses`.`title`, `courses`.`description`, `enrollments`.`enrollment_date`
FROM `enrollments`
INNER JOIN `courses` ON `courses`.`id` = `enrollments`.`course_id`
WHERE `enrollments`.`user_id` = :enrollments.user_id:
ORDER BY `enrollment_date` DESC', [...], false)
 5 SYSTEMPATH\Model.php(286): CodeIgniter\Database\BaseBuilder->get()
 6 SYSTEMPATH\BaseModel.php(677): CodeIgniter\Model->doFindAll(0, 0)
 7 APPPATH\Models\EnrollmentModel.php(31): CodeIgniter\BaseModel->findAll()
 8 APPPATH\Controllers\Auth.php(146): App\Models\EnrollmentModel->getUserEnrollments(11)
 9 SYSTEMPATH\CodeIgniter.php(933): App\Controllers\Auth->dashboard()
10 SYSTEMPATH\CodeIgniter.php(507): CodeIgniter\CodeIgniter->runController(Object(App\Controllers\Auth))
11 SYSTEMPATH\CodeIgniter.php(354): CodeIgniter\CodeIgniter->handleRequest(null, Object(Config\Cache), false)
12 SYSTEMPATH\Boot.php(363): CodeIgniter\CodeIgniter->run()
13 SYSTEMPATH\Boot.php(68): CodeIgniter\Boot::runCodeIgniter(Object(CodeIgniter\CodeIgniter))
14 FCPATH\index.php(59): CodeIgniter\Boot::bootWeb(Object(Config\Paths))
15 SYSTEMPATH\rewrite.php(44): require_once('C:\\xampp\\htdocs\\ITE311-CASTILLO\\public\\index.php')
ERROR - 2025-10-10 12:51:53 --> mysqli_sql_exception: Unknown column 'enrollments.enrollment_date' in 'field list' in C:\xampp\htdocs\ITE311-CASTILLO\system\Database\MySQLi\Connection.php:327
Stack trace:
#0 C:\xampp\htdocs\ITE311-CASTILLO\system\Database\MySQLi\Connection.php(327): mysqli->query('SELECT `enrollm...', 0)
#1 C:\xampp\htdocs\ITE311-CASTILLO\system\Database\BaseConnection.php(729): CodeIgniter\Database\MySQLi\Connection->execute('SELECT `enrollm...')
#2 C:\xampp\htdocs\ITE311-CASTILLO\system\Database\BaseConnection.php(646): CodeIgniter\Database\BaseConnection->simpleQuery('SELECT `enrollm...')
#3 C:\xampp\htdocs\ITE311-CASTILLO\system\Database\BaseBuilder.php(1649): CodeIgniter\Database\BaseConnection->query('SELECT `enrollm...', Array, false)
#4 C:\xampp\htdocs\ITE311-CASTILLO\system\Model.php(286): CodeIgniter\Database\BaseBuilder->get()
#5 C:\xampp\htdocs\ITE311-CASTILLO\system\BaseModel.php(677): CodeIgniter\Model->doFindAll(0, 0)
#6 C:\xampp\htdocs\ITE311-CASTILLO\app\Models\EnrollmentModel.php(31): CodeIgniter\BaseModel->findAll()
#7 C:\xampp\htdocs\ITE311-CASTILLO\app\Controllers\Auth.php(146): App\Models\EnrollmentModel->getUserEnrollments(11)
#8 C:\xampp\htdocs\ITE311-CASTILLO\system\CodeIgniter.php(933): App\Controllers\Auth->dashboard()
#9 C:\xampp\htdocs\ITE311-CASTILLO\system\CodeIgniter.php(507): CodeIgniter\CodeIgniter->runController(Object(App\Controllers\Auth))
#10 C:\xampp\htdocs\ITE311-CASTILLO\system\CodeIgniter.php(354): CodeIgniter\CodeIgniter->handleRequest(NULL, Object(Config\Cache), false)
#11 C:\xampp\htdocs\ITE311-CASTILLO\system\Boot.php(363): CodeIgniter\CodeIgniter->run()
#12 C:\xampp\htdocs\ITE311-CASTILLO\system\Boot.php(68): CodeIgniter\Boot::runCodeIgniter(Object(CodeIgniter\CodeIgniter))
#13 C:\xampp\htdocs\ITE311-CASTILLO\public\index.php(59): CodeIgniter\Boot::bootWeb(Object(Config\Paths))
#14 C:\xampp\htdocs\ITE311-CASTILLO\system\rewrite.php(44): require_once('C:\\xampp\\htdocs...')
#15 {main}
CRITICAL - 2025-10-10 12:51:53 --> CodeIgniter\Database\Exceptions\DatabaseException: Unknown column 'enrollments.enrollment_date' in 'field list'
[Method: GET, Route: dashboard]
in SYSTEMPATH\Database\BaseConnection.php on line 684.
 1 SYSTEMPATH\Database\BaseBuilder.php(1649): CodeIgniter\Database\BaseConnection->query('SELECT `enrollments`.*, `courses`.`id` as `id`, `courses`.`title`, `courses`.`description`, `enrollments`.`enrollment_date`
FROM `enrollments`
INNER JOIN `courses` ON `courses`.`id` = `enrollments`.`course_id`
WHERE `enrollments`.`user_id` = :enrollments.user_id:
ORDER BY `enrollment_date` DESC', [...], false)
 2 SYSTEMPATH\Model.php(286): CodeIgniter\Database\BaseBuilder->get()
 3 SYSTEMPATH\BaseModel.php(677): CodeIgniter\Model->doFindAll(0, 0)
 4 APPPATH\Models\EnrollmentModel.php(31): CodeIgniter\BaseModel->findAll()
 5 APPPATH\Controllers\Auth.php(146): App\Models\EnrollmentModel->getUserEnrollments(11)
 6 SYSTEMPATH\CodeIgniter.php(933): App\Controllers\Auth->dashboard()
 7 SYSTEMPATH\CodeIgniter.php(507): CodeIgniter\CodeIgniter->runController(Object(App\Controllers\Auth))
 8 SYSTEMPATH\CodeIgniter.php(354): CodeIgniter\CodeIgniter->handleRequest(null, Object(Config\Cache), false)
 9 SYSTEMPATH\Boot.php(363): CodeIgniter\CodeIgniter->run()
10 SYSTEMPATH\Boot.php(68): CodeIgniter\Boot::runCodeIgniter(Object(CodeIgniter\CodeIgniter))
11 FCPATH\index.php(59): CodeIgniter\Boot::bootWeb(Object(Config\Paths))
12 SYSTEMPATH\rewrite.php(44): require_once('C:\\xampp\\htdocs\\ITE311-CASTILLO\\public\\index.php')
CRITICAL - 2025-10-10 12:51:53 --> [Caused by] CodeIgniter\Database\Exceptions\DatabaseException: Unknown column 'enrollments.enrollment_date' in 'field list'
in SYSTEMPATH\Database\MySQLi\Connection.php on line 332.
 1 SYSTEMPATH\Database\BaseConnection.php(729): CodeIgniter\Database\MySQLi\Connection->execute('SELECT `enrollments`.*, `courses`.`id` as `id`, `courses`.`title`, `courses`.`description`, `enrollments`.`enrollment_date`
FROM `enrollments`
INNER JOIN `courses` ON `courses`.`id` = `enrollments`.`course_id`
WHERE `enrollments`.`user_id` = 11
ORDER BY `enrollment_date` DESC')
 2 SYSTEMPATH\Database\BaseConnection.php(646): CodeIgniter\Database\BaseConnection->simpleQuery('SELECT `enrollments`.*, `courses`.`id` as `id`, `courses`.`title`, `courses`.`description`, `enrollments`.`enrollment_date`
FROM `enrollments`
INNER JOIN `courses` ON `courses`.`id` = `enrollments`.`course_id`
WHERE `enrollments`.`user_id` = 11
ORDER BY `enrollment_date` DESC')
 3 SYSTEMPATH\Database\BaseBuilder.php(1649): CodeIgniter\Database\BaseConnection->query('SELECT `enrollments`.*, `courses`.`id` as `id`, `courses`.`title`, `courses`.`description`, `enrollments`.`enrollment_date`
FROM `enrollments`
INNER JOIN `courses` ON `courses`.`id` = `enrollments`.`course_id`
WHERE `enrollments`.`user_id` = :enrollments.user_id:
ORDER BY `enrollment_date` DESC', [...], false)
 4 SYSTEMPATH\Model.php(286): CodeIgniter\Database\BaseBuilder->get()
 5 SYSTEMPATH\BaseModel.php(677): CodeIgniter\Model->doFindAll(0, 0)
 6 APPPATH\Models\EnrollmentModel.php(31): CodeIgniter\BaseModel->findAll()
 7 APPPATH\Controllers\Auth.php(146): App\Models\EnrollmentModel->getUserEnrollments(11)
 8 SYSTEMPATH\CodeIgniter.php(933): App\Controllers\Auth->dashboard()
 9 SYSTEMPATH\CodeIgniter.php(507): CodeIgniter\CodeIgniter->runController(Object(App\Controllers\Auth))
10 SYSTEMPATH\CodeIgniter.php(354): CodeIgniter\CodeIgniter->handleRequest(null, Object(Config\Cache), false)
11 SYSTEMPATH\Boot.php(363): CodeIgniter\CodeIgniter->run()
12 SYSTEMPATH\Boot.php(68): CodeIgniter\Boot::runCodeIgniter(Object(CodeIgniter\CodeIgniter))
13 FCPATH\index.php(59): CodeIgniter\Boot::bootWeb(Object(Config\Paths))
14 SYSTEMPATH\rewrite.php(44): require_once('C:\\xampp\\htdocs\\ITE311-CASTILLO\\public\\index.php')
CRITICAL - 2025-10-10 12:51:53 --> [Caused by] mysqli_sql_exception: Unknown column 'enrollments.enrollment_date' in 'field list'
in SYSTEMPATH\Database\MySQLi\Connection.php on line 327.
 1 SYSTEMPATH\Database\MySQLi\Connection.php(327): mysqli->query('SELECT `enrollments`.*, `courses`.`id` as `id`, `courses`.`title`, `courses`.`description`, `enrollments`.`enrollment_date`
FROM `enrollments`
INNER JOIN `courses` ON `courses`.`id` = `enrollments`.`course_id`
WHERE `enrollments`.`user_id` = 11
ORDER BY `enrollment_date` DESC', 0)
 2 SYSTEMPATH\Database\BaseConnection.php(729): CodeIgniter\Database\MySQLi\Connection->execute('SELECT `enrollments`.*, `courses`.`id` as `id`, `courses`.`title`, `courses`.`description`, `enrollments`.`enrollment_date`
FROM `enrollments`
INNER JOIN `courses` ON `courses`.`id` = `enrollments`.`course_id`
WHERE `enrollments`.`user_id` = 11
ORDER BY `enrollment_date` DESC')
 3 SYSTEMPATH\Database\BaseConnection.php(646): CodeIgniter\Database\BaseConnection->simpleQuery('SELECT `enrollments`.*, `courses`.`id` as `id`, `courses`.`title`, `courses`.`description`, `enrollments`.`enrollment_date`
FROM `enrollments`
INNER JOIN `courses` ON `courses`.`id` = `enrollments`.`course_id`
WHERE `enrollments`.`user_id` = 11
ORDER BY `enrollment_date` DESC')
 4 SYSTEMPATH\Database\BaseBuilder.php(1649): CodeIgniter\Database\BaseConnection->query('SELECT `enrollments`.*, `courses`.`id` as `id`, `courses`.`title`, `courses`.`description`, `enrollments`.`enrollment_date`
FROM `enrollments`
INNER JOIN `courses` ON `courses`.`id` = `enrollments`.`course_id`
WHERE `enrollments`.`user_id` = :enrollments.user_id:
ORDER BY `enrollment_date` DESC', [...], false)
 5 SYSTEMPATH\Model.php(286): CodeIgniter\Database\BaseBuilder->get()
 6 SYSTEMPATH\BaseModel.php(677): CodeIgniter\Model->doFindAll(0, 0)
 7 APPPATH\Models\EnrollmentModel.php(31): CodeIgniter\BaseModel->findAll()
 8 APPPATH\Controllers\Auth.php(146): App\Models\EnrollmentModel->getUserEnrollments(11)
 9 SYSTEMPATH\CodeIgniter.php(933): App\Controllers\Auth->dashboard()
10 SYSTEMPATH\CodeIgniter.php(507): CodeIgniter\CodeIgniter->runController(Object(App\Controllers\Auth))
11 SYSTEMPATH\CodeIgniter.php(354): CodeIgniter\CodeIgniter->handleRequest(null, Object(Config\Cache), false)
12 SYSTEMPATH\Boot.php(363): CodeIgniter\CodeIgniter->run()
13 SYSTEMPATH\Boot.php(68): CodeIgniter\Boot::runCodeIgniter(Object(CodeIgniter\CodeIgniter))
14 FCPATH\index.php(59): CodeIgniter\Boot::bootWeb(Object(Config\Paths))
15 SYSTEMPATH\rewrite.php(44): require_once('C:\\xampp\\htdocs\\ITE311-CASTILLO\\public\\index.php')
ERROR - 2025-10-10 12:51:53 --> mysqli_sql_exception: Unknown column 'enrollments.enrollment_date' in 'field list' in C:\xampp\htdocs\ITE311-CASTILLO\system\Database\MySQLi\Connection.php:327
Stack trace:
#0 C:\xampp\htdocs\ITE311-CASTILLO\system\Database\MySQLi\Connection.php(327): mysqli->query('SELECT `enrollm...', 0)
#1 C:\xampp\htdocs\ITE311-CASTILLO\system\Database\BaseConnection.php(729): CodeIgniter\Database\MySQLi\Connection->execute('SELECT `enrollm...')
#2 C:\xampp\htdocs\ITE311-CASTILLO\system\Database\BaseConnection.php(646): CodeIgniter\Database\BaseConnection->simpleQuery('SELECT `enrollm...')
#3 C:\xampp\htdocs\ITE311-CASTILLO\system\Database\BaseBuilder.php(1649): CodeIgniter\Database\BaseConnection->query('SELECT `enrollm...', Array, false)
#4 C:\xampp\htdocs\ITE311-CASTILLO\system\Model.php(286): CodeIgniter\Database\BaseBuilder->get()
#5 C:\xampp\htdocs\ITE311-CASTILLO\system\BaseModel.php(677): CodeIgniter\Model->doFindAll(0, 0)
#6 C:\xampp\htdocs\ITE311-CASTILLO\app\Models\EnrollmentModel.php(31): CodeIgniter\BaseModel->findAll()
#7 C:\xampp\htdocs\ITE311-CASTILLO\app\Controllers\Auth.php(146): App\Models\EnrollmentModel->getUserEnrollments(11)
#8 C:\xampp\htdocs\ITE311-CASTILLO\system\CodeIgniter.php(933): App\Controllers\Auth->dashboard()
#9 C:\xampp\htdocs\ITE311-CASTILLO\system\CodeIgniter.php(507): CodeIgniter\CodeIgniter->runController(Object(App\Controllers\Auth))
#10 C:\xampp\htdocs\ITE311-CASTILLO\system\CodeIgniter.php(354): CodeIgniter\CodeIgniter->handleRequest(NULL, Object(Config\Cache), false)
#11 C:\xampp\htdocs\ITE311-CASTILLO\system\Boot.php(363): CodeIgniter\CodeIgniter->run()
#12 C:\xampp\htdocs\ITE311-CASTILLO\system\Boot.php(68): CodeIgniter\Boot::runCodeIgniter(Object(CodeIgniter\CodeIgniter))
#13 C:\xampp\htdocs\ITE311-CASTILLO\public\index.php(59): CodeIgniter\Boot::bootWeb(Object(Config\Paths))
#14 C:\xampp\htdocs\ITE311-CASTILLO\system\rewrite.php(44): require_once('C:\\xampp\\htdocs...')
#15 {main}
CRITICAL - 2025-10-10 12:51:53 --> CodeIgniter\Database\Exceptions\DatabaseException: Unknown column 'enrollments.enrollment_date' in 'field list'
[Method: GET, Route: dashboard]
in SYSTEMPATH\Database\BaseConnection.php on line 684.
 1 SYSTEMPATH\Database\BaseBuilder.php(1649): CodeIgniter\Database\BaseConnection->query('SELECT `enrollments`.*, `courses`.`id` as `id`, `courses`.`title`, `courses`.`description`, `enrollments`.`enrollment_date`
FROM `enrollments`
INNER JOIN `courses` ON `courses`.`id` = `enrollments`.`course_id`
WHERE `enrollments`.`user_id` = :enrollments.user_id:
ORDER BY `enrollment_date` DESC', [...], false)
 2 SYSTEMPATH\Model.php(286): CodeIgniter\Database\BaseBuilder->get()
 3 SYSTEMPATH\BaseModel.php(677): CodeIgniter\Model->doFindAll(0, 0)
 4 APPPATH\Models\EnrollmentModel.php(31): CodeIgniter\BaseModel->findAll()
 5 APPPATH\Controllers\Auth.php(146): App\Models\EnrollmentModel->getUserEnrollments(11)
 6 SYSTEMPATH\CodeIgniter.php(933): App\Controllers\Auth->dashboard()
 7 SYSTEMPATH\CodeIgniter.php(507): CodeIgniter\CodeIgniter->runController(Object(App\Controllers\Auth))
 8 SYSTEMPATH\CodeIgniter.php(354): CodeIgniter\CodeIgniter->handleRequest(null, Object(Config\Cache), false)
 9 SYSTEMPATH\Boot.php(363): CodeIgniter\CodeIgniter->run()
10 SYSTEMPATH\Boot.php(68): CodeIgniter\Boot::runCodeIgniter(Object(CodeIgniter\CodeIgniter))
11 FCPATH\index.php(59): CodeIgniter\Boot::bootWeb(Object(Config\Paths))
12 SYSTEMPATH\rewrite.php(44): require_once('C:\\xampp\\htdocs\\ITE311-CASTILLO\\public\\index.php')
CRITICAL - 2025-10-10 12:51:53 --> [Caused by] CodeIgniter\Database\Exceptions\DatabaseException: Unknown column 'enrollments.enrollment_date' in 'field list'
in SYSTEMPATH\Database\MySQLi\Connection.php on line 332.
 1 SYSTEMPATH\Database\BaseConnection.php(729): CodeIgniter\Database\MySQLi\Connection->execute('SELECT `enrollments`.*, `courses`.`id` as `id`, `courses`.`title`, `courses`.`description`, `enrollments`.`enrollment_date`
FROM `enrollments`
INNER JOIN `courses` ON `courses`.`id` = `enrollments`.`course_id`
WHERE `enrollments`.`user_id` = 11
ORDER BY `enrollment_date` DESC')
 2 SYSTEMPATH\Database\BaseConnection.php(646): CodeIgniter\Database\BaseConnection->simpleQuery('SELECT `enrollments`.*, `courses`.`id` as `id`, `courses`.`title`, `courses`.`description`, `enrollments`.`enrollment_date`
FROM `enrollments`
INNER JOIN `courses` ON `courses`.`id` = `enrollments`.`course_id`
WHERE `enrollments`.`user_id` = 11
ORDER BY `enrollment_date` DESC')
 3 SYSTEMPATH\Database\BaseBuilder.php(1649): CodeIgniter\Database\BaseConnection->query('SELECT `enrollments`.*, `courses`.`id` as `id`, `courses`.`title`, `courses`.`description`, `enrollments`.`enrollment_date`
FROM `enrollments`
INNER JOIN `courses` ON `courses`.`id` = `enrollments`.`course_id`
WHERE `enrollments`.`user_id` = :enrollments.user_id:
ORDER BY `enrollment_date` DESC', [...], false)
 4 SYSTEMPATH\Model.php(286): CodeIgniter\Database\BaseBuilder->get()
 5 SYSTEMPATH\BaseModel.php(677): CodeIgniter\Model->doFindAll(0, 0)
 6 APPPATH\Models\EnrollmentModel.php(31): CodeIgniter\BaseModel->findAll()
 7 APPPATH\Controllers\Auth.php(146): App\Models\EnrollmentModel->getUserEnrollments(11)
 8 SYSTEMPATH\CodeIgniter.php(933): App\Controllers\Auth->dashboard()
 9 SYSTEMPATH\CodeIgniter.php(507): CodeIgniter\CodeIgniter->runController(Object(App\Controllers\Auth))
10 SYSTEMPATH\CodeIgniter.php(354): CodeIgniter\CodeIgniter->handleRequest(null, Object(Config\Cache), false)
11 SYSTEMPATH\Boot.php(363): CodeIgniter\CodeIgniter->run()
12 SYSTEMPATH\Boot.php(68): CodeIgniter\Boot::runCodeIgniter(Object(CodeIgniter\CodeIgniter))
13 FCPATH\index.php(59): CodeIgniter\Boot::bootWeb(Object(Config\Paths))
14 SYSTEMPATH\rewrite.php(44): require_once('C:\\xampp\\htdocs\\ITE311-CASTILLO\\public\\index.php')
CRITICAL - 2025-10-10 12:51:53 --> [Caused by] mysqli_sql_exception: Unknown column 'enrollments.enrollment_date' in 'field list'
in SYSTEMPATH\Database\MySQLi\Connection.php on line 327.
 1 SYSTEMPATH\Database\MySQLi\Connection.php(327): mysqli->query('SELECT `enrollments`.*, `courses`.`id` as `id`, `courses`.`title`, `courses`.`description`, `enrollments`.`enrollment_date`
FROM `enrollments`
INNER JOIN `courses` ON `courses`.`id` = `enrollments`.`course_id`
WHERE `enrollments`.`user_id` = 11
ORDER BY `enrollment_date` DESC', 0)
 2 SYSTEMPATH\Database\BaseConnection.php(729): CodeIgniter\Database\MySQLi\Connection->execute('SELECT `enrollments`.*, `courses`.`id` as `id`, `courses`.`title`, `courses`.`description`, `enrollments`.`enrollment_date`
FROM `enrollments`
INNER JOIN `courses` ON `courses`.`id` = `enrollments`.`course_id`
WHERE `enrollments`.`user_id` = 11
ORDER BY `enrollment_date` DESC')
 3 SYSTEMPATH\Database\BaseConnection.php(646): CodeIgniter\Database\BaseConnection->simpleQuery('SELECT `enrollments`.*, `courses`.`id` as `id`, `courses`.`title`, `courses`.`description`, `enrollments`.`enrollment_date`
FROM `enrollments`
INNER JOIN `courses` ON `courses`.`id` = `enrollments`.`course_id`
WHERE `enrollments`.`user_id` = 11
ORDER BY `enrollment_date` DESC')
 4 SYSTEMPATH\Database\BaseBuilder.php(1649): CodeIgniter\Database\BaseConnection->query('SELECT `enrollments`.*, `courses`.`id` as `id`, `courses`.`title`, `courses`.`description`, `enrollments`.`enrollment_date`
FROM `enrollments`
INNER JOIN `courses` ON `courses`.`id` = `enrollments`.`course_id`
WHERE `enrollments`.`user_id` = :enrollments.user_id:
ORDER BY `enrollment_date` DESC', [...], false)
 5 SYSTEMPATH\Model.php(286): CodeIgniter\Database\BaseBuilder->get()
 6 SYSTEMPATH\BaseModel.php(677): CodeIgniter\Model->doFindAll(0, 0)
 7 APPPATH\Models\EnrollmentModel.php(31): CodeIgniter\BaseModel->findAll()
 8 APPPATH\Controllers\Auth.php(146): App\Models\EnrollmentModel->getUserEnrollments(11)
 9 SYSTEMPATH\CodeIgniter.php(933): App\Controllers\Auth->dashboard()
10 SYSTEMPATH\CodeIgniter.php(507): CodeIgniter\CodeIgniter->runController(Object(App\Controllers\Auth))
11 SYSTEMPATH\CodeIgniter.php(354): CodeIgniter\CodeIgniter->handleRequest(null, Object(Config\Cache), false)
12 SYSTEMPATH\Boot.php(363): CodeIgniter\CodeIgniter->run()
13 SYSTEMPATH\Boot.php(68): CodeIgniter\Boot::runCodeIgniter(Object(CodeIgniter\CodeIgniter))
14 FCPATH\index.php(59): CodeIgniter\Boot::bootWeb(Object(Config\Paths))
15 SYSTEMPATH\rewrite.php(44): require_once('C:\\xampp\\htdocs\\ITE311-CASTILLO\\public\\index.php')
ERROR - 2025-10-10 12:52:03 --> mysqli_sql_exception: Unknown column 'enrollments.enrollment_date' in 'field list' in C:\xampp\htdocs\ITE311-CASTILLO\system\Database\MySQLi\Connection.php:327
Stack trace:
#0 C:\xampp\htdocs\ITE311-CASTILLO\system\Database\MySQLi\Connection.php(327): mysqli->query('SELECT `enrollm...', 0)
#1 C:\xampp\htdocs\ITE311-CASTILLO\system\Database\BaseConnection.php(729): CodeIgniter\Database\MySQLi\Connection->execute('SELECT `enrollm...')
#2 C:\xampp\htdocs\ITE311-CASTILLO\system\Database\BaseConnection.php(646): CodeIgniter\Database\BaseConnection->simpleQuery('SELECT `enrollm...')
#3 C:\xampp\htdocs\ITE311-CASTILLO\system\Database\BaseBuilder.php(1649): CodeIgniter\Database\BaseConnection->query('SELECT `enrollm...', Array, false)
#4 C:\xampp\htdocs\ITE311-CASTILLO\system\Model.php(286): CodeIgniter\Database\BaseBuilder->get()
#5 C:\xampp\htdocs\ITE311-CASTILLO\system\BaseModel.php(677): CodeIgniter\Model->doFindAll(0, 0)
#6 C:\xampp\htdocs\ITE311-CASTILLO\app\Models\EnrollmentModel.php(31): CodeIgniter\BaseModel->findAll()
#7 C:\xampp\htdocs\ITE311-CASTILLO\app\Controllers\Auth.php(146): App\Models\EnrollmentModel->getUserEnrollments(11)
#8 C:\xampp\htdocs\ITE311-CASTILLO\system\CodeIgniter.php(933): App\Controllers\Auth->dashboard()
#9 C:\xampp\htdocs\ITE311-CASTILLO\system\CodeIgniter.php(507): CodeIgniter\CodeIgniter->runController(Object(App\Controllers\Auth))
#10 C:\xampp\htdocs\ITE311-CASTILLO\system\CodeIgniter.php(354): CodeIgniter\CodeIgniter->handleRequest(NULL, Object(Config\Cache), false)
#11 C:\xampp\htdocs\ITE311-CASTILLO\system\Boot.php(363): CodeIgniter\CodeIgniter->run()
#12 C:\xampp\htdocs\ITE311-CASTILLO\system\Boot.php(68): CodeIgniter\Boot::runCodeIgniter(Object(CodeIgniter\CodeIgniter))
#13 C:\xampp\htdocs\ITE311-CASTILLO\public\index.php(59): CodeIgniter\Boot::bootWeb(Object(Config\Paths))
#14 C:\xampp\htdocs\ITE311-CASTILLO\system\rewrite.php(44): require_once('C:\\xampp\\htdocs...')
#15 {main}
CRITICAL - 2025-10-10 12:52:03 --> CodeIgniter\Database\Exceptions\DatabaseException: Unknown column 'enrollments.enrollment_date' in 'field list'
[Method: GET, Route: dashboard]
in SYSTEMPATH\Database\BaseConnection.php on line 684.
 1 SYSTEMPATH\Database\BaseBuilder.php(1649): CodeIgniter\Database\BaseConnection->query('SELECT `enrollments`.*, `courses`.`id` as `id`, `courses`.`title`, `courses`.`description`, `enrollments`.`enrollment_date`
FROM `enrollments`
INNER JOIN `courses` ON `courses`.`id` = `enrollments`.`course_id`
WHERE `enrollments`.`user_id` = :enrollments.user_id:
ORDER BY `enrollment_date` DESC', [...], false)
 2 SYSTEMPATH\Model.php(286): CodeIgniter\Database\BaseBuilder->get()
 3 SYSTEMPATH\BaseModel.php(677): CodeIgniter\Model->doFindAll(0, 0)
 4 APPPATH\Models\EnrollmentModel.php(31): CodeIgniter\BaseModel->findAll()
 5 APPPATH\Controllers\Auth.php(146): App\Models\EnrollmentModel->getUserEnrollments(11)
 6 SYSTEMPATH\CodeIgniter.php(933): App\Controllers\Auth->dashboard()
 7 SYSTEMPATH\CodeIgniter.php(507): CodeIgniter\CodeIgniter->runController(Object(App\Controllers\Auth))
 8 SYSTEMPATH\CodeIgniter.php(354): CodeIgniter\CodeIgniter->handleRequest(null, Object(Config\Cache), false)
 9 SYSTEMPATH\Boot.php(363): CodeIgniter\CodeIgniter->run()
10 SYSTEMPATH\Boot.php(68): CodeIgniter\Boot::runCodeIgniter(Object(CodeIgniter\CodeIgniter))
11 FCPATH\index.php(59): CodeIgniter\Boot::bootWeb(Object(Config\Paths))
12 SYSTEMPATH\rewrite.php(44): require_once('C:\\xampp\\htdocs\\ITE311-CASTILLO\\public\\index.php')
CRITICAL - 2025-10-10 12:52:03 --> [Caused by] CodeIgniter\Database\Exceptions\DatabaseException: Unknown column 'enrollments.enrollment_date' in 'field list'
in SYSTEMPATH\Database\MySQLi\Connection.php on line 332.
 1 SYSTEMPATH\Database\BaseConnection.php(729): CodeIgniter\Database\MySQLi\Connection->execute('SELECT `enrollments`.*, `courses`.`id` as `id`, `courses`.`title`, `courses`.`description`, `enrollments`.`enrollment_date`
FROM `enrollments`
INNER JOIN `courses` ON `courses`.`id` = `enrollments`.`course_id`
WHERE `enrollments`.`user_id` = 11
ORDER BY `enrollment_date` DESC')
 2 SYSTEMPATH\Database\BaseConnection.php(646): CodeIgniter\Database\BaseConnection->simpleQuery('SELECT `enrollments`.*, `courses`.`id` as `id`, `courses`.`title`, `courses`.`description`, `enrollments`.`enrollment_date`
FROM `enrollments`
INNER JOIN `courses` ON `courses`.`id` = `enrollments`.`course_id`
WHERE `enrollments`.`user_id` = 11
ORDER BY `enrollment_date` DESC')
 3 SYSTEMPATH\Database\BaseBuilder.php(1649): CodeIgniter\Database\BaseConnection->query('SELECT `enrollments`.*, `courses`.`id` as `id`, `courses`.`title`, `courses`.`description`, `enrollments`.`enrollment_date`
FROM `enrollments`
INNER JOIN `courses` ON `courses`.`id` = `enrollments`.`course_id`
WHERE `enrollments`.`user_id` = :enrollments.user_id:
ORDER BY `enrollment_date` DESC', [...], false)
 4 SYSTEMPATH\Model.php(286): CodeIgniter\Database\BaseBuilder->get()
 5 SYSTEMPATH\BaseModel.php(677): CodeIgniter\Model->doFindAll(0, 0)
 6 APPPATH\Models\EnrollmentModel.php(31): CodeIgniter\BaseModel->findAll()
 7 APPPATH\Controllers\Auth.php(146): App\Models\EnrollmentModel->getUserEnrollments(11)
 8 SYSTEMPATH\CodeIgniter.php(933): App\Controllers\Auth->dashboard()
 9 SYSTEMPATH\CodeIgniter.php(507): CodeIgniter\CodeIgniter->runController(Object(App\Controllers\Auth))
10 SYSTEMPATH\CodeIgniter.php(354): CodeIgniter\CodeIgniter->handleRequest(null, Object(Config\Cache), false)
11 SYSTEMPATH\Boot.php(363): CodeIgniter\CodeIgniter->run()
12 SYSTEMPATH\Boot.php(68): CodeIgniter\Boot::runCodeIgniter(Object(CodeIgniter\CodeIgniter))
13 FCPATH\index.php(59): CodeIgniter\Boot::bootWeb(Object(Config\Paths))
14 SYSTEMPATH\rewrite.php(44): require_once('C:\\xampp\\htdocs\\ITE311-CASTILLO\\public\\index.php')
CRITICAL - 2025-10-10 12:52:03 --> [Caused by] mysqli_sql_exception: Unknown column 'enrollments.enrollment_date' in 'field list'
in SYSTEMPATH\Database\MySQLi\Connection.php on line 327.
 1 SYSTEMPATH\Database\MySQLi\Connection.php(327): mysqli->query('SELECT `enrollments`.*, `courses`.`id` as `id`, `courses`.`title`, `courses`.`description`, `enrollments`.`enrollment_date`
FROM `enrollments`
INNER JOIN `courses` ON `courses`.`id` = `enrollments`.`course_id`
WHERE `enrollments`.`user_id` = 11
ORDER BY `enrollment_date` DESC', 0)
 2 SYSTEMPATH\Database\BaseConnection.php(729): CodeIgniter\Database\MySQLi\Connection->execute('SELECT `enrollments`.*, `courses`.`id` as `id`, `courses`.`title`, `courses`.`description`, `enrollments`.`enrollment_date`
FROM `enrollments`
INNER JOIN `courses` ON `courses`.`id` = `enrollments`.`course_id`
WHERE `enrollments`.`user_id` = 11
ORDER BY `enrollment_date` DESC')
 3 SYSTEMPATH\Database\BaseConnection.php(646): CodeIgniter\Database\BaseConnection->simpleQuery('SELECT `enrollments`.*, `courses`.`id` as `id`, `courses`.`title`, `courses`.`description`, `enrollments`.`enrollment_date`
FROM `enrollments`
INNER JOIN `courses` ON `courses`.`id` = `enrollments`.`course_id`
WHERE `enrollments`.`user_id` = 11
ORDER BY `enrollment_date` DESC')
 4 SYSTEMPATH\Database\BaseBuilder.php(1649): CodeIgniter\Database\BaseConnection->query('SELECT `enrollments`.*, `courses`.`id` as `id`, `courses`.`title`, `courses`.`description`, `enrollments`.`enrollment_date`
FROM `enrollments`
INNER JOIN `courses` ON `courses`.`id` = `enrollments`.`course_id`
WHERE `enrollments`.`user_id` = :enrollments.user_id:
ORDER BY `enrollment_date` DESC', [...], false)
 5 SYSTEMPATH\Model.php(286): CodeIgniter\Database\BaseBuilder->get()
 6 SYSTEMPATH\BaseModel.php(677): CodeIgniter\Model->doFindAll(0, 0)
 7 APPPATH\Models\EnrollmentModel.php(31): CodeIgniter\BaseModel->findAll()
 8 APPPATH\Controllers\Auth.php(146): App\Models\EnrollmentModel->getUserEnrollments(11)
 9 SYSTEMPATH\CodeIgniter.php(933): App\Controllers\Auth->dashboard()
10 SYSTEMPATH\CodeIgniter.php(507): CodeIgniter\CodeIgniter->runController(Object(App\Controllers\Auth))
11 SYSTEMPATH\CodeIgniter.php(354): CodeIgniter\CodeIgniter->handleRequest(null, Object(Config\Cache), false)
12 SYSTEMPATH\Boot.php(363): CodeIgniter\CodeIgniter->run()
13 SYSTEMPATH\Boot.php(68): CodeIgniter\Boot::runCodeIgniter(Object(CodeIgniter\CodeIgniter))
14 FCPATH\index.php(59): CodeIgniter\Boot::bootWeb(Object(Config\Paths))
15 SYSTEMPATH\rewrite.php(44): require_once('C:\\xampp\\htdocs\\ITE311-CASTILLO\\public\\index.php')
ERROR - 2025-10-10 12:52:30 --> mysqli_sql_exception: Unknown column 'enrollments.enrollment_date' in 'field list' in C:\xampp\htdocs\ITE311-CASTILLO\system\Database\MySQLi\Connection.php:327
Stack trace:
#0 C:\xampp\htdocs\ITE311-CASTILLO\system\Database\MySQLi\Connection.php(327): mysqli->query('SELECT `enrollm...', 0)
#1 C:\xampp\htdocs\ITE311-CASTILLO\system\Database\BaseConnection.php(729): CodeIgniter\Database\MySQLi\Connection->execute('SELECT `enrollm...')
#2 C:\xampp\htdocs\ITE311-CASTILLO\system\Database\BaseConnection.php(646): CodeIgniter\Database\BaseConnection->simpleQuery('SELECT `enrollm...')
#3 C:\xampp\htdocs\ITE311-CASTILLO\system\Database\BaseBuilder.php(1649): CodeIgniter\Database\BaseConnection->query('SELECT `enrollm...', Array, false)
#4 C:\xampp\htdocs\ITE311-CASTILLO\system\Model.php(286): CodeIgniter\Database\BaseBuilder->get()
#5 C:\xampp\htdocs\ITE311-CASTILLO\system\BaseModel.php(677): CodeIgniter\Model->doFindAll(0, 0)
#6 C:\xampp\htdocs\ITE311-CASTILLO\app\Models\EnrollmentModel.php(31): CodeIgniter\BaseModel->findAll()
#7 C:\xampp\htdocs\ITE311-CASTILLO\app\Controllers\Auth.php(148): App\Models\EnrollmentModel->getUserEnrollments(11)
#8 C:\xampp\htdocs\ITE311-CASTILLO\system\CodeIgniter.php(933): App\Controllers\Auth->dashboard()
#9 C:\xampp\htdocs\ITE311-CASTILLO\system\CodeIgniter.php(507): CodeIgniter\CodeIgniter->runController(Object(App\Controllers\Auth))
#10 C:\xampp\htdocs\ITE311-CASTILLO\system\CodeIgniter.php(354): CodeIgniter\CodeIgniter->handleRequest(NULL, Object(Config\Cache), false)
#11 C:\xampp\htdocs\ITE311-CASTILLO\system\Boot.php(363): CodeIgniter\CodeIgniter->run()
#12 C:\xampp\htdocs\ITE311-CASTILLO\system\Boot.php(68): CodeIgniter\Boot::runCodeIgniter(Object(CodeIgniter\CodeIgniter))
#13 C:\xampp\htdocs\ITE311-CASTILLO\public\index.php(59): CodeIgniter\Boot::bootWeb(Object(Config\Paths))
#14 C:\xampp\htdocs\ITE311-CASTILLO\system\rewrite.php(44): require_once('C:\\xampp\\htdocs...')
#15 {main}
ERROR - 2025-10-10 12:52:30 --> Error fetching enrolled courses: Unknown column 'enrollments.enrollment_date' in 'field list'
ERROR - 2025-10-10 12:52:33 --> mysqli_sql_exception: Unknown column 'enrollments.enrollment_date' in 'field list' in C:\xampp\htdocs\ITE311-CASTILLO\system\Database\MySQLi\Connection.php:327
Stack trace:
#0 C:\xampp\htdocs\ITE311-CASTILLO\system\Database\MySQLi\Connection.php(327): mysqli->query('SELECT `enrollm...', 0)
#1 C:\xampp\htdocs\ITE311-CASTILLO\system\Database\BaseConnection.php(729): CodeIgniter\Database\MySQLi\Connection->execute('SELECT `enrollm...')
#2 C:\xampp\htdocs\ITE311-CASTILLO\system\Database\BaseConnection.php(646): CodeIgniter\Database\BaseConnection->simpleQuery('SELECT `enrollm...')
#3 C:\xampp\htdocs\ITE311-CASTILLO\system\Database\BaseBuilder.php(1649): CodeIgniter\Database\BaseConnection->query('SELECT `enrollm...', Array, false)
#4 C:\xampp\htdocs\ITE311-CASTILLO\system\Model.php(286): CodeIgniter\Database\BaseBuilder->get()
#5 C:\xampp\htdocs\ITE311-CASTILLO\system\BaseModel.php(677): CodeIgniter\Model->doFindAll(0, 0)
#6 C:\xampp\htdocs\ITE311-CASTILLO\app\Models\EnrollmentModel.php(31): CodeIgniter\BaseModel->findAll()
#7 C:\xampp\htdocs\ITE311-CASTILLO\app\Controllers\Student\Enrollments.php(24): App\Models\EnrollmentModel->getUserEnrollments(11)
#8 C:\xampp\htdocs\ITE311-CASTILLO\system\CodeIgniter.php(933): App\Controllers\Student\Enrollments->index()
#9 C:\xampp\htdocs\ITE311-CASTILLO\system\CodeIgniter.php(507): CodeIgniter\CodeIgniter->runController(Object(App\Controllers\Student\Enrollments))
#10 C:\xampp\htdocs\ITE311-CASTILLO\system\CodeIgniter.php(354): CodeIgniter\CodeIgniter->handleRequest(NULL, Object(Config\Cache), false)
#11 C:\xampp\htdocs\ITE311-CASTILLO\system\Boot.php(363): CodeIgniter\CodeIgniter->run()
#12 C:\xampp\htdocs\ITE311-CASTILLO\system\Boot.php(68): CodeIgniter\Boot::runCodeIgniter(Object(CodeIgniter\CodeIgniter))
#13 C:\xampp\htdocs\ITE311-CASTILLO\public\index.php(59): CodeIgniter\Boot::bootWeb(Object(Config\Paths))
#14 C:\xampp\htdocs\ITE311-CASTILLO\system\rewrite.php(44): require_once('C:\\xampp\\htdocs...')
#15 {main}
CRITICAL - 2025-10-10 12:52:33 --> CodeIgniter\Database\Exceptions\DatabaseException: Unknown column 'enrollments.enrollment_date' in 'field list'
[Method: GET, Route: student/enrollments]
in SYSTEMPATH\Database\BaseConnection.php on line 684.
 1 SYSTEMPATH\Database\BaseBuilder.php(1649): CodeIgniter\Database\BaseConnection->query('SELECT `enrollments`.*, `courses`.`id` as `course_id`, `courses`.`title`, `courses`.`description`, `enrollments`.`enrollment_date`
FROM `enrollments`
INNER JOIN `courses` ON `courses`.`id` = `enrollments`.`course_id`
WHERE `enrollments`.`user_id` = :enrollments.user_id:
ORDER BY `enrollment_date` DESC', [...], false)
 2 SYSTEMPATH\Model.php(286): CodeIgniter\Database\BaseBuilder->get()
 3 SYSTEMPATH\BaseModel.php(677): CodeIgniter\Model->doFindAll(0, 0)
 4 APPPATH\Models\EnrollmentModel.php(31): CodeIgniter\BaseModel->findAll()
 5 APPPATH\Controllers\Student\Enrollments.php(24): App\Models\EnrollmentModel->getUserEnrollments(11)
 6 SYSTEMPATH\CodeIgniter.php(933): App\Controllers\Student\Enrollments->index()
 7 SYSTEMPATH\CodeIgniter.php(507): CodeIgniter\CodeIgniter->runController(Object(App\Controllers\Student\Enrollments))
 8 SYSTEMPATH\CodeIgniter.php(354): CodeIgniter\CodeIgniter->handleRequest(null, Object(Config\Cache), false)
 9 SYSTEMPATH\Boot.php(363): CodeIgniter\CodeIgniter->run()
10 SYSTEMPATH\Boot.php(68): CodeIgniter\Boot::runCodeIgniter(Object(CodeIgniter\CodeIgniter))
11 FCPATH\index.php(59): CodeIgniter\Boot::bootWeb(Object(Config\Paths))
12 SYSTEMPATH\rewrite.php(44): require_once('C:\\xampp\\htdocs\\ITE311-CASTILLO\\public\\index.php')
CRITICAL - 2025-10-10 12:52:33 --> [Caused by] CodeIgniter\Database\Exceptions\DatabaseException: Unknown column 'enrollments.enrollment_date' in 'field list'
in SYSTEMPATH\Database\MySQLi\Connection.php on line 332.
 1 SYSTEMPATH\Database\BaseConnection.php(729): CodeIgniter\Database\MySQLi\Connection->execute('SELECT `enrollments`.*, `courses`.`id` as `course_id`, `courses`.`title`, `courses`.`description`, `enrollments`.`enrollment_date`
FROM `enrollments`
INNER JOIN `courses` ON `courses`.`id` = `enrollments`.`course_id`
WHERE `enrollments`.`user_id` = 11
ORDER BY `enrollment_date` DESC')
 2 SYSTEMPATH\Database\BaseConnection.php(646): CodeIgniter\Database\BaseConnection->simpleQuery('SELECT `enrollments`.*, `courses`.`id` as `course_id`, `courses`.`title`, `courses`.`description`, `enrollments`.`enrollment_date`
FROM `enrollments`
INNER JOIN `courses` ON `courses`.`id` = `enrollments`.`course_id`
WHERE `enrollments`.`user_id` = 11
ORDER BY `enrollment_date` DESC')
 3 SYSTEMPATH\Database\BaseBuilder.php(1649): CodeIgniter\Database\BaseConnection->query('SELECT `enrollments`.*, `courses`.`id` as `course_id`, `courses`.`title`, `courses`.`description`, `enrollments`.`enrollment_date`
FROM `enrollments`
INNER JOIN `courses` ON `courses`.`id` = `enrollments`.`course_id`
WHERE `enrollments`.`user_id` = :enrollments.user_id:
ORDER BY `enrollment_date` DESC', [...], false)
 4 SYSTEMPATH\Model.php(286): CodeIgniter\Database\BaseBuilder->get()
 5 SYSTEMPATH\BaseModel.php(677): CodeIgniter\Model->doFindAll(0, 0)
 6 APPPATH\Models\EnrollmentModel.php(31): CodeIgniter\BaseModel->findAll()
 7 APPPATH\Controllers\Student\Enrollments.php(24): App\Models\EnrollmentModel->getUserEnrollments(11)
 8 SYSTEMPATH\CodeIgniter.php(933): App\Controllers\Student\Enrollments->index()
 9 SYSTEMPATH\CodeIgniter.php(507): CodeIgniter\CodeIgniter->runController(Object(App\Controllers\Student\Enrollments))
10 SYSTEMPATH\CodeIgniter.php(354): CodeIgniter\CodeIgniter->handleRequest(null, Object(Config\Cache), false)
11 SYSTEMPATH\Boot.php(363): CodeIgniter\CodeIgniter->run()
12 SYSTEMPATH\Boot.php(68): CodeIgniter\Boot::runCodeIgniter(Object(CodeIgniter\CodeIgniter))
13 FCPATH\index.php(59): CodeIgniter\Boot::bootWeb(Object(Config\Paths))
14 SYSTEMPATH\rewrite.php(44): require_once('C:\\xampp\\htdocs\\ITE311-CASTILLO\\public\\index.php')
CRITICAL - 2025-10-10 12:52:33 --> [Caused by] mysqli_sql_exception: Unknown column 'enrollments.enrollment_date' in 'field list'
in SYSTEMPATH\Database\MySQLi\Connection.php on line 327.
 1 SYSTEMPATH\Database\MySQLi\Connection.php(327): mysqli->query('SELECT `enrollments`.*, `courses`.`id` as `course_id`, `courses`.`title`, `courses`.`description`, `enrollments`.`enrollment_date`
FROM `enrollments`
INNER JOIN `courses` ON `courses`.`id` = `enrollments`.`course_id`
WHERE `enrollments`.`user_id` = 11
ORDER BY `enrollment_date` DESC', 0)
 2 SYSTEMPATH\Database\BaseConnection.php(729): CodeIgniter\Database\MySQLi\Connection->execute('SELECT `enrollments`.*, `courses`.`id` as `course_id`, `courses`.`title`, `courses`.`description`, `enrollments`.`enrollment_date`
FROM `enrollments`
INNER JOIN `courses` ON `courses`.`id` = `enrollments`.`course_id`
WHERE `enrollments`.`user_id` = 11
ORDER BY `enrollment_date` DESC')
 3 SYSTEMPATH\Database\BaseConnection.php(646): CodeIgniter\Database\BaseConnection->simpleQuery('SELECT `enrollments`.*, `courses`.`id` as `course_id`, `courses`.`title`, `courses`.`description`, `enrollments`.`enrollment_date`
FROM `enrollments`
INNER JOIN `courses` ON `courses`.`id` = `enrollments`.`course_id`
WHERE `enrollments`.`user_id` = 11
ORDER BY `enrollment_date` DESC')
 4 SYSTEMPATH\Database\BaseBuilder.php(1649): CodeIgniter\Database\BaseConnection->query('SELECT `enrollments`.*, `courses`.`id` as `course_id`, `courses`.`title`, `courses`.`description`, `enrollments`.`enrollment_date`
FROM `enrollments`
INNER JOIN `courses` ON `courses`.`id` = `enrollments`.`course_id`
WHERE `enrollments`.`user_id` = :enrollments.user_id:
ORDER BY `enrollment_date` DESC', [...], false)
 5 SYSTEMPATH\Model.php(286): CodeIgniter\Database\BaseBuilder->get()
 6 SYSTEMPATH\BaseModel.php(677): CodeIgniter\Model->doFindAll(0, 0)
 7 APPPATH\Models\EnrollmentModel.php(31): CodeIgniter\BaseModel->findAll()
 8 APPPATH\Controllers\Student\Enrollments.php(24): App\Models\EnrollmentModel->getUserEnrollments(11)
 9 SYSTEMPATH\CodeIgniter.php(933): App\Controllers\Student\Enrollments->index()
10 SYSTEMPATH\CodeIgniter.php(507): CodeIgniter\CodeIgniter->runController(Object(App\Controllers\Student\Enrollments))
11 SYSTEMPATH\CodeIgniter.php(354): CodeIgniter\CodeIgniter->handleRequest(null, Object(Config\Cache), false)
12 SYSTEMPATH\Boot.php(363): CodeIgniter\CodeIgniter->run()
13 SYSTEMPATH\Boot.php(68): CodeIgniter\Boot::runCodeIgniter(Object(CodeIgniter\CodeIgniter))
14 FCPATH\index.php(59): CodeIgniter\Boot::bootWeb(Object(Config\Paths))
15 SYSTEMPATH\rewrite.php(44): require_once('C:\\xampp\\htdocs\\ITE311-CASTILLO\\public\\index.php')
ERROR - 2025-10-10 12:52:35 --> mysqli_sql_exception: Unknown column 'enrollments.enrollment_date' in 'field list' in C:\xampp\htdocs\ITE311-CASTILLO\system\Database\MySQLi\Connection.php:327
Stack trace:
#0 C:\xampp\htdocs\ITE311-CASTILLO\system\Database\MySQLi\Connection.php(327): mysqli->query('SELECT `enrollm...', 0)
#1 C:\xampp\htdocs\ITE311-CASTILLO\system\Database\BaseConnection.php(729): CodeIgniter\Database\MySQLi\Connection->execute('SELECT `enrollm...')
#2 C:\xampp\htdocs\ITE311-CASTILLO\system\Database\BaseConnection.php(646): CodeIgniter\Database\BaseConnection->simpleQuery('SELECT `enrollm...')
#3 C:\xampp\htdocs\ITE311-CASTILLO\system\Database\BaseBuilder.php(1649): CodeIgniter\Database\BaseConnection->query('SELECT `enrollm...', Array, false)
#4 C:\xampp\htdocs\ITE311-CASTILLO\system\Model.php(286): CodeIgniter\Database\BaseBuilder->get()
#5 C:\xampp\htdocs\ITE311-CASTILLO\system\BaseModel.php(677): CodeIgniter\Model->doFindAll(0, 0)
#6 C:\xampp\htdocs\ITE311-CASTILLO\app\Models\EnrollmentModel.php(31): CodeIgniter\BaseModel->findAll()
#7 C:\xampp\htdocs\ITE311-CASTILLO\app\Controllers\Student\Enrollments.php(24): App\Models\EnrollmentModel->getUserEnrollments(11)
#8 C:\xampp\htdocs\ITE311-CASTILLO\system\CodeIgniter.php(933): App\Controllers\Student\Enrollments->index()
#9 C:\xampp\htdocs\ITE311-CASTILLO\system\CodeIgniter.php(507): CodeIgniter\CodeIgniter->runController(Object(App\Controllers\Student\Enrollments))
#10 C:\xampp\htdocs\ITE311-CASTILLO\system\CodeIgniter.php(354): CodeIgniter\CodeIgniter->handleRequest(NULL, Object(Config\Cache), false)
#11 C:\xampp\htdocs\ITE311-CASTILLO\system\Boot.php(363): CodeIgniter\CodeIgniter->run()
#12 C:\xampp\htdocs\ITE311-CASTILLO\system\Boot.php(68): CodeIgniter\Boot::runCodeIgniter(Object(CodeIgniter\CodeIgniter))
#13 C:\xampp\htdocs\ITE311-CASTILLO\public\index.php(59): CodeIgniter\Boot::bootWeb(Object(Config\Paths))
#14 C:\xampp\htdocs\ITE311-CASTILLO\system\rewrite.php(44): require_once('C:\\xampp\\htdocs...')
#15 {main}
CRITICAL - 2025-10-10 12:52:35 --> CodeIgniter\Database\Exceptions\DatabaseException: Unknown column 'enrollments.enrollment_date' in 'field list'
[Method: GET, Route: student/enrollments]
in SYSTEMPATH\Database\BaseConnection.php on line 684.
 1 SYSTEMPATH\Database\BaseBuilder.php(1649): CodeIgniter\Database\BaseConnection->query('SELECT `enrollments`.*, `courses`.`id` as `course_id`, `courses`.`title`, `courses`.`description`, `enrollments`.`enrollment_date`
FROM `enrollments`
INNER JOIN `courses` ON `courses`.`id` = `enrollments`.`course_id`
WHERE `enrollments`.`user_id` = :enrollments.user_id:
ORDER BY `enrollment_date` DESC', [...], false)
 2 SYSTEMPATH\Model.php(286): CodeIgniter\Database\BaseBuilder->get()
 3 SYSTEMPATH\BaseModel.php(677): CodeIgniter\Model->doFindAll(0, 0)
 4 APPPATH\Models\EnrollmentModel.php(31): CodeIgniter\BaseModel->findAll()
 5 APPPATH\Controllers\Student\Enrollments.php(24): App\Models\EnrollmentModel->getUserEnrollments(11)
 6 SYSTEMPATH\CodeIgniter.php(933): App\Controllers\Student\Enrollments->index()
 7 SYSTEMPATH\CodeIgniter.php(507): CodeIgniter\CodeIgniter->runController(Object(App\Controllers\Student\Enrollments))
 8 SYSTEMPATH\CodeIgniter.php(354): CodeIgniter\CodeIgniter->handleRequest(null, Object(Config\Cache), false)
 9 SYSTEMPATH\Boot.php(363): CodeIgniter\CodeIgniter->run()
10 SYSTEMPATH\Boot.php(68): CodeIgniter\Boot::runCodeIgniter(Object(CodeIgniter\CodeIgniter))
11 FCPATH\index.php(59): CodeIgniter\Boot::bootWeb(Object(Config\Paths))
12 SYSTEMPATH\rewrite.php(44): require_once('C:\\xampp\\htdocs\\ITE311-CASTILLO\\public\\index.php')
CRITICAL - 2025-10-10 12:52:35 --> [Caused by] CodeIgniter\Database\Exceptions\DatabaseException: Unknown column 'enrollments.enrollment_date' in 'field list'
in SYSTEMPATH\Database\MySQLi\Connection.php on line 332.
 1 SYSTEMPATH\Database\BaseConnection.php(729): CodeIgniter\Database\MySQLi\Connection->execute('SELECT `enrollments`.*, `courses`.`id` as `course_id`, `courses`.`title`, `courses`.`description`, `enrollments`.`enrollment_date`
FROM `enrollments`
INNER JOIN `courses` ON `courses`.`id` = `enrollments`.`course_id`
WHERE `enrollments`.`user_id` = 11
ORDER BY `enrollment_date` DESC')
 2 SYSTEMPATH\Database\BaseConnection.php(646): CodeIgniter\Database\BaseConnection->simpleQuery('SELECT `enrollments`.*, `courses`.`id` as `course_id`, `courses`.`title`, `courses`.`description`, `enrollments`.`enrollment_date`
FROM `enrollments`
INNER JOIN `courses` ON `courses`.`id` = `enrollments`.`course_id`
WHERE `enrollments`.`user_id` = 11
ORDER BY `enrollment_date` DESC')
 3 SYSTEMPATH\Database\BaseBuilder.php(1649): CodeIgniter\Database\BaseConnection->query('SELECT `enrollments`.*, `courses`.`id` as `course_id`, `courses`.`title`, `courses`.`description`, `enrollments`.`enrollment_date`
FROM `enrollments`
INNER JOIN `courses` ON `courses`.`id` = `enrollments`.`course_id`
WHERE `enrollments`.`user_id` = :enrollments.user_id:
ORDER BY `enrollment_date` DESC', [...], false)
 4 SYSTEMPATH\Model.php(286): CodeIgniter\Database\BaseBuilder->get()
 5 SYSTEMPATH\BaseModel.php(677): CodeIgniter\Model->doFindAll(0, 0)
 6 APPPATH\Models\EnrollmentModel.php(31): CodeIgniter\BaseModel->findAll()
 7 APPPATH\Controllers\Student\Enrollments.php(24): App\Models\EnrollmentModel->getUserEnrollments(11)
 8 SYSTEMPATH\CodeIgniter.php(933): App\Controllers\Student\Enrollments->index()
 9 SYSTEMPATH\CodeIgniter.php(507): CodeIgniter\CodeIgniter->runController(Object(App\Controllers\Student\Enrollments))
10 SYSTEMPATH\CodeIgniter.php(354): CodeIgniter\CodeIgniter->handleRequest(null, Object(Config\Cache), false)
11 SYSTEMPATH\Boot.php(363): CodeIgniter\CodeIgniter->run()
12 SYSTEMPATH\Boot.php(68): CodeIgniter\Boot::runCodeIgniter(Object(CodeIgniter\CodeIgniter))
13 FCPATH\index.php(59): CodeIgniter\Boot::bootWeb(Object(Config\Paths))
14 SYSTEMPATH\rewrite.php(44): require_once('C:\\xampp\\htdocs\\ITE311-CASTILLO\\public\\index.php')
CRITICAL - 2025-10-10 12:52:35 --> [Caused by] mysqli_sql_exception: Unknown column 'enrollments.enrollment_date' in 'field list'
in SYSTEMPATH\Database\MySQLi\Connection.php on line 327.
 1 SYSTEMPATH\Database\MySQLi\Connection.php(327): mysqli->query('SELECT `enrollments`.*, `courses`.`id` as `course_id`, `courses`.`title`, `courses`.`description`, `enrollments`.`enrollment_date`
FROM `enrollments`
INNER JOIN `courses` ON `courses`.`id` = `enrollments`.`course_id`
WHERE `enrollments`.`user_id` = 11
ORDER BY `enrollment_date` DESC', 0)
 2 SYSTEMPATH\Database\BaseConnection.php(729): CodeIgniter\Database\MySQLi\Connection->execute('SELECT `enrollments`.*, `courses`.`id` as `course_id`, `courses`.`title`, `courses`.`description`, `enrollments`.`enrollment_date`
FROM `enrollments`
INNER JOIN `courses` ON `courses`.`id` = `enrollments`.`course_id`
WHERE `enrollments`.`user_id` = 11
ORDER BY `enrollment_date` DESC')
 3 SYSTEMPATH\Database\BaseConnection.php(646): CodeIgniter\Database\BaseConnection->simpleQuery('SELECT `enrollments`.*, `courses`.`id` as `course_id`, `courses`.`title`, `courses`.`description`, `enrollments`.`enrollment_date`
FROM `enrollments`
INNER JOIN `courses` ON `courses`.`id` = `enrollments`.`course_id`
WHERE `enrollments`.`user_id` = 11
ORDER BY `enrollment_date` DESC')
 4 SYSTEMPATH\Database\BaseBuilder.php(1649): CodeIgniter\Database\BaseConnection->query('SELECT `enrollments`.*, `courses`.`id` as `course_id`, `courses`.`title`, `courses`.`description`, `enrollments`.`enrollment_date`
FROM `enrollments`
INNER JOIN `courses` ON `courses`.`id` = `enrollments`.`course_id`
WHERE `enrollments`.`user_id` = :enrollments.user_id:
ORDER BY `enrollment_date` DESC', [...], false)
 5 SYSTEMPATH\Model.php(286): CodeIgniter\Database\BaseBuilder->get()
 6 SYSTEMPATH\BaseModel.php(677): CodeIgniter\Model->doFindAll(0, 0)
 7 APPPATH\Models\EnrollmentModel.php(31): CodeIgniter\BaseModel->findAll()
 8 APPPATH\Controllers\Student\Enrollments.php(24): App\Models\EnrollmentModel->getUserEnrollments(11)
 9 SYSTEMPATH\CodeIgniter.php(933): App\Controllers\Student\Enrollments->index()
10 SYSTEMPATH\CodeIgniter.php(507): CodeIgniter\CodeIgniter->runController(Object(App\Controllers\Student\Enrollments))
11 SYSTEMPATH\CodeIgniter.php(354): CodeIgniter\CodeIgniter->handleRequest(null, Object(Config\Cache), false)
12 SYSTEMPATH\Boot.php(363): CodeIgniter\CodeIgniter->run()
13 SYSTEMPATH\Boot.php(68): CodeIgniter\Boot::runCodeIgniter(Object(CodeIgniter\CodeIgniter))
14 FCPATH\index.php(59): CodeIgniter\Boot::bootWeb(Object(Config\Paths))
15 SYSTEMPATH\rewrite.php(44): require_once('C:\\xampp\\htdocs\\ITE311-CASTILLO\\public\\index.php')
ERROR - 2025-10-10 12:56:02 --> mysqli_sql_exception: Unknown column 'enrollments.enrollment_date' in 'field list' in C:\xampp\htdocs\ITE311-CASTILLO\system\Database\MySQLi\Connection.php:327
Stack trace:
#0 C:\xampp\htdocs\ITE311-CASTILLO\system\Database\MySQLi\Connection.php(327): mysqli->query('SELECT `enrollm...', 0)
#1 C:\xampp\htdocs\ITE311-CASTILLO\system\Database\BaseConnection.php(729): CodeIgniter\Database\MySQLi\Connection->execute('SELECT `enrollm...')
#2 C:\xampp\htdocs\ITE311-CASTILLO\system\Database\BaseConnection.php(646): CodeIgniter\Database\BaseConnection->simpleQuery('SELECT `enrollm...')
#3 C:\xampp\htdocs\ITE311-CASTILLO\system\Database\BaseBuilder.php(1649): CodeIgniter\Database\BaseConnection->query('SELECT `enrollm...', Array, false)
#4 C:\xampp\htdocs\ITE311-CASTILLO\system\Model.php(286): CodeIgniter\Database\BaseBuilder->get()
#5 C:\xampp\htdocs\ITE311-CASTILLO\system\BaseModel.php(677): CodeIgniter\Model->doFindAll(0, 0)
#6 C:\xampp\htdocs\ITE311-CASTILLO\app\Models\EnrollmentModel.php(32): CodeIgniter\BaseModel->findAll()
#7 C:\xampp\htdocs\ITE311-CASTILLO\app\Controllers\Student\Enrollments.php(24): App\Models\EnrollmentModel->getUserEnrollments(11)
#8 C:\xampp\htdocs\ITE311-CASTILLO\system\CodeIgniter.php(933): App\Controllers\Student\Enrollments->index()
#9 C:\xampp\htdocs\ITE311-CASTILLO\system\CodeIgniter.php(507): CodeIgniter\CodeIgniter->runController(Object(App\Controllers\Student\Enrollments))
#10 C:\xampp\htdocs\ITE311-CASTILLO\system\CodeIgniter.php(354): CodeIgniter\CodeIgniter->handleRequest(NULL, Object(Config\Cache), false)
#11 C:\xampp\htdocs\ITE311-CASTILLO\system\Boot.php(363): CodeIgniter\CodeIgniter->run()
#12 C:\xampp\htdocs\ITE311-CASTILLO\system\Boot.php(68): CodeIgniter\Boot::runCodeIgniter(Object(CodeIgniter\CodeIgniter))
#13 C:\xampp\htdocs\ITE311-CASTILLO\public\index.php(59): CodeIgniter\Boot::bootWeb(Object(Config\Paths))
#14 C:\xampp\htdocs\ITE311-CASTILLO\system\rewrite.php(44): require_once('C:\\xampp\\htdocs...')
#15 {main}
CRITICAL - 2025-10-10 12:56:02 --> TypeError: array_merge(): Argument #1 must be of type array, string given
[Method: GET, Route: student/enrollments]
in SYSTEMPATH\Database\BaseBuilder.php on line 1506.
 1 SYSTEMPATH\Database\BaseBuilder.php(1506): array_merge('
ORDER BY `enrollment_date` DESC', [...])
 2 SYSTEMPATH\Model.php(925): CodeIgniter\Database\BaseBuilder->orderBy('courses.title', ' ASC')
 3 APPPATH\Models\EnrollmentModel.php(38): CodeIgniter\Model->__call('orderBy', [...])
 4 APPPATH\Controllers\Student\Enrollments.php(24): App\Models\EnrollmentModel->getUserEnrollments(11)
 5 SYSTEMPATH\CodeIgniter.php(933): App\Controllers\Student\Enrollments->index()
 6 SYSTEMPATH\CodeIgniter.php(507): CodeIgniter\CodeIgniter->runController(Object(App\Controllers\Student\Enrollments))
 7 SYSTEMPATH\CodeIgniter.php(354): CodeIgniter\CodeIgniter->handleRequest(null, Object(Config\Cache), false)
 8 SYSTEMPATH\Boot.php(363): CodeIgniter\CodeIgniter->run()
 9 SYSTEMPATH\Boot.php(68): CodeIgniter\Boot::runCodeIgniter(Object(CodeIgniter\CodeIgniter))
10 FCPATH\index.php(59): CodeIgniter\Boot::bootWeb(Object(Config\Paths))
11 SYSTEMPATH\rewrite.php(44): require_once('C:\\xampp\\htdocs\\ITE311-CASTILLO\\public\\index.php')
ERROR - 2025-10-10 12:56:03 --> mysqli_sql_exception: Unknown column 'enrollments.enrollment_date' in 'field list' in C:\xampp\htdocs\ITE311-CASTILLO\system\Database\MySQLi\Connection.php:327
Stack trace:
#0 C:\xampp\htdocs\ITE311-CASTILLO\system\Database\MySQLi\Connection.php(327): mysqli->query('SELECT `enrollm...', 0)
#1 C:\xampp\htdocs\ITE311-CASTILLO\system\Database\BaseConnection.php(729): CodeIgniter\Database\MySQLi\Connection->execute('SELECT `enrollm...')
#2 C:\xampp\htdocs\ITE311-CASTILLO\system\Database\BaseConnection.php(646): CodeIgniter\Database\BaseConnection->simpleQuery('SELECT `enrollm...')
#3 C:\xampp\htdocs\ITE311-CASTILLO\system\Database\BaseBuilder.php(1649): CodeIgniter\Database\BaseConnection->query('SELECT `enrollm...', Array, false)
#4 C:\xampp\htdocs\ITE311-CASTILLO\system\Model.php(286): CodeIgniter\Database\BaseBuilder->get()
#5 C:\xampp\htdocs\ITE311-CASTILLO\system\BaseModel.php(677): CodeIgniter\Model->doFindAll(0, 0)
#6 C:\xampp\htdocs\ITE311-CASTILLO\app\Models\EnrollmentModel.php(32): CodeIgniter\BaseModel->findAll()
#7 C:\xampp\htdocs\ITE311-CASTILLO\app\Controllers\Student\Enrollments.php(24): App\Models\EnrollmentModel->getUserEnrollments(11)
#8 C:\xampp\htdocs\ITE311-CASTILLO\system\CodeIgniter.php(933): App\Controllers\Student\Enrollments->index()
#9 C:\xampp\htdocs\ITE311-CASTILLO\system\CodeIgniter.php(507): CodeIgniter\CodeIgniter->runController(Object(App\Controllers\Student\Enrollments))
#10 C:\xampp\htdocs\ITE311-CASTILLO\system\CodeIgniter.php(354): CodeIgniter\CodeIgniter->handleRequest(NULL, Object(Config\Cache), false)
#11 C:\xampp\htdocs\ITE311-CASTILLO\system\Boot.php(363): CodeIgniter\CodeIgniter->run()
#12 C:\xampp\htdocs\ITE311-CASTILLO\system\Boot.php(68): CodeIgniter\Boot::runCodeIgniter(Object(CodeIgniter\CodeIgniter))
#13 C:\xampp\htdocs\ITE311-CASTILLO\public\index.php(59): CodeIgniter\Boot::bootWeb(Object(Config\Paths))
#14 C:\xampp\htdocs\ITE311-CASTILLO\system\rewrite.php(44): require_once('C:\\xampp\\htdocs...')
#15 {main}
CRITICAL - 2025-10-10 12:56:03 --> TypeError: array_merge(): Argument #1 must be of type array, string given
[Method: GET, Route: student/enrollments]
in SYSTEMPATH\Database\BaseBuilder.php on line 1506.
 1 SYSTEMPATH\Database\BaseBuilder.php(1506): array_merge('
ORDER BY `enrollment_date` DESC', [...])
 2 SYSTEMPATH\Model.php(925): CodeIgniter\Database\BaseBuilder->orderBy('courses.title', ' ASC')
 3 APPPATH\Models\EnrollmentModel.php(38): CodeIgniter\Model->__call('orderBy', [...])
 4 APPPATH\Controllers\Student\Enrollments.php(24): App\Models\EnrollmentModel->getUserEnrollments(11)
 5 SYSTEMPATH\CodeIgniter.php(933): App\Controllers\Student\Enrollments->index()
 6 SYSTEMPATH\CodeIgniter.php(507): CodeIgniter\CodeIgniter->runController(Object(App\Controllers\Student\Enrollments))
 7 SYSTEMPATH\CodeIgniter.php(354): CodeIgniter\CodeIgniter->handleRequest(null, Object(Config\Cache), false)
 8 SYSTEMPATH\Boot.php(363): CodeIgniter\CodeIgniter->run()
 9 SYSTEMPATH\Boot.php(68): CodeIgniter\Boot::runCodeIgniter(Object(CodeIgniter\CodeIgniter))
10 FCPATH\index.php(59): CodeIgniter\Boot::bootWeb(Object(Config\Paths))
11 SYSTEMPATH\rewrite.php(44): require_once('C:\\xampp\\htdocs\\ITE311-CASTILLO\\public\\index.php')
ERROR - 2025-10-10 12:56:03 --> mysqli_sql_exception: Unknown column 'enrollments.enrollment_date' in 'field list' in C:\xampp\htdocs\ITE311-CASTILLO\system\Database\MySQLi\Connection.php:327
Stack trace:
#0 C:\xampp\htdocs\ITE311-CASTILLO\system\Database\MySQLi\Connection.php(327): mysqli->query('SELECT `enrollm...', 0)
#1 C:\xampp\htdocs\ITE311-CASTILLO\system\Database\BaseConnection.php(729): CodeIgniter\Database\MySQLi\Connection->execute('SELECT `enrollm...')
#2 C:\xampp\htdocs\ITE311-CASTILLO\system\Database\BaseConnection.php(646): CodeIgniter\Database\BaseConnection->simpleQuery('SELECT `enrollm...')
#3 C:\xampp\htdocs\ITE311-CASTILLO\system\Database\BaseBuilder.php(1649): CodeIgniter\Database\BaseConnection->query('SELECT `enrollm...', Array, false)
#4 C:\xampp\htdocs\ITE311-CASTILLO\system\Model.php(286): CodeIgniter\Database\BaseBuilder->get()
#5 C:\xampp\htdocs\ITE311-CASTILLO\system\BaseModel.php(677): CodeIgniter\Model->doFindAll(0, 0)
#6 C:\xampp\htdocs\ITE311-CASTILLO\app\Models\EnrollmentModel.php(32): CodeIgniter\BaseModel->findAll()
#7 C:\xampp\htdocs\ITE311-CASTILLO\app\Controllers\Auth.php(148): App\Models\EnrollmentModel->getUserEnrollments(11)
#8 C:\xampp\htdocs\ITE311-CASTILLO\system\CodeIgniter.php(933): App\Controllers\Auth->dashboard()
#9 C:\xampp\htdocs\ITE311-CASTILLO\system\CodeIgniter.php(507): CodeIgniter\CodeIgniter->runController(Object(App\Controllers\Auth))
#10 C:\xampp\htdocs\ITE311-CASTILLO\system\CodeIgniter.php(354): CodeIgniter\CodeIgniter->handleRequest(NULL, Object(Config\Cache), false)
#11 C:\xampp\htdocs\ITE311-CASTILLO\system\Boot.php(363): CodeIgniter\CodeIgniter->run()
#12 C:\xampp\htdocs\ITE311-CASTILLO\system\Boot.php(68): CodeIgniter\Boot::runCodeIgniter(Object(CodeIgniter\CodeIgniter))
#13 C:\xampp\htdocs\ITE311-CASTILLO\public\index.php(59): CodeIgniter\Boot::bootWeb(Object(Config\Paths))
#14 C:\xampp\htdocs\ITE311-CASTILLO\system\rewrite.php(44): require_once('C:\\xampp\\htdocs...')
#15 {main}
CRITICAL - 2025-10-10 12:56:03 --> TypeError: array_merge(): Argument #1 must be of type array, string given
[Method: GET, Route: dashboard]
in SYSTEMPATH\Database\BaseBuilder.php on line 1506.
 1 SYSTEMPATH\Database\BaseBuilder.php(1506): array_merge('
ORDER BY `enrollment_date` DESC', [...])
 2 SYSTEMPATH\Model.php(925): CodeIgniter\Database\BaseBuilder->orderBy('courses.title', ' ASC')
 3 APPPATH\Models\EnrollmentModel.php(38): CodeIgniter\Model->__call('orderBy', [...])
 4 APPPATH\Controllers\Auth.php(148): App\Models\EnrollmentModel->getUserEnrollments(11)
 5 SYSTEMPATH\CodeIgniter.php(933): App\Controllers\Auth->dashboard()
 6 SYSTEMPATH\CodeIgniter.php(507): CodeIgniter\CodeIgniter->runController(Object(App\Controllers\Auth))
 7 SYSTEMPATH\CodeIgniter.php(354): CodeIgniter\CodeIgniter->handleRequest(null, Object(Config\Cache), false)
 8 SYSTEMPATH\Boot.php(363): CodeIgniter\CodeIgniter->run()
 9 SYSTEMPATH\Boot.php(68): CodeIgniter\Boot::runCodeIgniter(Object(CodeIgniter\CodeIgniter))
10 FCPATH\index.php(59): CodeIgniter\Boot::bootWeb(Object(Config\Paths))
11 SYSTEMPATH\rewrite.php(44): require_once('C:\\xampp\\htdocs\\ITE311-CASTILLO\\public\\index.php')
ERROR - 2025-10-10 12:56:05 --> mysqli_sql_exception: Unknown column 'enrollments.enrollment_date' in 'field list' in C:\xampp\htdocs\ITE311-CASTILLO\system\Database\MySQLi\Connection.php:327
Stack trace:
#0 C:\xampp\htdocs\ITE311-CASTILLO\system\Database\MySQLi\Connection.php(327): mysqli->query('SELECT `enrollm...', 0)
#1 C:\xampp\htdocs\ITE311-CASTILLO\system\Database\BaseConnection.php(729): CodeIgniter\Database\MySQLi\Connection->execute('SELECT `enrollm...')
#2 C:\xampp\htdocs\ITE311-CASTILLO\system\Database\BaseConnection.php(646): CodeIgniter\Database\BaseConnection->simpleQuery('SELECT `enrollm...')
#3 C:\xampp\htdocs\ITE311-CASTILLO\system\Database\BaseBuilder.php(1649): CodeIgniter\Database\BaseConnection->query('SELECT `enrollm...', Array, false)
#4 C:\xampp\htdocs\ITE311-CASTILLO\system\Model.php(286): CodeIgniter\Database\BaseBuilder->get()
#5 C:\xampp\htdocs\ITE311-CASTILLO\system\BaseModel.php(677): CodeIgniter\Model->doFindAll(0, 0)
#6 C:\xampp\htdocs\ITE311-CASTILLO\app\Models\EnrollmentModel.php(32): CodeIgniter\BaseModel->findAll()
#7 C:\xampp\htdocs\ITE311-CASTILLO\app\Controllers\Auth.php(148): App\Models\EnrollmentModel->getUserEnrollments(11)
#8 C:\xampp\htdocs\ITE311-CASTILLO\system\CodeIgniter.php(933): App\Controllers\Auth->dashboard()
#9 C:\xampp\htdocs\ITE311-CASTILLO\system\CodeIgniter.php(507): CodeIgniter\CodeIgniter->runController(Object(App\Controllers\Auth))
#10 C:\xampp\htdocs\ITE311-CASTILLO\system\CodeIgniter.php(354): CodeIgniter\CodeIgniter->handleRequest(NULL, Object(Config\Cache), false)
#11 C:\xampp\htdocs\ITE311-CASTILLO\system\Boot.php(363): CodeIgniter\CodeIgniter->run()
#12 C:\xampp\htdocs\ITE311-CASTILLO\system\Boot.php(68): CodeIgniter\Boot::runCodeIgniter(Object(CodeIgniter\CodeIgniter))
#13 C:\xampp\htdocs\ITE311-CASTILLO\public\index.php(59): CodeIgniter\Boot::bootWeb(Object(Config\Paths))
#14 C:\xampp\htdocs\ITE311-CASTILLO\system\rewrite.php(44): require_once('C:\\xampp\\htdocs...')
#15 {main}
CRITICAL - 2025-10-10 12:56:05 --> TypeError: array_merge(): Argument #1 must be of type array, string given
[Method: GET, Route: dashboard]
in SYSTEMPATH\Database\BaseBuilder.php on line 1506.
 1 SYSTEMPATH\Database\BaseBuilder.php(1506): array_merge('
ORDER BY `enrollment_date` DESC', [...])
 2 SYSTEMPATH\Model.php(925): CodeIgniter\Database\BaseBuilder->orderBy('courses.title', ' ASC')
 3 APPPATH\Models\EnrollmentModel.php(38): CodeIgniter\Model->__call('orderBy', [...])
 4 APPPATH\Controllers\Auth.php(148): App\Models\EnrollmentModel->getUserEnrollments(11)
 5 SYSTEMPATH\CodeIgniter.php(933): App\Controllers\Auth->dashboard()
 6 SYSTEMPATH\CodeIgniter.php(507): CodeIgniter\CodeIgniter->runController(Object(App\Controllers\Auth))
 7 SYSTEMPATH\CodeIgniter.php(354): CodeIgniter\CodeIgniter->handleRequest(null, Object(Config\Cache), false)
 8 SYSTEMPATH\Boot.php(363): CodeIgniter\CodeIgniter->run()
 9 SYSTEMPATH\Boot.php(68): CodeIgniter\Boot::runCodeIgniter(Object(CodeIgniter\CodeIgniter))
10 FCPATH\index.php(59): CodeIgniter\Boot::bootWeb(Object(Config\Paths))
11 SYSTEMPATH\rewrite.php(44): require_once('C:\\xampp\\htdocs\\ITE311-CASTILLO\\public\\index.php')
ERROR - 2025-10-10 12:56:06 --> mysqli_sql_exception: Unknown column 'enrollments.enrollment_date' in 'field list' in C:\xampp\htdocs\ITE311-CASTILLO\system\Database\MySQLi\Connection.php:327
Stack trace:
#0 C:\xampp\htdocs\ITE311-CASTILLO\system\Database\MySQLi\Connection.php(327): mysqli->query('SELECT `enrollm...', 0)
#1 C:\xampp\htdocs\ITE311-CASTILLO\system\Database\BaseConnection.php(729): CodeIgniter\Database\MySQLi\Connection->execute('SELECT `enrollm...')
#2 C:\xampp\htdocs\ITE311-CASTILLO\system\Database\BaseConnection.php(646): CodeIgniter\Database\BaseConnection->simpleQuery('SELECT `enrollm...')
#3 C:\xampp\htdocs\ITE311-CASTILLO\system\Database\BaseBuilder.php(1649): CodeIgniter\Database\BaseConnection->query('SELECT `enrollm...', Array, false)
#4 C:\xampp\htdocs\ITE311-CASTILLO\system\Model.php(286): CodeIgniter\Database\BaseBuilder->get()
#5 C:\xampp\htdocs\ITE311-CASTILLO\system\BaseModel.php(677): CodeIgniter\Model->doFindAll(0, 0)
#6 C:\xampp\htdocs\ITE311-CASTILLO\app\Models\EnrollmentModel.php(32): CodeIgniter\BaseModel->findAll()
#7 C:\xampp\htdocs\ITE311-CASTILLO\app\Controllers\Auth.php(148): App\Models\EnrollmentModel->getUserEnrollments(11)
#8 C:\xampp\htdocs\ITE311-CASTILLO\system\CodeIgniter.php(933): App\Controllers\Auth->dashboard()
#9 C:\xampp\htdocs\ITE311-CASTILLO\system\CodeIgniter.php(507): CodeIgniter\CodeIgniter->runController(Object(App\Controllers\Auth))
#10 C:\xampp\htdocs\ITE311-CASTILLO\system\CodeIgniter.php(354): CodeIgniter\CodeIgniter->handleRequest(NULL, Object(Config\Cache), false)
#11 C:\xampp\htdocs\ITE311-CASTILLO\system\Boot.php(363): CodeIgniter\CodeIgniter->run()
#12 C:\xampp\htdocs\ITE311-CASTILLO\system\Boot.php(68): CodeIgniter\Boot::runCodeIgniter(Object(CodeIgniter\CodeIgniter))
#13 C:\xampp\htdocs\ITE311-CASTILLO\public\index.php(59): CodeIgniter\Boot::bootWeb(Object(Config\Paths))
#14 C:\xampp\htdocs\ITE311-CASTILLO\system\rewrite.php(44): require_once('C:\\xampp\\htdocs...')
#15 {main}
CRITICAL - 2025-10-10 12:56:06 --> TypeError: array_merge(): Argument #1 must be of type array, string given
[Method: GET, Route: dashboard]
in SYSTEMPATH\Database\BaseBuilder.php on line 1506.
 1 SYSTEMPATH\Database\BaseBuilder.php(1506): array_merge('
ORDER BY `enrollment_date` DESC', [...])
 2 SYSTEMPATH\Model.php(925): CodeIgniter\Database\BaseBuilder->orderBy('courses.title', ' ASC')
 3 APPPATH\Models\EnrollmentModel.php(38): CodeIgniter\Model->__call('orderBy', [...])
 4 APPPATH\Controllers\Auth.php(148): App\Models\EnrollmentModel->getUserEnrollments(11)
 5 SYSTEMPATH\CodeIgniter.php(933): App\Controllers\Auth->dashboard()
 6 SYSTEMPATH\CodeIgniter.php(507): CodeIgniter\CodeIgniter->runController(Object(App\Controllers\Auth))
 7 SYSTEMPATH\CodeIgniter.php(354): CodeIgniter\CodeIgniter->handleRequest(null, Object(Config\Cache), false)
 8 SYSTEMPATH\Boot.php(363): CodeIgniter\CodeIgniter->run()
 9 SYSTEMPATH\Boot.php(68): CodeIgniter\Boot::runCodeIgniter(Object(CodeIgniter\CodeIgniter))
10 FCPATH\index.php(59): CodeIgniter\Boot::bootWeb(Object(Config\Paths))
11 SYSTEMPATH\rewrite.php(44): require_once('C:\\xampp\\htdocs\\ITE311-CASTILLO\\public\\index.php')
ERROR - 2025-10-10 12:56:07 --> mysqli_sql_exception: Unknown column 'enrollments.enrollment_date' in 'field list' in C:\xampp\htdocs\ITE311-CASTILLO\system\Database\MySQLi\Connection.php:327
Stack trace:
#0 C:\xampp\htdocs\ITE311-CASTILLO\system\Database\MySQLi\Connection.php(327): mysqli->query('SELECT `enrollm...', 0)
#1 C:\xampp\htdocs\ITE311-CASTILLO\system\Database\BaseConnection.php(729): CodeIgniter\Database\MySQLi\Connection->execute('SELECT `enrollm...')
#2 C:\xampp\htdocs\ITE311-CASTILLO\system\Database\BaseConnection.php(646): CodeIgniter\Database\BaseConnection->simpleQuery('SELECT `enrollm...')
#3 C:\xampp\htdocs\ITE311-CASTILLO\system\Database\BaseBuilder.php(1649): CodeIgniter\Database\BaseConnection->query('SELECT `enrollm...', Array, false)
#4 C:\xampp\htdocs\ITE311-CASTILLO\system\Model.php(286): CodeIgniter\Database\BaseBuilder->get()
#5 C:\xampp\htdocs\ITE311-CASTILLO\system\BaseModel.php(677): CodeIgniter\Model->doFindAll(0, 0)
#6 C:\xampp\htdocs\ITE311-CASTILLO\app\Models\EnrollmentModel.php(32): CodeIgniter\BaseModel->findAll()
#7 C:\xampp\htdocs\ITE311-CASTILLO\app\Controllers\Auth.php(148): App\Models\EnrollmentModel->getUserEnrollments(11)
#8 C:\xampp\htdocs\ITE311-CASTILLO\system\CodeIgniter.php(933): App\Controllers\Auth->dashboard()
#9 C:\xampp\htdocs\ITE311-CASTILLO\system\CodeIgniter.php(507): CodeIgniter\CodeIgniter->runController(Object(App\Controllers\Auth))
#10 C:\xampp\htdocs\ITE311-CASTILLO\system\CodeIgniter.php(354): CodeIgniter\CodeIgniter->handleRequest(NULL, Object(Config\Cache), false)
#11 C:\xampp\htdocs\ITE311-CASTILLO\system\Boot.php(363): CodeIgniter\CodeIgniter->run()
#12 C:\xampp\htdocs\ITE311-CASTILLO\system\Boot.php(68): CodeIgniter\Boot::runCodeIgniter(Object(CodeIgniter\CodeIgniter))
#13 C:\xampp\htdocs\ITE311-CASTILLO\public\index.php(59): CodeIgniter\Boot::bootWeb(Object(Config\Paths))
#14 C:\xampp\htdocs\ITE311-CASTILLO\system\rewrite.php(44): require_once('C:\\xampp\\htdocs...')
#15 {main}
CRITICAL - 2025-10-10 12:56:07 --> TypeError: array_merge(): Argument #1 must be of type array, string given
[Method: GET, Route: dashboard]
in SYSTEMPATH\Database\BaseBuilder.php on line 1506.
 1 SYSTEMPATH\Database\BaseBuilder.php(1506): array_merge('
ORDER BY `enrollment_date` DESC', [...])
 2 SYSTEMPATH\Model.php(925): CodeIgniter\Database\BaseBuilder->orderBy('courses.title', ' ASC')
 3 APPPATH\Models\EnrollmentModel.php(38): CodeIgniter\Model->__call('orderBy', [...])
 4 APPPATH\Controllers\Auth.php(148): App\Models\EnrollmentModel->getUserEnrollments(11)
 5 SYSTEMPATH\CodeIgniter.php(933): App\Controllers\Auth->dashboard()
 6 SYSTEMPATH\CodeIgniter.php(507): CodeIgniter\CodeIgniter->runController(Object(App\Controllers\Auth))
 7 SYSTEMPATH\CodeIgniter.php(354): CodeIgniter\CodeIgniter->handleRequest(null, Object(Config\Cache), false)
 8 SYSTEMPATH\Boot.php(363): CodeIgniter\CodeIgniter->run()
 9 SYSTEMPATH\Boot.php(68): CodeIgniter\Boot::runCodeIgniter(Object(CodeIgniter\CodeIgniter))
10 FCPATH\index.php(59): CodeIgniter\Boot::bootWeb(Object(Config\Paths))
11 SYSTEMPATH\rewrite.php(44): require_once('C:\\xampp\\htdocs\\ITE311-CASTILLO\\public\\index.php')
ERROR - 2025-10-10 12:56:09 --> mysqli_sql_exception: Unknown column 'enrollments.enrollment_date' in 'field list' in C:\xampp\htdocs\ITE311-CASTILLO\system\Database\MySQLi\Connection.php:327
Stack trace:
#0 C:\xampp\htdocs\ITE311-CASTILLO\system\Database\MySQLi\Connection.php(327): mysqli->query('SELECT `enrollm...', 0)
#1 C:\xampp\htdocs\ITE311-CASTILLO\system\Database\BaseConnection.php(729): CodeIgniter\Database\MySQLi\Connection->execute('SELECT `enrollm...')
#2 C:\xampp\htdocs\ITE311-CASTILLO\system\Database\BaseConnection.php(646): CodeIgniter\Database\BaseConnection->simpleQuery('SELECT `enrollm...')
#3 C:\xampp\htdocs\ITE311-CASTILLO\system\Database\BaseBuilder.php(1649): CodeIgniter\Database\BaseConnection->query('SELECT `enrollm...', Array, false)
#4 C:\xampp\htdocs\ITE311-CASTILLO\system\Model.php(286): CodeIgniter\Database\BaseBuilder->get()
#5 C:\xampp\htdocs\ITE311-CASTILLO\system\BaseModel.php(677): CodeIgniter\Model->doFindAll(0, 0)
#6 C:\xampp\htdocs\ITE311-CASTILLO\app\Models\EnrollmentModel.php(32): CodeIgniter\BaseModel->findAll()
#7 C:\xampp\htdocs\ITE311-CASTILLO\app\Controllers\Auth.php(148): App\Models\EnrollmentModel->getUserEnrollments(11)
#8 C:\xampp\htdocs\ITE311-CASTILLO\system\CodeIgniter.php(933): App\Controllers\Auth->dashboard()
#9 C:\xampp\htdocs\ITE311-CASTILLO\system\CodeIgniter.php(507): CodeIgniter\CodeIgniter->runController(Object(App\Controllers\Auth))
#10 C:\xampp\htdocs\ITE311-CASTILLO\system\CodeIgniter.php(354): CodeIgniter\CodeIgniter->handleRequest(NULL, Object(Config\Cache), false)
#11 C:\xampp\htdocs\ITE311-CASTILLO\system\Boot.php(363): CodeIgniter\CodeIgniter->run()
#12 C:\xampp\htdocs\ITE311-CASTILLO\system\Boot.php(68): CodeIgniter\Boot::runCodeIgniter(Object(CodeIgniter\CodeIgniter))
#13 C:\xampp\htdocs\ITE311-CASTILLO\public\index.php(59): CodeIgniter\Boot::bootWeb(Object(Config\Paths))
#14 C:\xampp\htdocs\ITE311-CASTILLO\system\rewrite.php(44): require_once('C:\\xampp\\htdocs...')
#15 {main}
CRITICAL - 2025-10-10 12:56:09 --> TypeError: array_merge(): Argument #1 must be of type array, string given
[Method: GET, Route: dashboard]
in SYSTEMPATH\Database\BaseBuilder.php on line 1506.
 1 SYSTEMPATH\Database\BaseBuilder.php(1506): array_merge('
ORDER BY `enrollment_date` DESC', [...])
 2 SYSTEMPATH\Model.php(925): CodeIgniter\Database\BaseBuilder->orderBy('courses.title', ' ASC')
 3 APPPATH\Models\EnrollmentModel.php(38): CodeIgniter\Model->__call('orderBy', [...])
 4 APPPATH\Controllers\Auth.php(148): App\Models\EnrollmentModel->getUserEnrollments(11)
 5 SYSTEMPATH\CodeIgniter.php(933): App\Controllers\Auth->dashboard()
 6 SYSTEMPATH\CodeIgniter.php(507): CodeIgniter\CodeIgniter->runController(Object(App\Controllers\Auth))
 7 SYSTEMPATH\CodeIgniter.php(354): CodeIgniter\CodeIgniter->handleRequest(null, Object(Config\Cache), false)
 8 SYSTEMPATH\Boot.php(363): CodeIgniter\CodeIgniter->run()
 9 SYSTEMPATH\Boot.php(68): CodeIgniter\Boot::runCodeIgniter(Object(CodeIgniter\CodeIgniter))
10 FCPATH\index.php(59): CodeIgniter\Boot::bootWeb(Object(Config\Paths))
11 SYSTEMPATH\rewrite.php(44): require_once('C:\\xampp\\htdocs\\ITE311-CASTILLO\\public\\index.php')
ERROR - 2025-10-10 12:56:10 --> mysqli_sql_exception: Unknown column 'enrollments.enrollment_date' in 'field list' in C:\xampp\htdocs\ITE311-CASTILLO\system\Database\MySQLi\Connection.php:327
Stack trace:
#0 C:\xampp\htdocs\ITE311-CASTILLO\system\Database\MySQLi\Connection.php(327): mysqli->query('SELECT `enrollm...', 0)
#1 C:\xampp\htdocs\ITE311-CASTILLO\system\Database\BaseConnection.php(729): CodeIgniter\Database\MySQLi\Connection->execute('SELECT `enrollm...')
#2 C:\xampp\htdocs\ITE311-CASTILLO\system\Database\BaseConnection.php(646): CodeIgniter\Database\BaseConnection->simpleQuery('SELECT `enrollm...')
#3 C:\xampp\htdocs\ITE311-CASTILLO\system\Database\BaseBuilder.php(1649): CodeIgniter\Database\BaseConnection->query('SELECT `enrollm...', Array, false)
#4 C:\xampp\htdocs\ITE311-CASTILLO\system\Model.php(286): CodeIgniter\Database\BaseBuilder->get()
#5 C:\xampp\htdocs\ITE311-CASTILLO\system\BaseModel.php(677): CodeIgniter\Model->doFindAll(0, 0)
#6 C:\xampp\htdocs\ITE311-CASTILLO\app\Models\EnrollmentModel.php(32): CodeIgniter\BaseModel->findAll()
#7 C:\xampp\htdocs\ITE311-CASTILLO\app\Controllers\Student\Enrollments.php(24): App\Models\EnrollmentModel->getUserEnrollments(11)
#8 C:\xampp\htdocs\ITE311-CASTILLO\system\CodeIgniter.php(933): App\Controllers\Student\Enrollments->index()
#9 C:\xampp\htdocs\ITE311-CASTILLO\system\CodeIgniter.php(507): CodeIgniter\CodeIgniter->runController(Object(App\Controllers\Student\Enrollments))
#10 C:\xampp\htdocs\ITE311-CASTILLO\system\CodeIgniter.php(354): CodeIgniter\CodeIgniter->handleRequest(NULL, Object(Config\Cache), false)
#11 C:\xampp\htdocs\ITE311-CASTILLO\system\Boot.php(363): CodeIgniter\CodeIgniter->run()
#12 C:\xampp\htdocs\ITE311-CASTILLO\system\Boot.php(68): CodeIgniter\Boot::runCodeIgniter(Object(CodeIgniter\CodeIgniter))
#13 C:\xampp\htdocs\ITE311-CASTILLO\public\index.php(59): CodeIgniter\Boot::bootWeb(Object(Config\Paths))
#14 C:\xampp\htdocs\ITE311-CASTILLO\system\rewrite.php(44): require_once('C:\\xampp\\htdocs...')
#15 {main}
CRITICAL - 2025-10-10 12:56:10 --> TypeError: array_merge(): Argument #1 must be of type array, string given
[Method: GET, Route: student/enrollments]
in SYSTEMPATH\Database\BaseBuilder.php on line 1506.
 1 SYSTEMPATH\Database\BaseBuilder.php(1506): array_merge('
ORDER BY `enrollment_date` DESC', [...])
 2 SYSTEMPATH\Model.php(925): CodeIgniter\Database\BaseBuilder->orderBy('courses.title', ' ASC')
 3 APPPATH\Models\EnrollmentModel.php(38): CodeIgniter\Model->__call('orderBy', [...])
 4 APPPATH\Controllers\Student\Enrollments.php(24): App\Models\EnrollmentModel->getUserEnrollments(11)
 5 SYSTEMPATH\CodeIgniter.php(933): App\Controllers\Student\Enrollments->index()
 6 SYSTEMPATH\CodeIgniter.php(507): CodeIgniter\CodeIgniter->runController(Object(App\Controllers\Student\Enrollments))
 7 SYSTEMPATH\CodeIgniter.php(354): CodeIgniter\CodeIgniter->handleRequest(null, Object(Config\Cache), false)
 8 SYSTEMPATH\Boot.php(363): CodeIgniter\CodeIgniter->run()
 9 SYSTEMPATH\Boot.php(68): CodeIgniter\Boot::runCodeIgniter(Object(CodeIgniter\CodeIgniter))
10 FCPATH\index.php(59): CodeIgniter\Boot::bootWeb(Object(Config\Paths))
11 SYSTEMPATH\rewrite.php(44): require_once('C:\\xampp\\htdocs\\ITE311-CASTILLO\\public\\index.php')
ERROR - 2025-10-10 12:56:11 --> mysqli_sql_exception: Unknown column 'enrollments.enrollment_date' in 'field list' in C:\xampp\htdocs\ITE311-CASTILLO\system\Database\MySQLi\Connection.php:327
Stack trace:
#0 C:\xampp\htdocs\ITE311-CASTILLO\system\Database\MySQLi\Connection.php(327): mysqli->query('SELECT `enrollm...', 0)
#1 C:\xampp\htdocs\ITE311-CASTILLO\system\Database\BaseConnection.php(729): CodeIgniter\Database\MySQLi\Connection->execute('SELECT `enrollm...')
#2 C:\xampp\htdocs\ITE311-CASTILLO\system\Database\BaseConnection.php(646): CodeIgniter\Database\BaseConnection->simpleQuery('SELECT `enrollm...')
#3 C:\xampp\htdocs\ITE311-CASTILLO\system\Database\BaseBuilder.php(1649): CodeIgniter\Database\BaseConnection->query('SELECT `enrollm...', Array, false)
#4 C:\xampp\htdocs\ITE311-CASTILLO\system\Model.php(286): CodeIgniter\Database\BaseBuilder->get()
#5 C:\xampp\htdocs\ITE311-CASTILLO\system\BaseModel.php(677): CodeIgniter\Model->doFindAll(0, 0)
#6 C:\xampp\htdocs\ITE311-CASTILLO\app\Models\EnrollmentModel.php(32): CodeIgniter\BaseModel->findAll()
#7 C:\xampp\htdocs\ITE311-CASTILLO\app\Controllers\Auth.php(148): App\Models\EnrollmentModel->getUserEnrollments(11)
#8 C:\xampp\htdocs\ITE311-CASTILLO\system\CodeIgniter.php(933): App\Controllers\Auth->dashboard()
#9 C:\xampp\htdocs\ITE311-CASTILLO\system\CodeIgniter.php(507): CodeIgniter\CodeIgniter->runController(Object(App\Controllers\Auth))
#10 C:\xampp\htdocs\ITE311-CASTILLO\system\CodeIgniter.php(354): CodeIgniter\CodeIgniter->handleRequest(NULL, Object(Config\Cache), false)
#11 C:\xampp\htdocs\ITE311-CASTILLO\system\Boot.php(363): CodeIgniter\CodeIgniter->run()
#12 C:\xampp\htdocs\ITE311-CASTILLO\system\Boot.php(68): CodeIgniter\Boot::runCodeIgniter(Object(CodeIgniter\CodeIgniter))
#13 C:\xampp\htdocs\ITE311-CASTILLO\public\index.php(59): CodeIgniter\Boot::bootWeb(Object(Config\Paths))
#14 C:\xampp\htdocs\ITE311-CASTILLO\system\rewrite.php(44): require_once('C:\\xampp\\htdocs...')
#15 {main}
CRITICAL - 2025-10-10 12:56:11 --> TypeError: array_merge(): Argument #1 must be of type array, string given
[Method: GET, Route: dashboard]
in SYSTEMPATH\Database\BaseBuilder.php on line 1506.
 1 SYSTEMPATH\Database\BaseBuilder.php(1506): array_merge('
ORDER BY `enrollment_date` DESC', [...])
 2 SYSTEMPATH\Model.php(925): CodeIgniter\Database\BaseBuilder->orderBy('courses.title', ' ASC')
 3 APPPATH\Models\EnrollmentModel.php(38): CodeIgniter\Model->__call('orderBy', [...])
 4 APPPATH\Controllers\Auth.php(148): App\Models\EnrollmentModel->getUserEnrollments(11)
 5 SYSTEMPATH\CodeIgniter.php(933): App\Controllers\Auth->dashboard()
 6 SYSTEMPATH\CodeIgniter.php(507): CodeIgniter\CodeIgniter->runController(Object(App\Controllers\Auth))
 7 SYSTEMPATH\CodeIgniter.php(354): CodeIgniter\CodeIgniter->handleRequest(null, Object(Config\Cache), false)
 8 SYSTEMPATH\Boot.php(363): CodeIgniter\CodeIgniter->run()
 9 SYSTEMPATH\Boot.php(68): CodeIgniter\Boot::runCodeIgniter(Object(CodeIgniter\CodeIgniter))
10 FCPATH\index.php(59): CodeIgniter\Boot::bootWeb(Object(Config\Paths))
11 SYSTEMPATH\rewrite.php(44): require_once('C:\\xampp\\htdocs\\ITE311-CASTILLO\\public\\index.php')
ERROR - 2025-10-10 12:56:30 --> mysqli_sql_exception: Unknown column 'enrollments.enrollment_date' in 'field list' in C:\xampp\htdocs\ITE311-CASTILLO\system\Database\MySQLi\Connection.php:327
Stack trace:
#0 C:\xampp\htdocs\ITE311-CASTILLO\system\Database\MySQLi\Connection.php(327): mysqli->query('SELECT `enrollm...', 0)
#1 C:\xampp\htdocs\ITE311-CASTILLO\system\Database\BaseConnection.php(729): CodeIgniter\Database\MySQLi\Connection->execute('SELECT `enrollm...')
#2 C:\xampp\htdocs\ITE311-CASTILLO\system\Database\BaseConnection.php(646): CodeIgniter\Database\BaseConnection->simpleQuery('SELECT `enrollm...')
#3 C:\xampp\htdocs\ITE311-CASTILLO\system\Database\BaseBuilder.php(1649): CodeIgniter\Database\BaseConnection->query('SELECT `enrollm...', Array, false)
#4 C:\xampp\htdocs\ITE311-CASTILLO\system\Model.php(286): CodeIgniter\Database\BaseBuilder->get()
#5 C:\xampp\htdocs\ITE311-CASTILLO\system\BaseModel.php(677): CodeIgniter\Model->doFindAll(0, 0)
#6 C:\xampp\htdocs\ITE311-CASTILLO\app\Models\EnrollmentModel.php(32): CodeIgniter\BaseModel->findAll()
#7 C:\xampp\htdocs\ITE311-CASTILLO\app\Controllers\Auth.php(148): App\Models\EnrollmentModel->getUserEnrollments(11)
#8 C:\xampp\htdocs\ITE311-CASTILLO\system\CodeIgniter.php(933): App\Controllers\Auth->dashboard()
#9 C:\xampp\htdocs\ITE311-CASTILLO\system\CodeIgniter.php(507): CodeIgniter\CodeIgniter->runController(Object(App\Controllers\Auth))
#10 C:\xampp\htdocs\ITE311-CASTILLO\system\CodeIgniter.php(354): CodeIgniter\CodeIgniter->handleRequest(NULL, Object(Config\Cache), false)
#11 C:\xampp\htdocs\ITE311-CASTILLO\system\Boot.php(363): CodeIgniter\CodeIgniter->run()
#12 C:\xampp\htdocs\ITE311-CASTILLO\system\Boot.php(68): CodeIgniter\Boot::runCodeIgniter(Object(CodeIgniter\CodeIgniter))
#13 C:\xampp\htdocs\ITE311-CASTILLO\public\index.php(59): CodeIgniter\Boot::bootWeb(Object(Config\Paths))
#14 C:\xampp\htdocs\ITE311-CASTILLO\system\rewrite.php(44): require_once('C:\\xampp\\htdocs...')
#15 {main}
CRITICAL - 2025-10-10 12:56:30 --> TypeError: array_merge(): Argument #1 must be of type array, string given
[Method: GET, Route: dashboard]
in SYSTEMPATH\Database\BaseBuilder.php on line 1506.
 1 SYSTEMPATH\Database\BaseBuilder.php(1506): array_merge('
ORDER BY `enrollment_date` DESC', [...])
 2 SYSTEMPATH\Model.php(925): CodeIgniter\Database\BaseBuilder->orderBy('courses.title', ' ASC')
 3 APPPATH\Models\EnrollmentModel.php(38): CodeIgniter\Model->__call('orderBy', [...])
 4 APPPATH\Controllers\Auth.php(148): App\Models\EnrollmentModel->getUserEnrollments(11)
 5 SYSTEMPATH\CodeIgniter.php(933): App\Controllers\Auth->dashboard()
 6 SYSTEMPATH\CodeIgniter.php(507): CodeIgniter\CodeIgniter->runController(Object(App\Controllers\Auth))
 7 SYSTEMPATH\CodeIgniter.php(354): CodeIgniter\CodeIgniter->handleRequest(null, Object(Config\Cache), false)
 8 SYSTEMPATH\Boot.php(363): CodeIgniter\CodeIgniter->run()
 9 SYSTEMPATH\Boot.php(68): CodeIgniter\Boot::runCodeIgniter(Object(CodeIgniter\CodeIgniter))
10 FCPATH\index.php(59): CodeIgniter\Boot::bootWeb(Object(Config\Paths))
11 SYSTEMPATH\rewrite.php(44): require_once('C:\\xampp\\htdocs\\ITE311-CASTILLO\\public\\index.php')
ERROR - 2025-10-10 12:56:30 --> mysqli_sql_exception: Unknown column 'enrollments.enrollment_date' in 'field list' in C:\xampp\htdocs\ITE311-CASTILLO\system\Database\MySQLi\Connection.php:327
Stack trace:
#0 C:\xampp\htdocs\ITE311-CASTILLO\system\Database\MySQLi\Connection.php(327): mysqli->query('SELECT `enrollm...', 0)
#1 C:\xampp\htdocs\ITE311-CASTILLO\system\Database\BaseConnection.php(729): CodeIgniter\Database\MySQLi\Connection->execute('SELECT `enrollm...')
#2 C:\xampp\htdocs\ITE311-CASTILLO\system\Database\BaseConnection.php(646): CodeIgniter\Database\BaseConnection->simpleQuery('SELECT `enrollm...')
#3 C:\xampp\htdocs\ITE311-CASTILLO\system\Database\BaseBuilder.php(1649): CodeIgniter\Database\BaseConnection->query('SELECT `enrollm...', Array, false)
#4 C:\xampp\htdocs\ITE311-CASTILLO\system\Model.php(286): CodeIgniter\Database\BaseBuilder->get()
#5 C:\xampp\htdocs\ITE311-CASTILLO\system\BaseModel.php(677): CodeIgniter\Model->doFindAll(0, 0)
#6 C:\xampp\htdocs\ITE311-CASTILLO\app\Models\EnrollmentModel.php(32): CodeIgniter\BaseModel->findAll()
#7 C:\xampp\htdocs\ITE311-CASTILLO\app\Controllers\Auth.php(148): App\Models\EnrollmentModel->getUserEnrollments(11)
#8 C:\xampp\htdocs\ITE311-CASTILLO\system\CodeIgniter.php(933): App\Controllers\Auth->dashboard()
#9 C:\xampp\htdocs\ITE311-CASTILLO\system\CodeIgniter.php(507): CodeIgniter\CodeIgniter->runController(Object(App\Controllers\Auth))
#10 C:\xampp\htdocs\ITE311-CASTILLO\system\CodeIgniter.php(354): CodeIgniter\CodeIgniter->handleRequest(NULL, Object(Config\Cache), false)
#11 C:\xampp\htdocs\ITE311-CASTILLO\system\Boot.php(363): CodeIgniter\CodeIgniter->run()
#12 C:\xampp\htdocs\ITE311-CASTILLO\system\Boot.php(68): CodeIgniter\Boot::runCodeIgniter(Object(CodeIgniter\CodeIgniter))
#13 C:\xampp\htdocs\ITE311-CASTILLO\public\index.php(59): CodeIgniter\Boot::bootWeb(Object(Config\Paths))
#14 C:\xampp\htdocs\ITE311-CASTILLO\system\rewrite.php(44): require_once('C:\\xampp\\htdocs...')
#15 {main}
CRITICAL - 2025-10-10 12:56:30 --> TypeError: array_merge(): Argument #1 must be of type array, string given
[Method: GET, Route: dashboard]
in SYSTEMPATH\Database\BaseBuilder.php on line 1506.
 1 SYSTEMPATH\Database\BaseBuilder.php(1506): array_merge('
ORDER BY `enrollment_date` DESC', [...])
 2 SYSTEMPATH\Model.php(925): CodeIgniter\Database\BaseBuilder->orderBy('courses.title', ' ASC')
 3 APPPATH\Models\EnrollmentModel.php(38): CodeIgniter\Model->__call('orderBy', [...])
 4 APPPATH\Controllers\Auth.php(148): App\Models\EnrollmentModel->getUserEnrollments(11)
 5 SYSTEMPATH\CodeIgniter.php(933): App\Controllers\Auth->dashboard()
 6 SYSTEMPATH\CodeIgniter.php(507): CodeIgniter\CodeIgniter->runController(Object(App\Controllers\Auth))
 7 SYSTEMPATH\CodeIgniter.php(354): CodeIgniter\CodeIgniter->handleRequest(null, Object(Config\Cache), false)
 8 SYSTEMPATH\Boot.php(363): CodeIgniter\CodeIgniter->run()
 9 SYSTEMPATH\Boot.php(68): CodeIgniter\Boot::runCodeIgniter(Object(CodeIgniter\CodeIgniter))
10 FCPATH\index.php(59): CodeIgniter\Boot::bootWeb(Object(Config\Paths))
11 SYSTEMPATH\rewrite.php(44): require_once('C:\\xampp\\htdocs\\ITE311-CASTILLO\\public\\index.php')
ERROR - 2025-10-10 12:56:32 --> mysqli_sql_exception: Unknown column 'enrollments.enrollment_date' in 'field list' in C:\xampp\htdocs\ITE311-CASTILLO\system\Database\MySQLi\Connection.php:327
Stack trace:
#0 C:\xampp\htdocs\ITE311-CASTILLO\system\Database\MySQLi\Connection.php(327): mysqli->query('SELECT `enrollm...', 0)
#1 C:\xampp\htdocs\ITE311-CASTILLO\system\Database\BaseConnection.php(729): CodeIgniter\Database\MySQLi\Connection->execute('SELECT `enrollm...')
#2 C:\xampp\htdocs\ITE311-CASTILLO\system\Database\BaseConnection.php(646): CodeIgniter\Database\BaseConnection->simpleQuery('SELECT `enrollm...')
#3 C:\xampp\htdocs\ITE311-CASTILLO\system\Database\BaseBuilder.php(1649): CodeIgniter\Database\BaseConnection->query('SELECT `enrollm...', Array, false)
#4 C:\xampp\htdocs\ITE311-CASTILLO\system\Model.php(286): CodeIgniter\Database\BaseBuilder->get()
#5 C:\xampp\htdocs\ITE311-CASTILLO\system\BaseModel.php(677): CodeIgniter\Model->doFindAll(0, 0)
#6 C:\xampp\htdocs\ITE311-CASTILLO\app\Models\EnrollmentModel.php(32): CodeIgniter\BaseModel->findAll()
#7 C:\xampp\htdocs\ITE311-CASTILLO\app\Controllers\Student\Enrollments.php(24): App\Models\EnrollmentModel->getUserEnrollments(11)
#8 C:\xampp\htdocs\ITE311-CASTILLO\system\CodeIgniter.php(933): App\Controllers\Student\Enrollments->index()
#9 C:\xampp\htdocs\ITE311-CASTILLO\system\CodeIgniter.php(507): CodeIgniter\CodeIgniter->runController(Object(App\Controllers\Student\Enrollments))
#10 C:\xampp\htdocs\ITE311-CASTILLO\system\CodeIgniter.php(354): CodeIgniter\CodeIgniter->handleRequest(NULL, Object(Config\Cache), false)
#11 C:\xampp\htdocs\ITE311-CASTILLO\system\Boot.php(363): CodeIgniter\CodeIgniter->run()
#12 C:\xampp\htdocs\ITE311-CASTILLO\system\Boot.php(68): CodeIgniter\Boot::runCodeIgniter(Object(CodeIgniter\CodeIgniter))
#13 C:\xampp\htdocs\ITE311-CASTILLO\public\index.php(59): CodeIgniter\Boot::bootWeb(Object(Config\Paths))
#14 C:\xampp\htdocs\ITE311-CASTILLO\system\rewrite.php(44): require_once('C:\\xampp\\htdocs...')
#15 {main}
CRITICAL - 2025-10-10 12:56:32 --> TypeError: array_merge(): Argument #1 must be of type array, string given
[Method: GET, Route: student/enrollments]
in SYSTEMPATH\Database\BaseBuilder.php on line 1506.
 1 SYSTEMPATH\Database\BaseBuilder.php(1506): array_merge('
ORDER BY `enrollment_date` DESC', [...])
 2 SYSTEMPATH\Model.php(925): CodeIgniter\Database\BaseBuilder->orderBy('courses.title', ' ASC')
 3 APPPATH\Models\EnrollmentModel.php(38): CodeIgniter\Model->__call('orderBy', [...])
 4 APPPATH\Controllers\Student\Enrollments.php(24): App\Models\EnrollmentModel->getUserEnrollments(11)
 5 SYSTEMPATH\CodeIgniter.php(933): App\Controllers\Student\Enrollments->index()
 6 SYSTEMPATH\CodeIgniter.php(507): CodeIgniter\CodeIgniter->runController(Object(App\Controllers\Student\Enrollments))
 7 SYSTEMPATH\CodeIgniter.php(354): CodeIgniter\CodeIgniter->handleRequest(null, Object(Config\Cache), false)
 8 SYSTEMPATH\Boot.php(363): CodeIgniter\CodeIgniter->run()
 9 SYSTEMPATH\Boot.php(68): CodeIgniter\Boot::runCodeIgniter(Object(CodeIgniter\CodeIgniter))
10 FCPATH\index.php(59): CodeIgniter\Boot::bootWeb(Object(Config\Paths))
11 SYSTEMPATH\rewrite.php(44): require_once('C:\\xampp\\htdocs\\ITE311-CASTILLO\\public\\index.php')
ERROR - 2025-10-10 12:56:33 --> mysqli_sql_exception: Unknown column 'enrollments.enrollment_date' in 'field list' in C:\xampp\htdocs\ITE311-CASTILLO\system\Database\MySQLi\Connection.php:327
Stack trace:
#0 C:\xampp\htdocs\ITE311-CASTILLO\system\Database\MySQLi\Connection.php(327): mysqli->query('SELECT `enrollm...', 0)
#1 C:\xampp\htdocs\ITE311-CASTILLO\system\Database\BaseConnection.php(729): CodeIgniter\Database\MySQLi\Connection->execute('SELECT `enrollm...')
#2 C:\xampp\htdocs\ITE311-CASTILLO\system\Database\BaseConnection.php(646): CodeIgniter\Database\BaseConnection->simpleQuery('SELECT `enrollm...')
#3 C:\xampp\htdocs\ITE311-CASTILLO\system\Database\BaseBuilder.php(1649): CodeIgniter\Database\BaseConnection->query('SELECT `enrollm...', Array, false)
#4 C:\xampp\htdocs\ITE311-CASTILLO\system\Model.php(286): CodeIgniter\Database\BaseBuilder->get()
#5 C:\xampp\htdocs\ITE311-CASTILLO\system\BaseModel.php(677): CodeIgniter\Model->doFindAll(0, 0)
#6 C:\xampp\htdocs\ITE311-CASTILLO\app\Models\EnrollmentModel.php(32): CodeIgniter\BaseModel->findAll()
#7 C:\xampp\htdocs\ITE311-CASTILLO\app\Controllers\Auth.php(148): App\Models\EnrollmentModel->getUserEnrollments(11)
#8 C:\xampp\htdocs\ITE311-CASTILLO\system\CodeIgniter.php(933): App\Controllers\Auth->dashboard()
#9 C:\xampp\htdocs\ITE311-CASTILLO\system\CodeIgniter.php(507): CodeIgniter\CodeIgniter->runController(Object(App\Controllers\Auth))
#10 C:\xampp\htdocs\ITE311-CASTILLO\system\CodeIgniter.php(354): CodeIgniter\CodeIgniter->handleRequest(NULL, Object(Config\Cache), false)
#11 C:\xampp\htdocs\ITE311-CASTILLO\system\Boot.php(363): CodeIgniter\CodeIgniter->run()
#12 C:\xampp\htdocs\ITE311-CASTILLO\system\Boot.php(68): CodeIgniter\Boot::runCodeIgniter(Object(CodeIgniter\CodeIgniter))
#13 C:\xampp\htdocs\ITE311-CASTILLO\public\index.php(59): CodeIgniter\Boot::bootWeb(Object(Config\Paths))
#14 C:\xampp\htdocs\ITE311-CASTILLO\system\rewrite.php(44): require_once('C:\\xampp\\htdocs...')
#15 {main}
CRITICAL - 2025-10-10 12:56:33 --> TypeError: array_merge(): Argument #1 must be of type array, string given
[Method: GET, Route: dashboard]
in SYSTEMPATH\Database\BaseBuilder.php on line 1506.
 1 SYSTEMPATH\Database\BaseBuilder.php(1506): array_merge('
ORDER BY `enrollment_date` DESC', [...])
 2 SYSTEMPATH\Model.php(925): CodeIgniter\Database\BaseBuilder->orderBy('courses.title', ' ASC')
 3 APPPATH\Models\EnrollmentModel.php(38): CodeIgniter\Model->__call('orderBy', [...])
 4 APPPATH\Controllers\Auth.php(148): App\Models\EnrollmentModel->getUserEnrollments(11)
 5 SYSTEMPATH\CodeIgniter.php(933): App\Controllers\Auth->dashboard()
 6 SYSTEMPATH\CodeIgniter.php(507): CodeIgniter\CodeIgniter->runController(Object(App\Controllers\Auth))
 7 SYSTEMPATH\CodeIgniter.php(354): CodeIgniter\CodeIgniter->handleRequest(null, Object(Config\Cache), false)
 8 SYSTEMPATH\Boot.php(363): CodeIgniter\CodeIgniter->run()
 9 SYSTEMPATH\Boot.php(68): CodeIgniter\Boot::runCodeIgniter(Object(CodeIgniter\CodeIgniter))
10 FCPATH\index.php(59): CodeIgniter\Boot::bootWeb(Object(Config\Paths))
11 SYSTEMPATH\rewrite.php(44): require_once('C:\\xampp\\htdocs\\ITE311-CASTILLO\\public\\index.php')
ERROR - 2025-10-10 12:56:54 --> mysqli_sql_exception: Unknown column 'enrollments.enrollment_date' in 'field list' in C:\xampp\htdocs\ITE311-CASTILLO\system\Database\MySQLi\Connection.php:327
Stack trace:
#0 C:\xampp\htdocs\ITE311-CASTILLO\system\Database\MySQLi\Connection.php(327): mysqli->query('SELECT `enrollm...', 0)
#1 C:\xampp\htdocs\ITE311-CASTILLO\system\Database\BaseConnection.php(729): CodeIgniter\Database\MySQLi\Connection->execute('SELECT `enrollm...')
#2 C:\xampp\htdocs\ITE311-CASTILLO\system\Database\BaseConnection.php(646): CodeIgniter\Database\BaseConnection->simpleQuery('SELECT `enrollm...')
#3 C:\xampp\htdocs\ITE311-CASTILLO\system\Database\BaseBuilder.php(1649): CodeIgniter\Database\BaseConnection->query('SELECT `enrollm...', Array, false)
#4 C:\xampp\htdocs\ITE311-CASTILLO\system\Model.php(286): CodeIgniter\Database\BaseBuilder->get()
#5 C:\xampp\htdocs\ITE311-CASTILLO\system\BaseModel.php(677): CodeIgniter\Model->doFindAll(0, 0)
#6 C:\xampp\htdocs\ITE311-CASTILLO\app\Models\EnrollmentModel.php(32): CodeIgniter\BaseModel->findAll()
#7 C:\xampp\htdocs\ITE311-CASTILLO\app\Controllers\Auth.php(148): App\Models\EnrollmentModel->getUserEnrollments(11)
#8 C:\xampp\htdocs\ITE311-CASTILLO\system\CodeIgniter.php(933): App\Controllers\Auth->dashboard()
#9 C:\xampp\htdocs\ITE311-CASTILLO\system\CodeIgniter.php(507): CodeIgniter\CodeIgniter->runController(Object(App\Controllers\Auth))
#10 C:\xampp\htdocs\ITE311-CASTILLO\system\CodeIgniter.php(354): CodeIgniter\CodeIgniter->handleRequest(NULL, Object(Config\Cache), false)
#11 C:\xampp\htdocs\ITE311-CASTILLO\system\Boot.php(363): CodeIgniter\CodeIgniter->run()
#12 C:\xampp\htdocs\ITE311-CASTILLO\system\Boot.php(68): CodeIgniter\Boot::runCodeIgniter(Object(CodeIgniter\CodeIgniter))
#13 C:\xampp\htdocs\ITE311-CASTILLO\public\index.php(59): CodeIgniter\Boot::bootWeb(Object(Config\Paths))
#14 C:\xampp\htdocs\ITE311-CASTILLO\system\rewrite.php(44): require_once('C:\\xampp\\htdocs...')
#15 {main}
CRITICAL - 2025-10-10 12:56:54 --> TypeError: array_merge(): Argument #1 must be of type array, string given
[Method: GET, Route: dashboard]
in SYSTEMPATH\Database\BaseBuilder.php on line 1506.
 1 SYSTEMPATH\Database\BaseBuilder.php(1506): array_merge('
ORDER BY `enrollment_date` DESC', [...])
 2 SYSTEMPATH\Model.php(925): CodeIgniter\Database\BaseBuilder->orderBy('courses.title', ' ASC')
 3 APPPATH\Models\EnrollmentModel.php(38): CodeIgniter\Model->__call('orderBy', [...])
 4 APPPATH\Controllers\Auth.php(148): App\Models\EnrollmentModel->getUserEnrollments(11)
 5 SYSTEMPATH\CodeIgniter.php(933): App\Controllers\Auth->dashboard()
 6 SYSTEMPATH\CodeIgniter.php(507): CodeIgniter\CodeIgniter->runController(Object(App\Controllers\Auth))
 7 SYSTEMPATH\CodeIgniter.php(354): CodeIgniter\CodeIgniter->handleRequest(null, Object(Config\Cache), false)
 8 SYSTEMPATH\Boot.php(363): CodeIgniter\CodeIgniter->run()
 9 SYSTEMPATH\Boot.php(68): CodeIgniter\Boot::runCodeIgniter(Object(CodeIgniter\CodeIgniter))
10 FCPATH\index.php(59): CodeIgniter\Boot::bootWeb(Object(Config\Paths))
11 SYSTEMPATH\rewrite.php(44): require_once('C:\\xampp\\htdocs\\ITE311-CASTILLO\\public\\index.php')
ERROR - 2025-10-10 12:56:55 --> mysqli_sql_exception: Unknown column 'enrollments.enrollment_date' in 'field list' in C:\xampp\htdocs\ITE311-CASTILLO\system\Database\MySQLi\Connection.php:327
Stack trace:
#0 C:\xampp\htdocs\ITE311-CASTILLO\system\Database\MySQLi\Connection.php(327): mysqli->query('SELECT `enrollm...', 0)
#1 C:\xampp\htdocs\ITE311-CASTILLO\system\Database\BaseConnection.php(729): CodeIgniter\Database\MySQLi\Connection->execute('SELECT `enrollm...')
#2 C:\xampp\htdocs\ITE311-CASTILLO\system\Database\BaseConnection.php(646): CodeIgniter\Database\BaseConnection->simpleQuery('SELECT `enrollm...')
#3 C:\xampp\htdocs\ITE311-CASTILLO\system\Database\BaseBuilder.php(1649): CodeIgniter\Database\BaseConnection->query('SELECT `enrollm...', Array, false)
#4 C:\xampp\htdocs\ITE311-CASTILLO\system\Model.php(286): CodeIgniter\Database\BaseBuilder->get()
#5 C:\xampp\htdocs\ITE311-CASTILLO\system\BaseModel.php(677): CodeIgniter\Model->doFindAll(0, 0)
#6 C:\xampp\htdocs\ITE311-CASTILLO\app\Models\EnrollmentModel.php(32): CodeIgniter\BaseModel->findAll()
#7 C:\xampp\htdocs\ITE311-CASTILLO\app\Controllers\Student\Enrollments.php(24): App\Models\EnrollmentModel->getUserEnrollments(11)
#8 C:\xampp\htdocs\ITE311-CASTILLO\system\CodeIgniter.php(933): App\Controllers\Student\Enrollments->index()
#9 C:\xampp\htdocs\ITE311-CASTILLO\system\CodeIgniter.php(507): CodeIgniter\CodeIgniter->runController(Object(App\Controllers\Student\Enrollments))
#10 C:\xampp\htdocs\ITE311-CASTILLO\system\CodeIgniter.php(354): CodeIgniter\CodeIgniter->handleRequest(NULL, Object(Config\Cache), false)
#11 C:\xampp\htdocs\ITE311-CASTILLO\system\Boot.php(363): CodeIgniter\CodeIgniter->run()
#12 C:\xampp\htdocs\ITE311-CASTILLO\system\Boot.php(68): CodeIgniter\Boot::runCodeIgniter(Object(CodeIgniter\CodeIgniter))
#13 C:\xampp\htdocs\ITE311-CASTILLO\public\index.php(59): CodeIgniter\Boot::bootWeb(Object(Config\Paths))
#14 C:\xampp\htdocs\ITE311-CASTILLO\system\rewrite.php(44): require_once('C:\\xampp\\htdocs...')
#15 {main}
CRITICAL - 2025-10-10 12:56:55 --> TypeError: array_merge(): Argument #1 must be of type array, string given
[Method: GET, Route: student/enrollments]
in SYSTEMPATH\Database\BaseBuilder.php on line 1506.
 1 SYSTEMPATH\Database\BaseBuilder.php(1506): array_merge('
ORDER BY `enrollment_date` DESC', [...])
 2 SYSTEMPATH\Model.php(925): CodeIgniter\Database\BaseBuilder->orderBy('courses.title', ' ASC')
 3 APPPATH\Models\EnrollmentModel.php(38): CodeIgniter\Model->__call('orderBy', [...])
 4 APPPATH\Controllers\Student\Enrollments.php(24): App\Models\EnrollmentModel->getUserEnrollments(11)
 5 SYSTEMPATH\CodeIgniter.php(933): App\Controllers\Student\Enrollments->index()
 6 SYSTEMPATH\CodeIgniter.php(507): CodeIgniter\CodeIgniter->runController(Object(App\Controllers\Student\Enrollments))
 7 SYSTEMPATH\CodeIgniter.php(354): CodeIgniter\CodeIgniter->handleRequest(null, Object(Config\Cache), false)
 8 SYSTEMPATH\Boot.php(363): CodeIgniter\CodeIgniter->run()
 9 SYSTEMPATH\Boot.php(68): CodeIgniter\Boot::runCodeIgniter(Object(CodeIgniter\CodeIgniter))
10 FCPATH\index.php(59): CodeIgniter\Boot::bootWeb(Object(Config\Paths))
11 SYSTEMPATH\rewrite.php(44): require_once('C:\\xampp\\htdocs\\ITE311-CASTILLO\\public\\index.php')
ERROR - 2025-10-10 12:57:26 --> mysqli_sql_exception: Unknown column 'enrollments.enrollment_date' in 'field list' in C:\xampp\htdocs\ITE311-CASTILLO\system\Database\MySQLi\Connection.php:327
Stack trace:
#0 C:\xampp\htdocs\ITE311-CASTILLO\system\Database\MySQLi\Connection.php(327): mysqli->query('SELECT `enrollm...', 0)
#1 C:\xampp\htdocs\ITE311-CASTILLO\system\Database\BaseConnection.php(729): CodeIgniter\Database\MySQLi\Connection->execute('SELECT `enrollm...')
#2 C:\xampp\htdocs\ITE311-CASTILLO\system\Database\BaseConnection.php(646): CodeIgniter\Database\BaseConnection->simpleQuery('SELECT `enrollm...')
#3 C:\xampp\htdocs\ITE311-CASTILLO\system\Database\BaseBuilder.php(1649): CodeIgniter\Database\BaseConnection->query('SELECT `enrollm...', Array, false)
#4 C:\xampp\htdocs\ITE311-CASTILLO\system\Model.php(286): CodeIgniter\Database\BaseBuilder->get()
#5 C:\xampp\htdocs\ITE311-CASTILLO\system\BaseModel.php(677): CodeIgniter\Model->doFindAll(0, 0)
#6 C:\xampp\htdocs\ITE311-CASTILLO\app\Models\EnrollmentModel.php(32): CodeIgniter\BaseModel->findAll()
#7 C:\xampp\htdocs\ITE311-CASTILLO\app\Controllers\Auth.php(148): App\Models\EnrollmentModel->getUserEnrollments(11)
#8 C:\xampp\htdocs\ITE311-CASTILLO\system\CodeIgniter.php(933): App\Controllers\Auth->dashboard()
#9 C:\xampp\htdocs\ITE311-CASTILLO\system\CodeIgniter.php(507): CodeIgniter\CodeIgniter->runController(Object(App\Controllers\Auth))
#10 C:\xampp\htdocs\ITE311-CASTILLO\system\CodeIgniter.php(354): CodeIgniter\CodeIgniter->handleRequest(NULL, Object(Config\Cache), false)
#11 C:\xampp\htdocs\ITE311-CASTILLO\system\Boot.php(363): CodeIgniter\CodeIgniter->run()
#12 C:\xampp\htdocs\ITE311-CASTILLO\system\Boot.php(68): CodeIgniter\Boot::runCodeIgniter(Object(CodeIgniter\CodeIgniter))
#13 C:\xampp\htdocs\ITE311-CASTILLO\public\index.php(59): CodeIgniter\Boot::bootWeb(Object(Config\Paths))
#14 C:\xampp\htdocs\ITE311-CASTILLO\system\rewrite.php(44): require_once('C:\\xampp\\htdocs...')
#15 {main}
CRITICAL - 2025-10-10 12:57:26 --> TypeError: array_merge(): Argument #1 must be of type array, string given
[Method: GET, Route: dashboard]
in SYSTEMPATH\Database\BaseBuilder.php on line 1506.
 1 SYSTEMPATH\Database\BaseBuilder.php(1506): array_merge('
ORDER BY `enrollment_date` DESC', [...])
 2 SYSTEMPATH\Model.php(925): CodeIgniter\Database\BaseBuilder->orderBy('courses.title', ' ASC')
 3 APPPATH\Models\EnrollmentModel.php(38): CodeIgniter\Model->__call('orderBy', [...])
 4 APPPATH\Controllers\Auth.php(148): App\Models\EnrollmentModel->getUserEnrollments(11)
 5 SYSTEMPATH\CodeIgniter.php(933): App\Controllers\Auth->dashboard()
 6 SYSTEMPATH\CodeIgniter.php(507): CodeIgniter\CodeIgniter->runController(Object(App\Controllers\Auth))
 7 SYSTEMPATH\CodeIgniter.php(354): CodeIgniter\CodeIgniter->handleRequest(null, Object(Config\Cache), false)
 8 SYSTEMPATH\Boot.php(363): CodeIgniter\CodeIgniter->run()
 9 SYSTEMPATH\Boot.php(68): CodeIgniter\Boot::runCodeIgniter(Object(CodeIgniter\CodeIgniter))
10 FCPATH\index.php(59): CodeIgniter\Boot::bootWeb(Object(Config\Paths))
11 SYSTEMPATH\rewrite.php(44): require_once('C:\\xampp\\htdocs\\ITE311-CASTILLO\\public\\index.php')
ERROR - 2025-10-10 12:57:26 --> mysqli_sql_exception: Unknown column 'enrollments.enrollment_date' in 'field list' in C:\xampp\htdocs\ITE311-CASTILLO\system\Database\MySQLi\Connection.php:327
Stack trace:
#0 C:\xampp\htdocs\ITE311-CASTILLO\system\Database\MySQLi\Connection.php(327): mysqli->query('SELECT `enrollm...', 0)
#1 C:\xampp\htdocs\ITE311-CASTILLO\system\Database\BaseConnection.php(729): CodeIgniter\Database\MySQLi\Connection->execute('SELECT `enrollm...')
#2 C:\xampp\htdocs\ITE311-CASTILLO\system\Database\BaseConnection.php(646): CodeIgniter\Database\BaseConnection->simpleQuery('SELECT `enrollm...')
#3 C:\xampp\htdocs\ITE311-CASTILLO\system\Database\BaseBuilder.php(1649): CodeIgniter\Database\BaseConnection->query('SELECT `enrollm...', Array, false)
#4 C:\xampp\htdocs\ITE311-CASTILLO\system\Model.php(286): CodeIgniter\Database\BaseBuilder->get()
#5 C:\xampp\htdocs\ITE311-CASTILLO\system\BaseModel.php(677): CodeIgniter\Model->doFindAll(0, 0)
#6 C:\xampp\htdocs\ITE311-CASTILLO\app\Models\EnrollmentModel.php(32): CodeIgniter\BaseModel->findAll()
#7 C:\xampp\htdocs\ITE311-CASTILLO\app\Controllers\Auth.php(148): App\Models\EnrollmentModel->getUserEnrollments(11)
#8 C:\xampp\htdocs\ITE311-CASTILLO\system\CodeIgniter.php(933): App\Controllers\Auth->dashboard()
#9 C:\xampp\htdocs\ITE311-CASTILLO\system\CodeIgniter.php(507): CodeIgniter\CodeIgniter->runController(Object(App\Controllers\Auth))
#10 C:\xampp\htdocs\ITE311-CASTILLO\system\CodeIgniter.php(354): CodeIgniter\CodeIgniter->handleRequest(NULL, Object(Config\Cache), false)
#11 C:\xampp\htdocs\ITE311-CASTILLO\system\Boot.php(363): CodeIgniter\CodeIgniter->run()
#12 C:\xampp\htdocs\ITE311-CASTILLO\system\Boot.php(68): CodeIgniter\Boot::runCodeIgniter(Object(CodeIgniter\CodeIgniter))
#13 C:\xampp\htdocs\ITE311-CASTILLO\public\index.php(59): CodeIgniter\Boot::bootWeb(Object(Config\Paths))
#14 C:\xampp\htdocs\ITE311-CASTILLO\system\rewrite.php(44): require_once('C:\\xampp\\htdocs...')
#15 {main}
CRITICAL - 2025-10-10 12:57:26 --> TypeError: array_merge(): Argument #1 must be of type array, string given
[Method: GET, Route: dashboard]
in SYSTEMPATH\Database\BaseBuilder.php on line 1506.
 1 SYSTEMPATH\Database\BaseBuilder.php(1506): array_merge('
ORDER BY `enrollment_date` DESC', [...])
 2 SYSTEMPATH\Model.php(925): CodeIgniter\Database\BaseBuilder->orderBy('courses.title', ' ASC')
 3 APPPATH\Models\EnrollmentModel.php(38): CodeIgniter\Model->__call('orderBy', [...])
 4 APPPATH\Controllers\Auth.php(148): App\Models\EnrollmentModel->getUserEnrollments(11)
 5 SYSTEMPATH\CodeIgniter.php(933): App\Controllers\Auth->dashboard()
 6 SYSTEMPATH\CodeIgniter.php(507): CodeIgniter\CodeIgniter->runController(Object(App\Controllers\Auth))
 7 SYSTEMPATH\CodeIgniter.php(354): CodeIgniter\CodeIgniter->handleRequest(null, Object(Config\Cache), false)
 8 SYSTEMPATH\Boot.php(363): CodeIgniter\CodeIgniter->run()
 9 SYSTEMPATH\Boot.php(68): CodeIgniter\Boot::runCodeIgniter(Object(CodeIgniter\CodeIgniter))
10 FCPATH\index.php(59): CodeIgniter\Boot::bootWeb(Object(Config\Paths))
11 SYSTEMPATH\rewrite.php(44): require_once('C:\\xampp\\htdocs\\ITE311-CASTILLO\\public\\index.php')
ERROR - 2025-10-10 12:57:26 --> mysqli_sql_exception: Unknown column 'enrollments.enrollment_date' in 'field list' in C:\xampp\htdocs\ITE311-CASTILLO\system\Database\MySQLi\Connection.php:327
Stack trace:
#0 C:\xampp\htdocs\ITE311-CASTILLO\system\Database\MySQLi\Connection.php(327): mysqli->query('SELECT `enrollm...', 0)
#1 C:\xampp\htdocs\ITE311-CASTILLO\system\Database\BaseConnection.php(729): CodeIgniter\Database\MySQLi\Connection->execute('SELECT `enrollm...')
#2 C:\xampp\htdocs\ITE311-CASTILLO\system\Database\BaseConnection.php(646): CodeIgniter\Database\BaseConnection->simpleQuery('SELECT `enrollm...')
#3 C:\xampp\htdocs\ITE311-CASTILLO\system\Database\BaseBuilder.php(1649): CodeIgniter\Database\BaseConnection->query('SELECT `enrollm...', Array, false)
#4 C:\xampp\htdocs\ITE311-CASTILLO\system\Model.php(286): CodeIgniter\Database\BaseBuilder->get()
#5 C:\xampp\htdocs\ITE311-CASTILLO\system\BaseModel.php(677): CodeIgniter\Model->doFindAll(0, 0)
#6 C:\xampp\htdocs\ITE311-CASTILLO\app\Models\EnrollmentModel.php(32): CodeIgniter\BaseModel->findAll()
#7 C:\xampp\htdocs\ITE311-CASTILLO\app\Controllers\Auth.php(148): App\Models\EnrollmentModel->getUserEnrollments(11)
#8 C:\xampp\htdocs\ITE311-CASTILLO\system\CodeIgniter.php(933): App\Controllers\Auth->dashboard()
#9 C:\xampp\htdocs\ITE311-CASTILLO\system\CodeIgniter.php(507): CodeIgniter\CodeIgniter->runController(Object(App\Controllers\Auth))
#10 C:\xampp\htdocs\ITE311-CASTILLO\system\CodeIgniter.php(354): CodeIgniter\CodeIgniter->handleRequest(NULL, Object(Config\Cache), false)
#11 C:\xampp\htdocs\ITE311-CASTILLO\system\Boot.php(363): CodeIgniter\CodeIgniter->run()
#12 C:\xampp\htdocs\ITE311-CASTILLO\system\Boot.php(68): CodeIgniter\Boot::runCodeIgniter(Object(CodeIgniter\CodeIgniter))
#13 C:\xampp\htdocs\ITE311-CASTILLO\public\index.php(59): CodeIgniter\Boot::bootWeb(Object(Config\Paths))
#14 C:\xampp\htdocs\ITE311-CASTILLO\system\rewrite.php(44): require_once('C:\\xampp\\htdocs...')
#15 {main}
CRITICAL - 2025-10-10 12:57:26 --> TypeError: array_merge(): Argument #1 must be of type array, string given
[Method: GET, Route: dashboard]
in SYSTEMPATH\Database\BaseBuilder.php on line 1506.
 1 SYSTEMPATH\Database\BaseBuilder.php(1506): array_merge('
ORDER BY `enrollment_date` DESC', [...])
 2 SYSTEMPATH\Model.php(925): CodeIgniter\Database\BaseBuilder->orderBy('courses.title', ' ASC')
 3 APPPATH\Models\EnrollmentModel.php(38): CodeIgniter\Model->__call('orderBy', [...])
 4 APPPATH\Controllers\Auth.php(148): App\Models\EnrollmentModel->getUserEnrollments(11)
 5 SYSTEMPATH\CodeIgniter.php(933): App\Controllers\Auth->dashboard()
 6 SYSTEMPATH\CodeIgniter.php(507): CodeIgniter\CodeIgniter->runController(Object(App\Controllers\Auth))
 7 SYSTEMPATH\CodeIgniter.php(354): CodeIgniter\CodeIgniter->handleRequest(null, Object(Config\Cache), false)
 8 SYSTEMPATH\Boot.php(363): CodeIgniter\CodeIgniter->run()
 9 SYSTEMPATH\Boot.php(68): CodeIgniter\Boot::runCodeIgniter(Object(CodeIgniter\CodeIgniter))
10 FCPATH\index.php(59): CodeIgniter\Boot::bootWeb(Object(Config\Paths))
11 SYSTEMPATH\rewrite.php(44): require_once('C:\\xampp\\htdocs\\ITE311-CASTILLO\\public\\index.php')
ERROR - 2025-10-10 12:57:26 --> mysqli_sql_exception: Unknown column 'enrollments.enrollment_date' in 'field list' in C:\xampp\htdocs\ITE311-CASTILLO\system\Database\MySQLi\Connection.php:327
Stack trace:
#0 C:\xampp\htdocs\ITE311-CASTILLO\system\Database\MySQLi\Connection.php(327): mysqli->query('SELECT `enrollm...', 0)
#1 C:\xampp\htdocs\ITE311-CASTILLO\system\Database\BaseConnection.php(729): CodeIgniter\Database\MySQLi\Connection->execute('SELECT `enrollm...')
#2 C:\xampp\htdocs\ITE311-CASTILLO\system\Database\BaseConnection.php(646): CodeIgniter\Database\BaseConnection->simpleQuery('SELECT `enrollm...')
#3 C:\xampp\htdocs\ITE311-CASTILLO\system\Database\BaseBuilder.php(1649): CodeIgniter\Database\BaseConnection->query('SELECT `enrollm...', Array, false)
#4 C:\xampp\htdocs\ITE311-CASTILLO\system\Model.php(286): CodeIgniter\Database\BaseBuilder->get()
#5 C:\xampp\htdocs\ITE311-CASTILLO\system\BaseModel.php(677): CodeIgniter\Model->doFindAll(0, 0)
#6 C:\xampp\htdocs\ITE311-CASTILLO\app\Models\EnrollmentModel.php(32): CodeIgniter\BaseModel->findAll()
#7 C:\xampp\htdocs\ITE311-CASTILLO\app\Controllers\Auth.php(148): App\Models\EnrollmentModel->getUserEnrollments(11)
#8 C:\xampp\htdocs\ITE311-CASTILLO\system\CodeIgniter.php(933): App\Controllers\Auth->dashboard()
#9 C:\xampp\htdocs\ITE311-CASTILLO\system\CodeIgniter.php(507): CodeIgniter\CodeIgniter->runController(Object(App\Controllers\Auth))
#10 C:\xampp\htdocs\ITE311-CASTILLO\system\CodeIgniter.php(354): CodeIgniter\CodeIgniter->handleRequest(NULL, Object(Config\Cache), false)
#11 C:\xampp\htdocs\ITE311-CASTILLO\system\Boot.php(363): CodeIgniter\CodeIgniter->run()
#12 C:\xampp\htdocs\ITE311-CASTILLO\system\Boot.php(68): CodeIgniter\Boot::runCodeIgniter(Object(CodeIgniter\CodeIgniter))
#13 C:\xampp\htdocs\ITE311-CASTILLO\public\index.php(59): CodeIgniter\Boot::bootWeb(Object(Config\Paths))
#14 C:\xampp\htdocs\ITE311-CASTILLO\system\rewrite.php(44): require_once('C:\\xampp\\htdocs...')
#15 {main}
CRITICAL - 2025-10-10 12:57:26 --> TypeError: array_merge(): Argument #1 must be of type array, string given
[Method: GET, Route: dashboard]
in SYSTEMPATH\Database\BaseBuilder.php on line 1506.
 1 SYSTEMPATH\Database\BaseBuilder.php(1506): array_merge('
ORDER BY `enrollment_date` DESC', [...])
 2 SYSTEMPATH\Model.php(925): CodeIgniter\Database\BaseBuilder->orderBy('courses.title', ' ASC')
 3 APPPATH\Models\EnrollmentModel.php(38): CodeIgniter\Model->__call('orderBy', [...])
 4 APPPATH\Controllers\Auth.php(148): App\Models\EnrollmentModel->getUserEnrollments(11)
 5 SYSTEMPATH\CodeIgniter.php(933): App\Controllers\Auth->dashboard()
 6 SYSTEMPATH\CodeIgniter.php(507): CodeIgniter\CodeIgniter->runController(Object(App\Controllers\Auth))
 7 SYSTEMPATH\CodeIgniter.php(354): CodeIgniter\CodeIgniter->handleRequest(null, Object(Config\Cache), false)
 8 SYSTEMPATH\Boot.php(363): CodeIgniter\CodeIgniter->run()
 9 SYSTEMPATH\Boot.php(68): CodeIgniter\Boot::runCodeIgniter(Object(CodeIgniter\CodeIgniter))
10 FCPATH\index.php(59): CodeIgniter\Boot::bootWeb(Object(Config\Paths))
11 SYSTEMPATH\rewrite.php(44): require_once('C:\\xampp\\htdocs\\ITE311-CASTILLO\\public\\index.php')
ERROR - 2025-10-10 12:57:27 --> mysqli_sql_exception: Unknown column 'enrollments.enrollment_date' in 'field list' in C:\xampp\htdocs\ITE311-CASTILLO\system\Database\MySQLi\Connection.php:327
Stack trace:
#0 C:\xampp\htdocs\ITE311-CASTILLO\system\Database\MySQLi\Connection.php(327): mysqli->query('SELECT `enrollm...', 0)
#1 C:\xampp\htdocs\ITE311-CASTILLO\system\Database\BaseConnection.php(729): CodeIgniter\Database\MySQLi\Connection->execute('SELECT `enrollm...')
#2 C:\xampp\htdocs\ITE311-CASTILLO\system\Database\BaseConnection.php(646): CodeIgniter\Database\BaseConnection->simpleQuery('SELECT `enrollm...')
#3 C:\xampp\htdocs\ITE311-CASTILLO\system\Database\BaseBuilder.php(1649): CodeIgniter\Database\BaseConnection->query('SELECT `enrollm...', Array, false)
#4 C:\xampp\htdocs\ITE311-CASTILLO\system\Model.php(286): CodeIgniter\Database\BaseBuilder->get()
#5 C:\xampp\htdocs\ITE311-CASTILLO\system\BaseModel.php(677): CodeIgniter\Model->doFindAll(0, 0)
#6 C:\xampp\htdocs\ITE311-CASTILLO\app\Models\EnrollmentModel.php(32): CodeIgniter\BaseModel->findAll()
#7 C:\xampp\htdocs\ITE311-CASTILLO\app\Controllers\Auth.php(148): App\Models\EnrollmentModel->getUserEnrollments(11)
#8 C:\xampp\htdocs\ITE311-CASTILLO\system\CodeIgniter.php(933): App\Controllers\Auth->dashboard()
#9 C:\xampp\htdocs\ITE311-CASTILLO\system\CodeIgniter.php(507): CodeIgniter\CodeIgniter->runController(Object(App\Controllers\Auth))
#10 C:\xampp\htdocs\ITE311-CASTILLO\system\CodeIgniter.php(354): CodeIgniter\CodeIgniter->handleRequest(NULL, Object(Config\Cache), false)
#11 C:\xampp\htdocs\ITE311-CASTILLO\system\Boot.php(363): CodeIgniter\CodeIgniter->run()
#12 C:\xampp\htdocs\ITE311-CASTILLO\system\Boot.php(68): CodeIgniter\Boot::runCodeIgniter(Object(CodeIgniter\CodeIgniter))
#13 C:\xampp\htdocs\ITE311-CASTILLO\public\index.php(59): CodeIgniter\Boot::bootWeb(Object(Config\Paths))
#14 C:\xampp\htdocs\ITE311-CASTILLO\system\rewrite.php(44): require_once('C:\\xampp\\htdocs...')
#15 {main}
CRITICAL - 2025-10-10 12:57:27 --> TypeError: array_merge(): Argument #1 must be of type array, string given
[Method: GET, Route: dashboard]
in SYSTEMPATH\Database\BaseBuilder.php on line 1506.
 1 SYSTEMPATH\Database\BaseBuilder.php(1506): array_merge('
ORDER BY `enrollment_date` DESC', [...])
 2 SYSTEMPATH\Model.php(925): CodeIgniter\Database\BaseBuilder->orderBy('courses.title', ' ASC')
 3 APPPATH\Models\EnrollmentModel.php(38): CodeIgniter\Model->__call('orderBy', [...])
 4 APPPATH\Controllers\Auth.php(148): App\Models\EnrollmentModel->getUserEnrollments(11)
 5 SYSTEMPATH\CodeIgniter.php(933): App\Controllers\Auth->dashboard()
 6 SYSTEMPATH\CodeIgniter.php(507): CodeIgniter\CodeIgniter->runController(Object(App\Controllers\Auth))
 7 SYSTEMPATH\CodeIgniter.php(354): CodeIgniter\CodeIgniter->handleRequest(null, Object(Config\Cache), false)
 8 SYSTEMPATH\Boot.php(363): CodeIgniter\CodeIgniter->run()
 9 SYSTEMPATH\Boot.php(68): CodeIgniter\Boot::runCodeIgniter(Object(CodeIgniter\CodeIgniter))
10 FCPATH\index.php(59): CodeIgniter\Boot::bootWeb(Object(Config\Paths))
11 SYSTEMPATH\rewrite.php(44): require_once('C:\\xampp\\htdocs\\ITE311-CASTILLO\\public\\index.php')
ERROR - 2025-10-10 12:57:27 --> mysqli_sql_exception: Unknown column 'enrollments.enrollment_date' in 'field list' in C:\xampp\htdocs\ITE311-CASTILLO\system\Database\MySQLi\Connection.php:327
Stack trace:
#0 C:\xampp\htdocs\ITE311-CASTILLO\system\Database\MySQLi\Connection.php(327): mysqli->query('SELECT `enrollm...', 0)
#1 C:\xampp\htdocs\ITE311-CASTILLO\system\Database\BaseConnection.php(729): CodeIgniter\Database\MySQLi\Connection->execute('SELECT `enrollm...')
#2 C:\xampp\htdocs\ITE311-CASTILLO\system\Database\BaseConnection.php(646): CodeIgniter\Database\BaseConnection->simpleQuery('SELECT `enrollm...')
#3 C:\xampp\htdocs\ITE311-CASTILLO\system\Database\BaseBuilder.php(1649): CodeIgniter\Database\BaseConnection->query('SELECT `enrollm...', Array, false)
#4 C:\xampp\htdocs\ITE311-CASTILLO\system\Model.php(286): CodeIgniter\Database\BaseBuilder->get()
#5 C:\xampp\htdocs\ITE311-CASTILLO\system\BaseModel.php(677): CodeIgniter\Model->doFindAll(0, 0)
#6 C:\xampp\htdocs\ITE311-CASTILLO\app\Models\EnrollmentModel.php(32): CodeIgniter\BaseModel->findAll()
#7 C:\xampp\htdocs\ITE311-CASTILLO\app\Controllers\Auth.php(148): App\Models\EnrollmentModel->getUserEnrollments(11)
#8 C:\xampp\htdocs\ITE311-CASTILLO\system\CodeIgniter.php(933): App\Controllers\Auth->dashboard()
#9 C:\xampp\htdocs\ITE311-CASTILLO\system\CodeIgniter.php(507): CodeIgniter\CodeIgniter->runController(Object(App\Controllers\Auth))
#10 C:\xampp\htdocs\ITE311-CASTILLO\system\CodeIgniter.php(354): CodeIgniter\CodeIgniter->handleRequest(NULL, Object(Config\Cache), false)
#11 C:\xampp\htdocs\ITE311-CASTILLO\system\Boot.php(363): CodeIgniter\CodeIgniter->run()
#12 C:\xampp\htdocs\ITE311-CASTILLO\system\Boot.php(68): CodeIgniter\Boot::runCodeIgniter(Object(CodeIgniter\CodeIgniter))
#13 C:\xampp\htdocs\ITE311-CASTILLO\public\index.php(59): CodeIgniter\Boot::bootWeb(Object(Config\Paths))
#14 C:\xampp\htdocs\ITE311-CASTILLO\system\rewrite.php(44): require_once('C:\\xampp\\htdocs...')
#15 {main}
CRITICAL - 2025-10-10 12:57:27 --> TypeError: array_merge(): Argument #1 must be of type array, string given
[Method: GET, Route: dashboard]
in SYSTEMPATH\Database\BaseBuilder.php on line 1506.
 1 SYSTEMPATH\Database\BaseBuilder.php(1506): array_merge('
ORDER BY `enrollment_date` DESC', [...])
 2 SYSTEMPATH\Model.php(925): CodeIgniter\Database\BaseBuilder->orderBy('courses.title', ' ASC')
 3 APPPATH\Models\EnrollmentModel.php(38): CodeIgniter\Model->__call('orderBy', [...])
 4 APPPATH\Controllers\Auth.php(148): App\Models\EnrollmentModel->getUserEnrollments(11)
 5 SYSTEMPATH\CodeIgniter.php(933): App\Controllers\Auth->dashboard()
 6 SYSTEMPATH\CodeIgniter.php(507): CodeIgniter\CodeIgniter->runController(Object(App\Controllers\Auth))
 7 SYSTEMPATH\CodeIgniter.php(354): CodeIgniter\CodeIgniter->handleRequest(null, Object(Config\Cache), false)
 8 SYSTEMPATH\Boot.php(363): CodeIgniter\CodeIgniter->run()
 9 SYSTEMPATH\Boot.php(68): CodeIgniter\Boot::runCodeIgniter(Object(CodeIgniter\CodeIgniter))
10 FCPATH\index.php(59): CodeIgniter\Boot::bootWeb(Object(Config\Paths))
11 SYSTEMPATH\rewrite.php(44): require_once('C:\\xampp\\htdocs\\ITE311-CASTILLO\\public\\index.php')
ERROR - 2025-10-10 12:57:29 --> mysqli_sql_exception: Unknown column 'enrollments.enrollment_date' in 'field list' in C:\xampp\htdocs\ITE311-CASTILLO\system\Database\MySQLi\Connection.php:327
Stack trace:
#0 C:\xampp\htdocs\ITE311-CASTILLO\system\Database\MySQLi\Connection.php(327): mysqli->query('SELECT `enrollm...', 0)
#1 C:\xampp\htdocs\ITE311-CASTILLO\system\Database\BaseConnection.php(729): CodeIgniter\Database\MySQLi\Connection->execute('SELECT `enrollm...')
#2 C:\xampp\htdocs\ITE311-CASTILLO\system\Database\BaseConnection.php(646): CodeIgniter\Database\BaseConnection->simpleQuery('SELECT `enrollm...')
#3 C:\xampp\htdocs\ITE311-CASTILLO\system\Database\BaseBuilder.php(1649): CodeIgniter\Database\BaseConnection->query('SELECT `enrollm...', Array, false)
#4 C:\xampp\htdocs\ITE311-CASTILLO\system\Model.php(286): CodeIgniter\Database\BaseBuilder->get()
#5 C:\xampp\htdocs\ITE311-CASTILLO\system\BaseModel.php(677): CodeIgniter\Model->doFindAll(0, 0)
#6 C:\xampp\htdocs\ITE311-CASTILLO\app\Models\EnrollmentModel.php(32): CodeIgniter\BaseModel->findAll()
#7 C:\xampp\htdocs\ITE311-CASTILLO\app\Controllers\Auth.php(148): App\Models\EnrollmentModel->getUserEnrollments(11)
#8 C:\xampp\htdocs\ITE311-CASTILLO\system\CodeIgniter.php(933): App\Controllers\Auth->dashboard()
#9 C:\xampp\htdocs\ITE311-CASTILLO\system\CodeIgniter.php(507): CodeIgniter\CodeIgniter->runController(Object(App\Controllers\Auth))
#10 C:\xampp\htdocs\ITE311-CASTILLO\system\CodeIgniter.php(354): CodeIgniter\CodeIgniter->handleRequest(NULL, Object(Config\Cache), false)
#11 C:\xampp\htdocs\ITE311-CASTILLO\system\Boot.php(363): CodeIgniter\CodeIgniter->run()
#12 C:\xampp\htdocs\ITE311-CASTILLO\system\Boot.php(68): CodeIgniter\Boot::runCodeIgniter(Object(CodeIgniter\CodeIgniter))
#13 C:\xampp\htdocs\ITE311-CASTILLO\public\index.php(59): CodeIgniter\Boot::bootWeb(Object(Config\Paths))
#14 C:\xampp\htdocs\ITE311-CASTILLO\system\rewrite.php(44): require_once('C:\\xampp\\htdocs...')
#15 {main}
CRITICAL - 2025-10-10 12:57:29 --> TypeError: array_merge(): Argument #1 must be of type array, string given
[Method: GET, Route: dashboard]
in SYSTEMPATH\Database\BaseBuilder.php on line 1506.
 1 SYSTEMPATH\Database\BaseBuilder.php(1506): array_merge('
ORDER BY `enrollment_date` DESC', [...])
 2 SYSTEMPATH\Model.php(925): CodeIgniter\Database\BaseBuilder->orderBy('courses.title', ' ASC')
 3 APPPATH\Models\EnrollmentModel.php(38): CodeIgniter\Model->__call('orderBy', [...])
 4 APPPATH\Controllers\Auth.php(148): App\Models\EnrollmentModel->getUserEnrollments(11)
 5 SYSTEMPATH\CodeIgniter.php(933): App\Controllers\Auth->dashboard()
 6 SYSTEMPATH\CodeIgniter.php(507): CodeIgniter\CodeIgniter->runController(Object(App\Controllers\Auth))
 7 SYSTEMPATH\CodeIgniter.php(354): CodeIgniter\CodeIgniter->handleRequest(null, Object(Config\Cache), false)
 8 SYSTEMPATH\Boot.php(363): CodeIgniter\CodeIgniter->run()
 9 SYSTEMPATH\Boot.php(68): CodeIgniter\Boot::runCodeIgniter(Object(CodeIgniter\CodeIgniter))
10 FCPATH\index.php(59): CodeIgniter\Boot::bootWeb(Object(Config\Paths))
11 SYSTEMPATH\rewrite.php(44): require_once('C:\\xampp\\htdocs\\ITE311-CASTILLO\\public\\index.php')
ERROR - 2025-10-10 12:57:38 --> mysqli_sql_exception: Unknown column 'enrollments.enrollment_date' in 'field list' in C:\xampp\htdocs\ITE311-CASTILLO\system\Database\MySQLi\Connection.php:327
Stack trace:
#0 C:\xampp\htdocs\ITE311-CASTILLO\system\Database\MySQLi\Connection.php(327): mysqli->query('SELECT `enrollm...', 0)
#1 C:\xampp\htdocs\ITE311-CASTILLO\system\Database\BaseConnection.php(729): CodeIgniter\Database\MySQLi\Connection->execute('SELECT `enrollm...')
#2 C:\xampp\htdocs\ITE311-CASTILLO\system\Database\BaseConnection.php(646): CodeIgniter\Database\BaseConnection->simpleQuery('SELECT `enrollm...')
#3 C:\xampp\htdocs\ITE311-CASTILLO\system\Database\BaseBuilder.php(1649): CodeIgniter\Database\BaseConnection->query('SELECT `enrollm...', Array, false)
#4 C:\xampp\htdocs\ITE311-CASTILLO\system\Model.php(286): CodeIgniter\Database\BaseBuilder->get()
#5 C:\xampp\htdocs\ITE311-CASTILLO\system\BaseModel.php(677): CodeIgniter\Model->doFindAll(0, 0)
#6 C:\xampp\htdocs\ITE311-CASTILLO\app\Models\EnrollmentModel.php(32): CodeIgniter\BaseModel->findAll()
#7 C:\xampp\htdocs\ITE311-CASTILLO\app\Controllers\Auth.php(148): App\Models\EnrollmentModel->getUserEnrollments(11)
#8 C:\xampp\htdocs\ITE311-CASTILLO\system\CodeIgniter.php(933): App\Controllers\Auth->dashboard()
#9 C:\xampp\htdocs\ITE311-CASTILLO\system\CodeIgniter.php(507): CodeIgniter\CodeIgniter->runController(Object(App\Controllers\Auth))
#10 C:\xampp\htdocs\ITE311-CASTILLO\system\CodeIgniter.php(354): CodeIgniter\CodeIgniter->handleRequest(NULL, Object(Config\Cache), false)
#11 C:\xampp\htdocs\ITE311-CASTILLO\system\Boot.php(363): CodeIgniter\CodeIgniter->run()
#12 C:\xampp\htdocs\ITE311-CASTILLO\system\Boot.php(68): CodeIgniter\Boot::runCodeIgniter(Object(CodeIgniter\CodeIgniter))
#13 C:\xampp\htdocs\ITE311-CASTILLO\public\index.php(59): CodeIgniter\Boot::bootWeb(Object(Config\Paths))
#14 C:\xampp\htdocs\ITE311-CASTILLO\system\rewrite.php(44): require_once('C:\\xampp\\htdocs...')
#15 {main}
CRITICAL - 2025-10-10 12:57:38 --> TypeError: array_merge(): Argument #1 must be of type array, string given
[Method: GET, Route: dashboard]
in SYSTEMPATH\Database\BaseBuilder.php on line 1506.
 1 SYSTEMPATH\Database\BaseBuilder.php(1506): array_merge('
ORDER BY `enrollment_date` DESC', [...])
 2 SYSTEMPATH\Model.php(925): CodeIgniter\Database\BaseBuilder->orderBy('courses.title', ' ASC')
 3 APPPATH\Models\EnrollmentModel.php(38): CodeIgniter\Model->__call('orderBy', [...])
 4 APPPATH\Controllers\Auth.php(148): App\Models\EnrollmentModel->getUserEnrollments(11)
 5 SYSTEMPATH\CodeIgniter.php(933): App\Controllers\Auth->dashboard()
 6 SYSTEMPATH\CodeIgniter.php(507): CodeIgniter\CodeIgniter->runController(Object(App\Controllers\Auth))
 7 SYSTEMPATH\CodeIgniter.php(354): CodeIgniter\CodeIgniter->handleRequest(null, Object(Config\Cache), false)
 8 SYSTEMPATH\Boot.php(363): CodeIgniter\CodeIgniter->run()
 9 SYSTEMPATH\Boot.php(68): CodeIgniter\Boot::runCodeIgniter(Object(CodeIgniter\CodeIgniter))
10 FCPATH\index.php(59): CodeIgniter\Boot::bootWeb(Object(Config\Paths))
11 SYSTEMPATH\rewrite.php(44): require_once('C:\\xampp\\htdocs\\ITE311-CASTILLO\\public\\index.php')
ERROR - 2025-10-10 12:57:39 --> mysqli_sql_exception: Unknown column 'enrollments.enrollment_date' in 'field list' in C:\xampp\htdocs\ITE311-CASTILLO\system\Database\MySQLi\Connection.php:327
Stack trace:
#0 C:\xampp\htdocs\ITE311-CASTILLO\system\Database\MySQLi\Connection.php(327): mysqli->query('SELECT `enrollm...', 0)
#1 C:\xampp\htdocs\ITE311-CASTILLO\system\Database\BaseConnection.php(729): CodeIgniter\Database\MySQLi\Connection->execute('SELECT `enrollm...')
#2 C:\xampp\htdocs\ITE311-CASTILLO\system\Database\BaseConnection.php(646): CodeIgniter\Database\BaseConnection->simpleQuery('SELECT `enrollm...')
#3 C:\xampp\htdocs\ITE311-CASTILLO\system\Database\BaseBuilder.php(1649): CodeIgniter\Database\BaseConnection->query('SELECT `enrollm...', Array, false)
#4 C:\xampp\htdocs\ITE311-CASTILLO\system\Model.php(286): CodeIgniter\Database\BaseBuilder->get()
#5 C:\xampp\htdocs\ITE311-CASTILLO\system\BaseModel.php(677): CodeIgniter\Model->doFindAll(0, 0)
#6 C:\xampp\htdocs\ITE311-CASTILLO\app\Models\EnrollmentModel.php(32): CodeIgniter\BaseModel->findAll()
#7 C:\xampp\htdocs\ITE311-CASTILLO\app\Controllers\Auth.php(148): App\Models\EnrollmentModel->getUserEnrollments(11)
#8 C:\xampp\htdocs\ITE311-CASTILLO\system\CodeIgniter.php(933): App\Controllers\Auth->dashboard()
#9 C:\xampp\htdocs\ITE311-CASTILLO\system\CodeIgniter.php(507): CodeIgniter\CodeIgniter->runController(Object(App\Controllers\Auth))
#10 C:\xampp\htdocs\ITE311-CASTILLO\system\CodeIgniter.php(354): CodeIgniter\CodeIgniter->handleRequest(NULL, Object(Config\Cache), false)
#11 C:\xampp\htdocs\ITE311-CASTILLO\system\Boot.php(363): CodeIgniter\CodeIgniter->run()
#12 C:\xampp\htdocs\ITE311-CASTILLO\system\Boot.php(68): CodeIgniter\Boot::runCodeIgniter(Object(CodeIgniter\CodeIgniter))
#13 C:\xampp\htdocs\ITE311-CASTILLO\public\index.php(59): CodeIgniter\Boot::bootWeb(Object(Config\Paths))
#14 C:\xampp\htdocs\ITE311-CASTILLO\system\rewrite.php(44): require_once('C:\\xampp\\htdocs...')
#15 {main}
CRITICAL - 2025-10-10 12:57:39 --> TypeError: array_merge(): Argument #1 must be of type array, string given
[Method: GET, Route: dashboard]
in SYSTEMPATH\Database\BaseBuilder.php on line 1506.
 1 SYSTEMPATH\Database\BaseBuilder.php(1506): array_merge('
ORDER BY `enrollment_date` DESC', [...])
 2 SYSTEMPATH\Model.php(925): CodeIgniter\Database\BaseBuilder->orderBy('courses.title', ' ASC')
 3 APPPATH\Models\EnrollmentModel.php(38): CodeIgniter\Model->__call('orderBy', [...])
 4 APPPATH\Controllers\Auth.php(148): App\Models\EnrollmentModel->getUserEnrollments(11)
 5 SYSTEMPATH\CodeIgniter.php(933): App\Controllers\Auth->dashboard()
 6 SYSTEMPATH\CodeIgniter.php(507): CodeIgniter\CodeIgniter->runController(Object(App\Controllers\Auth))
 7 SYSTEMPATH\CodeIgniter.php(354): CodeIgniter\CodeIgniter->handleRequest(null, Object(Config\Cache), false)
 8 SYSTEMPATH\Boot.php(363): CodeIgniter\CodeIgniter->run()
 9 SYSTEMPATH\Boot.php(68): CodeIgniter\Boot::runCodeIgniter(Object(CodeIgniter\CodeIgniter))
10 FCPATH\index.php(59): CodeIgniter\Boot::bootWeb(Object(Config\Paths))
11 SYSTEMPATH\rewrite.php(44): require_once('C:\\xampp\\htdocs\\ITE311-CASTILLO\\public\\index.php')
ERROR - 2025-10-10 12:57:39 --> mysqli_sql_exception: Unknown column 'enrollments.enrollment_date' in 'field list' in C:\xampp\htdocs\ITE311-CASTILLO\system\Database\MySQLi\Connection.php:327
Stack trace:
#0 C:\xampp\htdocs\ITE311-CASTILLO\system\Database\MySQLi\Connection.php(327): mysqli->query('SELECT `enrollm...', 0)
#1 C:\xampp\htdocs\ITE311-CASTILLO\system\Database\BaseConnection.php(729): CodeIgniter\Database\MySQLi\Connection->execute('SELECT `enrollm...')
#2 C:\xampp\htdocs\ITE311-CASTILLO\system\Database\BaseConnection.php(646): CodeIgniter\Database\BaseConnection->simpleQuery('SELECT `enrollm...')
#3 C:\xampp\htdocs\ITE311-CASTILLO\system\Database\BaseBuilder.php(1649): CodeIgniter\Database\BaseConnection->query('SELECT `enrollm...', Array, false)
#4 C:\xampp\htdocs\ITE311-CASTILLO\system\Model.php(286): CodeIgniter\Database\BaseBuilder->get()
#5 C:\xampp\htdocs\ITE311-CASTILLO\system\BaseModel.php(677): CodeIgniter\Model->doFindAll(0, 0)
#6 C:\xampp\htdocs\ITE311-CASTILLO\app\Models\EnrollmentModel.php(32): CodeIgniter\BaseModel->findAll()
#7 C:\xampp\htdocs\ITE311-CASTILLO\app\Controllers\Auth.php(148): App\Models\EnrollmentModel->getUserEnrollments(11)
#8 C:\xampp\htdocs\ITE311-CASTILLO\system\CodeIgniter.php(933): App\Controllers\Auth->dashboard()
#9 C:\xampp\htdocs\ITE311-CASTILLO\system\CodeIgniter.php(507): CodeIgniter\CodeIgniter->runController(Object(App\Controllers\Auth))
#10 C:\xampp\htdocs\ITE311-CASTILLO\system\CodeIgniter.php(354): CodeIgniter\CodeIgniter->handleRequest(NULL, Object(Config\Cache), false)
#11 C:\xampp\htdocs\ITE311-CASTILLO\system\Boot.php(363): CodeIgniter\CodeIgniter->run()
#12 C:\xampp\htdocs\ITE311-CASTILLO\system\Boot.php(68): CodeIgniter\Boot::runCodeIgniter(Object(CodeIgniter\CodeIgniter))
#13 C:\xampp\htdocs\ITE311-CASTILLO\public\index.php(59): CodeIgniter\Boot::bootWeb(Object(Config\Paths))
#14 C:\xampp\htdocs\ITE311-CASTILLO\system\rewrite.php(44): require_once('C:\\xampp\\htdocs...')
#15 {main}
CRITICAL - 2025-10-10 12:57:39 --> TypeError: array_merge(): Argument #1 must be of type array, string given
[Method: GET, Route: dashboard]
in SYSTEMPATH\Database\BaseBuilder.php on line 1506.
 1 SYSTEMPATH\Database\BaseBuilder.php(1506): array_merge('
ORDER BY `enrollment_date` DESC', [...])
 2 SYSTEMPATH\Model.php(925): CodeIgniter\Database\BaseBuilder->orderBy('courses.title', ' ASC')
 3 APPPATH\Models\EnrollmentModel.php(38): CodeIgniter\Model->__call('orderBy', [...])
 4 APPPATH\Controllers\Auth.php(148): App\Models\EnrollmentModel->getUserEnrollments(11)
 5 SYSTEMPATH\CodeIgniter.php(933): App\Controllers\Auth->dashboard()
 6 SYSTEMPATH\CodeIgniter.php(507): CodeIgniter\CodeIgniter->runController(Object(App\Controllers\Auth))
 7 SYSTEMPATH\CodeIgniter.php(354): CodeIgniter\CodeIgniter->handleRequest(null, Object(Config\Cache), false)
 8 SYSTEMPATH\Boot.php(363): CodeIgniter\CodeIgniter->run()
 9 SYSTEMPATH\Boot.php(68): CodeIgniter\Boot::runCodeIgniter(Object(CodeIgniter\CodeIgniter))
10 FCPATH\index.php(59): CodeIgniter\Boot::bootWeb(Object(Config\Paths))
11 SYSTEMPATH\rewrite.php(44): require_once('C:\\xampp\\htdocs\\ITE311-CASTILLO\\public\\index.php')
ERROR - 2025-10-10 12:57:39 --> mysqli_sql_exception: Unknown column 'enrollments.enrollment_date' in 'field list' in C:\xampp\htdocs\ITE311-CASTILLO\system\Database\MySQLi\Connection.php:327
Stack trace:
#0 C:\xampp\htdocs\ITE311-CASTILLO\system\Database\MySQLi\Connection.php(327): mysqli->query('SELECT `enrollm...', 0)
#1 C:\xampp\htdocs\ITE311-CASTILLO\system\Database\BaseConnection.php(729): CodeIgniter\Database\MySQLi\Connection->execute('SELECT `enrollm...')
#2 C:\xampp\htdocs\ITE311-CASTILLO\system\Database\BaseConnection.php(646): CodeIgniter\Database\BaseConnection->simpleQuery('SELECT `enrollm...')
#3 C:\xampp\htdocs\ITE311-CASTILLO\system\Database\BaseBuilder.php(1649): CodeIgniter\Database\BaseConnection->query('SELECT `enrollm...', Array, false)
#4 C:\xampp\htdocs\ITE311-CASTILLO\system\Model.php(286): CodeIgniter\Database\BaseBuilder->get()
#5 C:\xampp\htdocs\ITE311-CASTILLO\system\BaseModel.php(677): CodeIgniter\Model->doFindAll(0, 0)
#6 C:\xampp\htdocs\ITE311-CASTILLO\app\Models\EnrollmentModel.php(32): CodeIgniter\BaseModel->findAll()
#7 C:\xampp\htdocs\ITE311-CASTILLO\app\Controllers\Auth.php(148): App\Models\EnrollmentModel->getUserEnrollments(11)
#8 C:\xampp\htdocs\ITE311-CASTILLO\system\CodeIgniter.php(933): App\Controllers\Auth->dashboard()
#9 C:\xampp\htdocs\ITE311-CASTILLO\system\CodeIgniter.php(507): CodeIgniter\CodeIgniter->runController(Object(App\Controllers\Auth))
#10 C:\xampp\htdocs\ITE311-CASTILLO\system\CodeIgniter.php(354): CodeIgniter\CodeIgniter->handleRequest(NULL, Object(Config\Cache), false)
#11 C:\xampp\htdocs\ITE311-CASTILLO\system\Boot.php(363): CodeIgniter\CodeIgniter->run()
#12 C:\xampp\htdocs\ITE311-CASTILLO\system\Boot.php(68): CodeIgniter\Boot::runCodeIgniter(Object(CodeIgniter\CodeIgniter))
#13 C:\xampp\htdocs\ITE311-CASTILLO\public\index.php(59): CodeIgniter\Boot::bootWeb(Object(Config\Paths))
#14 C:\xampp\htdocs\ITE311-CASTILLO\system\rewrite.php(44): require_once('C:\\xampp\\htdocs...')
#15 {main}
CRITICAL - 2025-10-10 12:57:39 --> TypeError: array_merge(): Argument #1 must be of type array, string given
[Method: GET, Route: dashboard]
in SYSTEMPATH\Database\BaseBuilder.php on line 1506.
 1 SYSTEMPATH\Database\BaseBuilder.php(1506): array_merge('
ORDER BY `enrollment_date` DESC', [...])
 2 SYSTEMPATH\Model.php(925): CodeIgniter\Database\BaseBuilder->orderBy('courses.title', ' ASC')
 3 APPPATH\Models\EnrollmentModel.php(38): CodeIgniter\Model->__call('orderBy', [...])
 4 APPPATH\Controllers\Auth.php(148): App\Models\EnrollmentModel->getUserEnrollments(11)
 5 SYSTEMPATH\CodeIgniter.php(933): App\Controllers\Auth->dashboard()
 6 SYSTEMPATH\CodeIgniter.php(507): CodeIgniter\CodeIgniter->runController(Object(App\Controllers\Auth))
 7 SYSTEMPATH\CodeIgniter.php(354): CodeIgniter\CodeIgniter->handleRequest(null, Object(Config\Cache), false)
 8 SYSTEMPATH\Boot.php(363): CodeIgniter\CodeIgniter->run()
 9 SYSTEMPATH\Boot.php(68): CodeIgniter\Boot::runCodeIgniter(Object(CodeIgniter\CodeIgniter))
10 FCPATH\index.php(59): CodeIgniter\Boot::bootWeb(Object(Config\Paths))
11 SYSTEMPATH\rewrite.php(44): require_once('C:\\xampp\\htdocs\\ITE311-CASTILLO\\public\\index.php')
ERROR - 2025-10-10 12:57:39 --> mysqli_sql_exception: Unknown column 'enrollments.enrollment_date' in 'field list' in C:\xampp\htdocs\ITE311-CASTILLO\system\Database\MySQLi\Connection.php:327
Stack trace:
#0 C:\xampp\htdocs\ITE311-CASTILLO\system\Database\MySQLi\Connection.php(327): mysqli->query('SELECT `enrollm...', 0)
#1 C:\xampp\htdocs\ITE311-CASTILLO\system\Database\BaseConnection.php(729): CodeIgniter\Database\MySQLi\Connection->execute('SELECT `enrollm...')
#2 C:\xampp\htdocs\ITE311-CASTILLO\system\Database\BaseConnection.php(646): CodeIgniter\Database\BaseConnection->simpleQuery('SELECT `enrollm...')
#3 C:\xampp\htdocs\ITE311-CASTILLO\system\Database\BaseBuilder.php(1649): CodeIgniter\Database\BaseConnection->query('SELECT `enrollm...', Array, false)
#4 C:\xampp\htdocs\ITE311-CASTILLO\system\Model.php(286): CodeIgniter\Database\BaseBuilder->get()
#5 C:\xampp\htdocs\ITE311-CASTILLO\system\BaseModel.php(677): CodeIgniter\Model->doFindAll(0, 0)
#6 C:\xampp\htdocs\ITE311-CASTILLO\app\Models\EnrollmentModel.php(32): CodeIgniter\BaseModel->findAll()
#7 C:\xampp\htdocs\ITE311-CASTILLO\app\Controllers\Auth.php(148): App\Models\EnrollmentModel->getUserEnrollments(11)
#8 C:\xampp\htdocs\ITE311-CASTILLO\system\CodeIgniter.php(933): App\Controllers\Auth->dashboard()
#9 C:\xampp\htdocs\ITE311-CASTILLO\system\CodeIgniter.php(507): CodeIgniter\CodeIgniter->runController(Object(App\Controllers\Auth))
#10 C:\xampp\htdocs\ITE311-CASTILLO\system\CodeIgniter.php(354): CodeIgniter\CodeIgniter->handleRequest(NULL, Object(Config\Cache), false)
#11 C:\xampp\htdocs\ITE311-CASTILLO\system\Boot.php(363): CodeIgniter\CodeIgniter->run()
#12 C:\xampp\htdocs\ITE311-CASTILLO\system\Boot.php(68): CodeIgniter\Boot::runCodeIgniter(Object(CodeIgniter\CodeIgniter))
#13 C:\xampp\htdocs\ITE311-CASTILLO\public\index.php(59): CodeIgniter\Boot::bootWeb(Object(Config\Paths))
#14 C:\xampp\htdocs\ITE311-CASTILLO\system\rewrite.php(44): require_once('C:\\xampp\\htdocs...')
#15 {main}
CRITICAL - 2025-10-10 12:57:39 --> TypeError: array_merge(): Argument #1 must be of type array, string given
[Method: GET, Route: dashboard]
in SYSTEMPATH\Database\BaseBuilder.php on line 1506.
 1 SYSTEMPATH\Database\BaseBuilder.php(1506): array_merge('
ORDER BY `enrollment_date` DESC', [...])
 2 SYSTEMPATH\Model.php(925): CodeIgniter\Database\BaseBuilder->orderBy('courses.title', ' ASC')
 3 APPPATH\Models\EnrollmentModel.php(38): CodeIgniter\Model->__call('orderBy', [...])
 4 APPPATH\Controllers\Auth.php(148): App\Models\EnrollmentModel->getUserEnrollments(11)
 5 SYSTEMPATH\CodeIgniter.php(933): App\Controllers\Auth->dashboard()
 6 SYSTEMPATH\CodeIgniter.php(507): CodeIgniter\CodeIgniter->runController(Object(App\Controllers\Auth))
 7 SYSTEMPATH\CodeIgniter.php(354): CodeIgniter\CodeIgniter->handleRequest(null, Object(Config\Cache), false)
 8 SYSTEMPATH\Boot.php(363): CodeIgniter\CodeIgniter->run()
 9 SYSTEMPATH\Boot.php(68): CodeIgniter\Boot::runCodeIgniter(Object(CodeIgniter\CodeIgniter))
10 FCPATH\index.php(59): CodeIgniter\Boot::bootWeb(Object(Config\Paths))
11 SYSTEMPATH\rewrite.php(44): require_once('C:\\xampp\\htdocs\\ITE311-CASTILLO\\public\\index.php')
ERROR - 2025-10-10 12:57:39 --> mysqli_sql_exception: Unknown column 'enrollments.enrollment_date' in 'field list' in C:\xampp\htdocs\ITE311-CASTILLO\system\Database\MySQLi\Connection.php:327
Stack trace:
#0 C:\xampp\htdocs\ITE311-CASTILLO\system\Database\MySQLi\Connection.php(327): mysqli->query('SELECT `enrollm...', 0)
#1 C:\xampp\htdocs\ITE311-CASTILLO\system\Database\BaseConnection.php(729): CodeIgniter\Database\MySQLi\Connection->execute('SELECT `enrollm...')
#2 C:\xampp\htdocs\ITE311-CASTILLO\system\Database\BaseConnection.php(646): CodeIgniter\Database\BaseConnection->simpleQuery('SELECT `enrollm...')
#3 C:\xampp\htdocs\ITE311-CASTILLO\system\Database\BaseBuilder.php(1649): CodeIgniter\Database\BaseConnection->query('SELECT `enrollm...', Array, false)
#4 C:\xampp\htdocs\ITE311-CASTILLO\system\Model.php(286): CodeIgniter\Database\BaseBuilder->get()
#5 C:\xampp\htdocs\ITE311-CASTILLO\system\BaseModel.php(677): CodeIgniter\Model->doFindAll(0, 0)
#6 C:\xampp\htdocs\ITE311-CASTILLO\app\Models\EnrollmentModel.php(32): CodeIgniter\BaseModel->findAll()
#7 C:\xampp\htdocs\ITE311-CASTILLO\app\Controllers\Auth.php(148): App\Models\EnrollmentModel->getUserEnrollments(11)
#8 C:\xampp\htdocs\ITE311-CASTILLO\system\CodeIgniter.php(933): App\Controllers\Auth->dashboard()
#9 C:\xampp\htdocs\ITE311-CASTILLO\system\CodeIgniter.php(507): CodeIgniter\CodeIgniter->runController(Object(App\Controllers\Auth))
#10 C:\xampp\htdocs\ITE311-CASTILLO\system\CodeIgniter.php(354): CodeIgniter\CodeIgniter->handleRequest(NULL, Object(Config\Cache), false)
#11 C:\xampp\htdocs\ITE311-CASTILLO\system\Boot.php(363): CodeIgniter\CodeIgniter->run()
#12 C:\xampp\htdocs\ITE311-CASTILLO\system\Boot.php(68): CodeIgniter\Boot::runCodeIgniter(Object(CodeIgniter\CodeIgniter))
#13 C:\xampp\htdocs\ITE311-CASTILLO\public\index.php(59): CodeIgniter\Boot::bootWeb(Object(Config\Paths))
#14 C:\xampp\htdocs\ITE311-CASTILLO\system\rewrite.php(44): require_once('C:\\xampp\\htdocs...')
#15 {main}
CRITICAL - 2025-10-10 12:57:39 --> TypeError: array_merge(): Argument #1 must be of type array, string given
[Method: GET, Route: dashboard]
in SYSTEMPATH\Database\BaseBuilder.php on line 1506.
 1 SYSTEMPATH\Database\BaseBuilder.php(1506): array_merge('
ORDER BY `enrollment_date` DESC', [...])
 2 SYSTEMPATH\Model.php(925): CodeIgniter\Database\BaseBuilder->orderBy('courses.title', ' ASC')
 3 APPPATH\Models\EnrollmentModel.php(38): CodeIgniter\Model->__call('orderBy', [...])
 4 APPPATH\Controllers\Auth.php(148): App\Models\EnrollmentModel->getUserEnrollments(11)
 5 SYSTEMPATH\CodeIgniter.php(933): App\Controllers\Auth->dashboard()
 6 SYSTEMPATH\CodeIgniter.php(507): CodeIgniter\CodeIgniter->runController(Object(App\Controllers\Auth))
 7 SYSTEMPATH\CodeIgniter.php(354): CodeIgniter\CodeIgniter->handleRequest(null, Object(Config\Cache), false)
 8 SYSTEMPATH\Boot.php(363): CodeIgniter\CodeIgniter->run()
 9 SYSTEMPATH\Boot.php(68): CodeIgniter\Boot::runCodeIgniter(Object(CodeIgniter\CodeIgniter))
10 FCPATH\index.php(59): CodeIgniter\Boot::bootWeb(Object(Config\Paths))
11 SYSTEMPATH\rewrite.php(44): require_once('C:\\xampp\\htdocs\\ITE311-CASTILLO\\public\\index.php')
ERROR - 2025-10-10 12:57:52 --> mysqli_sql_exception: Unknown column 'enrollments.enrollment_date' in 'field list' in C:\xampp\htdocs\ITE311-CASTILLO\system\Database\MySQLi\Connection.php:327
Stack trace:
#0 C:\xampp\htdocs\ITE311-CASTILLO\system\Database\MySQLi\Connection.php(327): mysqli->query('SELECT `enrollm...', 0)
#1 C:\xampp\htdocs\ITE311-CASTILLO\system\Database\BaseConnection.php(729): CodeIgniter\Database\MySQLi\Connection->execute('SELECT `enrollm...')
#2 C:\xampp\htdocs\ITE311-CASTILLO\system\Database\BaseConnection.php(646): CodeIgniter\Database\BaseConnection->simpleQuery('SELECT `enrollm...')
#3 C:\xampp\htdocs\ITE311-CASTILLO\system\Database\BaseBuilder.php(1649): CodeIgniter\Database\BaseConnection->query('SELECT `enrollm...', Array, false)
#4 C:\xampp\htdocs\ITE311-CASTILLO\system\Model.php(286): CodeIgniter\Database\BaseBuilder->get()
#5 C:\xampp\htdocs\ITE311-CASTILLO\system\BaseModel.php(677): CodeIgniter\Model->doFindAll(0, 0)
#6 C:\xampp\htdocs\ITE311-CASTILLO\app\Models\EnrollmentModel.php(31): CodeIgniter\BaseModel->findAll()
#7 C:\xampp\htdocs\ITE311-CASTILLO\app\Controllers\Auth.php(148): App\Models\EnrollmentModel->getUserEnrollments(11)
#8 C:\xampp\htdocs\ITE311-CASTILLO\system\CodeIgniter.php(933): App\Controllers\Auth->dashboard()
#9 C:\xampp\htdocs\ITE311-CASTILLO\system\CodeIgniter.php(507): CodeIgniter\CodeIgniter->runController(Object(App\Controllers\Auth))
#10 C:\xampp\htdocs\ITE311-CASTILLO\system\CodeIgniter.php(354): CodeIgniter\CodeIgniter->handleRequest(NULL, Object(Config\Cache), false)
#11 C:\xampp\htdocs\ITE311-CASTILLO\system\Boot.php(363): CodeIgniter\CodeIgniter->run()
#12 C:\xampp\htdocs\ITE311-CASTILLO\system\Boot.php(68): CodeIgniter\Boot::runCodeIgniter(Object(CodeIgniter\CodeIgniter))
#13 C:\xampp\htdocs\ITE311-CASTILLO\public\index.php(59): CodeIgniter\Boot::bootWeb(Object(Config\Paths))
#14 C:\xampp\htdocs\ITE311-CASTILLO\system\rewrite.php(44): require_once('C:\\xampp\\htdocs...')
#15 {main}
ERROR - 2025-10-10 12:57:52 --> Error fetching enrolled courses: Unknown column 'enrollments.enrollment_date' in 'field list'
ERROR - 2025-10-10 12:57:52 --> mysqli_sql_exception: Unknown column 'enrollments.enrollment_date' in 'field list' in C:\xampp\htdocs\ITE311-CASTILLO\system\Database\MySQLi\Connection.php:327
Stack trace:
#0 C:\xampp\htdocs\ITE311-CASTILLO\system\Database\MySQLi\Connection.php(327): mysqli->query('SELECT `enrollm...', 0)
#1 C:\xampp\htdocs\ITE311-CASTILLO\system\Database\BaseConnection.php(729): CodeIgniter\Database\MySQLi\Connection->execute('SELECT `enrollm...')
#2 C:\xampp\htdocs\ITE311-CASTILLO\system\Database\BaseConnection.php(646): CodeIgniter\Database\BaseConnection->simpleQuery('SELECT `enrollm...')
#3 C:\xampp\htdocs\ITE311-CASTILLO\system\Database\BaseBuilder.php(1649): CodeIgniter\Database\BaseConnection->query('SELECT `enrollm...', Array, false)
#4 C:\xampp\htdocs\ITE311-CASTILLO\system\Model.php(286): CodeIgniter\Database\BaseBuilder->get()
#5 C:\xampp\htdocs\ITE311-CASTILLO\system\BaseModel.php(677): CodeIgniter\Model->doFindAll(0, 0)
#6 C:\xampp\htdocs\ITE311-CASTILLO\app\Models\EnrollmentModel.php(31): CodeIgniter\BaseModel->findAll()
#7 C:\xampp\htdocs\ITE311-CASTILLO\app\Controllers\Auth.php(148): App\Models\EnrollmentModel->getUserEnrollments(11)
#8 C:\xampp\htdocs\ITE311-CASTILLO\system\CodeIgniter.php(933): App\Controllers\Auth->dashboard()
#9 C:\xampp\htdocs\ITE311-CASTILLO\system\CodeIgniter.php(507): CodeIgniter\CodeIgniter->runController(Object(App\Controllers\Auth))
#10 C:\xampp\htdocs\ITE311-CASTILLO\system\CodeIgniter.php(354): CodeIgniter\CodeIgniter->handleRequest(NULL, Object(Config\Cache), false)
#11 C:\xampp\htdocs\ITE311-CASTILLO\system\Boot.php(363): CodeIgniter\CodeIgniter->run()
#12 C:\xampp\htdocs\ITE311-CASTILLO\system\Boot.php(68): CodeIgniter\Boot::runCodeIgniter(Object(CodeIgniter\CodeIgniter))
#13 C:\xampp\htdocs\ITE311-CASTILLO\public\index.php(59): CodeIgniter\Boot::bootWeb(Object(Config\Paths))
#14 C:\xampp\htdocs\ITE311-CASTILLO\system\rewrite.php(44): require_once('C:\\xampp\\htdocs...')
#15 {main}
ERROR - 2025-10-10 12:57:52 --> Error fetching enrolled courses: Unknown column 'enrollments.enrollment_date' in 'field list'
ERROR - 2025-10-10 12:57:53 --> mysqli_sql_exception: Unknown column 'enrollments.enrollment_date' in 'field list' in C:\xampp\htdocs\ITE311-CASTILLO\system\Database\MySQLi\Connection.php:327
Stack trace:
#0 C:\xampp\htdocs\ITE311-CASTILLO\system\Database\MySQLi\Connection.php(327): mysqli->query('SELECT `enrollm...', 0)
#1 C:\xampp\htdocs\ITE311-CASTILLO\system\Database\BaseConnection.php(729): CodeIgniter\Database\MySQLi\Connection->execute('SELECT `enrollm...')
#2 C:\xampp\htdocs\ITE311-CASTILLO\system\Database\BaseConnection.php(646): CodeIgniter\Database\BaseConnection->simpleQuery('SELECT `enrollm...')
#3 C:\xampp\htdocs\ITE311-CASTILLO\system\Database\BaseBuilder.php(1649): CodeIgniter\Database\BaseConnection->query('SELECT `enrollm...', Array, false)
#4 C:\xampp\htdocs\ITE311-CASTILLO\system\Model.php(286): CodeIgniter\Database\BaseBuilder->get()
#5 C:\xampp\htdocs\ITE311-CASTILLO\system\BaseModel.php(677): CodeIgniter\Model->doFindAll(0, 0)
#6 C:\xampp\htdocs\ITE311-CASTILLO\app\Models\EnrollmentModel.php(31): CodeIgniter\BaseModel->findAll()
#7 C:\xampp\htdocs\ITE311-CASTILLO\app\Controllers\Auth.php(148): App\Models\EnrollmentModel->getUserEnrollments(11)
#8 C:\xampp\htdocs\ITE311-CASTILLO\system\CodeIgniter.php(933): App\Controllers\Auth->dashboard()
#9 C:\xampp\htdocs\ITE311-CASTILLO\system\CodeIgniter.php(507): CodeIgniter\CodeIgniter->runController(Object(App\Controllers\Auth))
#10 C:\xampp\htdocs\ITE311-CASTILLO\system\CodeIgniter.php(354): CodeIgniter\CodeIgniter->handleRequest(NULL, Object(Config\Cache), false)
#11 C:\xampp\htdocs\ITE311-CASTILLO\system\Boot.php(363): CodeIgniter\CodeIgniter->run()
#12 C:\xampp\htdocs\ITE311-CASTILLO\system\Boot.php(68): CodeIgniter\Boot::runCodeIgniter(Object(CodeIgniter\CodeIgniter))
#13 C:\xampp\htdocs\ITE311-CASTILLO\public\index.php(59): CodeIgniter\Boot::bootWeb(Object(Config\Paths))
#14 C:\xampp\htdocs\ITE311-CASTILLO\system\rewrite.php(44): require_once('C:\\xampp\\htdocs...')
#15 {main}
ERROR - 2025-10-10 12:57:53 --> Error fetching enrolled courses: Unknown column 'enrollments.enrollment_date' in 'field list'
ERROR - 2025-10-10 12:57:53 --> mysqli_sql_exception: Unknown column 'enrollments.enrollment_date' in 'field list' in C:\xampp\htdocs\ITE311-CASTILLO\system\Database\MySQLi\Connection.php:327
Stack trace:
#0 C:\xampp\htdocs\ITE311-CASTILLO\system\Database\MySQLi\Connection.php(327): mysqli->query('SELECT `enrollm...', 0)
#1 C:\xampp\htdocs\ITE311-CASTILLO\system\Database\BaseConnection.php(729): CodeIgniter\Database\MySQLi\Connection->execute('SELECT `enrollm...')
#2 C:\xampp\htdocs\ITE311-CASTILLO\system\Database\BaseConnection.php(646): CodeIgniter\Database\BaseConnection->simpleQuery('SELECT `enrollm...')
#3 C:\xampp\htdocs\ITE311-CASTILLO\system\Database\BaseBuilder.php(1649): CodeIgniter\Database\BaseConnection->query('SELECT `enrollm...', Array, false)
#4 C:\xampp\htdocs\ITE311-CASTILLO\system\Model.php(286): CodeIgniter\Database\BaseBuilder->get()
#5 C:\xampp\htdocs\ITE311-CASTILLO\system\BaseModel.php(677): CodeIgniter\Model->doFindAll(0, 0)
#6 C:\xampp\htdocs\ITE311-CASTILLO\app\Models\EnrollmentModel.php(31): CodeIgniter\BaseModel->findAll()
#7 C:\xampp\htdocs\ITE311-CASTILLO\app\Controllers\Auth.php(148): App\Models\EnrollmentModel->getUserEnrollments(11)
#8 C:\xampp\htdocs\ITE311-CASTILLO\system\CodeIgniter.php(933): App\Controllers\Auth->dashboard()
#9 C:\xampp\htdocs\ITE311-CASTILLO\system\CodeIgniter.php(507): CodeIgniter\CodeIgniter->runController(Object(App\Controllers\Auth))
#10 C:\xampp\htdocs\ITE311-CASTILLO\system\CodeIgniter.php(354): CodeIgniter\CodeIgniter->handleRequest(NULL, Object(Config\Cache), false)
#11 C:\xampp\htdocs\ITE311-CASTILLO\system\Boot.php(363): CodeIgniter\CodeIgniter->run()
#12 C:\xampp\htdocs\ITE311-CASTILLO\system\Boot.php(68): CodeIgniter\Boot::runCodeIgniter(Object(CodeIgniter\CodeIgniter))
#13 C:\xampp\htdocs\ITE311-CASTILLO\public\index.php(59): CodeIgniter\Boot::bootWeb(Object(Config\Paths))
#14 C:\xampp\htdocs\ITE311-CASTILLO\system\rewrite.php(44): require_once('C:\\xampp\\htdocs...')
#15 {main}
ERROR - 2025-10-10 12:57:53 --> Error fetching enrolled courses: Unknown column 'enrollments.enrollment_date' in 'field list'
ERROR - 2025-10-10 12:57:53 --> mysqli_sql_exception: Unknown column 'enrollments.enrollment_date' in 'field list' in C:\xampp\htdocs\ITE311-CASTILLO\system\Database\MySQLi\Connection.php:327
Stack trace:
#0 C:\xampp\htdocs\ITE311-CASTILLO\system\Database\MySQLi\Connection.php(327): mysqli->query('SELECT `enrollm...', 0)
#1 C:\xampp\htdocs\ITE311-CASTILLO\system\Database\BaseConnection.php(729): CodeIgniter\Database\MySQLi\Connection->execute('SELECT `enrollm...')
#2 C:\xampp\htdocs\ITE311-CASTILLO\system\Database\BaseConnection.php(646): CodeIgniter\Database\BaseConnection->simpleQuery('SELECT `enrollm...')
#3 C:\xampp\htdocs\ITE311-CASTILLO\system\Database\BaseBuilder.php(1649): CodeIgniter\Database\BaseConnection->query('SELECT `enrollm...', Array, false)
#4 C:\xampp\htdocs\ITE311-CASTILLO\system\Model.php(286): CodeIgniter\Database\BaseBuilder->get()
#5 C:\xampp\htdocs\ITE311-CASTILLO\system\BaseModel.php(677): CodeIgniter\Model->doFindAll(0, 0)
#6 C:\xampp\htdocs\ITE311-CASTILLO\app\Models\EnrollmentModel.php(31): CodeIgniter\BaseModel->findAll()
#7 C:\xampp\htdocs\ITE311-CASTILLO\app\Controllers\Auth.php(148): App\Models\EnrollmentModel->getUserEnrollments(11)
#8 C:\xampp\htdocs\ITE311-CASTILLO\system\CodeIgniter.php(933): App\Controllers\Auth->dashboard()
#9 C:\xampp\htdocs\ITE311-CASTILLO\system\CodeIgniter.php(507): CodeIgniter\CodeIgniter->runController(Object(App\Controllers\Auth))
#10 C:\xampp\htdocs\ITE311-CASTILLO\system\CodeIgniter.php(354): CodeIgniter\CodeIgniter->handleRequest(NULL, Object(Config\Cache), false)
#11 C:\xampp\htdocs\ITE311-CASTILLO\system\Boot.php(363): CodeIgniter\CodeIgniter->run()
#12 C:\xampp\htdocs\ITE311-CASTILLO\system\Boot.php(68): CodeIgniter\Boot::runCodeIgniter(Object(CodeIgniter\CodeIgniter))
#13 C:\xampp\htdocs\ITE311-CASTILLO\public\index.php(59): CodeIgniter\Boot::bootWeb(Object(Config\Paths))
#14 C:\xampp\htdocs\ITE311-CASTILLO\system\rewrite.php(44): require_once('C:\\xampp\\htdocs...')
#15 {main}
ERROR - 2025-10-10 12:57:53 --> Error fetching enrolled courses: Unknown column 'enrollments.enrollment_date' in 'field list'
ERROR - 2025-10-10 12:57:53 --> mysqli_sql_exception: Unknown column 'enrollments.enrollment_date' in 'field list' in C:\xampp\htdocs\ITE311-CASTILLO\system\Database\MySQLi\Connection.php:327
Stack trace:
#0 C:\xampp\htdocs\ITE311-CASTILLO\system\Database\MySQLi\Connection.php(327): mysqli->query('SELECT `enrollm...', 0)
#1 C:\xampp\htdocs\ITE311-CASTILLO\system\Database\BaseConnection.php(729): CodeIgniter\Database\MySQLi\Connection->execute('SELECT `enrollm...')
#2 C:\xampp\htdocs\ITE311-CASTILLO\system\Database\BaseConnection.php(646): CodeIgniter\Database\BaseConnection->simpleQuery('SELECT `enrollm...')
#3 C:\xampp\htdocs\ITE311-CASTILLO\system\Database\BaseBuilder.php(1649): CodeIgniter\Database\BaseConnection->query('SELECT `enrollm...', Array, false)
#4 C:\xampp\htdocs\ITE311-CASTILLO\system\Model.php(286): CodeIgniter\Database\BaseBuilder->get()
#5 C:\xampp\htdocs\ITE311-CASTILLO\system\BaseModel.php(677): CodeIgniter\Model->doFindAll(0, 0)
#6 C:\xampp\htdocs\ITE311-CASTILLO\app\Models\EnrollmentModel.php(31): CodeIgniter\BaseModel->findAll()
#7 C:\xampp\htdocs\ITE311-CASTILLO\app\Controllers\Auth.php(148): App\Models\EnrollmentModel->getUserEnrollments(11)
#8 C:\xampp\htdocs\ITE311-CASTILLO\system\CodeIgniter.php(933): App\Controllers\Auth->dashboard()
#9 C:\xampp\htdocs\ITE311-CASTILLO\system\CodeIgniter.php(507): CodeIgniter\CodeIgniter->runController(Object(App\Controllers\Auth))
#10 C:\xampp\htdocs\ITE311-CASTILLO\system\CodeIgniter.php(354): CodeIgniter\CodeIgniter->handleRequest(NULL, Object(Config\Cache), false)
#11 C:\xampp\htdocs\ITE311-CASTILLO\system\Boot.php(363): CodeIgniter\CodeIgniter->run()
#12 C:\xampp\htdocs\ITE311-CASTILLO\system\Boot.php(68): CodeIgniter\Boot::runCodeIgniter(Object(CodeIgniter\CodeIgniter))
#13 C:\xampp\htdocs\ITE311-CASTILLO\public\index.php(59): CodeIgniter\Boot::bootWeb(Object(Config\Paths))
#14 C:\xampp\htdocs\ITE311-CASTILLO\system\rewrite.php(44): require_once('C:\\xampp\\htdocs...')
#15 {main}
ERROR - 2025-10-10 12:57:53 --> Error fetching enrolled courses: Unknown column 'enrollments.enrollment_date' in 'field list'
ERROR - 2025-10-10 12:57:53 --> mysqli_sql_exception: Unknown column 'enrollments.enrollment_date' in 'field list' in C:\xampp\htdocs\ITE311-CASTILLO\system\Database\MySQLi\Connection.php:327
Stack trace:
#0 C:\xampp\htdocs\ITE311-CASTILLO\system\Database\MySQLi\Connection.php(327): mysqli->query('SELECT `enrollm...', 0)
#1 C:\xampp\htdocs\ITE311-CASTILLO\system\Database\BaseConnection.php(729): CodeIgniter\Database\MySQLi\Connection->execute('SELECT `enrollm...')
#2 C:\xampp\htdocs\ITE311-CASTILLO\system\Database\BaseConnection.php(646): CodeIgniter\Database\BaseConnection->simpleQuery('SELECT `enrollm...')
#3 C:\xampp\htdocs\ITE311-CASTILLO\system\Database\BaseBuilder.php(1649): CodeIgniter\Database\BaseConnection->query('SELECT `enrollm...', Array, false)
#4 C:\xampp\htdocs\ITE311-CASTILLO\system\Model.php(286): CodeIgniter\Database\BaseBuilder->get()
#5 C:\xampp\htdocs\ITE311-CASTILLO\system\BaseModel.php(677): CodeIgniter\Model->doFindAll(0, 0)
#6 C:\xampp\htdocs\ITE311-CASTILLO\app\Models\EnrollmentModel.php(31): CodeIgniter\BaseModel->findAll()
#7 C:\xampp\htdocs\ITE311-CASTILLO\app\Controllers\Auth.php(148): App\Models\EnrollmentModel->getUserEnrollments(11)
#8 C:\xampp\htdocs\ITE311-CASTILLO\system\CodeIgniter.php(933): App\Controllers\Auth->dashboard()
#9 C:\xampp\htdocs\ITE311-CASTILLO\system\CodeIgniter.php(507): CodeIgniter\CodeIgniter->runController(Object(App\Controllers\Auth))
#10 C:\xampp\htdocs\ITE311-CASTILLO\system\CodeIgniter.php(354): CodeIgniter\CodeIgniter->handleRequest(NULL, Object(Config\Cache), false)
#11 C:\xampp\htdocs\ITE311-CASTILLO\system\Boot.php(363): CodeIgniter\CodeIgniter->run()
#12 C:\xampp\htdocs\ITE311-CASTILLO\system\Boot.php(68): CodeIgniter\Boot::runCodeIgniter(Object(CodeIgniter\CodeIgniter))
#13 C:\xampp\htdocs\ITE311-CASTILLO\public\index.php(59): CodeIgniter\Boot::bootWeb(Object(Config\Paths))
#14 C:\xampp\htdocs\ITE311-CASTILLO\system\rewrite.php(44): require_once('C:\\xampp\\htdocs...')
#15 {main}
ERROR - 2025-10-10 12:57:53 --> Error fetching enrolled courses: Unknown column 'enrollments.enrollment_date' in 'field list'
ERROR - 2025-10-10 12:57:54 --> mysqli_sql_exception: Unknown column 'enrollments.enrollment_date' in 'field list' in C:\xampp\htdocs\ITE311-CASTILLO\system\Database\MySQLi\Connection.php:327
Stack trace:
#0 C:\xampp\htdocs\ITE311-CASTILLO\system\Database\MySQLi\Connection.php(327): mysqli->query('SELECT `enrollm...', 0)
#1 C:\xampp\htdocs\ITE311-CASTILLO\system\Database\BaseConnection.php(729): CodeIgniter\Database\MySQLi\Connection->execute('SELECT `enrollm...')
#2 C:\xampp\htdocs\ITE311-CASTILLO\system\Database\BaseConnection.php(646): CodeIgniter\Database\BaseConnection->simpleQuery('SELECT `enrollm...')
#3 C:\xampp\htdocs\ITE311-CASTILLO\system\Database\BaseBuilder.php(1649): CodeIgniter\Database\BaseConnection->query('SELECT `enrollm...', Array, false)
#4 C:\xampp\htdocs\ITE311-CASTILLO\system\Model.php(286): CodeIgniter\Database\BaseBuilder->get()
#5 C:\xampp\htdocs\ITE311-CASTILLO\system\BaseModel.php(677): CodeIgniter\Model->doFindAll(0, 0)
#6 C:\xampp\htdocs\ITE311-CASTILLO\app\Models\EnrollmentModel.php(31): CodeIgniter\BaseModel->findAll()
#7 C:\xampp\htdocs\ITE311-CASTILLO\app\Controllers\Auth.php(148): App\Models\EnrollmentModel->getUserEnrollments(11)
#8 C:\xampp\htdocs\ITE311-CASTILLO\system\CodeIgniter.php(933): App\Controllers\Auth->dashboard()
#9 C:\xampp\htdocs\ITE311-CASTILLO\system\CodeIgniter.php(507): CodeIgniter\CodeIgniter->runController(Object(App\Controllers\Auth))
#10 C:\xampp\htdocs\ITE311-CASTILLO\system\CodeIgniter.php(354): CodeIgniter\CodeIgniter->handleRequest(NULL, Object(Config\Cache), false)
#11 C:\xampp\htdocs\ITE311-CASTILLO\system\Boot.php(363): CodeIgniter\CodeIgniter->run()
#12 C:\xampp\htdocs\ITE311-CASTILLO\system\Boot.php(68): CodeIgniter\Boot::runCodeIgniter(Object(CodeIgniter\CodeIgniter))
#13 C:\xampp\htdocs\ITE311-CASTILLO\public\index.php(59): CodeIgniter\Boot::bootWeb(Object(Config\Paths))
#14 C:\xampp\htdocs\ITE311-CASTILLO\system\rewrite.php(44): require_once('C:\\xampp\\htdocs...')
#15 {main}
ERROR - 2025-10-10 12:57:54 --> Error fetching enrolled courses: Unknown column 'enrollments.enrollment_date' in 'field list'
ERROR - 2025-10-10 12:57:55 --> mysqli_sql_exception: Unknown column 'enrollments.enrollment_date' in 'field list' in C:\xampp\htdocs\ITE311-CASTILLO\system\Database\MySQLi\Connection.php:327
Stack trace:
#0 C:\xampp\htdocs\ITE311-CASTILLO\system\Database\MySQLi\Connection.php(327): mysqli->query('SELECT `enrollm...', 0)
#1 C:\xampp\htdocs\ITE311-CASTILLO\system\Database\BaseConnection.php(729): CodeIgniter\Database\MySQLi\Connection->execute('SELECT `enrollm...')
#2 C:\xampp\htdocs\ITE311-CASTILLO\system\Database\BaseConnection.php(646): CodeIgniter\Database\BaseConnection->simpleQuery('SELECT `enrollm...')
#3 C:\xampp\htdocs\ITE311-CASTILLO\system\Database\BaseBuilder.php(1649): CodeIgniter\Database\BaseConnection->query('SELECT `enrollm...', Array, false)
#4 C:\xampp\htdocs\ITE311-CASTILLO\system\Model.php(286): CodeIgniter\Database\BaseBuilder->get()
#5 C:\xampp\htdocs\ITE311-CASTILLO\system\BaseModel.php(677): CodeIgniter\Model->doFindAll(0, 0)
#6 C:\xampp\htdocs\ITE311-CASTILLO\app\Models\EnrollmentModel.php(31): CodeIgniter\BaseModel->findAll()
#7 C:\xampp\htdocs\ITE311-CASTILLO\app\Controllers\Student\Enrollments.php(24): App\Models\EnrollmentModel->getUserEnrollments(11)
#8 C:\xampp\htdocs\ITE311-CASTILLO\system\CodeIgniter.php(933): App\Controllers\Student\Enrollments->index()
#9 C:\xampp\htdocs\ITE311-CASTILLO\system\CodeIgniter.php(507): CodeIgniter\CodeIgniter->runController(Object(App\Controllers\Student\Enrollments))
#10 C:\xampp\htdocs\ITE311-CASTILLO\system\CodeIgniter.php(354): CodeIgniter\CodeIgniter->handleRequest(NULL, Object(Config\Cache), false)
#11 C:\xampp\htdocs\ITE311-CASTILLO\system\Boot.php(363): CodeIgniter\CodeIgniter->run()
#12 C:\xampp\htdocs\ITE311-CASTILLO\system\Boot.php(68): CodeIgniter\Boot::runCodeIgniter(Object(CodeIgniter\CodeIgniter))
#13 C:\xampp\htdocs\ITE311-CASTILLO\public\index.php(59): CodeIgniter\Boot::bootWeb(Object(Config\Paths))
#14 C:\xampp\htdocs\ITE311-CASTILLO\system\rewrite.php(44): require_once('C:\\xampp\\htdocs...')
#15 {main}
CRITICAL - 2025-10-10 12:57:55 --> CodeIgniter\Database\Exceptions\DatabaseException: Unknown column 'enrollments.enrollment_date' in 'field list'
[Method: GET, Route: student/enrollments]
in SYSTEMPATH\Database\BaseConnection.php on line 684.
 1 SYSTEMPATH\Database\BaseBuilder.php(1649): CodeIgniter\Database\BaseConnection->query('SELECT `enrollments`.*, `courses`.`id` as `course_id`, `courses`.`title`, `courses`.`description`, `enrollments`.`enrollment_date`
FROM `enrollments`
INNER JOIN `courses` ON `courses`.`id` = `enrollments`.`course_id`
WHERE `enrollments`.`user_id` = :enrollments.user_id:
ORDER BY `enrollment_date` DESC', [...], false)
 2 SYSTEMPATH\Model.php(286): CodeIgniter\Database\BaseBuilder->get()
 3 SYSTEMPATH\BaseModel.php(677): CodeIgniter\Model->doFindAll(0, 0)
 4 APPPATH\Models\EnrollmentModel.php(31): CodeIgniter\BaseModel->findAll()
 5 APPPATH\Controllers\Student\Enrollments.php(24): App\Models\EnrollmentModel->getUserEnrollments(11)
 6 SYSTEMPATH\CodeIgniter.php(933): App\Controllers\Student\Enrollments->index()
 7 SYSTEMPATH\CodeIgniter.php(507): CodeIgniter\CodeIgniter->runController(Object(App\Controllers\Student\Enrollments))
 8 SYSTEMPATH\CodeIgniter.php(354): CodeIgniter\CodeIgniter->handleRequest(null, Object(Config\Cache), false)
 9 SYSTEMPATH\Boot.php(363): CodeIgniter\CodeIgniter->run()
10 SYSTEMPATH\Boot.php(68): CodeIgniter\Boot::runCodeIgniter(Object(CodeIgniter\CodeIgniter))
11 FCPATH\index.php(59): CodeIgniter\Boot::bootWeb(Object(Config\Paths))
12 SYSTEMPATH\rewrite.php(44): require_once('C:\\xampp\\htdocs\\ITE311-CASTILLO\\public\\index.php')
CRITICAL - 2025-10-10 12:57:55 --> [Caused by] CodeIgniter\Database\Exceptions\DatabaseException: Unknown column 'enrollments.enrollment_date' in 'field list'
in SYSTEMPATH\Database\MySQLi\Connection.php on line 332.
 1 SYSTEMPATH\Database\BaseConnection.php(729): CodeIgniter\Database\MySQLi\Connection->execute('SELECT `enrollments`.*, `courses`.`id` as `course_id`, `courses`.`title`, `courses`.`description`, `enrollments`.`enrollment_date`
FROM `enrollments`
INNER JOIN `courses` ON `courses`.`id` = `enrollments`.`course_id`
WHERE `enrollments`.`user_id` = 11
ORDER BY `enrollment_date` DESC')
 2 SYSTEMPATH\Database\BaseConnection.php(646): CodeIgniter\Database\BaseConnection->simpleQuery('SELECT `enrollments`.*, `courses`.`id` as `course_id`, `courses`.`title`, `courses`.`description`, `enrollments`.`enrollment_date`
FROM `enrollments`
INNER JOIN `courses` ON `courses`.`id` = `enrollments`.`course_id`
WHERE `enrollments`.`user_id` = 11
ORDER BY `enrollment_date` DESC')
 3 SYSTEMPATH\Database\BaseBuilder.php(1649): CodeIgniter\Database\BaseConnection->query('SELECT `enrollments`.*, `courses`.`id` as `course_id`, `courses`.`title`, `courses`.`description`, `enrollments`.`enrollment_date`
FROM `enrollments`
INNER JOIN `courses` ON `courses`.`id` = `enrollments`.`course_id`
WHERE `enrollments`.`user_id` = :enrollments.user_id:
ORDER BY `enrollment_date` DESC', [...], false)
 4 SYSTEMPATH\Model.php(286): CodeIgniter\Database\BaseBuilder->get()
 5 SYSTEMPATH\BaseModel.php(677): CodeIgniter\Model->doFindAll(0, 0)
 6 APPPATH\Models\EnrollmentModel.php(31): CodeIgniter\BaseModel->findAll()
 7 APPPATH\Controllers\Student\Enrollments.php(24): App\Models\EnrollmentModel->getUserEnrollments(11)
 8 SYSTEMPATH\CodeIgniter.php(933): App\Controllers\Student\Enrollments->index()
 9 SYSTEMPATH\CodeIgniter.php(507): CodeIgniter\CodeIgniter->runController(Object(App\Controllers\Student\Enrollments))
10 SYSTEMPATH\CodeIgniter.php(354): CodeIgniter\CodeIgniter->handleRequest(null, Object(Config\Cache), false)
11 SYSTEMPATH\Boot.php(363): CodeIgniter\CodeIgniter->run()
12 SYSTEMPATH\Boot.php(68): CodeIgniter\Boot::runCodeIgniter(Object(CodeIgniter\CodeIgniter))
13 FCPATH\index.php(59): CodeIgniter\Boot::bootWeb(Object(Config\Paths))
14 SYSTEMPATH\rewrite.php(44): require_once('C:\\xampp\\htdocs\\ITE311-CASTILLO\\public\\index.php')
CRITICAL - 2025-10-10 12:57:55 --> [Caused by] mysqli_sql_exception: Unknown column 'enrollments.enrollment_date' in 'field list'
in SYSTEMPATH\Database\MySQLi\Connection.php on line 327.
 1 SYSTEMPATH\Database\MySQLi\Connection.php(327): mysqli->query('SELECT `enrollments`.*, `courses`.`id` as `course_id`, `courses`.`title`, `courses`.`description`, `enrollments`.`enrollment_date`
FROM `enrollments`
INNER JOIN `courses` ON `courses`.`id` = `enrollments`.`course_id`
WHERE `enrollments`.`user_id` = 11
ORDER BY `enrollment_date` DESC', 0)
 2 SYSTEMPATH\Database\BaseConnection.php(729): CodeIgniter\Database\MySQLi\Connection->execute('SELECT `enrollments`.*, `courses`.`id` as `course_id`, `courses`.`title`, `courses`.`description`, `enrollments`.`enrollment_date`
FROM `enrollments`
INNER JOIN `courses` ON `courses`.`id` = `enrollments`.`course_id`
WHERE `enrollments`.`user_id` = 11
ORDER BY `enrollment_date` DESC')
 3 SYSTEMPATH\Database\BaseConnection.php(646): CodeIgniter\Database\BaseConnection->simpleQuery('SELECT `enrollments`.*, `courses`.`id` as `course_id`, `courses`.`title`, `courses`.`description`, `enrollments`.`enrollment_date`
FROM `enrollments`
INNER JOIN `courses` ON `courses`.`id` = `enrollments`.`course_id`
WHERE `enrollments`.`user_id` = 11
ORDER BY `enrollment_date` DESC')
 4 SYSTEMPATH\Database\BaseBuilder.php(1649): CodeIgniter\Database\BaseConnection->query('SELECT `enrollments`.*, `courses`.`id` as `course_id`, `courses`.`title`, `courses`.`description`, `enrollments`.`enrollment_date`
FROM `enrollments`
INNER JOIN `courses` ON `courses`.`id` = `enrollments`.`course_id`
WHERE `enrollments`.`user_id` = :enrollments.user_id:
ORDER BY `enrollment_date` DESC', [...], false)
 5 SYSTEMPATH\Model.php(286): CodeIgniter\Database\BaseBuilder->get()
 6 SYSTEMPATH\BaseModel.php(677): CodeIgniter\Model->doFindAll(0, 0)
 7 APPPATH\Models\EnrollmentModel.php(31): CodeIgniter\BaseModel->findAll()
 8 APPPATH\Controllers\Student\Enrollments.php(24): App\Models\EnrollmentModel->getUserEnrollments(11)
 9 SYSTEMPATH\CodeIgniter.php(933): App\Controllers\Student\Enrollments->index()
10 SYSTEMPATH\CodeIgniter.php(507): CodeIgniter\CodeIgniter->runController(Object(App\Controllers\Student\Enrollments))
11 SYSTEMPATH\CodeIgniter.php(354): CodeIgniter\CodeIgniter->handleRequest(null, Object(Config\Cache), false)
12 SYSTEMPATH\Boot.php(363): CodeIgniter\CodeIgniter->run()
13 SYSTEMPATH\Boot.php(68): CodeIgniter\Boot::runCodeIgniter(Object(CodeIgniter\CodeIgniter))
14 FCPATH\index.php(59): CodeIgniter\Boot::bootWeb(Object(Config\Paths))
15 SYSTEMPATH\rewrite.php(44): require_once('C:\\xampp\\htdocs\\ITE311-CASTILLO\\public\\index.php')
ERROR - 2025-10-10 12:57:56 --> mysqli_sql_exception: Unknown column 'enrollments.enrollment_date' in 'field list' in C:\xampp\htdocs\ITE311-CASTILLO\system\Database\MySQLi\Connection.php:327
Stack trace:
#0 C:\xampp\htdocs\ITE311-CASTILLO\system\Database\MySQLi\Connection.php(327): mysqli->query('SELECT `enrollm...', 0)
#1 C:\xampp\htdocs\ITE311-CASTILLO\system\Database\BaseConnection.php(729): CodeIgniter\Database\MySQLi\Connection->execute('SELECT `enrollm...')
#2 C:\xampp\htdocs\ITE311-CASTILLO\system\Database\BaseConnection.php(646): CodeIgniter\Database\BaseConnection->simpleQuery('SELECT `enrollm...')
#3 C:\xampp\htdocs\ITE311-CASTILLO\system\Database\BaseBuilder.php(1649): CodeIgniter\Database\BaseConnection->query('SELECT `enrollm...', Array, false)
#4 C:\xampp\htdocs\ITE311-CASTILLO\system\Model.php(286): CodeIgniter\Database\BaseBuilder->get()
#5 C:\xampp\htdocs\ITE311-CASTILLO\system\BaseModel.php(677): CodeIgniter\Model->doFindAll(0, 0)
#6 C:\xampp\htdocs\ITE311-CASTILLO\app\Models\EnrollmentModel.php(31): CodeIgniter\BaseModel->findAll()
#7 C:\xampp\htdocs\ITE311-CASTILLO\app\Controllers\Student\Enrollments.php(24): App\Models\EnrollmentModel->getUserEnrollments(11)
#8 C:\xampp\htdocs\ITE311-CASTILLO\system\CodeIgniter.php(933): App\Controllers\Student\Enrollments->index()
#9 C:\xampp\htdocs\ITE311-CASTILLO\system\CodeIgniter.php(507): CodeIgniter\CodeIgniter->runController(Object(App\Controllers\Student\Enrollments))
#10 C:\xampp\htdocs\ITE311-CASTILLO\system\CodeIgniter.php(354): CodeIgniter\CodeIgniter->handleRequest(NULL, Object(Config\Cache), false)
#11 C:\xampp\htdocs\ITE311-CASTILLO\system\Boot.php(363): CodeIgniter\CodeIgniter->run()
#12 C:\xampp\htdocs\ITE311-CASTILLO\system\Boot.php(68): CodeIgniter\Boot::runCodeIgniter(Object(CodeIgniter\CodeIgniter))
#13 C:\xampp\htdocs\ITE311-CASTILLO\public\index.php(59): CodeIgniter\Boot::bootWeb(Object(Config\Paths))
#14 C:\xampp\htdocs\ITE311-CASTILLO\system\rewrite.php(44): require_once('C:\\xampp\\htdocs...')
#15 {main}
CRITICAL - 2025-10-10 12:57:56 --> CodeIgniter\Database\Exceptions\DatabaseException: Unknown column 'enrollments.enrollment_date' in 'field list'
[Method: GET, Route: student/enrollments]
in SYSTEMPATH\Database\BaseConnection.php on line 684.
 1 SYSTEMPATH\Database\BaseBuilder.php(1649): CodeIgniter\Database\BaseConnection->query('SELECT `enrollments`.*, `courses`.`id` as `course_id`, `courses`.`title`, `courses`.`description`, `enrollments`.`enrollment_date`
FROM `enrollments`
INNER JOIN `courses` ON `courses`.`id` = `enrollments`.`course_id`
WHERE `enrollments`.`user_id` = :enrollments.user_id:
ORDER BY `enrollment_date` DESC', [...], false)
 2 SYSTEMPATH\Model.php(286): CodeIgniter\Database\BaseBuilder->get()
 3 SYSTEMPATH\BaseModel.php(677): CodeIgniter\Model->doFindAll(0, 0)
 4 APPPATH\Models\EnrollmentModel.php(31): CodeIgniter\BaseModel->findAll()
 5 APPPATH\Controllers\Student\Enrollments.php(24): App\Models\EnrollmentModel->getUserEnrollments(11)
 6 SYSTEMPATH\CodeIgniter.php(933): App\Controllers\Student\Enrollments->index()
 7 SYSTEMPATH\CodeIgniter.php(507): CodeIgniter\CodeIgniter->runController(Object(App\Controllers\Student\Enrollments))
 8 SYSTEMPATH\CodeIgniter.php(354): CodeIgniter\CodeIgniter->handleRequest(null, Object(Config\Cache), false)
 9 SYSTEMPATH\Boot.php(363): CodeIgniter\CodeIgniter->run()
10 SYSTEMPATH\Boot.php(68): CodeIgniter\Boot::runCodeIgniter(Object(CodeIgniter\CodeIgniter))
11 FCPATH\index.php(59): CodeIgniter\Boot::bootWeb(Object(Config\Paths))
12 SYSTEMPATH\rewrite.php(44): require_once('C:\\xampp\\htdocs\\ITE311-CASTILLO\\public\\index.php')
CRITICAL - 2025-10-10 12:57:56 --> [Caused by] CodeIgniter\Database\Exceptions\DatabaseException: Unknown column 'enrollments.enrollment_date' in 'field list'
in SYSTEMPATH\Database\MySQLi\Connection.php on line 332.
 1 SYSTEMPATH\Database\BaseConnection.php(729): CodeIgniter\Database\MySQLi\Connection->execute('SELECT `enrollments`.*, `courses`.`id` as `course_id`, `courses`.`title`, `courses`.`description`, `enrollments`.`enrollment_date`
FROM `enrollments`
INNER JOIN `courses` ON `courses`.`id` = `enrollments`.`course_id`
WHERE `enrollments`.`user_id` = 11
ORDER BY `enrollment_date` DESC')
 2 SYSTEMPATH\Database\BaseConnection.php(646): CodeIgniter\Database\BaseConnection->simpleQuery('SELECT `enrollments`.*, `courses`.`id` as `course_id`, `courses`.`title`, `courses`.`description`, `enrollments`.`enrollment_date`
FROM `enrollments`
INNER JOIN `courses` ON `courses`.`id` = `enrollments`.`course_id`
WHERE `enrollments`.`user_id` = 11
ORDER BY `enrollment_date` DESC')
 3 SYSTEMPATH\Database\BaseBuilder.php(1649): CodeIgniter\Database\BaseConnection->query('SELECT `enrollments`.*, `courses`.`id` as `course_id`, `courses`.`title`, `courses`.`description`, `enrollments`.`enrollment_date`
FROM `enrollments`
INNER JOIN `courses` ON `courses`.`id` = `enrollments`.`course_id`
WHERE `enrollments`.`user_id` = :enrollments.user_id:
ORDER BY `enrollment_date` DESC', [...], false)
 4 SYSTEMPATH\Model.php(286): CodeIgniter\Database\BaseBuilder->get()
 5 SYSTEMPATH\BaseModel.php(677): CodeIgniter\Model->doFindAll(0, 0)
 6 APPPATH\Models\EnrollmentModel.php(31): CodeIgniter\BaseModel->findAll()
 7 APPPATH\Controllers\Student\Enrollments.php(24): App\Models\EnrollmentModel->getUserEnrollments(11)
 8 SYSTEMPATH\CodeIgniter.php(933): App\Controllers\Student\Enrollments->index()
 9 SYSTEMPATH\CodeIgniter.php(507): CodeIgniter\CodeIgniter->runController(Object(App\Controllers\Student\Enrollments))
10 SYSTEMPATH\CodeIgniter.php(354): CodeIgniter\CodeIgniter->handleRequest(null, Object(Config\Cache), false)
11 SYSTEMPATH\Boot.php(363): CodeIgniter\CodeIgniter->run()
12 SYSTEMPATH\Boot.php(68): CodeIgniter\Boot::runCodeIgniter(Object(CodeIgniter\CodeIgniter))
13 FCPATH\index.php(59): CodeIgniter\Boot::bootWeb(Object(Config\Paths))
14 SYSTEMPATH\rewrite.php(44): require_once('C:\\xampp\\htdocs\\ITE311-CASTILLO\\public\\index.php')
CRITICAL - 2025-10-10 12:57:56 --> [Caused by] mysqli_sql_exception: Unknown column 'enrollments.enrollment_date' in 'field list'
in SYSTEMPATH\Database\MySQLi\Connection.php on line 327.
 1 SYSTEMPATH\Database\MySQLi\Connection.php(327): mysqli->query('SELECT `enrollments`.*, `courses`.`id` as `course_id`, `courses`.`title`, `courses`.`description`, `enrollments`.`enrollment_date`
FROM `enrollments`
INNER JOIN `courses` ON `courses`.`id` = `enrollments`.`course_id`
WHERE `enrollments`.`user_id` = 11
ORDER BY `enrollment_date` DESC', 0)
 2 SYSTEMPATH\Database\BaseConnection.php(729): CodeIgniter\Database\MySQLi\Connection->execute('SELECT `enrollments`.*, `courses`.`id` as `course_id`, `courses`.`title`, `courses`.`description`, `enrollments`.`enrollment_date`
FROM `enrollments`
INNER JOIN `courses` ON `courses`.`id` = `enrollments`.`course_id`
WHERE `enrollments`.`user_id` = 11
ORDER BY `enrollment_date` DESC')
 3 SYSTEMPATH\Database\BaseConnection.php(646): CodeIgniter\Database\BaseConnection->simpleQuery('SELECT `enrollments`.*, `courses`.`id` as `course_id`, `courses`.`title`, `courses`.`description`, `enrollments`.`enrollment_date`
FROM `enrollments`
INNER JOIN `courses` ON `courses`.`id` = `enrollments`.`course_id`
WHERE `enrollments`.`user_id` = 11
ORDER BY `enrollment_date` DESC')
 4 SYSTEMPATH\Database\BaseBuilder.php(1649): CodeIgniter\Database\BaseConnection->query('SELECT `enrollments`.*, `courses`.`id` as `course_id`, `courses`.`title`, `courses`.`description`, `enrollments`.`enrollment_date`
FROM `enrollments`
INNER JOIN `courses` ON `courses`.`id` = `enrollments`.`course_id`
WHERE `enrollments`.`user_id` = :enrollments.user_id:
ORDER BY `enrollment_date` DESC', [...], false)
 5 SYSTEMPATH\Model.php(286): CodeIgniter\Database\BaseBuilder->get()
 6 SYSTEMPATH\BaseModel.php(677): CodeIgniter\Model->doFindAll(0, 0)
 7 APPPATH\Models\EnrollmentModel.php(31): CodeIgniter\BaseModel->findAll()
 8 APPPATH\Controllers\Student\Enrollments.php(24): App\Models\EnrollmentModel->getUserEnrollments(11)
 9 SYSTEMPATH\CodeIgniter.php(933): App\Controllers\Student\Enrollments->index()
10 SYSTEMPATH\CodeIgniter.php(507): CodeIgniter\CodeIgniter->runController(Object(App\Controllers\Student\Enrollments))
11 SYSTEMPATH\CodeIgniter.php(354): CodeIgniter\CodeIgniter->handleRequest(null, Object(Config\Cache), false)
12 SYSTEMPATH\Boot.php(363): CodeIgniter\CodeIgniter->run()
13 SYSTEMPATH\Boot.php(68): CodeIgniter\Boot::runCodeIgniter(Object(CodeIgniter\CodeIgniter))
14 FCPATH\index.php(59): CodeIgniter\Boot::bootWeb(Object(Config\Paths))
15 SYSTEMPATH\rewrite.php(44): require_once('C:\\xampp\\htdocs\\ITE311-CASTILLO\\public\\index.php')
ERROR - 2025-10-10 12:58:20 --> mysqli_sql_exception: Unknown column 'enrollments.enrollment_date' in 'field list' in C:\xampp\htdocs\ITE311-CASTILLO\system\Database\MySQLi\Connection.php:327
Stack trace:
#0 C:\xampp\htdocs\ITE311-CASTILLO\system\Database\MySQLi\Connection.php(327): mysqli->query('SELECT `enrollm...', 0)
#1 C:\xampp\htdocs\ITE311-CASTILLO\system\Database\BaseConnection.php(729): CodeIgniter\Database\MySQLi\Connection->execute('SELECT `enrollm...')
#2 C:\xampp\htdocs\ITE311-CASTILLO\system\Database\BaseConnection.php(646): CodeIgniter\Database\BaseConnection->simpleQuery('SELECT `enrollm...')
#3 C:\xampp\htdocs\ITE311-CASTILLO\system\Database\BaseBuilder.php(1649): CodeIgniter\Database\BaseConnection->query('SELECT `enrollm...', Array, false)
#4 C:\xampp\htdocs\ITE311-CASTILLO\system\Model.php(286): CodeIgniter\Database\BaseBuilder->get()
#5 C:\xampp\htdocs\ITE311-CASTILLO\system\BaseModel.php(677): CodeIgniter\Model->doFindAll(0, 0)
#6 C:\xampp\htdocs\ITE311-CASTILLO\app\Models\EnrollmentModel.php(31): CodeIgniter\BaseModel->findAll()
#7 C:\xampp\htdocs\ITE311-CASTILLO\app\Controllers\Student\Enrollments.php(24): App\Models\EnrollmentModel->getUserEnrollments(11)
#8 C:\xampp\htdocs\ITE311-CASTILLO\system\CodeIgniter.php(933): App\Controllers\Student\Enrollments->index()
#9 C:\xampp\htdocs\ITE311-CASTILLO\system\CodeIgniter.php(507): CodeIgniter\CodeIgniter->runController(Object(App\Controllers\Student\Enrollments))
#10 C:\xampp\htdocs\ITE311-CASTILLO\system\CodeIgniter.php(354): CodeIgniter\CodeIgniter->handleRequest(NULL, Object(Config\Cache), false)
#11 C:\xampp\htdocs\ITE311-CASTILLO\system\Boot.php(363): CodeIgniter\CodeIgniter->run()
#12 C:\xampp\htdocs\ITE311-CASTILLO\system\Boot.php(68): CodeIgniter\Boot::runCodeIgniter(Object(CodeIgniter\CodeIgniter))
#13 C:\xampp\htdocs\ITE311-CASTILLO\public\index.php(59): CodeIgniter\Boot::bootWeb(Object(Config\Paths))
#14 C:\xampp\htdocs\ITE311-CASTILLO\system\rewrite.php(44): require_once('C:\\xampp\\htdocs...')
#15 {main}
CRITICAL - 2025-10-10 12:58:20 --> CodeIgniter\Database\Exceptions\DatabaseException: Unknown column 'enrollments.enrollment_date' in 'field list'
[Method: GET, Route: student/enrollments]
in SYSTEMPATH\Database\BaseConnection.php on line 684.
 1 SYSTEMPATH\Database\BaseBuilder.php(1649): CodeIgniter\Database\BaseConnection->query('SELECT `enrollments`.*, `courses`.`id` as `course_id`, `courses`.`title`, `courses`.`description`, `enrollments`.`enrollment_date`
FROM `enrollments`
INNER JOIN `courses` ON `courses`.`id` = `enrollments`.`course_id`
WHERE `enrollments`.`user_id` = :enrollments.user_id:
ORDER BY `enrollment_date` DESC', [...], false)
 2 SYSTEMPATH\Model.php(286): CodeIgniter\Database\BaseBuilder->get()
 3 SYSTEMPATH\BaseModel.php(677): CodeIgniter\Model->doFindAll(0, 0)
 4 APPPATH\Models\EnrollmentModel.php(31): CodeIgniter\BaseModel->findAll()
 5 APPPATH\Controllers\Student\Enrollments.php(24): App\Models\EnrollmentModel->getUserEnrollments(11)
 6 SYSTEMPATH\CodeIgniter.php(933): App\Controllers\Student\Enrollments->index()
 7 SYSTEMPATH\CodeIgniter.php(507): CodeIgniter\CodeIgniter->runController(Object(App\Controllers\Student\Enrollments))
 8 SYSTEMPATH\CodeIgniter.php(354): CodeIgniter\CodeIgniter->handleRequest(null, Object(Config\Cache), false)
 9 SYSTEMPATH\Boot.php(363): CodeIgniter\CodeIgniter->run()
10 SYSTEMPATH\Boot.php(68): CodeIgniter\Boot::runCodeIgniter(Object(CodeIgniter\CodeIgniter))
11 FCPATH\index.php(59): CodeIgniter\Boot::bootWeb(Object(Config\Paths))
12 SYSTEMPATH\rewrite.php(44): require_once('C:\\xampp\\htdocs\\ITE311-CASTILLO\\public\\index.php')
CRITICAL - 2025-10-10 12:58:20 --> [Caused by] CodeIgniter\Database\Exceptions\DatabaseException: Unknown column 'enrollments.enrollment_date' in 'field list'
in SYSTEMPATH\Database\MySQLi\Connection.php on line 332.
 1 SYSTEMPATH\Database\BaseConnection.php(729): CodeIgniter\Database\MySQLi\Connection->execute('SELECT `enrollments`.*, `courses`.`id` as `course_id`, `courses`.`title`, `courses`.`description`, `enrollments`.`enrollment_date`
FROM `enrollments`
INNER JOIN `courses` ON `courses`.`id` = `enrollments`.`course_id`
WHERE `enrollments`.`user_id` = 11
ORDER BY `enrollment_date` DESC')
 2 SYSTEMPATH\Database\BaseConnection.php(646): CodeIgniter\Database\BaseConnection->simpleQuery('SELECT `enrollments`.*, `courses`.`id` as `course_id`, `courses`.`title`, `courses`.`description`, `enrollments`.`enrollment_date`
FROM `enrollments`
INNER JOIN `courses` ON `courses`.`id` = `enrollments`.`course_id`
WHERE `enrollments`.`user_id` = 11
ORDER BY `enrollment_date` DESC')
 3 SYSTEMPATH\Database\BaseBuilder.php(1649): CodeIgniter\Database\BaseConnection->query('SELECT `enrollments`.*, `courses`.`id` as `course_id`, `courses`.`title`, `courses`.`description`, `enrollments`.`enrollment_date`
FROM `enrollments`
INNER JOIN `courses` ON `courses`.`id` = `enrollments`.`course_id`
WHERE `enrollments`.`user_id` = :enrollments.user_id:
ORDER BY `enrollment_date` DESC', [...], false)
 4 SYSTEMPATH\Model.php(286): CodeIgniter\Database\BaseBuilder->get()
 5 SYSTEMPATH\BaseModel.php(677): CodeIgniter\Model->doFindAll(0, 0)
 6 APPPATH\Models\EnrollmentModel.php(31): CodeIgniter\BaseModel->findAll()
 7 APPPATH\Controllers\Student\Enrollments.php(24): App\Models\EnrollmentModel->getUserEnrollments(11)
 8 SYSTEMPATH\CodeIgniter.php(933): App\Controllers\Student\Enrollments->index()
 9 SYSTEMPATH\CodeIgniter.php(507): CodeIgniter\CodeIgniter->runController(Object(App\Controllers\Student\Enrollments))
10 SYSTEMPATH\CodeIgniter.php(354): CodeIgniter\CodeIgniter->handleRequest(null, Object(Config\Cache), false)
11 SYSTEMPATH\Boot.php(363): CodeIgniter\CodeIgniter->run()
12 SYSTEMPATH\Boot.php(68): CodeIgniter\Boot::runCodeIgniter(Object(CodeIgniter\CodeIgniter))
13 FCPATH\index.php(59): CodeIgniter\Boot::bootWeb(Object(Config\Paths))
14 SYSTEMPATH\rewrite.php(44): require_once('C:\\xampp\\htdocs\\ITE311-CASTILLO\\public\\index.php')
CRITICAL - 2025-10-10 12:58:20 --> [Caused by] mysqli_sql_exception: Unknown column 'enrollments.enrollment_date' in 'field list'
in SYSTEMPATH\Database\MySQLi\Connection.php on line 327.
 1 SYSTEMPATH\Database\MySQLi\Connection.php(327): mysqli->query('SELECT `enrollments`.*, `courses`.`id` as `course_id`, `courses`.`title`, `courses`.`description`, `enrollments`.`enrollment_date`
FROM `enrollments`
INNER JOIN `courses` ON `courses`.`id` = `enrollments`.`course_id`
WHERE `enrollments`.`user_id` = 11
ORDER BY `enrollment_date` DESC', 0)
 2 SYSTEMPATH\Database\BaseConnection.php(729): CodeIgniter\Database\MySQLi\Connection->execute('SELECT `enrollments`.*, `courses`.`id` as `course_id`, `courses`.`title`, `courses`.`description`, `enrollments`.`enrollment_date`
FROM `enrollments`
INNER JOIN `courses` ON `courses`.`id` = `enrollments`.`course_id`
WHERE `enrollments`.`user_id` = 11
ORDER BY `enrollment_date` DESC')
 3 SYSTEMPATH\Database\BaseConnection.php(646): CodeIgniter\Database\BaseConnection->simpleQuery('SELECT `enrollments`.*, `courses`.`id` as `course_id`, `courses`.`title`, `courses`.`description`, `enrollments`.`enrollment_date`
FROM `enrollments`
INNER JOIN `courses` ON `courses`.`id` = `enrollments`.`course_id`
WHERE `enrollments`.`user_id` = 11
ORDER BY `enrollment_date` DESC')
 4 SYSTEMPATH\Database\BaseBuilder.php(1649): CodeIgniter\Database\BaseConnection->query('SELECT `enrollments`.*, `courses`.`id` as `course_id`, `courses`.`title`, `courses`.`description`, `enrollments`.`enrollment_date`
FROM `enrollments`
INNER JOIN `courses` ON `courses`.`id` = `enrollments`.`course_id`
WHERE `enrollments`.`user_id` = :enrollments.user_id:
ORDER BY `enrollment_date` DESC', [...], false)
 5 SYSTEMPATH\Model.php(286): CodeIgniter\Database\BaseBuilder->get()
 6 SYSTEMPATH\BaseModel.php(677): CodeIgniter\Model->doFindAll(0, 0)
 7 APPPATH\Models\EnrollmentModel.php(31): CodeIgniter\BaseModel->findAll()
 8 APPPATH\Controllers\Student\Enrollments.php(24): App\Models\EnrollmentModel->getUserEnrollments(11)
 9 SYSTEMPATH\CodeIgniter.php(933): App\Controllers\Student\Enrollments->index()
10 SYSTEMPATH\CodeIgniter.php(507): CodeIgniter\CodeIgniter->runController(Object(App\Controllers\Student\Enrollments))
11 SYSTEMPATH\CodeIgniter.php(354): CodeIgniter\CodeIgniter->handleRequest(null, Object(Config\Cache), false)
12 SYSTEMPATH\Boot.php(363): CodeIgniter\CodeIgniter->run()
13 SYSTEMPATH\Boot.php(68): CodeIgniter\Boot::runCodeIgniter(Object(CodeIgniter\CodeIgniter))
14 FCPATH\index.php(59): CodeIgniter\Boot::bootWeb(Object(Config\Paths))
15 SYSTEMPATH\rewrite.php(44): require_once('C:\\xampp\\htdocs\\ITE311-CASTILLO\\public\\index.php')
ERROR - 2025-10-10 12:59:55 --> mysqli_sql_exception: Unknown column 'enrollments.enrollment_date' in 'field list' in C:\xampp\htdocs\ITE311-CASTILLO\system\Database\MySQLi\Connection.php:327
Stack trace:
#0 C:\xampp\htdocs\ITE311-CASTILLO\system\Database\MySQLi\Connection.php(327): mysqli->query('SELECT `enrollm...', 0)
#1 C:\xampp\htdocs\ITE311-CASTILLO\system\Database\BaseConnection.php(729): CodeIgniter\Database\MySQLi\Connection->execute('SELECT `enrollm...')
#2 C:\xampp\htdocs\ITE311-CASTILLO\system\Database\BaseConnection.php(646): CodeIgniter\Database\BaseConnection->simpleQuery('SELECT `enrollm...')
#3 C:\xampp\htdocs\ITE311-CASTILLO\system\Database\BaseBuilder.php(1649): CodeIgniter\Database\BaseConnection->query('SELECT `enrollm...', Array, false)
#4 C:\xampp\htdocs\ITE311-CASTILLO\system\Model.php(286): CodeIgniter\Database\BaseBuilder->get()
#5 C:\xampp\htdocs\ITE311-CASTILLO\system\BaseModel.php(677): CodeIgniter\Model->doFindAll(0, 0)
#6 C:\xampp\htdocs\ITE311-CASTILLO\app\Models\EnrollmentModel.php(31): CodeIgniter\BaseModel->findAll()
#7 C:\xampp\htdocs\ITE311-CASTILLO\app\Controllers\Student\Enrollments.php(24): App\Models\EnrollmentModel->getUserEnrollments(11)
#8 C:\xampp\htdocs\ITE311-CASTILLO\system\CodeIgniter.php(933): App\Controllers\Student\Enrollments->index()
#9 C:\xampp\htdocs\ITE311-CASTILLO\system\CodeIgniter.php(507): CodeIgniter\CodeIgniter->runController(Object(App\Controllers\Student\Enrollments))
#10 C:\xampp\htdocs\ITE311-CASTILLO\system\CodeIgniter.php(354): CodeIgniter\CodeIgniter->handleRequest(NULL, Object(Config\Cache), false)
#11 C:\xampp\htdocs\ITE311-CASTILLO\system\Boot.php(363): CodeIgniter\CodeIgniter->run()
#12 C:\xampp\htdocs\ITE311-CASTILLO\system\Boot.php(68): CodeIgniter\Boot::runCodeIgniter(Object(CodeIgniter\CodeIgniter))
#13 C:\xampp\htdocs\ITE311-CASTILLO\public\index.php(59): CodeIgniter\Boot::bootWeb(Object(Config\Paths))
#14 C:\xampp\htdocs\ITE311-CASTILLO\system\rewrite.php(44): require_once('C:\\xampp\\htdocs...')
#15 {main}
CRITICAL - 2025-10-10 12:59:55 --> CodeIgniter\Database\Exceptions\DatabaseException: Unknown column 'enrollments.enrollment_date' in 'field list'
[Method: GET, Route: student/enrollments]
in SYSTEMPATH\Database\BaseConnection.php on line 684.
 1 SYSTEMPATH\Database\BaseBuilder.php(1649): CodeIgniter\Database\BaseConnection->query('SELECT `enrollments`.*, `courses`.`id` as `course_id`, `courses`.`title`, `courses`.`description`, `enrollments`.`enrollment_date`
FROM `enrollments`
INNER JOIN `courses` ON `courses`.`id` = `enrollments`.`course_id`
WHERE `enrollments`.`user_id` = :enrollments.user_id:
ORDER BY `enrollment_date` DESC', [...], false)
 2 SYSTEMPATH\Model.php(286): CodeIgniter\Database\BaseBuilder->get()
 3 SYSTEMPATH\BaseModel.php(677): CodeIgniter\Model->doFindAll(0, 0)
 4 APPPATH\Models\EnrollmentModel.php(31): CodeIgniter\BaseModel->findAll()
 5 APPPATH\Controllers\Student\Enrollments.php(24): App\Models\EnrollmentModel->getUserEnrollments(11)
 6 SYSTEMPATH\CodeIgniter.php(933): App\Controllers\Student\Enrollments->index()
 7 SYSTEMPATH\CodeIgniter.php(507): CodeIgniter\CodeIgniter->runController(Object(App\Controllers\Student\Enrollments))
 8 SYSTEMPATH\CodeIgniter.php(354): CodeIgniter\CodeIgniter->handleRequest(null, Object(Config\Cache), false)
 9 SYSTEMPATH\Boot.php(363): CodeIgniter\CodeIgniter->run()
10 SYSTEMPATH\Boot.php(68): CodeIgniter\Boot::runCodeIgniter(Object(CodeIgniter\CodeIgniter))
11 FCPATH\index.php(59): CodeIgniter\Boot::bootWeb(Object(Config\Paths))
12 SYSTEMPATH\rewrite.php(44): require_once('C:\\xampp\\htdocs\\ITE311-CASTILLO\\public\\index.php')
CRITICAL - 2025-10-10 12:59:55 --> [Caused by] CodeIgniter\Database\Exceptions\DatabaseException: Unknown column 'enrollments.enrollment_date' in 'field list'
in SYSTEMPATH\Database\MySQLi\Connection.php on line 332.
 1 SYSTEMPATH\Database\BaseConnection.php(729): CodeIgniter\Database\MySQLi\Connection->execute('SELECT `enrollments`.*, `courses`.`id` as `course_id`, `courses`.`title`, `courses`.`description`, `enrollments`.`enrollment_date`
FROM `enrollments`
INNER JOIN `courses` ON `courses`.`id` = `enrollments`.`course_id`
WHERE `enrollments`.`user_id` = 11
ORDER BY `enrollment_date` DESC')
 2 SYSTEMPATH\Database\BaseConnection.php(646): CodeIgniter\Database\BaseConnection->simpleQuery('SELECT `enrollments`.*, `courses`.`id` as `course_id`, `courses`.`title`, `courses`.`description`, `enrollments`.`enrollment_date`
FROM `enrollments`
INNER JOIN `courses` ON `courses`.`id` = `enrollments`.`course_id`
WHERE `enrollments`.`user_id` = 11
ORDER BY `enrollment_date` DESC')
 3 SYSTEMPATH\Database\BaseBuilder.php(1649): CodeIgniter\Database\BaseConnection->query('SELECT `enrollments`.*, `courses`.`id` as `course_id`, `courses`.`title`, `courses`.`description`, `enrollments`.`enrollment_date`
FROM `enrollments`
INNER JOIN `courses` ON `courses`.`id` = `enrollments`.`course_id`
WHERE `enrollments`.`user_id` = :enrollments.user_id:
ORDER BY `enrollment_date` DESC', [...], false)
 4 SYSTEMPATH\Model.php(286): CodeIgniter\Database\BaseBuilder->get()
 5 SYSTEMPATH\BaseModel.php(677): CodeIgniter\Model->doFindAll(0, 0)
 6 APPPATH\Models\EnrollmentModel.php(31): CodeIgniter\BaseModel->findAll()
 7 APPPATH\Controllers\Student\Enrollments.php(24): App\Models\EnrollmentModel->getUserEnrollments(11)
 8 SYSTEMPATH\CodeIgniter.php(933): App\Controllers\Student\Enrollments->index()
 9 SYSTEMPATH\CodeIgniter.php(507): CodeIgniter\CodeIgniter->runController(Object(App\Controllers\Student\Enrollments))
10 SYSTEMPATH\CodeIgniter.php(354): CodeIgniter\CodeIgniter->handleRequest(null, Object(Config\Cache), false)
11 SYSTEMPATH\Boot.php(363): CodeIgniter\CodeIgniter->run()
12 SYSTEMPATH\Boot.php(68): CodeIgniter\Boot::runCodeIgniter(Object(CodeIgniter\CodeIgniter))
13 FCPATH\index.php(59): CodeIgniter\Boot::bootWeb(Object(Config\Paths))
14 SYSTEMPATH\rewrite.php(44): require_once('C:\\xampp\\htdocs\\ITE311-CASTILLO\\public\\index.php')
CRITICAL - 2025-10-10 12:59:55 --> [Caused by] mysqli_sql_exception: Unknown column 'enrollments.enrollment_date' in 'field list'
in SYSTEMPATH\Database\MySQLi\Connection.php on line 327.
 1 SYSTEMPATH\Database\MySQLi\Connection.php(327): mysqli->query('SELECT `enrollments`.*, `courses`.`id` as `course_id`, `courses`.`title`, `courses`.`description`, `enrollments`.`enrollment_date`
FROM `enrollments`
INNER JOIN `courses` ON `courses`.`id` = `enrollments`.`course_id`
WHERE `enrollments`.`user_id` = 11
ORDER BY `enrollment_date` DESC', 0)
 2 SYSTEMPATH\Database\BaseConnection.php(729): CodeIgniter\Database\MySQLi\Connection->execute('SELECT `enrollments`.*, `courses`.`id` as `course_id`, `courses`.`title`, `courses`.`description`, `enrollments`.`enrollment_date`
FROM `enrollments`
INNER JOIN `courses` ON `courses`.`id` = `enrollments`.`course_id`
WHERE `enrollments`.`user_id` = 11
ORDER BY `enrollment_date` DESC')
 3 SYSTEMPATH\Database\BaseConnection.php(646): CodeIgniter\Database\BaseConnection->simpleQuery('SELECT `enrollments`.*, `courses`.`id` as `course_id`, `courses`.`title`, `courses`.`description`, `enrollments`.`enrollment_date`
FROM `enrollments`
INNER JOIN `courses` ON `courses`.`id` = `enrollments`.`course_id`
WHERE `enrollments`.`user_id` = 11
ORDER BY `enrollment_date` DESC')
 4 SYSTEMPATH\Database\BaseBuilder.php(1649): CodeIgniter\Database\BaseConnection->query('SELECT `enrollments`.*, `courses`.`id` as `course_id`, `courses`.`title`, `courses`.`description`, `enrollments`.`enrollment_date`
FROM `enrollments`
INNER JOIN `courses` ON `courses`.`id` = `enrollments`.`course_id`
WHERE `enrollments`.`user_id` = :enrollments.user_id:
ORDER BY `enrollment_date` DESC', [...], false)
 5 SYSTEMPATH\Model.php(286): CodeIgniter\Database\BaseBuilder->get()
 6 SYSTEMPATH\BaseModel.php(677): CodeIgniter\Model->doFindAll(0, 0)
 7 APPPATH\Models\EnrollmentModel.php(31): CodeIgniter\BaseModel->findAll()
 8 APPPATH\Controllers\Student\Enrollments.php(24): App\Models\EnrollmentModel->getUserEnrollments(11)
 9 SYSTEMPATH\CodeIgniter.php(933): App\Controllers\Student\Enrollments->index()
10 SYSTEMPATH\CodeIgniter.php(507): CodeIgniter\CodeIgniter->runController(Object(App\Controllers\Student\Enrollments))
11 SYSTEMPATH\CodeIgniter.php(354): CodeIgniter\CodeIgniter->handleRequest(null, Object(Config\Cache), false)
12 SYSTEMPATH\Boot.php(363): CodeIgniter\CodeIgniter->run()
13 SYSTEMPATH\Boot.php(68): CodeIgniter\Boot::runCodeIgniter(Object(CodeIgniter\CodeIgniter))
14 FCPATH\index.php(59): CodeIgniter\Boot::bootWeb(Object(Config\Paths))
15 SYSTEMPATH\rewrite.php(44): require_once('C:\\xampp\\htdocs\\ITE311-CASTILLO\\public\\index.php')
ERROR - 2025-10-10 13:00:06 --> mysqli_sql_exception: Unknown column 'enrollments.enrollment_date' in 'field list' in C:\xampp\htdocs\ITE311-CASTILLO\system\Database\MySQLi\Connection.php:327
Stack trace:
#0 C:\xampp\htdocs\ITE311-CASTILLO\system\Database\MySQLi\Connection.php(327): mysqli->query('SELECT `enrollm...', 0)
#1 C:\xampp\htdocs\ITE311-CASTILLO\system\Database\BaseConnection.php(729): CodeIgniter\Database\MySQLi\Connection->execute('SELECT `enrollm...')
#2 C:\xampp\htdocs\ITE311-CASTILLO\system\Database\BaseConnection.php(646): CodeIgniter\Database\BaseConnection->simpleQuery('SELECT `enrollm...')
#3 C:\xampp\htdocs\ITE311-CASTILLO\system\Database\BaseBuilder.php(1649): CodeIgniter\Database\BaseConnection->query('SELECT `enrollm...', Array, false)
#4 C:\xampp\htdocs\ITE311-CASTILLO\system\Model.php(286): CodeIgniter\Database\BaseBuilder->get()
#5 C:\xampp\htdocs\ITE311-CASTILLO\system\BaseModel.php(677): CodeIgniter\Model->doFindAll(0, 0)
#6 C:\xampp\htdocs\ITE311-CASTILLO\app\Models\EnrollmentModel.php(31): CodeIgniter\BaseModel->findAll()
#7 C:\xampp\htdocs\ITE311-CASTILLO\app\Controllers\Auth.php(148): App\Models\EnrollmentModel->getUserEnrollments(11)
#8 C:\xampp\htdocs\ITE311-CASTILLO\system\CodeIgniter.php(933): App\Controllers\Auth->dashboard()
#9 C:\xampp\htdocs\ITE311-CASTILLO\system\CodeIgniter.php(507): CodeIgniter\CodeIgniter->runController(Object(App\Controllers\Auth))
#10 C:\xampp\htdocs\ITE311-CASTILLO\system\CodeIgniter.php(354): CodeIgniter\CodeIgniter->handleRequest(NULL, Object(Config\Cache), false)
#11 C:\xampp\htdocs\ITE311-CASTILLO\system\Boot.php(363): CodeIgniter\CodeIgniter->run()
#12 C:\xampp\htdocs\ITE311-CASTILLO\system\Boot.php(68): CodeIgniter\Boot::runCodeIgniter(Object(CodeIgniter\CodeIgniter))
#13 C:\xampp\htdocs\ITE311-CASTILLO\public\index.php(59): CodeIgniter\Boot::bootWeb(Object(Config\Paths))
#14 C:\xampp\htdocs\ITE311-CASTILLO\system\rewrite.php(44): require_once('C:\\xampp\\htdocs...')
#15 {main}
ERROR - 2025-10-10 13:00:06 --> Error fetching enrolled courses: Unknown column 'enrollments.enrollment_date' in 'field list'
ERROR - 2025-10-10 13:00:07 --> mysqli_sql_exception: Unknown column 'enrollments.enrollment_date' in 'field list' in C:\xampp\htdocs\ITE311-CASTILLO\system\Database\MySQLi\Connection.php:327
Stack trace:
#0 C:\xampp\htdocs\ITE311-CASTILLO\system\Database\MySQLi\Connection.php(327): mysqli->query('SELECT `enrollm...', 0)
#1 C:\xampp\htdocs\ITE311-CASTILLO\system\Database\BaseConnection.php(729): CodeIgniter\Database\MySQLi\Connection->execute('SELECT `enrollm...')
#2 C:\xampp\htdocs\ITE311-CASTILLO\system\Database\BaseConnection.php(646): CodeIgniter\Database\BaseConnection->simpleQuery('SELECT `enrollm...')
#3 C:\xampp\htdocs\ITE311-CASTILLO\system\Database\BaseBuilder.php(1649): CodeIgniter\Database\BaseConnection->query('SELECT `enrollm...', Array, false)
#4 C:\xampp\htdocs\ITE311-CASTILLO\system\Model.php(286): CodeIgniter\Database\BaseBuilder->get()
#5 C:\xampp\htdocs\ITE311-CASTILLO\system\BaseModel.php(677): CodeIgniter\Model->doFindAll(0, 0)
#6 C:\xampp\htdocs\ITE311-CASTILLO\app\Models\EnrollmentModel.php(31): CodeIgniter\BaseModel->findAll()
#7 C:\xampp\htdocs\ITE311-CASTILLO\app\Controllers\Auth.php(148): App\Models\EnrollmentModel->getUserEnrollments(11)
#8 C:\xampp\htdocs\ITE311-CASTILLO\system\CodeIgniter.php(933): App\Controllers\Auth->dashboard()
#9 C:\xampp\htdocs\ITE311-CASTILLO\system\CodeIgniter.php(507): CodeIgniter\CodeIgniter->runController(Object(App\Controllers\Auth))
#10 C:\xampp\htdocs\ITE311-CASTILLO\system\CodeIgniter.php(354): CodeIgniter\CodeIgniter->handleRequest(NULL, Object(Config\Cache), false)
#11 C:\xampp\htdocs\ITE311-CASTILLO\system\Boot.php(363): CodeIgniter\CodeIgniter->run()
#12 C:\xampp\htdocs\ITE311-CASTILLO\system\Boot.php(68): CodeIgniter\Boot::runCodeIgniter(Object(CodeIgniter\CodeIgniter))
#13 C:\xampp\htdocs\ITE311-CASTILLO\public\index.php(59): CodeIgniter\Boot::bootWeb(Object(Config\Paths))
#14 C:\xampp\htdocs\ITE311-CASTILLO\system\rewrite.php(44): require_once('C:\\xampp\\htdocs...')
#15 {main}
ERROR - 2025-10-10 13:00:07 --> Error fetching enrolled courses: Unknown column 'enrollments.enrollment_date' in 'field list'
ERROR - 2025-10-10 13:00:07 --> mysqli_sql_exception: Unknown column 'enrollments.enrollment_date' in 'field list' in C:\xampp\htdocs\ITE311-CASTILLO\system\Database\MySQLi\Connection.php:327
Stack trace:
#0 C:\xampp\htdocs\ITE311-CASTILLO\system\Database\MySQLi\Connection.php(327): mysqli->query('SELECT `enrollm...', 0)
#1 C:\xampp\htdocs\ITE311-CASTILLO\system\Database\BaseConnection.php(729): CodeIgniter\Database\MySQLi\Connection->execute('SELECT `enrollm...')
#2 C:\xampp\htdocs\ITE311-CASTILLO\system\Database\BaseConnection.php(646): CodeIgniter\Database\BaseConnection->simpleQuery('SELECT `enrollm...')
#3 C:\xampp\htdocs\ITE311-CASTILLO\system\Database\BaseBuilder.php(1649): CodeIgniter\Database\BaseConnection->query('SELECT `enrollm...', Array, false)
#4 C:\xampp\htdocs\ITE311-CASTILLO\system\Model.php(286): CodeIgniter\Database\BaseBuilder->get()
#5 C:\xampp\htdocs\ITE311-CASTILLO\system\BaseModel.php(677): CodeIgniter\Model->doFindAll(0, 0)
#6 C:\xampp\htdocs\ITE311-CASTILLO\app\Models\EnrollmentModel.php(31): CodeIgniter\BaseModel->findAll()
#7 C:\xampp\htdocs\ITE311-CASTILLO\app\Controllers\Student\Enrollments.php(24): App\Models\EnrollmentModel->getUserEnrollments(11)
#8 C:\xampp\htdocs\ITE311-CASTILLO\system\CodeIgniter.php(933): App\Controllers\Student\Enrollments->index()
#9 C:\xampp\htdocs\ITE311-CASTILLO\system\CodeIgniter.php(507): CodeIgniter\CodeIgniter->runController(Object(App\Controllers\Student\Enrollments))
#10 C:\xampp\htdocs\ITE311-CASTILLO\system\CodeIgniter.php(354): CodeIgniter\CodeIgniter->handleRequest(NULL, Object(Config\Cache), false)
#11 C:\xampp\htdocs\ITE311-CASTILLO\system\Boot.php(363): CodeIgniter\CodeIgniter->run()
#12 C:\xampp\htdocs\ITE311-CASTILLO\system\Boot.php(68): CodeIgniter\Boot::runCodeIgniter(Object(CodeIgniter\CodeIgniter))
#13 C:\xampp\htdocs\ITE311-CASTILLO\public\index.php(59): CodeIgniter\Boot::bootWeb(Object(Config\Paths))
#14 C:\xampp\htdocs\ITE311-CASTILLO\system\rewrite.php(44): require_once('C:\\xampp\\htdocs...')
#15 {main}
CRITICAL - 2025-10-10 13:00:07 --> CodeIgniter\Database\Exceptions\DatabaseException: Unknown column 'enrollments.enrollment_date' in 'field list'
[Method: GET, Route: student/enrollments]
in SYSTEMPATH\Database\BaseConnection.php on line 684.
 1 SYSTEMPATH\Database\BaseBuilder.php(1649): CodeIgniter\Database\BaseConnection->query('SELECT `enrollments`.*, `courses`.`id` as `course_id`, `courses`.`title`, `courses`.`description`, `enrollments`.`enrollment_date`
FROM `enrollments`
INNER JOIN `courses` ON `courses`.`id` = `enrollments`.`course_id`
WHERE `enrollments`.`user_id` = :enrollments.user_id:
ORDER BY `enrollment_date` DESC', [...], false)
 2 SYSTEMPATH\Model.php(286): CodeIgniter\Database\BaseBuilder->get()
 3 SYSTEMPATH\BaseModel.php(677): CodeIgniter\Model->doFindAll(0, 0)
 4 APPPATH\Models\EnrollmentModel.php(31): CodeIgniter\BaseModel->findAll()
 5 APPPATH\Controllers\Student\Enrollments.php(24): App\Models\EnrollmentModel->getUserEnrollments(11)
 6 SYSTEMPATH\CodeIgniter.php(933): App\Controllers\Student\Enrollments->index()
 7 SYSTEMPATH\CodeIgniter.php(507): CodeIgniter\CodeIgniter->runController(Object(App\Controllers\Student\Enrollments))
 8 SYSTEMPATH\CodeIgniter.php(354): CodeIgniter\CodeIgniter->handleRequest(null, Object(Config\Cache), false)
 9 SYSTEMPATH\Boot.php(363): CodeIgniter\CodeIgniter->run()
10 SYSTEMPATH\Boot.php(68): CodeIgniter\Boot::runCodeIgniter(Object(CodeIgniter\CodeIgniter))
11 FCPATH\index.php(59): CodeIgniter\Boot::bootWeb(Object(Config\Paths))
12 SYSTEMPATH\rewrite.php(44): require_once('C:\\xampp\\htdocs\\ITE311-CASTILLO\\public\\index.php')
CRITICAL - 2025-10-10 13:00:07 --> [Caused by] CodeIgniter\Database\Exceptions\DatabaseException: Unknown column 'enrollments.enrollment_date' in 'field list'
in SYSTEMPATH\Database\MySQLi\Connection.php on line 332.
 1 SYSTEMPATH\Database\BaseConnection.php(729): CodeIgniter\Database\MySQLi\Connection->execute('SELECT `enrollments`.*, `courses`.`id` as `course_id`, `courses`.`title`, `courses`.`description`, `enrollments`.`enrollment_date`
FROM `enrollments`
INNER JOIN `courses` ON `courses`.`id` = `enrollments`.`course_id`
WHERE `enrollments`.`user_id` = 11
ORDER BY `enrollment_date` DESC')
 2 SYSTEMPATH\Database\BaseConnection.php(646): CodeIgniter\Database\BaseConnection->simpleQuery('SELECT `enrollments`.*, `courses`.`id` as `course_id`, `courses`.`title`, `courses`.`description`, `enrollments`.`enrollment_date`
FROM `enrollments`
INNER JOIN `courses` ON `courses`.`id` = `enrollments`.`course_id`
WHERE `enrollments`.`user_id` = 11
ORDER BY `enrollment_date` DESC')
 3 SYSTEMPATH\Database\BaseBuilder.php(1649): CodeIgniter\Database\BaseConnection->query('SELECT `enrollments`.*, `courses`.`id` as `course_id`, `courses`.`title`, `courses`.`description`, `enrollments`.`enrollment_date`
FROM `enrollments`
INNER JOIN `courses` ON `courses`.`id` = `enrollments`.`course_id`
WHERE `enrollments`.`user_id` = :enrollments.user_id:
ORDER BY `enrollment_date` DESC', [...], false)
 4 SYSTEMPATH\Model.php(286): CodeIgniter\Database\BaseBuilder->get()
 5 SYSTEMPATH\BaseModel.php(677): CodeIgniter\Model->doFindAll(0, 0)
 6 APPPATH\Models\EnrollmentModel.php(31): CodeIgniter\BaseModel->findAll()
 7 APPPATH\Controllers\Student\Enrollments.php(24): App\Models\EnrollmentModel->getUserEnrollments(11)
 8 SYSTEMPATH\CodeIgniter.php(933): App\Controllers\Student\Enrollments->index()
 9 SYSTEMPATH\CodeIgniter.php(507): CodeIgniter\CodeIgniter->runController(Object(App\Controllers\Student\Enrollments))
10 SYSTEMPATH\CodeIgniter.php(354): CodeIgniter\CodeIgniter->handleRequest(null, Object(Config\Cache), false)
11 SYSTEMPATH\Boot.php(363): CodeIgniter\CodeIgniter->run()
12 SYSTEMPATH\Boot.php(68): CodeIgniter\Boot::runCodeIgniter(Object(CodeIgniter\CodeIgniter))
13 FCPATH\index.php(59): CodeIgniter\Boot::bootWeb(Object(Config\Paths))
14 SYSTEMPATH\rewrite.php(44): require_once('C:\\xampp\\htdocs\\ITE311-CASTILLO\\public\\index.php')
CRITICAL - 2025-10-10 13:00:07 --> [Caused by] mysqli_sql_exception: Unknown column 'enrollments.enrollment_date' in 'field list'
in SYSTEMPATH\Database\MySQLi\Connection.php on line 327.
 1 SYSTEMPATH\Database\MySQLi\Connection.php(327): mysqli->query('SELECT `enrollments`.*, `courses`.`id` as `course_id`, `courses`.`title`, `courses`.`description`, `enrollments`.`enrollment_date`
FROM `enrollments`
INNER JOIN `courses` ON `courses`.`id` = `enrollments`.`course_id`
WHERE `enrollments`.`user_id` = 11
ORDER BY `enrollment_date` DESC', 0)
 2 SYSTEMPATH\Database\BaseConnection.php(729): CodeIgniter\Database\MySQLi\Connection->execute('SELECT `enrollments`.*, `courses`.`id` as `course_id`, `courses`.`title`, `courses`.`description`, `enrollments`.`enrollment_date`
FROM `enrollments`
INNER JOIN `courses` ON `courses`.`id` = `enrollments`.`course_id`
WHERE `enrollments`.`user_id` = 11
ORDER BY `enrollment_date` DESC')
 3 SYSTEMPATH\Database\BaseConnection.php(646): CodeIgniter\Database\BaseConnection->simpleQuery('SELECT `enrollments`.*, `courses`.`id` as `course_id`, `courses`.`title`, `courses`.`description`, `enrollments`.`enrollment_date`
FROM `enrollments`
INNER JOIN `courses` ON `courses`.`id` = `enrollments`.`course_id`
WHERE `enrollments`.`user_id` = 11
ORDER BY `enrollment_date` DESC')
 4 SYSTEMPATH\Database\BaseBuilder.php(1649): CodeIgniter\Database\BaseConnection->query('SELECT `enrollments`.*, `courses`.`id` as `course_id`, `courses`.`title`, `courses`.`description`, `enrollments`.`enrollment_date`
FROM `enrollments`
INNER JOIN `courses` ON `courses`.`id` = `enrollments`.`course_id`
WHERE `enrollments`.`user_id` = :enrollments.user_id:
ORDER BY `enrollment_date` DESC', [...], false)
 5 SYSTEMPATH\Model.php(286): CodeIgniter\Database\BaseBuilder->get()
 6 SYSTEMPATH\BaseModel.php(677): CodeIgniter\Model->doFindAll(0, 0)
 7 APPPATH\Models\EnrollmentModel.php(31): CodeIgniter\BaseModel->findAll()
 8 APPPATH\Controllers\Student\Enrollments.php(24): App\Models\EnrollmentModel->getUserEnrollments(11)
 9 SYSTEMPATH\CodeIgniter.php(933): App\Controllers\Student\Enrollments->index()
10 SYSTEMPATH\CodeIgniter.php(507): CodeIgniter\CodeIgniter->runController(Object(App\Controllers\Student\Enrollments))
11 SYSTEMPATH\CodeIgniter.php(354): CodeIgniter\CodeIgniter->handleRequest(null, Object(Config\Cache), false)
12 SYSTEMPATH\Boot.php(363): CodeIgniter\CodeIgniter->run()
13 SYSTEMPATH\Boot.php(68): CodeIgniter\Boot::runCodeIgniter(Object(CodeIgniter\CodeIgniter))
14 FCPATH\index.php(59): CodeIgniter\Boot::bootWeb(Object(Config\Paths))
15 SYSTEMPATH\rewrite.php(44): require_once('C:\\xampp\\htdocs\\ITE311-CASTILLO\\public\\index.php')
