CRITICAL - 2025-10-23 17:16:38 --> CodeIgniter\Cache\Exceptions\CacheException: Cache unable to write to "C:\xampp\htdocs\ITE311-CASTILLO\writable\cache/".
[Method: GET, Route: /]
in SYSTEMPATH\Cache\Handlers\FileHandler.php on line 66.
 1 SYSTEMPATH\Cache\Handlers\FileHandler.php(66): CodeIgniter\Cache\Exceptions\CacheException::forUnableToWrite('C:\\xampp\\htdocs\\ITE311-CASTILLO\\writable\\cache/')
 2 SYSTEMPATH\Cache\CacheFactory.php(67): CodeIgniter\Cache\Handlers\FileHandler->__construct(Object(Config\Cache))
 3 SYSTEMPATH\Config\Services.php(129): CodeIgniter\Cache\CacheFactory::getHandler(Object(Config\Cache))
 4 SYSTEMPATH\Config\BaseService.php(312): CodeIgniter\Config\Services::cache(Object(Config\Cache), false)
 5 SYSTEMPATH\Config\BaseService.php(251): CodeIgniter\Config\BaseService::__callStatic('cache', [...])
 6 SYSTEMPATH\Config\Services.php(124): CodeIgniter\Config\BaseService::getSharedInstance('cache', null)
 7 SYSTEMPATH\Config\BaseService.php(321): CodeIgniter\Config\Services::cache()
 8 SYSTEMPATH\Config\BaseService.php(202): CodeIgniter\Config\BaseService::__callStatic('cache', [])
 9 SYSTEMPATH\Config\Services.php(454): CodeIgniter\Config\BaseService::get('cache')
10 SYSTEMPATH\Config\BaseService.php(312): CodeIgniter\Config\Services::responsecache(Object(Config\Cache), null, false)
11 SYSTEMPATH\Config\BaseService.php(251): CodeIgniter\Config\BaseService::__callStatic('responsecache', [...])
12 SYSTEMPATH\Config\Services.php(450): CodeIgniter\Config\BaseService::getSharedInstance('responsecache', null, null)
13 SYSTEMPATH\Config\BaseService.php(321): CodeIgniter\Config\Services::responsecache()
14 SYSTEMPATH\CodeIgniter.php(178): CodeIgniter\Config\BaseService::__callStatic('responsecache', [])
15 SYSTEMPATH\Config\Services.php(164): CodeIgniter\CodeIgniter->__construct(Object(Config\App))
16 SYSTEMPATH\Config\BaseService.php(312): CodeIgniter\Config\Services::codeigniter(Object(Config\App), false)
17 SYSTEMPATH\Config\BaseService.php(251): CodeIgniter\Config\BaseService::__callStatic('codeigniter', [...])
18 SYSTEMPATH\Config\Services.php(159): CodeIgniter\Config\BaseService::getSharedInstance('codeigniter', null)
19 SYSTEMPATH\Config\BaseService.php(321): CodeIgniter\Config\Services::codeigniter()
20 SYSTEMPATH\Config\BaseService.php(202): CodeIgniter\Config\BaseService::__callStatic('codeigniter', [])
21 SYSTEMPATH\Common.php(995): CodeIgniter\Config\BaseService::get('codeigniter')
22 SYSTEMPATH\Boot.php(349): service('codeigniter')
23 SYSTEMPATH\Boot.php(130): CodeIgniter\Boot::initializeCodeIgniter()
24 ROOTPATH\spark(87): CodeIgniter\Boot::bootSpark(Object(Config\Paths))
CRITICAL - 2025-10-23 17:17:10 --> CodeIgniter\Cache\Exceptions\CacheException: Cache unable to write to "C:\xampp\htdocs\ITE311-CASTILLO\writable\cache/".
[Method: GET, Route: /]
in SYSTEMPATH\Cache\Handlers\FileHandler.php on line 66.
 1 SYSTEMPATH\Cache\Handlers\FileHandler.php(66): CodeIgniter\Cache\Exceptions\CacheException::forUnableToWrite('C:\\xampp\\htdocs\\ITE311-CASTILLO\\writable\\cache/')
 2 SYSTEMPATH\Cache\CacheFactory.php(67): CodeIgniter\Cache\Handlers\FileHandler->__construct(Object(Config\Cache))
 3 SYSTEMPATH\Config\Services.php(129): CodeIgniter\Cache\CacheFactory::getHandler(Object(Config\Cache))
 4 SYSTEMPATH\Config\BaseService.php(312): CodeIgniter\Config\Services::cache(Object(Config\Cache), false)
 5 SYSTEMPATH\Config\BaseService.php(251): CodeIgniter\Config\BaseService::__callStatic('cache', [...])
 6 SYSTEMPATH\Config\Services.php(124): CodeIgniter\Config\BaseService::getSharedInstance('cache', null)
 7 SYSTEMPATH\Config\BaseService.php(321): CodeIgniter\Config\Services::cache()
 8 SYSTEMPATH\Config\BaseService.php(202): CodeIgniter\Config\BaseService::__callStatic('cache', [])
 9 SYSTEMPATH\Config\Services.php(454): CodeIgniter\Config\BaseService::get('cache')
10 SYSTEMPATH\Config\BaseService.php(312): CodeIgniter\Config\Services::responsecache(Object(Config\Cache), null, false)
11 SYSTEMPATH\Config\BaseService.php(251): CodeIgniter\Config\BaseService::__callStatic('responsecache', [...])
12 SYSTEMPATH\Config\Services.php(450): CodeIgniter\Config\BaseService::getSharedInstance('responsecache', null, null)
13 SYSTEMPATH\Config\BaseService.php(321): CodeIgniter\Config\Services::responsecache()
14 SYSTEMPATH\CodeIgniter.php(178): CodeIgniter\Config\BaseService::__callStatic('responsecache', [])
15 SYSTEMPATH\Config\Services.php(164): CodeIgniter\CodeIgniter->__construct(Object(Config\App))
16 SYSTEMPATH\Config\BaseService.php(312): CodeIgniter\Config\Services::codeigniter(Object(Config\App), false)
17 SYSTEMPATH\Config\BaseService.php(251): CodeIgniter\Config\BaseService::__callStatic('codeigniter', [...])
18 SYSTEMPATH\Config\Services.php(159): CodeIgniter\Config\BaseService::getSharedInstance('codeigniter', null)
19 SYSTEMPATH\Config\BaseService.php(321): CodeIgniter\Config\Services::codeigniter()
20 SYSTEMPATH\Config\BaseService.php(202): CodeIgniter\Config\BaseService::__callStatic('codeigniter', [])
21 SYSTEMPATH\Common.php(995): CodeIgniter\Config\BaseService::get('codeigniter')
22 SYSTEMPATH\Boot.php(349): service('codeigniter')
23 SYSTEMPATH\Boot.php(130): CodeIgniter\Boot::initializeCodeIgniter()
24 ROOTPATH\spark(87): CodeIgniter\Boot::bootSpark(Object(Config\Paths))
CRITICAL - 2025-10-23 17:17:29 --> CodeIgniter\Cache\Exceptions\CacheException: Cache unable to write to "C:\xampp\htdocs\ITE311-CASTILLO\writable\cache/".
[Method: GET, Route: /]
in SYSTEMPATH\Cache\Handlers\FileHandler.php on line 66.
 1 SYSTEMPATH\Cache\Handlers\FileHandler.php(66): CodeIgniter\Cache\Exceptions\CacheException::forUnableToWrite('C:\\xampp\\htdocs\\ITE311-CASTILLO\\writable\\cache/')
 2 SYSTEMPATH\Cache\CacheFactory.php(67): CodeIgniter\Cache\Handlers\FileHandler->__construct(Object(Config\Cache))
 3 SYSTEMPATH\Config\Services.php(129): CodeIgniter\Cache\CacheFactory::getHandler(Object(Config\Cache))
 4 SYSTEMPATH\Config\BaseService.php(312): CodeIgniter\Config\Services::cache(Object(Config\Cache), false)
 5 SYSTEMPATH\Config\BaseService.php(251): CodeIgniter\Config\BaseService::__callStatic('cache', [...])
 6 SYSTEMPATH\Config\Services.php(124): CodeIgniter\Config\BaseService::getSharedInstance('cache', null)
 7 SYSTEMPATH\Config\BaseService.php(321): CodeIgniter\Config\Services::cache()
 8 SYSTEMPATH\Config\BaseService.php(202): CodeIgniter\Config\BaseService::__callStatic('cache', [])
 9 SYSTEMPATH\Config\Services.php(454): CodeIgniter\Config\BaseService::get('cache')
10 SYSTEMPATH\Config\BaseService.php(312): CodeIgniter\Config\Services::responsecache(Object(Config\Cache), null, false)
11 SYSTEMPATH\Config\BaseService.php(251): CodeIgniter\Config\BaseService::__callStatic('responsecache', [...])
12 SYSTEMPATH\Config\Services.php(450): CodeIgniter\Config\BaseService::getSharedInstance('responsecache', null, null)
13 SYSTEMPATH\Config\BaseService.php(321): CodeIgniter\Config\Services::responsecache()
14 SYSTEMPATH\CodeIgniter.php(178): CodeIgniter\Config\BaseService::__callStatic('responsecache', [])
15 SYSTEMPATH\Config\Services.php(164): CodeIgniter\CodeIgniter->__construct(Object(Config\App))
16 SYSTEMPATH\Config\BaseService.php(312): CodeIgniter\Config\Services::codeigniter(Object(Config\App), false)
17 SYSTEMPATH\Config\BaseService.php(251): CodeIgniter\Config\BaseService::__callStatic('codeigniter', [...])
18 SYSTEMPATH\Config\Services.php(159): CodeIgniter\Config\BaseService::getSharedInstance('codeigniter', null)
19 SYSTEMPATH\Config\BaseService.php(321): CodeIgniter\Config\Services::codeigniter()
20 SYSTEMPATH\Config\BaseService.php(202): CodeIgniter\Config\BaseService::__callStatic('codeigniter', [])
21 SYSTEMPATH\Common.php(995): CodeIgniter\Config\BaseService::get('codeigniter')
22 SYSTEMPATH\Boot.php(349): service('codeigniter')
23 SYSTEMPATH\Boot.php(130): CodeIgniter\Boot::initializeCodeIgniter()
24 ROOTPATH\spark(87): CodeIgniter\Boot::bootSpark(Object(Config\Paths))
CRITICAL - 2025-10-23 17:18:25 --> CodeIgniter\Cache\Exceptions\CacheException: Cache unable to write to "C:\xampp\htdocs\ITE311-CASTILLO\writable\cache/".
[Method: GET, Route: /]
in SYSTEMPATH\Cache\Handlers\FileHandler.php on line 66.
 1 SYSTEMPATH\Cache\Handlers\FileHandler.php(66): CodeIgniter\Cache\Exceptions\CacheException::forUnableToWrite('C:\\xampp\\htdocs\\ITE311-CASTILLO\\writable\\cache/')
 2 SYSTEMPATH\Cache\CacheFactory.php(67): CodeIgniter\Cache\Handlers\FileHandler->__construct(Object(Config\Cache))
 3 SYSTEMPATH\Config\Services.php(129): CodeIgniter\Cache\CacheFactory::getHandler(Object(Config\Cache))
 4 SYSTEMPATH\Config\BaseService.php(312): CodeIgniter\Config\Services::cache(Object(Config\Cache), false)
 5 SYSTEMPATH\Config\BaseService.php(251): CodeIgniter\Config\BaseService::__callStatic('cache', [...])
 6 SYSTEMPATH\Config\Services.php(124): CodeIgniter\Config\BaseService::getSharedInstance('cache', null)
 7 SYSTEMPATH\Config\BaseService.php(321): CodeIgniter\Config\Services::cache()
 8 SYSTEMPATH\Config\BaseService.php(202): CodeIgniter\Config\BaseService::__callStatic('cache', [])
 9 SYSTEMPATH\Config\Services.php(454): CodeIgniter\Config\BaseService::get('cache')
10 SYSTEMPATH\Config\BaseService.php(312): CodeIgniter\Config\Services::responsecache(Object(Config\Cache), null, false)
11 SYSTEMPATH\Config\BaseService.php(251): CodeIgniter\Config\BaseService::__callStatic('responsecache', [...])
12 SYSTEMPATH\Config\Services.php(450): CodeIgniter\Config\BaseService::getSharedInstance('responsecache', null, null)
13 SYSTEMPATH\Config\BaseService.php(321): CodeIgniter\Config\Services::responsecache()
14 SYSTEMPATH\CodeIgniter.php(178): CodeIgniter\Config\BaseService::__callStatic('responsecache', [])
15 SYSTEMPATH\Config\Services.php(164): CodeIgniter\CodeIgniter->__construct(Object(Config\App))
16 SYSTEMPATH\Config\BaseService.php(312): CodeIgniter\Config\Services::codeigniter(Object(Config\App), false)
17 SYSTEMPATH\Config\BaseService.php(251): CodeIgniter\Config\BaseService::__callStatic('codeigniter', [...])
18 SYSTEMPATH\Config\Services.php(159): CodeIgniter\Config\BaseService::getSharedInstance('codeigniter', null)
19 SYSTEMPATH\Config\BaseService.php(321): CodeIgniter\Config\Services::codeigniter()
20 SYSTEMPATH\Config\BaseService.php(202): CodeIgniter\Config\BaseService::__callStatic('codeigniter', [])
21 SYSTEMPATH\Common.php(995): CodeIgniter\Config\BaseService::get('codeigniter')
22 SYSTEMPATH\Boot.php(349): service('codeigniter')
23 SYSTEMPATH\Boot.php(130): CodeIgniter\Boot::initializeCodeIgniter()
24 ROOTPATH\spark(87): CodeIgniter\Boot::bootSpark(Object(Config\Paths))
CRITICAL - 2025-10-23 17:18:31 --> CodeIgniter\Cache\Exceptions\CacheException: Cache unable to write to "C:\xampp\htdocs\ITE311-CASTILLO\writable\cache/".
[Method: GET, Route: /]
in SYSTEMPATH\Cache\Handlers\FileHandler.php on line 66.
 1 SYSTEMPATH\Cache\Handlers\FileHandler.php(66): CodeIgniter\Cache\Exceptions\CacheException::forUnableToWrite('C:\\xampp\\htdocs\\ITE311-CASTILLO\\writable\\cache/')
 2 SYSTEMPATH\Cache\CacheFactory.php(67): CodeIgniter\Cache\Handlers\FileHandler->__construct(Object(Config\Cache))
 3 SYSTEMPATH\Config\Services.php(129): CodeIgniter\Cache\CacheFactory::getHandler(Object(Config\Cache))
 4 SYSTEMPATH\Config\BaseService.php(312): CodeIgniter\Config\Services::cache(Object(Config\Cache), false)
 5 SYSTEMPATH\Config\BaseService.php(251): CodeIgniter\Config\BaseService::__callStatic('cache', [...])
 6 SYSTEMPATH\Config\Services.php(124): CodeIgniter\Config\BaseService::getSharedInstance('cache', null)
 7 SYSTEMPATH\Config\BaseService.php(321): CodeIgniter\Config\Services::cache()
 8 SYSTEMPATH\Config\BaseService.php(202): CodeIgniter\Config\BaseService::__callStatic('cache', [])
 9 SYSTEMPATH\Config\Services.php(454): CodeIgniter\Config\BaseService::get('cache')
10 SYSTEMPATH\Config\BaseService.php(312): CodeIgniter\Config\Services::responsecache(Object(Config\Cache), null, false)
11 SYSTEMPATH\Config\BaseService.php(251): CodeIgniter\Config\BaseService::__callStatic('responsecache', [...])
12 SYSTEMPATH\Config\Services.php(450): CodeIgniter\Config\BaseService::getSharedInstance('responsecache', null, null)
13 SYSTEMPATH\Config\BaseService.php(321): CodeIgniter\Config\Services::responsecache()
14 SYSTEMPATH\CodeIgniter.php(178): CodeIgniter\Config\BaseService::__callStatic('responsecache', [])
15 SYSTEMPATH\Config\Services.php(164): CodeIgniter\CodeIgniter->__construct(Object(Config\App))
16 SYSTEMPATH\Config\BaseService.php(312): CodeIgniter\Config\Services::codeigniter(Object(Config\App), false)
17 SYSTEMPATH\Config\BaseService.php(251): CodeIgniter\Config\BaseService::__callStatic('codeigniter', [...])
18 SYSTEMPATH\Config\Services.php(159): CodeIgniter\Config\BaseService::getSharedInstance('codeigniter', null)
19 SYSTEMPATH\Config\BaseService.php(321): CodeIgniter\Config\Services::codeigniter()
20 SYSTEMPATH\Config\BaseService.php(202): CodeIgniter\Config\BaseService::__callStatic('codeigniter', [])
21 SYSTEMPATH\Common.php(995): CodeIgniter\Config\BaseService::get('codeigniter')
22 SYSTEMPATH\Boot.php(349): service('codeigniter')
23 SYSTEMPATH\Boot.php(130): CodeIgniter\Boot::initializeCodeIgniter()
24 ROOTPATH\spark(87): CodeIgniter\Boot::bootSpark(Object(Config\Paths))
CRITICAL - 2025-10-23 17:19:50 --> CodeIgniter\Cache\Exceptions\CacheException: Cache unable to write to "C:\xampp\htdocs\ITE311-CASTILLO\writable\cache/".
[Method: GET, Route: /]
in SYSTEMPATH\Cache\Handlers\FileHandler.php on line 66.
 1 SYSTEMPATH\Cache\Handlers\FileHandler.php(66): CodeIgniter\Cache\Exceptions\CacheException::forUnableToWrite('C:\\xampp\\htdocs\\ITE311-CASTILLO\\writable\\cache/')
 2 SYSTEMPATH\Cache\CacheFactory.php(67): CodeIgniter\Cache\Handlers\FileHandler->__construct(Object(Config\Cache))
 3 SYSTEMPATH\Config\Services.php(129): CodeIgniter\Cache\CacheFactory::getHandler(Object(Config\Cache))
 4 SYSTEMPATH\Config\BaseService.php(312): CodeIgniter\Config\Services::cache(Object(Config\Cache), false)
 5 SYSTEMPATH\Config\BaseService.php(251): CodeIgniter\Config\BaseService::__callStatic('cache', [...])
 6 SYSTEMPATH\Config\Services.php(124): CodeIgniter\Config\BaseService::getSharedInstance('cache', null)
 7 SYSTEMPATH\Config\BaseService.php(321): CodeIgniter\Config\Services::cache()
 8 SYSTEMPATH\Config\BaseService.php(202): CodeIgniter\Config\BaseService::__callStatic('cache', [])
 9 SYSTEMPATH\Config\Services.php(454): CodeIgniter\Config\BaseService::get('cache')
10 SYSTEMPATH\Config\BaseService.php(312): CodeIgniter\Config\Services::responsecache(Object(Config\Cache), null, false)
11 SYSTEMPATH\Config\BaseService.php(251): CodeIgniter\Config\BaseService::__callStatic('responsecache', [...])
12 SYSTEMPATH\Config\Services.php(450): CodeIgniter\Config\BaseService::getSharedInstance('responsecache', null, null)
13 SYSTEMPATH\Config\BaseService.php(321): CodeIgniter\Config\Services::responsecache()
14 SYSTEMPATH\CodeIgniter.php(178): CodeIgniter\Config\BaseService::__callStatic('responsecache', [])
15 SYSTEMPATH\Config\Services.php(164): CodeIgniter\CodeIgniter->__construct(Object(Config\App))
16 SYSTEMPATH\Config\BaseService.php(312): CodeIgniter\Config\Services::codeigniter(Object(Config\App), false)
17 SYSTEMPATH\Config\BaseService.php(251): CodeIgniter\Config\BaseService::__callStatic('codeigniter', [...])
18 SYSTEMPATH\Config\Services.php(159): CodeIgniter\Config\BaseService::getSharedInstance('codeigniter', null)
19 SYSTEMPATH\Config\BaseService.php(321): CodeIgniter\Config\Services::codeigniter()
20 SYSTEMPATH\Config\BaseService.php(202): CodeIgniter\Config\BaseService::__callStatic('codeigniter', [])
21 SYSTEMPATH\Common.php(995): CodeIgniter\Config\BaseService::get('codeigniter')
22 SYSTEMPATH\Boot.php(349): service('codeigniter')
23 SYSTEMPATH\Boot.php(130): CodeIgniter\Boot::initializeCodeIgniter()
24 ROOTPATH\spark(87): CodeIgniter\Boot::bootSpark(Object(Config\Paths))
CRITICAL - 2025-10-23 17:19:51 --> CodeIgniter\Cache\Exceptions\CacheException: Cache unable to write to "C:\xampp\htdocs\ITE311-CASTILLO\writable\cache/".
[Method: GET, Route: /]
in SYSTEMPATH\Cache\Handlers\FileHandler.php on line 66.
 1 SYSTEMPATH\Cache\Handlers\FileHandler.php(66): CodeIgniter\Cache\Exceptions\CacheException::forUnableToWrite('C:\\xampp\\htdocs\\ITE311-CASTILLO\\writable\\cache/')
 2 SYSTEMPATH\Cache\CacheFactory.php(67): CodeIgniter\Cache\Handlers\FileHandler->__construct(Object(Config\Cache))
 3 SYSTEMPATH\Config\Services.php(129): CodeIgniter\Cache\CacheFactory::getHandler(Object(Config\Cache))
 4 SYSTEMPATH\Config\BaseService.php(312): CodeIgniter\Config\Services::cache(Object(Config\Cache), false)
 5 SYSTEMPATH\Config\BaseService.php(251): CodeIgniter\Config\BaseService::__callStatic('cache', [...])
 6 SYSTEMPATH\Config\Services.php(124): CodeIgniter\Config\BaseService::getSharedInstance('cache', null)
 7 SYSTEMPATH\Config\BaseService.php(321): CodeIgniter\Config\Services::cache()
 8 SYSTEMPATH\Config\BaseService.php(202): CodeIgniter\Config\BaseService::__callStatic('cache', [])
 9 SYSTEMPATH\Config\Services.php(454): CodeIgniter\Config\BaseService::get('cache')
10 SYSTEMPATH\Config\BaseService.php(312): CodeIgniter\Config\Services::responsecache(Object(Config\Cache), null, false)
11 SYSTEMPATH\Config\BaseService.php(251): CodeIgniter\Config\BaseService::__callStatic('responsecache', [...])
12 SYSTEMPATH\Config\Services.php(450): CodeIgniter\Config\BaseService::getSharedInstance('responsecache', null, null)
13 SYSTEMPATH\Config\BaseService.php(321): CodeIgniter\Config\Services::responsecache()
14 SYSTEMPATH\CodeIgniter.php(178): CodeIgniter\Config\BaseService::__callStatic('responsecache', [])
15 SYSTEMPATH\Config\Services.php(164): CodeIgniter\CodeIgniter->__construct(Object(Config\App))
16 SYSTEMPATH\Config\BaseService.php(312): CodeIgniter\Config\Services::codeigniter(Object(Config\App), false)
17 SYSTEMPATH\Config\BaseService.php(251): CodeIgniter\Config\BaseService::__callStatic('codeigniter', [...])
18 SYSTEMPATH\Config\Services.php(159): CodeIgniter\Config\BaseService::getSharedInstance('codeigniter', null)
19 SYSTEMPATH\Config\BaseService.php(321): CodeIgniter\Config\Services::codeigniter()
20 SYSTEMPATH\Config\BaseService.php(202): CodeIgniter\Config\BaseService::__callStatic('codeigniter', [])
21 SYSTEMPATH\Common.php(995): CodeIgniter\Config\BaseService::get('codeigniter')
22 SYSTEMPATH\Boot.php(349): service('codeigniter')
23 SYSTEMPATH\Boot.php(130): CodeIgniter\Boot::initializeCodeIgniter()
24 ROOTPATH\spark(87): CodeIgniter\Boot::bootSpark(Object(Config\Paths))
CRITICAL - 2025-10-23 17:20:31 --> CodeIgniter\Cache\Exceptions\CacheException: Cache unable to write to "C:\xampp\htdocs\ITE311-CASTILLO\writable\cache/".
[Method: GET, Route: /]
in SYSTEMPATH\Cache\Handlers\FileHandler.php on line 66.
 1 SYSTEMPATH\Cache\Handlers\FileHandler.php(66): CodeIgniter\Cache\Exceptions\CacheException::forUnableToWrite('C:\\xampp\\htdocs\\ITE311-CASTILLO\\writable\\cache/')
 2 SYSTEMPATH\Cache\CacheFactory.php(67): CodeIgniter\Cache\Handlers\FileHandler->__construct(Object(Config\Cache))
 3 SYSTEMPATH\Config\Services.php(129): CodeIgniter\Cache\CacheFactory::getHandler(Object(Config\Cache))
 4 SYSTEMPATH\Config\BaseService.php(312): CodeIgniter\Config\Services::cache(Object(Config\Cache), false)
 5 SYSTEMPATH\Config\BaseService.php(251): CodeIgniter\Config\BaseService::__callStatic('cache', [...])
 6 SYSTEMPATH\Config\Services.php(124): CodeIgniter\Config\BaseService::getSharedInstance('cache', null)
 7 SYSTEMPATH\Config\BaseService.php(321): CodeIgniter\Config\Services::cache()
 8 SYSTEMPATH\Config\BaseService.php(202): CodeIgniter\Config\BaseService::__callStatic('cache', [])
 9 SYSTEMPATH\Config\Services.php(454): CodeIgniter\Config\BaseService::get('cache')
10 SYSTEMPATH\Config\BaseService.php(312): CodeIgniter\Config\Services::responsecache(Object(Config\Cache), null, false)
11 SYSTEMPATH\Config\BaseService.php(251): CodeIgniter\Config\BaseService::__callStatic('responsecache', [...])
12 SYSTEMPATH\Config\Services.php(450): CodeIgniter\Config\BaseService::getSharedInstance('responsecache', null, null)
13 SYSTEMPATH\Config\BaseService.php(321): CodeIgniter\Config\Services::responsecache()
14 SYSTEMPATH\CodeIgniter.php(178): CodeIgniter\Config\BaseService::__callStatic('responsecache', [])
15 SYSTEMPATH\Config\Services.php(164): CodeIgniter\CodeIgniter->__construct(Object(Config\App))
16 SYSTEMPATH\Config\BaseService.php(312): CodeIgniter\Config\Services::codeigniter(Object(Config\App), false)
17 SYSTEMPATH\Config\BaseService.php(251): CodeIgniter\Config\BaseService::__callStatic('codeigniter', [...])
18 SYSTEMPATH\Config\Services.php(159): CodeIgniter\Config\BaseService::getSharedInstance('codeigniter', null)
19 SYSTEMPATH\Config\BaseService.php(321): CodeIgniter\Config\Services::codeigniter()
20 SYSTEMPATH\Config\BaseService.php(202): CodeIgniter\Config\BaseService::__callStatic('codeigniter', [])
21 SYSTEMPATH\Common.php(995): CodeIgniter\Config\BaseService::get('codeigniter')
22 SYSTEMPATH\Boot.php(349): service('codeigniter')
23 SYSTEMPATH\Boot.php(130): CodeIgniter\Boot::initializeCodeIgniter()
24 ROOTPATH\spark(87): CodeIgniter\Boot::bootSpark(Object(Config\Paths))
CRITICAL - 2025-10-23 17:20:40 --> CodeIgniter\Cache\Exceptions\CacheException: Cache unable to write to "C:\xampp\htdocs\ITE311-CASTILLO\writable\cache/".
[Method: GET, Route: /]
in SYSTEMPATH\Cache\Handlers\FileHandler.php on line 66.
 1 SYSTEMPATH\Cache\Handlers\FileHandler.php(66): CodeIgniter\Cache\Exceptions\CacheException::forUnableToWrite('C:\\xampp\\htdocs\\ITE311-CASTILLO\\writable\\cache/')
 2 SYSTEMPATH\Cache\CacheFactory.php(67): CodeIgniter\Cache\Handlers\FileHandler->__construct(Object(Config\Cache))
 3 SYSTEMPATH\Config\Services.php(129): CodeIgniter\Cache\CacheFactory::getHandler(Object(Config\Cache))
 4 SYSTEMPATH\Config\BaseService.php(312): CodeIgniter\Config\Services::cache(Object(Config\Cache), false)
 5 SYSTEMPATH\Config\BaseService.php(251): CodeIgniter\Config\BaseService::__callStatic('cache', [...])
 6 SYSTEMPATH\Config\Services.php(124): CodeIgniter\Config\BaseService::getSharedInstance('cache', null)
 7 SYSTEMPATH\Config\BaseService.php(321): CodeIgniter\Config\Services::cache()
 8 SYSTEMPATH\Config\BaseService.php(202): CodeIgniter\Config\BaseService::__callStatic('cache', [])
 9 SYSTEMPATH\Config\Services.php(454): CodeIgniter\Config\BaseService::get('cache')
10 SYSTEMPATH\Config\BaseService.php(312): CodeIgniter\Config\Services::responsecache(Object(Config\Cache), null, false)
11 SYSTEMPATH\Config\BaseService.php(251): CodeIgniter\Config\BaseService::__callStatic('responsecache', [...])
12 SYSTEMPATH\Config\Services.php(450): CodeIgniter\Config\BaseService::getSharedInstance('responsecache', null, null)
13 SYSTEMPATH\Config\BaseService.php(321): CodeIgniter\Config\Services::responsecache()
14 SYSTEMPATH\CodeIgniter.php(178): CodeIgniter\Config\BaseService::__callStatic('responsecache', [])
15 SYSTEMPATH\Config\Services.php(164): CodeIgniter\CodeIgniter->__construct(Object(Config\App))
16 SYSTEMPATH\Config\BaseService.php(312): CodeIgniter\Config\Services::codeigniter(Object(Config\App), false)
17 SYSTEMPATH\Config\BaseService.php(251): CodeIgniter\Config\BaseService::__callStatic('codeigniter', [...])
18 SYSTEMPATH\Config\Services.php(159): CodeIgniter\Config\BaseService::getSharedInstance('codeigniter', null)
19 SYSTEMPATH\Config\BaseService.php(321): CodeIgniter\Config\Services::codeigniter()
20 SYSTEMPATH\Config\BaseService.php(202): CodeIgniter\Config\BaseService::__callStatic('codeigniter', [])
21 SYSTEMPATH\Common.php(995): CodeIgniter\Config\BaseService::get('codeigniter')
22 SYSTEMPATH\Boot.php(349): service('codeigniter')
23 SYSTEMPATH\Boot.php(130): CodeIgniter\Boot::initializeCodeIgniter()
24 ROOTPATH\spark(87): CodeIgniter\Boot::bootSpark(Object(Config\Paths))
CRITICAL - 2025-10-23 17:20:54 --> CodeIgniter\Cache\Exceptions\CacheException: Cache unable to write to "C:\xampp\htdocs\ITE311-CASTILLO\writable\cache/".
[Method: GET, Route: /]
in SYSTEMPATH\Cache\Handlers\FileHandler.php on line 66.
 1 SYSTEMPATH\Cache\Handlers\FileHandler.php(66): CodeIgniter\Cache\Exceptions\CacheException::forUnableToWrite('C:\\xampp\\htdocs\\ITE311-CASTILLO\\writable\\cache/')
 2 SYSTEMPATH\Cache\CacheFactory.php(67): CodeIgniter\Cache\Handlers\FileHandler->__construct(Object(Config\Cache))
 3 SYSTEMPATH\Config\Services.php(129): CodeIgniter\Cache\CacheFactory::getHandler(Object(Config\Cache))
 4 SYSTEMPATH\Config\BaseService.php(312): CodeIgniter\Config\Services::cache(Object(Config\Cache), false)
 5 SYSTEMPATH\Config\BaseService.php(251): CodeIgniter\Config\BaseService::__callStatic('cache', [...])
 6 SYSTEMPATH\Config\Services.php(124): CodeIgniter\Config\BaseService::getSharedInstance('cache', null)
 7 SYSTEMPATH\Config\BaseService.php(321): CodeIgniter\Config\Services::cache()
 8 SYSTEMPATH\Config\BaseService.php(202): CodeIgniter\Config\BaseService::__callStatic('cache', [])
 9 SYSTEMPATH\Config\Services.php(454): CodeIgniter\Config\BaseService::get('cache')
10 SYSTEMPATH\Config\BaseService.php(312): CodeIgniter\Config\Services::responsecache(Object(Config\Cache), null, false)
11 SYSTEMPATH\Config\BaseService.php(251): CodeIgniter\Config\BaseService::__callStatic('responsecache', [...])
12 SYSTEMPATH\Config\Services.php(450): CodeIgniter\Config\BaseService::getSharedInstance('responsecache', null, null)
13 SYSTEMPATH\Config\BaseService.php(321): CodeIgniter\Config\Services::responsecache()
14 SYSTEMPATH\CodeIgniter.php(178): CodeIgniter\Config\BaseService::__callStatic('responsecache', [])
15 SYSTEMPATH\Config\Services.php(164): CodeIgniter\CodeIgniter->__construct(Object(Config\App))
16 SYSTEMPATH\Config\BaseService.php(312): CodeIgniter\Config\Services::codeigniter(Object(Config\App), false)
17 SYSTEMPATH\Config\BaseService.php(251): CodeIgniter\Config\BaseService::__callStatic('codeigniter', [...])
18 SYSTEMPATH\Config\Services.php(159): CodeIgniter\Config\BaseService::getSharedInstance('codeigniter', null)
19 SYSTEMPATH\Config\BaseService.php(321): CodeIgniter\Config\Services::codeigniter()
20 SYSTEMPATH\Config\BaseService.php(202): CodeIgniter\Config\BaseService::__callStatic('codeigniter', [])
21 SYSTEMPATH\Common.php(995): CodeIgniter\Config\BaseService::get('codeigniter')
22 SYSTEMPATH\Boot.php(349): service('codeigniter')
23 SYSTEMPATH\Boot.php(130): CodeIgniter\Boot::initializeCodeIgniter()
24 ROOTPATH\spark(87): CodeIgniter\Boot::bootSpark(Object(Config\Paths))
CRITICAL - 2025-10-23 17:21:01 --> CodeIgniter\Cache\Exceptions\CacheException: Cache unable to write to "C:\xampp\htdocs\ITE311-CASTILLO\writable\cache/".
[Method: GET, Route: /]
in SYSTEMPATH\Cache\Handlers\FileHandler.php on line 66.
 1 SYSTEMPATH\Cache\Handlers\FileHandler.php(66): CodeIgniter\Cache\Exceptions\CacheException::forUnableToWrite('C:\\xampp\\htdocs\\ITE311-CASTILLO\\writable\\cache/')
 2 SYSTEMPATH\Cache\CacheFactory.php(67): CodeIgniter\Cache\Handlers\FileHandler->__construct(Object(Config\Cache))
 3 SYSTEMPATH\Config\Services.php(129): CodeIgniter\Cache\CacheFactory::getHandler(Object(Config\Cache))
 4 SYSTEMPATH\Config\BaseService.php(312): CodeIgniter\Config\Services::cache(Object(Config\Cache), false)
 5 SYSTEMPATH\Config\BaseService.php(251): CodeIgniter\Config\BaseService::__callStatic('cache', [...])
 6 SYSTEMPATH\Config\Services.php(124): CodeIgniter\Config\BaseService::getSharedInstance('cache', null)
 7 SYSTEMPATH\Config\BaseService.php(321): CodeIgniter\Config\Services::cache()
 8 SYSTEMPATH\Config\BaseService.php(202): CodeIgniter\Config\BaseService::__callStatic('cache', [])
 9 SYSTEMPATH\Config\Services.php(454): CodeIgniter\Config\BaseService::get('cache')
10 SYSTEMPATH\Config\BaseService.php(312): CodeIgniter\Config\Services::responsecache(Object(Config\Cache), null, false)
11 SYSTEMPATH\Config\BaseService.php(251): CodeIgniter\Config\BaseService::__callStatic('responsecache', [...])
12 SYSTEMPATH\Config\Services.php(450): CodeIgniter\Config\BaseService::getSharedInstance('responsecache', null, null)
13 SYSTEMPATH\Config\BaseService.php(321): CodeIgniter\Config\Services::responsecache()
14 SYSTEMPATH\CodeIgniter.php(178): CodeIgniter\Config\BaseService::__callStatic('responsecache', [])
15 SYSTEMPATH\Config\Services.php(164): CodeIgniter\CodeIgniter->__construct(Object(Config\App))
16 SYSTEMPATH\Config\BaseService.php(312): CodeIgniter\Config\Services::codeigniter(Object(Config\App), false)
17 SYSTEMPATH\Config\BaseService.php(251): CodeIgniter\Config\BaseService::__callStatic('codeigniter', [...])
18 SYSTEMPATH\Config\Services.php(159): CodeIgniter\Config\BaseService::getSharedInstance('codeigniter', null)
19 SYSTEMPATH\Config\BaseService.php(321): CodeIgniter\Config\Services::codeigniter()
20 SYSTEMPATH\Config\BaseService.php(202): CodeIgniter\Config\BaseService::__callStatic('codeigniter', [])
21 SYSTEMPATH\Common.php(995): CodeIgniter\Config\BaseService::get('codeigniter')
22 SYSTEMPATH\Boot.php(349): service('codeigniter')
23 SYSTEMPATH\Boot.php(130): CodeIgniter\Boot::initializeCodeIgniter()
24 ROOTPATH\spark(87): CodeIgniter\Boot::bootSpark(Object(Config\Paths))
CRITICAL - 2025-10-23 17:21:33 --> CodeIgniter\Cache\Exceptions\CacheException: Cache unable to write to "C:\xampp\htdocs\ITE311-CASTILLO\writable\cache/".
[Method: GET, Route: /]
in SYSTEMPATH\Cache\Handlers\FileHandler.php on line 66.
 1 SYSTEMPATH\Cache\Handlers\FileHandler.php(66): CodeIgniter\Cache\Exceptions\CacheException::forUnableToWrite('C:\\xampp\\htdocs\\ITE311-CASTILLO\\writable\\cache/')
 2 SYSTEMPATH\Cache\CacheFactory.php(67): CodeIgniter\Cache\Handlers\FileHandler->__construct(Object(Config\Cache))
 3 SYSTEMPATH\Config\Services.php(129): CodeIgniter\Cache\CacheFactory::getHandler(Object(Config\Cache))
 4 SYSTEMPATH\Config\BaseService.php(312): CodeIgniter\Config\Services::cache(Object(Config\Cache), false)
 5 SYSTEMPATH\Config\BaseService.php(251): CodeIgniter\Config\BaseService::__callStatic('cache', [...])
 6 SYSTEMPATH\Config\Services.php(124): CodeIgniter\Config\BaseService::getSharedInstance('cache', null)
 7 SYSTEMPATH\Config\BaseService.php(321): CodeIgniter\Config\Services::cache()
 8 SYSTEMPATH\Config\BaseService.php(202): CodeIgniter\Config\BaseService::__callStatic('cache', [])
 9 SYSTEMPATH\Config\Services.php(454): CodeIgniter\Config\BaseService::get('cache')
10 SYSTEMPATH\Config\BaseService.php(312): CodeIgniter\Config\Services::responsecache(Object(Config\Cache), null, false)
11 SYSTEMPATH\Config\BaseService.php(251): CodeIgniter\Config\BaseService::__callStatic('responsecache', [...])
12 SYSTEMPATH\Config\Services.php(450): CodeIgniter\Config\BaseService::getSharedInstance('responsecache', null, null)
13 SYSTEMPATH\Config\BaseService.php(321): CodeIgniter\Config\Services::responsecache()
14 SYSTEMPATH\CodeIgniter.php(178): CodeIgniter\Config\BaseService::__callStatic('responsecache', [])
15 SYSTEMPATH\Config\Services.php(164): CodeIgniter\CodeIgniter->__construct(Object(Config\App))
16 SYSTEMPATH\Config\BaseService.php(312): CodeIgniter\Config\Services::codeigniter(Object(Config\App), false)
17 SYSTEMPATH\Config\BaseService.php(251): CodeIgniter\Config\BaseService::__callStatic('codeigniter', [...])
18 SYSTEMPATH\Config\Services.php(159): CodeIgniter\Config\BaseService::getSharedInstance('codeigniter', null)
19 SYSTEMPATH\Config\BaseService.php(321): CodeIgniter\Config\Services::codeigniter()
20 SYSTEMPATH\Config\BaseService.php(202): CodeIgniter\Config\BaseService::__callStatic('codeigniter', [])
21 SYSTEMPATH\Common.php(995): CodeIgniter\Config\BaseService::get('codeigniter')
22 SYSTEMPATH\Boot.php(349): service('codeigniter')
23 SYSTEMPATH\Boot.php(130): CodeIgniter\Boot::initializeCodeIgniter()
24 ROOTPATH\spark(87): CodeIgniter\Boot::bootSpark(Object(Config\Paths))
CRITICAL - 2025-10-23 17:21:46 --> CodeIgniter\Cache\Exceptions\CacheException: Cache unable to write to "C:\xampp\htdocs\ITE311-CASTILLO\writable\cache/".
[Method: GET, Route: /]
in SYSTEMPATH\Cache\Handlers\FileHandler.php on line 66.
 1 SYSTEMPATH\Cache\Handlers\FileHandler.php(66): CodeIgniter\Cache\Exceptions\CacheException::forUnableToWrite('C:\\xampp\\htdocs\\ITE311-CASTILLO\\writable\\cache/')
 2 SYSTEMPATH\Cache\CacheFactory.php(67): CodeIgniter\Cache\Handlers\FileHandler->__construct(Object(Config\Cache))
 3 SYSTEMPATH\Config\Services.php(129): CodeIgniter\Cache\CacheFactory::getHandler(Object(Config\Cache))
 4 SYSTEMPATH\Config\BaseService.php(312): CodeIgniter\Config\Services::cache(Object(Config\Cache), false)
 5 SYSTEMPATH\Config\BaseService.php(251): CodeIgniter\Config\BaseService::__callStatic('cache', [...])
 6 SYSTEMPATH\Config\Services.php(124): CodeIgniter\Config\BaseService::getSharedInstance('cache', null)
 7 SYSTEMPATH\Config\BaseService.php(321): CodeIgniter\Config\Services::cache()
 8 SYSTEMPATH\Config\BaseService.php(202): CodeIgniter\Config\BaseService::__callStatic('cache', [])
 9 SYSTEMPATH\Config\Services.php(454): CodeIgniter\Config\BaseService::get('cache')
10 SYSTEMPATH\Config\BaseService.php(312): CodeIgniter\Config\Services::responsecache(Object(Config\Cache), null, false)
11 SYSTEMPATH\Config\BaseService.php(251): CodeIgniter\Config\BaseService::__callStatic('responsecache', [...])
12 SYSTEMPATH\Config\Services.php(450): CodeIgniter\Config\BaseService::getSharedInstance('responsecache', null, null)
13 SYSTEMPATH\Config\BaseService.php(321): CodeIgniter\Config\Services::responsecache()
14 SYSTEMPATH\CodeIgniter.php(178): CodeIgniter\Config\BaseService::__callStatic('responsecache', [])
15 SYSTEMPATH\Config\Services.php(164): CodeIgniter\CodeIgniter->__construct(Object(Config\App))
16 SYSTEMPATH\Config\BaseService.php(312): CodeIgniter\Config\Services::codeigniter(Object(Config\App), false)
17 SYSTEMPATH\Config\BaseService.php(251): CodeIgniter\Config\BaseService::__callStatic('codeigniter', [...])
18 SYSTEMPATH\Config\Services.php(159): CodeIgniter\Config\BaseService::getSharedInstance('codeigniter', null)
19 SYSTEMPATH\Config\BaseService.php(321): CodeIgniter\Config\Services::codeigniter()
20 SYSTEMPATH\Config\BaseService.php(202): CodeIgniter\Config\BaseService::__callStatic('codeigniter', [])
21 SYSTEMPATH\Common.php(995): CodeIgniter\Config\BaseService::get('codeigniter')
22 SYSTEMPATH\Boot.php(349): service('codeigniter')
23 SYSTEMPATH\Boot.php(130): CodeIgniter\Boot::initializeCodeIgniter()
24 ROOTPATH\spark(87): CodeIgniter\Boot::bootSpark(Object(Config\Paths))
ERROR - 2025-10-23 15:22:39 --> mysqli_sql_exception: Table 'lms_castillo.enrollments' doesn't exist in C:\xampp\htdocs\ITE311-CASTILLO\system\Database\MySQLi\Connection.php:327
Stack trace:
#0 C:\xampp\htdocs\ITE311-CASTILLO\system\Database\MySQLi\Connection.php(327): mysqli->query('SELECT COUNT(*)...', 0)
#1 C:\xampp\htdocs\ITE311-CASTILLO\system\Database\BaseConnection.php(729): CodeIgniter\Database\MySQLi\Connection->execute('SELECT COUNT(*)...')
#2 C:\xampp\htdocs\ITE311-CASTILLO\system\Database\BaseConnection.php(646): CodeIgniter\Database\BaseConnection->simpleQuery('SELECT COUNT(*)...')
#3 C:\xampp\htdocs\ITE311-CASTILLO\system\Database\BaseBuilder.php(1733): CodeIgniter\Database\BaseConnection->query('SELECT COUNT(*)...', Array, false)
#4 C:\xampp\htdocs\ITE311-CASTILLO\app\Controllers\Admin\Dashboard.php(15): CodeIgniter\Database\BaseBuilder->countAllResults()
#5 C:\xampp\htdocs\ITE311-CASTILLO\system\CodeIgniter.php(933): App\Controllers\Admin\Dashboard->index()
#6 C:\xampp\htdocs\ITE311-CASTILLO\system\CodeIgniter.php(507): CodeIgniter\CodeIgniter->runController(Object(App\Controllers\Admin\Dashboard))
#7 C:\xampp\htdocs\ITE311-CASTILLO\system\CodeIgniter.php(354): CodeIgniter\CodeIgniter->handleRequest(NULL, Object(Config\Cache), false)
#8 C:\xampp\htdocs\ITE311-CASTILLO\system\Boot.php(363): CodeIgniter\CodeIgniter->run()
#9 C:\xampp\htdocs\ITE311-CASTILLO\system\Boot.php(68): CodeIgniter\Boot::runCodeIgniter(Object(CodeIgniter\CodeIgniter))
#10 C:\xampp\htdocs\ITE311-CASTILLO\public\index.php(59): CodeIgniter\Boot::bootWeb(Object(Config\Paths))
#11 C:\xampp\htdocs\ITE311-CASTILLO\system\rewrite.php(44): require_once('C:\\xampp\\htdocs...')
#12 {main}
CRITICAL - 2025-10-23 15:22:39 --> CodeIgniter\Database\Exceptions\DatabaseException: Table 'lms_castillo.enrollments' doesn't exist
[Method: GET, Route: admin]
in SYSTEMPATH\Database\BaseConnection.php on line 684.
 1 SYSTEMPATH\Database\BaseBuilder.php(1733): CodeIgniter\Database\BaseConnection->query('SELECT COUNT(*) AS `numrows`
FROM `enrollments`', [], false)
 2 APPPATH\Controllers\Admin\Dashboard.php(15): CodeIgniter\Database\BaseBuilder->countAllResults()
 3 SYSTEMPATH\CodeIgniter.php(933): App\Controllers\Admin\Dashboard->index()
 4 SYSTEMPATH\CodeIgniter.php(507): CodeIgniter\CodeIgniter->runController(Object(App\Controllers\Admin\Dashboard))
 5 SYSTEMPATH\CodeIgniter.php(354): CodeIgniter\CodeIgniter->handleRequest(null, Object(Config\Cache), false)
 6 SYSTEMPATH\Boot.php(363): CodeIgniter\CodeIgniter->run()
 7 SYSTEMPATH\Boot.php(68): CodeIgniter\Boot::runCodeIgniter(Object(CodeIgniter\CodeIgniter))
 8 FCPATH\index.php(59): CodeIgniter\Boot::bootWeb(Object(Config\Paths))
 9 SYSTEMPATH\rewrite.php(44): require_once('C:\\xampp\\htdocs\\ITE311-CASTILLO\\public\\index.php')
CRITICAL - 2025-10-23 15:22:39 --> [Caused by] CodeIgniter\Database\Exceptions\DatabaseException: Table 'lms_castillo.enrollments' doesn't exist
in SYSTEMPATH\Database\MySQLi\Connection.php on line 332.
 1 SYSTEMPATH\Database\BaseConnection.php(729): CodeIgniter\Database\MySQLi\Connection->execute('SELECT COUNT(*) AS `numrows`
FROM `enrollments`')
 2 SYSTEMPATH\Database\BaseConnection.php(646): CodeIgniter\Database\BaseConnection->simpleQuery('SELECT COUNT(*) AS `numrows`
FROM `enrollments`')
 3 SYSTEMPATH\Database\BaseBuilder.php(1733): CodeIgniter\Database\BaseConnection->query('SELECT COUNT(*) AS `numrows`
FROM `enrollments`', [], false)
 4 APPPATH\Controllers\Admin\Dashboard.php(15): CodeIgniter\Database\BaseBuilder->countAllResults()
 5 SYSTEMPATH\CodeIgniter.php(933): App\Controllers\Admin\Dashboard->index()
 6 SYSTEMPATH\CodeIgniter.php(507): CodeIgniter\CodeIgniter->runController(Object(App\Controllers\Admin\Dashboard))
 7 SYSTEMPATH\CodeIgniter.php(354): CodeIgniter\CodeIgniter->handleRequest(null, Object(Config\Cache), false)
 8 SYSTEMPATH\Boot.php(363): CodeIgniter\CodeIgniter->run()
 9 SYSTEMPATH\Boot.php(68): CodeIgniter\Boot::runCodeIgniter(Object(CodeIgniter\CodeIgniter))
10 FCPATH\index.php(59): CodeIgniter\Boot::bootWeb(Object(Config\Paths))
11 SYSTEMPATH\rewrite.php(44): require_once('C:\\xampp\\htdocs\\ITE311-CASTILLO\\public\\index.php')
CRITICAL - 2025-10-23 15:22:39 --> [Caused by] mysqli_sql_exception: Table 'lms_castillo.enrollments' doesn't exist
in SYSTEMPATH\Database\MySQLi\Connection.php on line 327.
 1 SYSTEMPATH\Database\MySQLi\Connection.php(327): mysqli->query('SELECT COUNT(*) AS `numrows`
FROM `enrollments`', 0)
 2 SYSTEMPATH\Database\BaseConnection.php(729): CodeIgniter\Database\MySQLi\Connection->execute('SELECT COUNT(*) AS `numrows`
FROM `enrollments`')
 3 SYSTEMPATH\Database\BaseConnection.php(646): CodeIgniter\Database\BaseConnection->simpleQuery('SELECT COUNT(*) AS `numrows`
FROM `enrollments`')
 4 SYSTEMPATH\Database\BaseBuilder.php(1733): CodeIgniter\Database\BaseConnection->query('SELECT COUNT(*) AS `numrows`
FROM `enrollments`', [], false)
 5 APPPATH\Controllers\Admin\Dashboard.php(15): CodeIgniter\Database\BaseBuilder->countAllResults()
 6 SYSTEMPATH\CodeIgniter.php(933): App\Controllers\Admin\Dashboard->index()
 7 SYSTEMPATH\CodeIgniter.php(507): CodeIgniter\CodeIgniter->runController(Object(App\Controllers\Admin\Dashboard))
 8 SYSTEMPATH\CodeIgniter.php(354): CodeIgniter\CodeIgniter->handleRequest(null, Object(Config\Cache), false)
 9 SYSTEMPATH\Boot.php(363): CodeIgniter\CodeIgniter->run()
10 SYSTEMPATH\Boot.php(68): CodeIgniter\Boot::runCodeIgniter(Object(CodeIgniter\CodeIgniter))
11 FCPATH\index.php(59): CodeIgniter\Boot::bootWeb(Object(Config\Paths))
12 SYSTEMPATH\rewrite.php(44): require_once('C:\\xampp\\htdocs\\ITE311-CASTILLO\\public\\index.php')
ERROR - 2025-10-23 15:22:41 --> mysqli_sql_exception: Table 'lms_castillo.enrollments' doesn't exist in C:\xampp\htdocs\ITE311-CASTILLO\system\Database\MySQLi\Connection.php:327
Stack trace:
#0 C:\xampp\htdocs\ITE311-CASTILLO\system\Database\MySQLi\Connection.php(327): mysqli->query('SELECT COUNT(*)...', 0)
#1 C:\xampp\htdocs\ITE311-CASTILLO\system\Database\BaseConnection.php(729): CodeIgniter\Database\MySQLi\Connection->execute('SELECT COUNT(*)...')
#2 C:\xampp\htdocs\ITE311-CASTILLO\system\Database\BaseConnection.php(646): CodeIgniter\Database\BaseConnection->simpleQuery('SELECT COUNT(*)...')
#3 C:\xampp\htdocs\ITE311-CASTILLO\system\Database\BaseBuilder.php(1733): CodeIgniter\Database\BaseConnection->query('SELECT COUNT(*)...', Array, false)
#4 C:\xampp\htdocs\ITE311-CASTILLO\app\Controllers\Admin\Dashboard.php(15): CodeIgniter\Database\BaseBuilder->countAllResults()
#5 C:\xampp\htdocs\ITE311-CASTILLO\system\CodeIgniter.php(933): App\Controllers\Admin\Dashboard->index()
#6 C:\xampp\htdocs\ITE311-CASTILLO\system\CodeIgniter.php(507): CodeIgniter\CodeIgniter->runController(Object(App\Controllers\Admin\Dashboard))
#7 C:\xampp\htdocs\ITE311-CASTILLO\system\CodeIgniter.php(354): CodeIgniter\CodeIgniter->handleRequest(NULL, Object(Config\Cache), false)
#8 C:\xampp\htdocs\ITE311-CASTILLO\system\Boot.php(363): CodeIgniter\CodeIgniter->run()
#9 C:\xampp\htdocs\ITE311-CASTILLO\system\Boot.php(68): CodeIgniter\Boot::runCodeIgniter(Object(CodeIgniter\CodeIgniter))
#10 C:\xampp\htdocs\ITE311-CASTILLO\public\index.php(59): CodeIgniter\Boot::bootWeb(Object(Config\Paths))
#11 C:\xampp\htdocs\ITE311-CASTILLO\system\rewrite.php(44): require_once('C:\\xampp\\htdocs...')
#12 {main}
CRITICAL - 2025-10-23 15:22:41 --> CodeIgniter\Database\Exceptions\DatabaseException: Table 'lms_castillo.enrollments' doesn't exist
[Method: GET, Route: admin]
in SYSTEMPATH\Database\BaseConnection.php on line 684.
 1 SYSTEMPATH\Database\BaseBuilder.php(1733): CodeIgniter\Database\BaseConnection->query('SELECT COUNT(*) AS `numrows`
FROM `enrollments`', [], false)
 2 APPPATH\Controllers\Admin\Dashboard.php(15): CodeIgniter\Database\BaseBuilder->countAllResults()
 3 SYSTEMPATH\CodeIgniter.php(933): App\Controllers\Admin\Dashboard->index()
 4 SYSTEMPATH\CodeIgniter.php(507): CodeIgniter\CodeIgniter->runController(Object(App\Controllers\Admin\Dashboard))
 5 SYSTEMPATH\CodeIgniter.php(354): CodeIgniter\CodeIgniter->handleRequest(null, Object(Config\Cache), false)
 6 SYSTEMPATH\Boot.php(363): CodeIgniter\CodeIgniter->run()
 7 SYSTEMPATH\Boot.php(68): CodeIgniter\Boot::runCodeIgniter(Object(CodeIgniter\CodeIgniter))
 8 FCPATH\index.php(59): CodeIgniter\Boot::bootWeb(Object(Config\Paths))
 9 SYSTEMPATH\rewrite.php(44): require_once('C:\\xampp\\htdocs\\ITE311-CASTILLO\\public\\index.php')
CRITICAL - 2025-10-23 15:22:41 --> [Caused by] CodeIgniter\Database\Exceptions\DatabaseException: Table 'lms_castillo.enrollments' doesn't exist
in SYSTEMPATH\Database\MySQLi\Connection.php on line 332.
 1 SYSTEMPATH\Database\BaseConnection.php(729): CodeIgniter\Database\MySQLi\Connection->execute('SELECT COUNT(*) AS `numrows`
FROM `enrollments`')
 2 SYSTEMPATH\Database\BaseConnection.php(646): CodeIgniter\Database\BaseConnection->simpleQuery('SELECT COUNT(*) AS `numrows`
FROM `enrollments`')
 3 SYSTEMPATH\Database\BaseBuilder.php(1733): CodeIgniter\Database\BaseConnection->query('SELECT COUNT(*) AS `numrows`
FROM `enrollments`', [], false)
 4 APPPATH\Controllers\Admin\Dashboard.php(15): CodeIgniter\Database\BaseBuilder->countAllResults()
 5 SYSTEMPATH\CodeIgniter.php(933): App\Controllers\Admin\Dashboard->index()
 6 SYSTEMPATH\CodeIgniter.php(507): CodeIgniter\CodeIgniter->runController(Object(App\Controllers\Admin\Dashboard))
 7 SYSTEMPATH\CodeIgniter.php(354): CodeIgniter\CodeIgniter->handleRequest(null, Object(Config\Cache), false)
 8 SYSTEMPATH\Boot.php(363): CodeIgniter\CodeIgniter->run()
 9 SYSTEMPATH\Boot.php(68): CodeIgniter\Boot::runCodeIgniter(Object(CodeIgniter\CodeIgniter))
10 FCPATH\index.php(59): CodeIgniter\Boot::bootWeb(Object(Config\Paths))
11 SYSTEMPATH\rewrite.php(44): require_once('C:\\xampp\\htdocs\\ITE311-CASTILLO\\public\\index.php')
CRITICAL - 2025-10-23 15:22:41 --> [Caused by] mysqli_sql_exception: Table 'lms_castillo.enrollments' doesn't exist
in SYSTEMPATH\Database\MySQLi\Connection.php on line 327.
 1 SYSTEMPATH\Database\MySQLi\Connection.php(327): mysqli->query('SELECT COUNT(*) AS `numrows`
FROM `enrollments`', 0)
 2 SYSTEMPATH\Database\BaseConnection.php(729): CodeIgniter\Database\MySQLi\Connection->execute('SELECT COUNT(*) AS `numrows`
FROM `enrollments`')
 3 SYSTEMPATH\Database\BaseConnection.php(646): CodeIgniter\Database\BaseConnection->simpleQuery('SELECT COUNT(*) AS `numrows`
FROM `enrollments`')
 4 SYSTEMPATH\Database\BaseBuilder.php(1733): CodeIgniter\Database\BaseConnection->query('SELECT COUNT(*) AS `numrows`
FROM `enrollments`', [], false)
 5 APPPATH\Controllers\Admin\Dashboard.php(15): CodeIgniter\Database\BaseBuilder->countAllResults()
 6 SYSTEMPATH\CodeIgniter.php(933): App\Controllers\Admin\Dashboard->index()
 7 SYSTEMPATH\CodeIgniter.php(507): CodeIgniter\CodeIgniter->runController(Object(App\Controllers\Admin\Dashboard))
 8 SYSTEMPATH\CodeIgniter.php(354): CodeIgniter\CodeIgniter->handleRequest(null, Object(Config\Cache), false)
 9 SYSTEMPATH\Boot.php(363): CodeIgniter\CodeIgniter->run()
10 SYSTEMPATH\Boot.php(68): CodeIgniter\Boot::runCodeIgniter(Object(CodeIgniter\CodeIgniter))
11 FCPATH\index.php(59): CodeIgniter\Boot::bootWeb(Object(Config\Paths))
12 SYSTEMPATH\rewrite.php(44): require_once('C:\\xampp\\htdocs\\ITE311-CASTILLO\\public\\index.php')
ERROR - 2025-10-23 15:22:47 --> mysqli_sql_exception: Table 'lms_castillo.enrollments' doesn't exist in C:\xampp\htdocs\ITE311-CASTILLO\system\Database\MySQLi\Connection.php:327
Stack trace:
#0 C:\xampp\htdocs\ITE311-CASTILLO\system\Database\MySQLi\Connection.php(327): mysqli->query('SELECT COUNT(*)...', 0)
#1 C:\xampp\htdocs\ITE311-CASTILLO\system\Database\BaseConnection.php(729): CodeIgniter\Database\MySQLi\Connection->execute('SELECT COUNT(*)...')
#2 C:\xampp\htdocs\ITE311-CASTILLO\system\Database\BaseConnection.php(646): CodeIgniter\Database\BaseConnection->simpleQuery('SELECT COUNT(*)...')
#3 C:\xampp\htdocs\ITE311-CASTILLO\system\Database\BaseBuilder.php(1733): CodeIgniter\Database\BaseConnection->query('SELECT COUNT(*)...', Array, false)
#4 C:\xampp\htdocs\ITE311-CASTILLO\app\Controllers\Admin\Dashboard.php(15): CodeIgniter\Database\BaseBuilder->countAllResults()
#5 C:\xampp\htdocs\ITE311-CASTILLO\system\CodeIgniter.php(933): App\Controllers\Admin\Dashboard->index()
#6 C:\xampp\htdocs\ITE311-CASTILLO\system\CodeIgniter.php(507): CodeIgniter\CodeIgniter->runController(Object(App\Controllers\Admin\Dashboard))
#7 C:\xampp\htdocs\ITE311-CASTILLO\system\CodeIgniter.php(354): CodeIgniter\CodeIgniter->handleRequest(NULL, Object(Config\Cache), false)
#8 C:\xampp\htdocs\ITE311-CASTILLO\system\Boot.php(363): CodeIgniter\CodeIgniter->run()
#9 C:\xampp\htdocs\ITE311-CASTILLO\system\Boot.php(68): CodeIgniter\Boot::runCodeIgniter(Object(CodeIgniter\CodeIgniter))
#10 C:\xampp\htdocs\ITE311-CASTILLO\public\index.php(59): CodeIgniter\Boot::bootWeb(Object(Config\Paths))
#11 C:\xampp\htdocs\ITE311-CASTILLO\system\rewrite.php(44): require_once('C:\\xampp\\htdocs...')
#12 {main}
CRITICAL - 2025-10-23 15:22:47 --> CodeIgniter\Database\Exceptions\DatabaseException: Table 'lms_castillo.enrollments' doesn't exist
[Method: GET, Route: admin]
in SYSTEMPATH\Database\BaseConnection.php on line 684.
 1 SYSTEMPATH\Database\BaseBuilder.php(1733): CodeIgniter\Database\BaseConnection->query('SELECT COUNT(*) AS `numrows`
FROM `enrollments`', [], false)
 2 APPPATH\Controllers\Admin\Dashboard.php(15): CodeIgniter\Database\BaseBuilder->countAllResults()
 3 SYSTEMPATH\CodeIgniter.php(933): App\Controllers\Admin\Dashboard->index()
 4 SYSTEMPATH\CodeIgniter.php(507): CodeIgniter\CodeIgniter->runController(Object(App\Controllers\Admin\Dashboard))
 5 SYSTEMPATH\CodeIgniter.php(354): CodeIgniter\CodeIgniter->handleRequest(null, Object(Config\Cache), false)
 6 SYSTEMPATH\Boot.php(363): CodeIgniter\CodeIgniter->run()
 7 SYSTEMPATH\Boot.php(68): CodeIgniter\Boot::runCodeIgniter(Object(CodeIgniter\CodeIgniter))
 8 FCPATH\index.php(59): CodeIgniter\Boot::bootWeb(Object(Config\Paths))
 9 SYSTEMPATH\rewrite.php(44): require_once('C:\\xampp\\htdocs\\ITE311-CASTILLO\\public\\index.php')
CRITICAL - 2025-10-23 15:22:47 --> [Caused by] CodeIgniter\Database\Exceptions\DatabaseException: Table 'lms_castillo.enrollments' doesn't exist
in SYSTEMPATH\Database\MySQLi\Connection.php on line 332.
 1 SYSTEMPATH\Database\BaseConnection.php(729): CodeIgniter\Database\MySQLi\Connection->execute('SELECT COUNT(*) AS `numrows`
FROM `enrollments`')
 2 SYSTEMPATH\Database\BaseConnection.php(646): CodeIgniter\Database\BaseConnection->simpleQuery('SELECT COUNT(*) AS `numrows`
FROM `enrollments`')
 3 SYSTEMPATH\Database\BaseBuilder.php(1733): CodeIgniter\Database\BaseConnection->query('SELECT COUNT(*) AS `numrows`
FROM `enrollments`', [], false)
 4 APPPATH\Controllers\Admin\Dashboard.php(15): CodeIgniter\Database\BaseBuilder->countAllResults()
 5 SYSTEMPATH\CodeIgniter.php(933): App\Controllers\Admin\Dashboard->index()
 6 SYSTEMPATH\CodeIgniter.php(507): CodeIgniter\CodeIgniter->runController(Object(App\Controllers\Admin\Dashboard))
 7 SYSTEMPATH\CodeIgniter.php(354): CodeIgniter\CodeIgniter->handleRequest(null, Object(Config\Cache), false)
 8 SYSTEMPATH\Boot.php(363): CodeIgniter\CodeIgniter->run()
 9 SYSTEMPATH\Boot.php(68): CodeIgniter\Boot::runCodeIgniter(Object(CodeIgniter\CodeIgniter))
10 FCPATH\index.php(59): CodeIgniter\Boot::bootWeb(Object(Config\Paths))
11 SYSTEMPATH\rewrite.php(44): require_once('C:\\xampp\\htdocs\\ITE311-CASTILLO\\public\\index.php')
CRITICAL - 2025-10-23 15:22:47 --> [Caused by] mysqli_sql_exception: Table 'lms_castillo.enrollments' doesn't exist
in SYSTEMPATH\Database\MySQLi\Connection.php on line 327.
 1 SYSTEMPATH\Database\MySQLi\Connection.php(327): mysqli->query('SELECT COUNT(*) AS `numrows`
FROM `enrollments`', 0)
 2 SYSTEMPATH\Database\BaseConnection.php(729): CodeIgniter\Database\MySQLi\Connection->execute('SELECT COUNT(*) AS `numrows`
FROM `enrollments`')
 3 SYSTEMPATH\Database\BaseConnection.php(646): CodeIgniter\Database\BaseConnection->simpleQuery('SELECT COUNT(*) AS `numrows`
FROM `enrollments`')
 4 SYSTEMPATH\Database\BaseBuilder.php(1733): CodeIgniter\Database\BaseConnection->query('SELECT COUNT(*) AS `numrows`
FROM `enrollments`', [], false)
 5 APPPATH\Controllers\Admin\Dashboard.php(15): CodeIgniter\Database\BaseBuilder->countAllResults()
 6 SYSTEMPATH\CodeIgniter.php(933): App\Controllers\Admin\Dashboard->index()
 7 SYSTEMPATH\CodeIgniter.php(507): CodeIgniter\CodeIgniter->runController(Object(App\Controllers\Admin\Dashboard))
 8 SYSTEMPATH\CodeIgniter.php(354): CodeIgniter\CodeIgniter->handleRequest(null, Object(Config\Cache), false)
 9 SYSTEMPATH\Boot.php(363): CodeIgniter\CodeIgniter->run()
10 SYSTEMPATH\Boot.php(68): CodeIgniter\Boot::runCodeIgniter(Object(CodeIgniter\CodeIgniter))
11 FCPATH\index.php(59): CodeIgniter\Boot::bootWeb(Object(Config\Paths))
12 SYSTEMPATH\rewrite.php(44): require_once('C:\\xampp\\htdocs\\ITE311-CASTILLO\\public\\index.php')
ERROR - 2025-10-23 15:23:06 --> mysqli_sql_exception: Table 'lms_castillo.enrollments' doesn't exist in C:\xampp\htdocs\ITE311-CASTILLO\system\Database\MySQLi\Connection.php:327
Stack trace:
#0 C:\xampp\htdocs\ITE311-CASTILLO\system\Database\MySQLi\Connection.php(327): mysqli->query('SELECT COUNT(*)...', 0)
#1 C:\xampp\htdocs\ITE311-CASTILLO\system\Database\BaseConnection.php(729): CodeIgniter\Database\MySQLi\Connection->execute('SELECT COUNT(*)...')
#2 C:\xampp\htdocs\ITE311-CASTILLO\system\Database\BaseConnection.php(646): CodeIgniter\Database\BaseConnection->simpleQuery('SELECT COUNT(*)...')
#3 C:\xampp\htdocs\ITE311-CASTILLO\system\Database\BaseBuilder.php(1733): CodeIgniter\Database\BaseConnection->query('SELECT COUNT(*)...', Array, false)
#4 C:\xampp\htdocs\ITE311-CASTILLO\app\Controllers\Admin\Dashboard.php(15): CodeIgniter\Database\BaseBuilder->countAllResults()
#5 C:\xampp\htdocs\ITE311-CASTILLO\system\CodeIgniter.php(933): App\Controllers\Admin\Dashboard->index()
#6 C:\xampp\htdocs\ITE311-CASTILLO\system\CodeIgniter.php(507): CodeIgniter\CodeIgniter->runController(Object(App\Controllers\Admin\Dashboard))
#7 C:\xampp\htdocs\ITE311-CASTILLO\system\CodeIgniter.php(354): CodeIgniter\CodeIgniter->handleRequest(NULL, Object(Config\Cache), false)
#8 C:\xampp\htdocs\ITE311-CASTILLO\system\Boot.php(363): CodeIgniter\CodeIgniter->run()
#9 C:\xampp\htdocs\ITE311-CASTILLO\system\Boot.php(68): CodeIgniter\Boot::runCodeIgniter(Object(CodeIgniter\CodeIgniter))
#10 C:\xampp\htdocs\ITE311-CASTILLO\public\index.php(59): CodeIgniter\Boot::bootWeb(Object(Config\Paths))
#11 C:\xampp\htdocs\ITE311-CASTILLO\system\rewrite.php(44): require_once('C:\\xampp\\htdocs...')
#12 {main}
CRITICAL - 2025-10-23 15:23:06 --> CodeIgniter\Database\Exceptions\DatabaseException: Table 'lms_castillo.enrollments' doesn't exist
[Method: GET, Route: admin]
in SYSTEMPATH\Database\BaseConnection.php on line 684.
 1 SYSTEMPATH\Database\BaseBuilder.php(1733): CodeIgniter\Database\BaseConnection->query('SELECT COUNT(*) AS `numrows`
FROM `enrollments`', [], false)
 2 APPPATH\Controllers\Admin\Dashboard.php(15): CodeIgniter\Database\BaseBuilder->countAllResults()
 3 SYSTEMPATH\CodeIgniter.php(933): App\Controllers\Admin\Dashboard->index()
 4 SYSTEMPATH\CodeIgniter.php(507): CodeIgniter\CodeIgniter->runController(Object(App\Controllers\Admin\Dashboard))
 5 SYSTEMPATH\CodeIgniter.php(354): CodeIgniter\CodeIgniter->handleRequest(null, Object(Config\Cache), false)
 6 SYSTEMPATH\Boot.php(363): CodeIgniter\CodeIgniter->run()
 7 SYSTEMPATH\Boot.php(68): CodeIgniter\Boot::runCodeIgniter(Object(CodeIgniter\CodeIgniter))
 8 FCPATH\index.php(59): CodeIgniter\Boot::bootWeb(Object(Config\Paths))
 9 SYSTEMPATH\rewrite.php(44): require_once('C:\\xampp\\htdocs\\ITE311-CASTILLO\\public\\index.php')
CRITICAL - 2025-10-23 15:23:06 --> [Caused by] CodeIgniter\Database\Exceptions\DatabaseException: Table 'lms_castillo.enrollments' doesn't exist
in SYSTEMPATH\Database\MySQLi\Connection.php on line 332.
 1 SYSTEMPATH\Database\BaseConnection.php(729): CodeIgniter\Database\MySQLi\Connection->execute('SELECT COUNT(*) AS `numrows`
FROM `enrollments`')
 2 SYSTEMPATH\Database\BaseConnection.php(646): CodeIgniter\Database\BaseConnection->simpleQuery('SELECT COUNT(*) AS `numrows`
FROM `enrollments`')
 3 SYSTEMPATH\Database\BaseBuilder.php(1733): CodeIgniter\Database\BaseConnection->query('SELECT COUNT(*) AS `numrows`
FROM `enrollments`', [], false)
 4 APPPATH\Controllers\Admin\Dashboard.php(15): CodeIgniter\Database\BaseBuilder->countAllResults()
 5 SYSTEMPATH\CodeIgniter.php(933): App\Controllers\Admin\Dashboard->index()
 6 SYSTEMPATH\CodeIgniter.php(507): CodeIgniter\CodeIgniter->runController(Object(App\Controllers\Admin\Dashboard))
 7 SYSTEMPATH\CodeIgniter.php(354): CodeIgniter\CodeIgniter->handleRequest(null, Object(Config\Cache), false)
 8 SYSTEMPATH\Boot.php(363): CodeIgniter\CodeIgniter->run()
 9 SYSTEMPATH\Boot.php(68): CodeIgniter\Boot::runCodeIgniter(Object(CodeIgniter\CodeIgniter))
10 FCPATH\index.php(59): CodeIgniter\Boot::bootWeb(Object(Config\Paths))
11 SYSTEMPATH\rewrite.php(44): require_once('C:\\xampp\\htdocs\\ITE311-CASTILLO\\public\\index.php')
CRITICAL - 2025-10-23 15:23:06 --> [Caused by] mysqli_sql_exception: Table 'lms_castillo.enrollments' doesn't exist
in SYSTEMPATH\Database\MySQLi\Connection.php on line 327.
 1 SYSTEMPATH\Database\MySQLi\Connection.php(327): mysqli->query('SELECT COUNT(*) AS `numrows`
FROM `enrollments`', 0)
 2 SYSTEMPATH\Database\BaseConnection.php(729): CodeIgniter\Database\MySQLi\Connection->execute('SELECT COUNT(*) AS `numrows`
FROM `enrollments`')
 3 SYSTEMPATH\Database\BaseConnection.php(646): CodeIgniter\Database\BaseConnection->simpleQuery('SELECT COUNT(*) AS `numrows`
FROM `enrollments`')
 4 SYSTEMPATH\Database\BaseBuilder.php(1733): CodeIgniter\Database\BaseConnection->query('SELECT COUNT(*) AS `numrows`
FROM `enrollments`', [], false)
 5 APPPATH\Controllers\Admin\Dashboard.php(15): CodeIgniter\Database\BaseBuilder->countAllResults()
 6 SYSTEMPATH\CodeIgniter.php(933): App\Controllers\Admin\Dashboard->index()
 7 SYSTEMPATH\CodeIgniter.php(507): CodeIgniter\CodeIgniter->runController(Object(App\Controllers\Admin\Dashboard))
 8 SYSTEMPATH\CodeIgniter.php(354): CodeIgniter\CodeIgniter->handleRequest(null, Object(Config\Cache), false)
 9 SYSTEMPATH\Boot.php(363): CodeIgniter\CodeIgniter->run()
10 SYSTEMPATH\Boot.php(68): CodeIgniter\Boot::runCodeIgniter(Object(CodeIgniter\CodeIgniter))
11 FCPATH\index.php(59): CodeIgniter\Boot::bootWeb(Object(Config\Paths))
12 SYSTEMPATH\rewrite.php(44): require_once('C:\\xampp\\htdocs\\ITE311-CASTILLO\\public\\index.php')
CRITICAL - 2025-10-23 15:24:04 --> TypeError: CodeIgniter\CLI\InputOutput::input(): Return value must be of type string, bool returned
[Method: CLI, Route: migrate:rollback]
in SYSTEMPATH\CLI\InputOutput.php on line 46.
 1 SYSTEMPATH\CLI\CLI.php(260): CodeIgniter\CLI\InputOutput->input()
 2 SYSTEMPATH\Commands\Database\MigrateRollback.php(76): CodeIgniter\CLI\CLI::prompt('Are you sure you want to rollback?', [...])
 3 SYSTEMPATH\CLI\Commands.php(74): CodeIgniter\Commands\Database\MigrateRollback->run([...])
 4 SYSTEMPATH\CLI\Console.php(47): CodeIgniter\CLI\Commands->run('migrate:rollback', [...])
 5 SYSTEMPATH\Boot.php(388): CodeIgniter\CLI\Console->run()
 6 SYSTEMPATH\Boot.php(133): CodeIgniter\Boot::runCommand(Object(CodeIgniter\CLI\Console))
 7 ROOTPATH\spark(87): CodeIgniter\Boot::bootSpark(Object(Config\Paths))
ERROR - 2025-10-23 16:04:22 --> mysqli_sql_exception: Duplicate entry '11-1' for key 'user_id_course_id' in C:\xampp\htdocs\ITE311-CASTILLO\system\Database\MySQLi\Connection.php:327
Stack trace:
#0 C:\xampp\htdocs\ITE311-CASTILLO\system\Database\MySQLi\Connection.php(327): mysqli->query('INSERT INTO `en...', 0)
#1 C:\xampp\htdocs\ITE311-CASTILLO\system\Database\BaseConnection.php(729): CodeIgniter\Database\MySQLi\Connection->execute('INSERT INTO `en...')
#2 C:\xampp\htdocs\ITE311-CASTILLO\system\Database\BaseConnection.php(646): CodeIgniter\Database\BaseConnection->simpleQuery('INSERT INTO `en...')
#3 C:\xampp\htdocs\ITE311-CASTILLO\system\Database\BaseBuilder.php(2345): CodeIgniter\Database\BaseConnection->query('INSERT INTO `en...', Array, false)
#4 C:\xampp\htdocs\ITE311-CASTILLO\app\Database\Seeds\CourseSeeder.php(57): CodeIgniter\Database\BaseBuilder->insert(Array)
#5 C:\xampp\htdocs\ITE311-CASTILLO\system\Database\Seeder.php(149): App\Database\Seeds\CourseSeeder->run()
#6 C:\xampp\htdocs\ITE311-CASTILLO\system\Commands\Database\Seed.php(79): CodeIgniter\Database\Seeder->call('App\\Database\\Se...')
#7 C:\xampp\htdocs\ITE311-CASTILLO\system\CLI\Commands.php(74): CodeIgniter\Commands\Database\Seed->run(Array)
#8 C:\xampp\htdocs\ITE311-CASTILLO\system\CLI\Console.php(47): CodeIgniter\CLI\Commands->run('db:seed', Array)
#9 C:\xampp\htdocs\ITE311-CASTILLO\system\Boot.php(388): CodeIgniter\CLI\Console->run()
#10 C:\xampp\htdocs\ITE311-CASTILLO\system\Boot.php(133): CodeIgniter\Boot::runCommand(Object(CodeIgniter\CLI\Console))
#11 C:\xampp\htdocs\ITE311-CASTILLO\spark(87): CodeIgniter\Boot::bootSpark(Object(Config\Paths))
#12 {main}
ERROR - 2025-10-23 16:22:32 --> mysqli_sql_exception: Unknown column 'quizzes.course_id' in 'on clause' in C:\xampp\htdocs\ITE311-CASTILLO\system\Database\MySQLi\Connection.php:327
Stack trace:
#0 C:\xampp\htdocs\ITE311-CASTILLO\system\Database\MySQLi\Connection.php(327): mysqli->query('SELECT COUNT(*)...', 0)
#1 C:\xampp\htdocs\ITE311-CASTILLO\system\Database\BaseConnection.php(729): CodeIgniter\Database\MySQLi\Connection->execute('SELECT COUNT(*)...')
#2 C:\xampp\htdocs\ITE311-CASTILLO\system\Database\BaseConnection.php(646): CodeIgniter\Database\BaseConnection->simpleQuery('SELECT COUNT(*)...')
#3 C:\xampp\htdocs\ITE311-CASTILLO\system\Database\BaseBuilder.php(1733): CodeIgniter\Database\BaseConnection->query('SELECT COUNT(*)...', Array, false)
#4 C:\xampp\htdocs\ITE311-CASTILLO\app\Controllers\Teacher.php(29): CodeIgniter\Database\BaseBuilder->countAllResults()
#5 C:\xampp\htdocs\ITE311-CASTILLO\system\CodeIgniter.php(933): App\Controllers\Teacher->dashboard()
#6 C:\xampp\htdocs\ITE311-CASTILLO\system\CodeIgniter.php(507): CodeIgniter\CodeIgniter->runController(Object(App\Controllers\Teacher))
#7 C:\xampp\htdocs\ITE311-CASTILLO\system\CodeIgniter.php(354): CodeIgniter\CodeIgniter->handleRequest(NULL, Object(Config\Cache), false)
#8 C:\xampp\htdocs\ITE311-CASTILLO\system\Boot.php(363): CodeIgniter\CodeIgniter->run()
#9 C:\xampp\htdocs\ITE311-CASTILLO\system\Boot.php(68): CodeIgniter\Boot::runCodeIgniter(Object(CodeIgniter\CodeIgniter))
#10 C:\xampp\htdocs\ITE311-CASTILLO\public\index.php(59): CodeIgniter\Boot::bootWeb(Object(Config\Paths))
#11 C:\xampp\htdocs\ITE311-CASTILLO\system\rewrite.php(44): require_once('C:\\xampp\\htdocs...')
#12 {main}
CRITICAL - 2025-10-23 16:22:32 --> CodeIgniter\Database\Exceptions\DatabaseException: Unknown column 'quizzes.course_id' in 'on clause'
[Method: GET, Route: teacher/dashboard]
in SYSTEMPATH\Database\BaseConnection.php on line 684.
 1 SYSTEMPATH\Database\BaseBuilder.php(1733): CodeIgniter\Database\BaseConnection->query('SELECT COUNT(*) AS `numrows`
FROM `quizzes`
JOIN `courses` ON `courses`.`id` = `quizzes`.`course_id`
WHERE `courses`.`teacher_id` = :courses.teacher_id:', [...], false)
 2 APPPATH\Controllers\Teacher.php(29): CodeIgniter\Database\BaseBuilder->countAllResults()
 3 SYSTEMPATH\CodeIgniter.php(933): App\Controllers\Teacher->dashboard()
 4 SYSTEMPATH\CodeIgniter.php(507): CodeIgniter\CodeIgniter->runController(Object(App\Controllers\Teacher))
 5 SYSTEMPATH\CodeIgniter.php(354): CodeIgniter\CodeIgniter->handleRequest(null, Object(Config\Cache), false)
 6 SYSTEMPATH\Boot.php(363): CodeIgniter\CodeIgniter->run()
 7 SYSTEMPATH\Boot.php(68): CodeIgniter\Boot::runCodeIgniter(Object(CodeIgniter\CodeIgniter))
 8 FCPATH\index.php(59): CodeIgniter\Boot::bootWeb(Object(Config\Paths))
 9 SYSTEMPATH\rewrite.php(44): require_once('C:\\xampp\\htdocs\\ITE311-CASTILLO\\public\\index.php')
CRITICAL - 2025-10-23 16:22:32 --> [Caused by] CodeIgniter\Database\Exceptions\DatabaseException: Unknown column 'quizzes.course_id' in 'on clause'
in SYSTEMPATH\Database\MySQLi\Connection.php on line 332.
 1 SYSTEMPATH\Database\BaseConnection.php(729): CodeIgniter\Database\MySQLi\Connection->execute('SELECT COUNT(*) AS `numrows`
FROM `quizzes`
JOIN `courses` ON `courses`.`id` = `quizzes`.`course_id`
WHERE `courses`.`teacher_id` = \'10\'')
 2 SYSTEMPATH\Database\BaseConnection.php(646): CodeIgniter\Database\BaseConnection->simpleQuery('SELECT COUNT(*) AS `numrows`
FROM `quizzes`
JOIN `courses` ON `courses`.`id` = `quizzes`.`course_id`
WHERE `courses`.`teacher_id` = \'10\'')
 3 SYSTEMPATH\Database\BaseBuilder.php(1733): CodeIgniter\Database\BaseConnection->query('SELECT COUNT(*) AS `numrows`
FROM `quizzes`
JOIN `courses` ON `courses`.`id` = `quizzes`.`course_id`
WHERE `courses`.`teacher_id` = :courses.teacher_id:', [...], false)
 4 APPPATH\Controllers\Teacher.php(29): CodeIgniter\Database\BaseBuilder->countAllResults()
 5 SYSTEMPATH\CodeIgniter.php(933): App\Controllers\Teacher->dashboard()
 6 SYSTEMPATH\CodeIgniter.php(507): CodeIgniter\CodeIgniter->runController(Object(App\Controllers\Teacher))
 7 SYSTEMPATH\CodeIgniter.php(354): CodeIgniter\CodeIgniter->handleRequest(null, Object(Config\Cache), false)
 8 SYSTEMPATH\Boot.php(363): CodeIgniter\CodeIgniter->run()
 9 SYSTEMPATH\Boot.php(68): CodeIgniter\Boot::runCodeIgniter(Object(CodeIgniter\CodeIgniter))
10 FCPATH\index.php(59): CodeIgniter\Boot::bootWeb(Object(Config\Paths))
11 SYSTEMPATH\rewrite.php(44): require_once('C:\\xampp\\htdocs\\ITE311-CASTILLO\\public\\index.php')
CRITICAL - 2025-10-23 16:22:32 --> [Caused by] mysqli_sql_exception: Unknown column 'quizzes.course_id' in 'on clause'
in SYSTEMPATH\Database\MySQLi\Connection.php on line 327.
 1 SYSTEMPATH\Database\MySQLi\Connection.php(327): mysqli->query('SELECT COUNT(*) AS `numrows`
FROM `quizzes`
JOIN `courses` ON `courses`.`id` = `quizzes`.`course_id`
WHERE `courses`.`teacher_id` = \'10\'', 0)
 2 SYSTEMPATH\Database\BaseConnection.php(729): CodeIgniter\Database\MySQLi\Connection->execute('SELECT COUNT(*) AS `numrows`
FROM `quizzes`
JOIN `courses` ON `courses`.`id` = `quizzes`.`course_id`
WHERE `courses`.`teacher_id` = \'10\'')
 3 SYSTEMPATH\Database\BaseConnection.php(646): CodeIgniter\Database\BaseConnection->simpleQuery('SELECT COUNT(*) AS `numrows`
FROM `quizzes`
JOIN `courses` ON `courses`.`id` = `quizzes`.`course_id`
WHERE `courses`.`teacher_id` = \'10\'')
 4 SYSTEMPATH\Database\BaseBuilder.php(1733): CodeIgniter\Database\BaseConnection->query('SELECT COUNT(*) AS `numrows`
FROM `quizzes`
JOIN `courses` ON `courses`.`id` = `quizzes`.`course_id`
WHERE `courses`.`teacher_id` = :courses.teacher_id:', [...], false)
 5 APPPATH\Controllers\Teacher.php(29): CodeIgniter\Database\BaseBuilder->countAllResults()
 6 SYSTEMPATH\CodeIgniter.php(933): App\Controllers\Teacher->dashboard()
 7 SYSTEMPATH\CodeIgniter.php(507): CodeIgniter\CodeIgniter->runController(Object(App\Controllers\Teacher))
 8 SYSTEMPATH\CodeIgniter.php(354): CodeIgniter\CodeIgniter->handleRequest(null, Object(Config\Cache), false)
 9 SYSTEMPATH\Boot.php(363): CodeIgniter\CodeIgniter->run()
10 SYSTEMPATH\Boot.php(68): CodeIgniter\Boot::runCodeIgniter(Object(CodeIgniter\CodeIgniter))
11 FCPATH\index.php(59): CodeIgniter\Boot::bootWeb(Object(Config\Paths))
12 SYSTEMPATH\rewrite.php(44): require_once('C:\\xampp\\htdocs\\ITE311-CASTILLO\\public\\index.php')
ERROR - 2025-10-23 16:22:37 --> mysqli_sql_exception: Unknown column 'quizzes.course_id' in 'on clause' in C:\xampp\htdocs\ITE311-CASTILLO\system\Database\MySQLi\Connection.php:327
Stack trace:
#0 C:\xampp\htdocs\ITE311-CASTILLO\system\Database\MySQLi\Connection.php(327): mysqli->query('SELECT COUNT(*)...', 0)
#1 C:\xampp\htdocs\ITE311-CASTILLO\system\Database\BaseConnection.php(729): CodeIgniter\Database\MySQLi\Connection->execute('SELECT COUNT(*)...')
#2 C:\xampp\htdocs\ITE311-CASTILLO\system\Database\BaseConnection.php(646): CodeIgniter\Database\BaseConnection->simpleQuery('SELECT COUNT(*)...')
#3 C:\xampp\htdocs\ITE311-CASTILLO\system\Database\BaseBuilder.php(1733): CodeIgniter\Database\BaseConnection->query('SELECT COUNT(*)...', Array, false)
#4 C:\xampp\htdocs\ITE311-CASTILLO\app\Controllers\Teacher.php(29): CodeIgniter\Database\BaseBuilder->countAllResults()
#5 C:\xampp\htdocs\ITE311-CASTILLO\system\CodeIgniter.php(933): App\Controllers\Teacher->dashboard()
#6 C:\xampp\htdocs\ITE311-CASTILLO\system\CodeIgniter.php(507): CodeIgniter\CodeIgniter->runController(Object(App\Controllers\Teacher))
#7 C:\xampp\htdocs\ITE311-CASTILLO\system\CodeIgniter.php(354): CodeIgniter\CodeIgniter->handleRequest(NULL, Object(Config\Cache), false)
#8 C:\xampp\htdocs\ITE311-CASTILLO\system\Boot.php(363): CodeIgniter\CodeIgniter->run()
#9 C:\xampp\htdocs\ITE311-CASTILLO\system\Boot.php(68): CodeIgniter\Boot::runCodeIgniter(Object(CodeIgniter\CodeIgniter))
#10 C:\xampp\htdocs\ITE311-CASTILLO\public\index.php(59): CodeIgniter\Boot::bootWeb(Object(Config\Paths))
#11 C:\xampp\htdocs\ITE311-CASTILLO\system\rewrite.php(44): require_once('C:\\xampp\\htdocs...')
#12 {main}
CRITICAL - 2025-10-23 16:22:37 --> CodeIgniter\Database\Exceptions\DatabaseException: Unknown column 'quizzes.course_id' in 'on clause'
[Method: GET, Route: teacher/dashboard]
in SYSTEMPATH\Database\BaseConnection.php on line 684.
 1 SYSTEMPATH\Database\BaseBuilder.php(1733): CodeIgniter\Database\BaseConnection->query('SELECT COUNT(*) AS `numrows`
FROM `quizzes`
JOIN `courses` ON `courses`.`id` = `quizzes`.`course_id`
WHERE `courses`.`teacher_id` = :courses.teacher_id:', [...], false)
 2 APPPATH\Controllers\Teacher.php(29): CodeIgniter\Database\BaseBuilder->countAllResults()
 3 SYSTEMPATH\CodeIgniter.php(933): App\Controllers\Teacher->dashboard()
 4 SYSTEMPATH\CodeIgniter.php(507): CodeIgniter\CodeIgniter->runController(Object(App\Controllers\Teacher))
 5 SYSTEMPATH\CodeIgniter.php(354): CodeIgniter\CodeIgniter->handleRequest(null, Object(Config\Cache), false)
 6 SYSTEMPATH\Boot.php(363): CodeIgniter\CodeIgniter->run()
 7 SYSTEMPATH\Boot.php(68): CodeIgniter\Boot::runCodeIgniter(Object(CodeIgniter\CodeIgniter))
 8 FCPATH\index.php(59): CodeIgniter\Boot::bootWeb(Object(Config\Paths))
 9 SYSTEMPATH\rewrite.php(44): require_once('C:\\xampp\\htdocs\\ITE311-CASTILLO\\public\\index.php')
CRITICAL - 2025-10-23 16:22:37 --> [Caused by] CodeIgniter\Database\Exceptions\DatabaseException: Unknown column 'quizzes.course_id' in 'on clause'
in SYSTEMPATH\Database\MySQLi\Connection.php on line 332.
 1 SYSTEMPATH\Database\BaseConnection.php(729): CodeIgniter\Database\MySQLi\Connection->execute('SELECT COUNT(*) AS `numrows`
FROM `quizzes`
JOIN `courses` ON `courses`.`id` = `quizzes`.`course_id`
WHERE `courses`.`teacher_id` = \'10\'')
 2 SYSTEMPATH\Database\BaseConnection.php(646): CodeIgniter\Database\BaseConnection->simpleQuery('SELECT COUNT(*) AS `numrows`
FROM `quizzes`
JOIN `courses` ON `courses`.`id` = `quizzes`.`course_id`
WHERE `courses`.`teacher_id` = \'10\'')
 3 SYSTEMPATH\Database\BaseBuilder.php(1733): CodeIgniter\Database\BaseConnection->query('SELECT COUNT(*) AS `numrows`
FROM `quizzes`
JOIN `courses` ON `courses`.`id` = `quizzes`.`course_id`
WHERE `courses`.`teacher_id` = :courses.teacher_id:', [...], false)
 4 APPPATH\Controllers\Teacher.php(29): CodeIgniter\Database\BaseBuilder->countAllResults()
 5 SYSTEMPATH\CodeIgniter.php(933): App\Controllers\Teacher->dashboard()
 6 SYSTEMPATH\CodeIgniter.php(507): CodeIgniter\CodeIgniter->runController(Object(App\Controllers\Teacher))
 7 SYSTEMPATH\CodeIgniter.php(354): CodeIgniter\CodeIgniter->handleRequest(null, Object(Config\Cache), false)
 8 SYSTEMPATH\Boot.php(363): CodeIgniter\CodeIgniter->run()
 9 SYSTEMPATH\Boot.php(68): CodeIgniter\Boot::runCodeIgniter(Object(CodeIgniter\CodeIgniter))
10 FCPATH\index.php(59): CodeIgniter\Boot::bootWeb(Object(Config\Paths))
11 SYSTEMPATH\rewrite.php(44): require_once('C:\\xampp\\htdocs\\ITE311-CASTILLO\\public\\index.php')
CRITICAL - 2025-10-23 16:22:37 --> [Caused by] mysqli_sql_exception: Unknown column 'quizzes.course_id' in 'on clause'
in SYSTEMPATH\Database\MySQLi\Connection.php on line 327.
 1 SYSTEMPATH\Database\MySQLi\Connection.php(327): mysqli->query('SELECT COUNT(*) AS `numrows`
FROM `quizzes`
JOIN `courses` ON `courses`.`id` = `quizzes`.`course_id`
WHERE `courses`.`teacher_id` = \'10\'', 0)
 2 SYSTEMPATH\Database\BaseConnection.php(729): CodeIgniter\Database\MySQLi\Connection->execute('SELECT COUNT(*) AS `numrows`
FROM `quizzes`
JOIN `courses` ON `courses`.`id` = `quizzes`.`course_id`
WHERE `courses`.`teacher_id` = \'10\'')
 3 SYSTEMPATH\Database\BaseConnection.php(646): CodeIgniter\Database\BaseConnection->simpleQuery('SELECT COUNT(*) AS `numrows`
FROM `quizzes`
JOIN `courses` ON `courses`.`id` = `quizzes`.`course_id`
WHERE `courses`.`teacher_id` = \'10\'')
 4 SYSTEMPATH\Database\BaseBuilder.php(1733): CodeIgniter\Database\BaseConnection->query('SELECT COUNT(*) AS `numrows`
FROM `quizzes`
JOIN `courses` ON `courses`.`id` = `quizzes`.`course_id`
WHERE `courses`.`teacher_id` = :courses.teacher_id:', [...], false)
 5 APPPATH\Controllers\Teacher.php(29): CodeIgniter\Database\BaseBuilder->countAllResults()
 6 SYSTEMPATH\CodeIgniter.php(933): App\Controllers\Teacher->dashboard()
 7 SYSTEMPATH\CodeIgniter.php(507): CodeIgniter\CodeIgniter->runController(Object(App\Controllers\Teacher))
 8 SYSTEMPATH\CodeIgniter.php(354): CodeIgniter\CodeIgniter->handleRequest(null, Object(Config\Cache), false)
 9 SYSTEMPATH\Boot.php(363): CodeIgniter\CodeIgniter->run()
10 SYSTEMPATH\Boot.php(68): CodeIgniter\Boot::runCodeIgniter(Object(CodeIgniter\CodeIgniter))
11 FCPATH\index.php(59): CodeIgniter\Boot::bootWeb(Object(Config\Paths))
12 SYSTEMPATH\rewrite.php(44): require_once('C:\\xampp\\htdocs\\ITE311-CASTILLO\\public\\index.php')
ERROR - 2025-10-23 16:22:41 --> mysqli_sql_exception: Unknown column 'quizzes.course_id' in 'on clause' in C:\xampp\htdocs\ITE311-CASTILLO\system\Database\MySQLi\Connection.php:327
Stack trace:
#0 C:\xampp\htdocs\ITE311-CASTILLO\system\Database\MySQLi\Connection.php(327): mysqli->query('SELECT COUNT(*)...', 0)
#1 C:\xampp\htdocs\ITE311-CASTILLO\system\Database\BaseConnection.php(729): CodeIgniter\Database\MySQLi\Connection->execute('SELECT COUNT(*)...')
#2 C:\xampp\htdocs\ITE311-CASTILLO\system\Database\BaseConnection.php(646): CodeIgniter\Database\BaseConnection->simpleQuery('SELECT COUNT(*)...')
#3 C:\xampp\htdocs\ITE311-CASTILLO\system\Database\BaseBuilder.php(1733): CodeIgniter\Database\BaseConnection->query('SELECT COUNT(*)...', Array, false)
#4 C:\xampp\htdocs\ITE311-CASTILLO\app\Controllers\Teacher.php(29): CodeIgniter\Database\BaseBuilder->countAllResults()
#5 C:\xampp\htdocs\ITE311-CASTILLO\system\CodeIgniter.php(933): App\Controllers\Teacher->dashboard()
#6 C:\xampp\htdocs\ITE311-CASTILLO\system\CodeIgniter.php(507): CodeIgniter\CodeIgniter->runController(Object(App\Controllers\Teacher))
#7 C:\xampp\htdocs\ITE311-CASTILLO\system\CodeIgniter.php(354): CodeIgniter\CodeIgniter->handleRequest(NULL, Object(Config\Cache), false)
#8 C:\xampp\htdocs\ITE311-CASTILLO\system\Boot.php(363): CodeIgniter\CodeIgniter->run()
#9 C:\xampp\htdocs\ITE311-CASTILLO\system\Boot.php(68): CodeIgniter\Boot::runCodeIgniter(Object(CodeIgniter\CodeIgniter))
#10 C:\xampp\htdocs\ITE311-CASTILLO\public\index.php(59): CodeIgniter\Boot::bootWeb(Object(Config\Paths))
#11 C:\xampp\htdocs\ITE311-CASTILLO\system\rewrite.php(44): require_once('C:\\xampp\\htdocs...')
#12 {main}
CRITICAL - 2025-10-23 16:22:41 --> CodeIgniter\Database\Exceptions\DatabaseException: Unknown column 'quizzes.course_id' in 'on clause'
[Method: GET, Route: teacher/dashboard]
in SYSTEMPATH\Database\BaseConnection.php on line 684.
 1 SYSTEMPATH\Database\BaseBuilder.php(1733): CodeIgniter\Database\BaseConnection->query('SELECT COUNT(*) AS `numrows`
FROM `quizzes`
JOIN `courses` ON `courses`.`id` = `quizzes`.`course_id`
WHERE `courses`.`teacher_id` = :courses.teacher_id:', [...], false)
 2 APPPATH\Controllers\Teacher.php(29): CodeIgniter\Database\BaseBuilder->countAllResults()
 3 SYSTEMPATH\CodeIgniter.php(933): App\Controllers\Teacher->dashboard()
 4 SYSTEMPATH\CodeIgniter.php(507): CodeIgniter\CodeIgniter->runController(Object(App\Controllers\Teacher))
 5 SYSTEMPATH\CodeIgniter.php(354): CodeIgniter\CodeIgniter->handleRequest(null, Object(Config\Cache), false)
 6 SYSTEMPATH\Boot.php(363): CodeIgniter\CodeIgniter->run()
 7 SYSTEMPATH\Boot.php(68): CodeIgniter\Boot::runCodeIgniter(Object(CodeIgniter\CodeIgniter))
 8 FCPATH\index.php(59): CodeIgniter\Boot::bootWeb(Object(Config\Paths))
 9 SYSTEMPATH\rewrite.php(44): require_once('C:\\xampp\\htdocs\\ITE311-CASTILLO\\public\\index.php')
CRITICAL - 2025-10-23 16:22:41 --> [Caused by] CodeIgniter\Database\Exceptions\DatabaseException: Unknown column 'quizzes.course_id' in 'on clause'
in SYSTEMPATH\Database\MySQLi\Connection.php on line 332.
 1 SYSTEMPATH\Database\BaseConnection.php(729): CodeIgniter\Database\MySQLi\Connection->execute('SELECT COUNT(*) AS `numrows`
FROM `quizzes`
JOIN `courses` ON `courses`.`id` = `quizzes`.`course_id`
WHERE `courses`.`teacher_id` = \'10\'')
 2 SYSTEMPATH\Database\BaseConnection.php(646): CodeIgniter\Database\BaseConnection->simpleQuery('SELECT COUNT(*) AS `numrows`
FROM `quizzes`
JOIN `courses` ON `courses`.`id` = `quizzes`.`course_id`
WHERE `courses`.`teacher_id` = \'10\'')
 3 SYSTEMPATH\Database\BaseBuilder.php(1733): CodeIgniter\Database\BaseConnection->query('SELECT COUNT(*) AS `numrows`
FROM `quizzes`
JOIN `courses` ON `courses`.`id` = `quizzes`.`course_id`
WHERE `courses`.`teacher_id` = :courses.teacher_id:', [...], false)
 4 APPPATH\Controllers\Teacher.php(29): CodeIgniter\Database\BaseBuilder->countAllResults()
 5 SYSTEMPATH\CodeIgniter.php(933): App\Controllers\Teacher->dashboard()
 6 SYSTEMPATH\CodeIgniter.php(507): CodeIgniter\CodeIgniter->runController(Object(App\Controllers\Teacher))
 7 SYSTEMPATH\CodeIgniter.php(354): CodeIgniter\CodeIgniter->handleRequest(null, Object(Config\Cache), false)
 8 SYSTEMPATH\Boot.php(363): CodeIgniter\CodeIgniter->run()
 9 SYSTEMPATH\Boot.php(68): CodeIgniter\Boot::runCodeIgniter(Object(CodeIgniter\CodeIgniter))
10 FCPATH\index.php(59): CodeIgniter\Boot::bootWeb(Object(Config\Paths))
11 SYSTEMPATH\rewrite.php(44): require_once('C:\\xampp\\htdocs\\ITE311-CASTILLO\\public\\index.php')
CRITICAL - 2025-10-23 16:22:41 --> [Caused by] mysqli_sql_exception: Unknown column 'quizzes.course_id' in 'on clause'
in SYSTEMPATH\Database\MySQLi\Connection.php on line 327.
 1 SYSTEMPATH\Database\MySQLi\Connection.php(327): mysqli->query('SELECT COUNT(*) AS `numrows`
FROM `quizzes`
JOIN `courses` ON `courses`.`id` = `quizzes`.`course_id`
WHERE `courses`.`teacher_id` = \'10\'', 0)
 2 SYSTEMPATH\Database\BaseConnection.php(729): CodeIgniter\Database\MySQLi\Connection->execute('SELECT COUNT(*) AS `numrows`
FROM `quizzes`
JOIN `courses` ON `courses`.`id` = `quizzes`.`course_id`
WHERE `courses`.`teacher_id` = \'10\'')
 3 SYSTEMPATH\Database\BaseConnection.php(646): CodeIgniter\Database\BaseConnection->simpleQuery('SELECT COUNT(*) AS `numrows`
FROM `quizzes`
JOIN `courses` ON `courses`.`id` = `quizzes`.`course_id`
WHERE `courses`.`teacher_id` = \'10\'')
 4 SYSTEMPATH\Database\BaseBuilder.php(1733): CodeIgniter\Database\BaseConnection->query('SELECT COUNT(*) AS `numrows`
FROM `quizzes`
JOIN `courses` ON `courses`.`id` = `quizzes`.`course_id`
WHERE `courses`.`teacher_id` = :courses.teacher_id:', [...], false)
 5 APPPATH\Controllers\Teacher.php(29): CodeIgniter\Database\BaseBuilder->countAllResults()
 6 SYSTEMPATH\CodeIgniter.php(933): App\Controllers\Teacher->dashboard()
 7 SYSTEMPATH\CodeIgniter.php(507): CodeIgniter\CodeIgniter->runController(Object(App\Controllers\Teacher))
 8 SYSTEMPATH\CodeIgniter.php(354): CodeIgniter\CodeIgniter->handleRequest(null, Object(Config\Cache), false)
 9 SYSTEMPATH\Boot.php(363): CodeIgniter\CodeIgniter->run()
10 SYSTEMPATH\Boot.php(68): CodeIgniter\Boot::runCodeIgniter(Object(CodeIgniter\CodeIgniter))
11 FCPATH\index.php(59): CodeIgniter\Boot::bootWeb(Object(Config\Paths))
12 SYSTEMPATH\rewrite.php(44): require_once('C:\\xampp\\htdocs\\ITE311-CASTILLO\\public\\index.php')
ERROR - 2025-10-23 16:23:43 --> mysqli_sql_exception: Unknown column 'quizzes.course_id' in 'on clause' in C:\xampp\htdocs\ITE311-CASTILLO\system\Database\MySQLi\Connection.php:327
Stack trace:
#0 C:\xampp\htdocs\ITE311-CASTILLO\system\Database\MySQLi\Connection.php(327): mysqli->query('SELECT COUNT(*)...', 0)
#1 C:\xampp\htdocs\ITE311-CASTILLO\system\Database\BaseConnection.php(729): CodeIgniter\Database\MySQLi\Connection->execute('SELECT COUNT(*)...')
#2 C:\xampp\htdocs\ITE311-CASTILLO\system\Database\BaseConnection.php(646): CodeIgniter\Database\BaseConnection->simpleQuery('SELECT COUNT(*)...')
#3 C:\xampp\htdocs\ITE311-CASTILLO\system\Database\BaseBuilder.php(1733): CodeIgniter\Database\BaseConnection->query('SELECT COUNT(*)...', Array, false)
#4 C:\xampp\htdocs\ITE311-CASTILLO\app\Controllers\Teacher.php(29): CodeIgniter\Database\BaseBuilder->countAllResults()
#5 C:\xampp\htdocs\ITE311-CASTILLO\system\CodeIgniter.php(933): App\Controllers\Teacher->dashboard()
#6 C:\xampp\htdocs\ITE311-CASTILLO\system\CodeIgniter.php(507): CodeIgniter\CodeIgniter->runController(Object(App\Controllers\Teacher))
#7 C:\xampp\htdocs\ITE311-CASTILLO\system\CodeIgniter.php(354): CodeIgniter\CodeIgniter->handleRequest(NULL, Object(Config\Cache), false)
#8 C:\xampp\htdocs\ITE311-CASTILLO\system\Boot.php(363): CodeIgniter\CodeIgniter->run()
#9 C:\xampp\htdocs\ITE311-CASTILLO\system\Boot.php(68): CodeIgniter\Boot::runCodeIgniter(Object(CodeIgniter\CodeIgniter))
#10 C:\xampp\htdocs\ITE311-CASTILLO\public\index.php(59): CodeIgniter\Boot::bootWeb(Object(Config\Paths))
#11 C:\xampp\htdocs\ITE311-CASTILLO\system\rewrite.php(44): require_once('C:\\xampp\\htdocs...')
#12 {main}
CRITICAL - 2025-10-23 16:23:43 --> CodeIgniter\Database\Exceptions\DatabaseException: Unknown column 'quizzes.course_id' in 'on clause'
[Method: GET, Route: teacher/dashboard]
in SYSTEMPATH\Database\BaseConnection.php on line 684.
 1 SYSTEMPATH\Database\BaseBuilder.php(1733): CodeIgniter\Database\BaseConnection->query('SELECT COUNT(*) AS `numrows`
FROM `quizzes`
JOIN `courses` ON `courses`.`id` = `quizzes`.`course_id`
WHERE `courses`.`teacher_id` = :courses.teacher_id:', [...], false)
 2 APPPATH\Controllers\Teacher.php(29): CodeIgniter\Database\BaseBuilder->countAllResults()
 3 SYSTEMPATH\CodeIgniter.php(933): App\Controllers\Teacher->dashboard()
 4 SYSTEMPATH\CodeIgniter.php(507): CodeIgniter\CodeIgniter->runController(Object(App\Controllers\Teacher))
 5 SYSTEMPATH\CodeIgniter.php(354): CodeIgniter\CodeIgniter->handleRequest(null, Object(Config\Cache), false)
 6 SYSTEMPATH\Boot.php(363): CodeIgniter\CodeIgniter->run()
 7 SYSTEMPATH\Boot.php(68): CodeIgniter\Boot::runCodeIgniter(Object(CodeIgniter\CodeIgniter))
 8 FCPATH\index.php(59): CodeIgniter\Boot::bootWeb(Object(Config\Paths))
 9 SYSTEMPATH\rewrite.php(44): require_once('C:\\xampp\\htdocs\\ITE311-CASTILLO\\public\\index.php')
CRITICAL - 2025-10-23 16:23:43 --> [Caused by] CodeIgniter\Database\Exceptions\DatabaseException: Unknown column 'quizzes.course_id' in 'on clause'
in SYSTEMPATH\Database\MySQLi\Connection.php on line 332.
 1 SYSTEMPATH\Database\BaseConnection.php(729): CodeIgniter\Database\MySQLi\Connection->execute('SELECT COUNT(*) AS `numrows`
FROM `quizzes`
JOIN `courses` ON `courses`.`id` = `quizzes`.`course_id`
WHERE `courses`.`teacher_id` = \'10\'')
 2 SYSTEMPATH\Database\BaseConnection.php(646): CodeIgniter\Database\BaseConnection->simpleQuery('SELECT COUNT(*) AS `numrows`
FROM `quizzes`
JOIN `courses` ON `courses`.`id` = `quizzes`.`course_id`
WHERE `courses`.`teacher_id` = \'10\'')
 3 SYSTEMPATH\Database\BaseBuilder.php(1733): CodeIgniter\Database\BaseConnection->query('SELECT COUNT(*) AS `numrows`
FROM `quizzes`
JOIN `courses` ON `courses`.`id` = `quizzes`.`course_id`
WHERE `courses`.`teacher_id` = :courses.teacher_id:', [...], false)
 4 APPPATH\Controllers\Teacher.php(29): CodeIgniter\Database\BaseBuilder->countAllResults()
 5 SYSTEMPATH\CodeIgniter.php(933): App\Controllers\Teacher->dashboard()
 6 SYSTEMPATH\CodeIgniter.php(507): CodeIgniter\CodeIgniter->runController(Object(App\Controllers\Teacher))
 7 SYSTEMPATH\CodeIgniter.php(354): CodeIgniter\CodeIgniter->handleRequest(null, Object(Config\Cache), false)
 8 SYSTEMPATH\Boot.php(363): CodeIgniter\CodeIgniter->run()
 9 SYSTEMPATH\Boot.php(68): CodeIgniter\Boot::runCodeIgniter(Object(CodeIgniter\CodeIgniter))
10 FCPATH\index.php(59): CodeIgniter\Boot::bootWeb(Object(Config\Paths))
11 SYSTEMPATH\rewrite.php(44): require_once('C:\\xampp\\htdocs\\ITE311-CASTILLO\\public\\index.php')
CRITICAL - 2025-10-23 16:23:43 --> [Caused by] mysqli_sql_exception: Unknown column 'quizzes.course_id' in 'on clause'
in SYSTEMPATH\Database\MySQLi\Connection.php on line 327.
 1 SYSTEMPATH\Database\MySQLi\Connection.php(327): mysqli->query('SELECT COUNT(*) AS `numrows`
FROM `quizzes`
JOIN `courses` ON `courses`.`id` = `quizzes`.`course_id`
WHERE `courses`.`teacher_id` = \'10\'', 0)
 2 SYSTEMPATH\Database\BaseConnection.php(729): CodeIgniter\Database\MySQLi\Connection->execute('SELECT COUNT(*) AS `numrows`
FROM `quizzes`
JOIN `courses` ON `courses`.`id` = `quizzes`.`course_id`
WHERE `courses`.`teacher_id` = \'10\'')
 3 SYSTEMPATH\Database\BaseConnection.php(646): CodeIgniter\Database\BaseConnection->simpleQuery('SELECT COUNT(*) AS `numrows`
FROM `quizzes`
JOIN `courses` ON `courses`.`id` = `quizzes`.`course_id`
WHERE `courses`.`teacher_id` = \'10\'')
 4 SYSTEMPATH\Database\BaseBuilder.php(1733): CodeIgniter\Database\BaseConnection->query('SELECT COUNT(*) AS `numrows`
FROM `quizzes`
JOIN `courses` ON `courses`.`id` = `quizzes`.`course_id`
WHERE `courses`.`teacher_id` = :courses.teacher_id:', [...], false)
 5 APPPATH\Controllers\Teacher.php(29): CodeIgniter\Database\BaseBuilder->countAllResults()
 6 SYSTEMPATH\CodeIgniter.php(933): App\Controllers\Teacher->dashboard()
 7 SYSTEMPATH\CodeIgniter.php(507): CodeIgniter\CodeIgniter->runController(Object(App\Controllers\Teacher))
 8 SYSTEMPATH\CodeIgniter.php(354): CodeIgniter\CodeIgniter->handleRequest(null, Object(Config\Cache), false)
 9 SYSTEMPATH\Boot.php(363): CodeIgniter\CodeIgniter->run()
10 SYSTEMPATH\Boot.php(68): CodeIgniter\Boot::runCodeIgniter(Object(CodeIgniter\CodeIgniter))
11 FCPATH\index.php(59): CodeIgniter\Boot::bootWeb(Object(Config\Paths))
12 SYSTEMPATH\rewrite.php(44): require_once('C:\\xampp\\htdocs\\ITE311-CASTILLO\\public\\index.php')
ERROR - 2025-10-23 16:23:43 --> mysqli_sql_exception: Unknown column 'quizzes.course_id' in 'on clause' in C:\xampp\htdocs\ITE311-CASTILLO\system\Database\MySQLi\Connection.php:327
Stack trace:
#0 C:\xampp\htdocs\ITE311-CASTILLO\system\Database\MySQLi\Connection.php(327): mysqli->query('SELECT COUNT(*)...', 0)
#1 C:\xampp\htdocs\ITE311-CASTILLO\system\Database\BaseConnection.php(729): CodeIgniter\Database\MySQLi\Connection->execute('SELECT COUNT(*)...')
#2 C:\xampp\htdocs\ITE311-CASTILLO\system\Database\BaseConnection.php(646): CodeIgniter\Database\BaseConnection->simpleQuery('SELECT COUNT(*)...')
#3 C:\xampp\htdocs\ITE311-CASTILLO\system\Database\BaseBuilder.php(1733): CodeIgniter\Database\BaseConnection->query('SELECT COUNT(*)...', Array, false)
#4 C:\xampp\htdocs\ITE311-CASTILLO\app\Controllers\Teacher.php(29): CodeIgniter\Database\BaseBuilder->countAllResults()
#5 C:\xampp\htdocs\ITE311-CASTILLO\system\CodeIgniter.php(933): App\Controllers\Teacher->dashboard()
#6 C:\xampp\htdocs\ITE311-CASTILLO\system\CodeIgniter.php(507): CodeIgniter\CodeIgniter->runController(Object(App\Controllers\Teacher))
#7 C:\xampp\htdocs\ITE311-CASTILLO\system\CodeIgniter.php(354): CodeIgniter\CodeIgniter->handleRequest(NULL, Object(Config\Cache), false)
#8 C:\xampp\htdocs\ITE311-CASTILLO\system\Boot.php(363): CodeIgniter\CodeIgniter->run()
#9 C:\xampp\htdocs\ITE311-CASTILLO\system\Boot.php(68): CodeIgniter\Boot::runCodeIgniter(Object(CodeIgniter\CodeIgniter))
#10 C:\xampp\htdocs\ITE311-CASTILLO\public\index.php(59): CodeIgniter\Boot::bootWeb(Object(Config\Paths))
#11 C:\xampp\htdocs\ITE311-CASTILLO\system\rewrite.php(44): require_once('C:\\xampp\\htdocs...')
#12 {main}
CRITICAL - 2025-10-23 16:23:43 --> CodeIgniter\Database\Exceptions\DatabaseException: Unknown column 'quizzes.course_id' in 'on clause'
[Method: GET, Route: teacher/dashboard]
in SYSTEMPATH\Database\BaseConnection.php on line 684.
 1 SYSTEMPATH\Database\BaseBuilder.php(1733): CodeIgniter\Database\BaseConnection->query('SELECT COUNT(*) AS `numrows`
FROM `quizzes`
JOIN `courses` ON `courses`.`id` = `quizzes`.`course_id`
WHERE `courses`.`teacher_id` = :courses.teacher_id:', [...], false)
 2 APPPATH\Controllers\Teacher.php(29): CodeIgniter\Database\BaseBuilder->countAllResults()
 3 SYSTEMPATH\CodeIgniter.php(933): App\Controllers\Teacher->dashboard()
 4 SYSTEMPATH\CodeIgniter.php(507): CodeIgniter\CodeIgniter->runController(Object(App\Controllers\Teacher))
 5 SYSTEMPATH\CodeIgniter.php(354): CodeIgniter\CodeIgniter->handleRequest(null, Object(Config\Cache), false)
 6 SYSTEMPATH\Boot.php(363): CodeIgniter\CodeIgniter->run()
 7 SYSTEMPATH\Boot.php(68): CodeIgniter\Boot::runCodeIgniter(Object(CodeIgniter\CodeIgniter))
 8 FCPATH\index.php(59): CodeIgniter\Boot::bootWeb(Object(Config\Paths))
 9 SYSTEMPATH\rewrite.php(44): require_once('C:\\xampp\\htdocs\\ITE311-CASTILLO\\public\\index.php')
CRITICAL - 2025-10-23 16:23:43 --> [Caused by] CodeIgniter\Database\Exceptions\DatabaseException: Unknown column 'quizzes.course_id' in 'on clause'
in SYSTEMPATH\Database\MySQLi\Connection.php on line 332.
 1 SYSTEMPATH\Database\BaseConnection.php(729): CodeIgniter\Database\MySQLi\Connection->execute('SELECT COUNT(*) AS `numrows`
FROM `quizzes`
JOIN `courses` ON `courses`.`id` = `quizzes`.`course_id`
WHERE `courses`.`teacher_id` = \'10\'')
 2 SYSTEMPATH\Database\BaseConnection.php(646): CodeIgniter\Database\BaseConnection->simpleQuery('SELECT COUNT(*) AS `numrows`
FROM `quizzes`
JOIN `courses` ON `courses`.`id` = `quizzes`.`course_id`
WHERE `courses`.`teacher_id` = \'10\'')
 3 SYSTEMPATH\Database\BaseBuilder.php(1733): CodeIgniter\Database\BaseConnection->query('SELECT COUNT(*) AS `numrows`
FROM `quizzes`
JOIN `courses` ON `courses`.`id` = `quizzes`.`course_id`
WHERE `courses`.`teacher_id` = :courses.teacher_id:', [...], false)
 4 APPPATH\Controllers\Teacher.php(29): CodeIgniter\Database\BaseBuilder->countAllResults()
 5 SYSTEMPATH\CodeIgniter.php(933): App\Controllers\Teacher->dashboard()
 6 SYSTEMPATH\CodeIgniter.php(507): CodeIgniter\CodeIgniter->runController(Object(App\Controllers\Teacher))
 7 SYSTEMPATH\CodeIgniter.php(354): CodeIgniter\CodeIgniter->handleRequest(null, Object(Config\Cache), false)
 8 SYSTEMPATH\Boot.php(363): CodeIgniter\CodeIgniter->run()
 9 SYSTEMPATH\Boot.php(68): CodeIgniter\Boot::runCodeIgniter(Object(CodeIgniter\CodeIgniter))
10 FCPATH\index.php(59): CodeIgniter\Boot::bootWeb(Object(Config\Paths))
11 SYSTEMPATH\rewrite.php(44): require_once('C:\\xampp\\htdocs\\ITE311-CASTILLO\\public\\index.php')
CRITICAL - 2025-10-23 16:23:43 --> [Caused by] mysqli_sql_exception: Unknown column 'quizzes.course_id' in 'on clause'
in SYSTEMPATH\Database\MySQLi\Connection.php on line 327.
 1 SYSTEMPATH\Database\MySQLi\Connection.php(327): mysqli->query('SELECT COUNT(*) AS `numrows`
FROM `quizzes`
JOIN `courses` ON `courses`.`id` = `quizzes`.`course_id`
WHERE `courses`.`teacher_id` = \'10\'', 0)
 2 SYSTEMPATH\Database\BaseConnection.php(729): CodeIgniter\Database\MySQLi\Connection->execute('SELECT COUNT(*) AS `numrows`
FROM `quizzes`
JOIN `courses` ON `courses`.`id` = `quizzes`.`course_id`
WHERE `courses`.`teacher_id` = \'10\'')
 3 SYSTEMPATH\Database\BaseConnection.php(646): CodeIgniter\Database\BaseConnection->simpleQuery('SELECT COUNT(*) AS `numrows`
FROM `quizzes`
JOIN `courses` ON `courses`.`id` = `quizzes`.`course_id`
WHERE `courses`.`teacher_id` = \'10\'')
 4 SYSTEMPATH\Database\BaseBuilder.php(1733): CodeIgniter\Database\BaseConnection->query('SELECT COUNT(*) AS `numrows`
FROM `quizzes`
JOIN `courses` ON `courses`.`id` = `quizzes`.`course_id`
WHERE `courses`.`teacher_id` = :courses.teacher_id:', [...], false)
 5 APPPATH\Controllers\Teacher.php(29): CodeIgniter\Database\BaseBuilder->countAllResults()
 6 SYSTEMPATH\CodeIgniter.php(933): App\Controllers\Teacher->dashboard()
 7 SYSTEMPATH\CodeIgniter.php(507): CodeIgniter\CodeIgniter->runController(Object(App\Controllers\Teacher))
 8 SYSTEMPATH\CodeIgniter.php(354): CodeIgniter\CodeIgniter->handleRequest(null, Object(Config\Cache), false)
 9 SYSTEMPATH\Boot.php(363): CodeIgniter\CodeIgniter->run()
10 SYSTEMPATH\Boot.php(68): CodeIgniter\Boot::runCodeIgniter(Object(CodeIgniter\CodeIgniter))
11 FCPATH\index.php(59): CodeIgniter\Boot::bootWeb(Object(Config\Paths))
12 SYSTEMPATH\rewrite.php(44): require_once('C:\\xampp\\htdocs\\ITE311-CASTILLO\\public\\index.php')
ERROR - 2025-10-23 16:24:43 --> mysqli_sql_exception: Unknown column 'quizzes.course_id' in 'on clause' in C:\xampp\htdocs\ITE311-CASTILLO\system\Database\MySQLi\Connection.php:327
Stack trace:
#0 C:\xampp\htdocs\ITE311-CASTILLO\system\Database\MySQLi\Connection.php(327): mysqli->query('SELECT COUNT(*)...', 0)
#1 C:\xampp\htdocs\ITE311-CASTILLO\system\Database\BaseConnection.php(729): CodeIgniter\Database\MySQLi\Connection->execute('SELECT COUNT(*)...')
#2 C:\xampp\htdocs\ITE311-CASTILLO\system\Database\BaseConnection.php(646): CodeIgniter\Database\BaseConnection->simpleQuery('SELECT COUNT(*)...')
#3 C:\xampp\htdocs\ITE311-CASTILLO\system\Database\BaseBuilder.php(1733): CodeIgniter\Database\BaseConnection->query('SELECT COUNT(*)...', Array, false)
#4 C:\xampp\htdocs\ITE311-CASTILLO\app\Controllers\Student.php(37): CodeIgniter\Database\BaseBuilder->countAllResults()
#5 C:\xampp\htdocs\ITE311-CASTILLO\system\CodeIgniter.php(933): App\Controllers\Student->dashboard()
#6 C:\xampp\htdocs\ITE311-CASTILLO\system\CodeIgniter.php(507): CodeIgniter\CodeIgniter->runController(Object(App\Controllers\Student))
#7 C:\xampp\htdocs\ITE311-CASTILLO\system\CodeIgniter.php(354): CodeIgniter\CodeIgniter->handleRequest(NULL, Object(Config\Cache), false)
#8 C:\xampp\htdocs\ITE311-CASTILLO\system\Boot.php(363): CodeIgniter\CodeIgniter->run()
#9 C:\xampp\htdocs\ITE311-CASTILLO\system\Boot.php(68): CodeIgniter\Boot::runCodeIgniter(Object(CodeIgniter\CodeIgniter))
#10 C:\xampp\htdocs\ITE311-CASTILLO\public\index.php(59): CodeIgniter\Boot::bootWeb(Object(Config\Paths))
#11 C:\xampp\htdocs\ITE311-CASTILLO\system\rewrite.php(44): require_once('C:\\xampp\\htdocs...')
#12 {main}
CRITICAL - 2025-10-23 16:24:43 --> CodeIgniter\Database\Exceptions\DatabaseException: Unknown column 'quizzes.course_id' in 'on clause'
[Method: GET, Route: student/dashboard]
in SYSTEMPATH\Database\BaseConnection.php on line 684.
 1 SYSTEMPATH\Database\BaseBuilder.php(1733): CodeIgniter\Database\BaseConnection->query('SELECT COUNT(*) AS `numrows`
FROM `quizzes`
JOIN `enrollments` ON `enrollments`.`course_id` = `quizzes`.`course_id`
WHERE `enrollments`.`user_id` = :enrollments.user_id:', [...], false)
 2 APPPATH\Controllers\Student.php(37): CodeIgniter\Database\BaseBuilder->countAllResults()
 3 SYSTEMPATH\CodeIgniter.php(933): App\Controllers\Student->dashboard()
 4 SYSTEMPATH\CodeIgniter.php(507): CodeIgniter\CodeIgniter->runController(Object(App\Controllers\Student))
 5 SYSTEMPATH\CodeIgniter.php(354): CodeIgniter\CodeIgniter->handleRequest(null, Object(Config\Cache), false)
 6 SYSTEMPATH\Boot.php(363): CodeIgniter\CodeIgniter->run()
 7 SYSTEMPATH\Boot.php(68): CodeIgniter\Boot::runCodeIgniter(Object(CodeIgniter\CodeIgniter))
 8 FCPATH\index.php(59): CodeIgniter\Boot::bootWeb(Object(Config\Paths))
 9 SYSTEMPATH\rewrite.php(44): require_once('C:\\xampp\\htdocs\\ITE311-CASTILLO\\public\\index.php')
CRITICAL - 2025-10-23 16:24:43 --> [Caused by] CodeIgniter\Database\Exceptions\DatabaseException: Unknown column 'quizzes.course_id' in 'on clause'
in SYSTEMPATH\Database\MySQLi\Connection.php on line 332.
 1 SYSTEMPATH\Database\BaseConnection.php(729): CodeIgniter\Database\MySQLi\Connection->execute('SELECT COUNT(*) AS `numrows`
FROM `quizzes`
JOIN `enrollments` ON `enrollments`.`course_id` = `quizzes`.`course_id`
WHERE `enrollments`.`user_id` = \'11\'')
 2 SYSTEMPATH\Database\BaseConnection.php(646): CodeIgniter\Database\BaseConnection->simpleQuery('SELECT COUNT(*) AS `numrows`
FROM `quizzes`
JOIN `enrollments` ON `enrollments`.`course_id` = `quizzes`.`course_id`
WHERE `enrollments`.`user_id` = \'11\'')
 3 SYSTEMPATH\Database\BaseBuilder.php(1733): CodeIgniter\Database\BaseConnection->query('SELECT COUNT(*) AS `numrows`
FROM `quizzes`
JOIN `enrollments` ON `enrollments`.`course_id` = `quizzes`.`course_id`
WHERE `enrollments`.`user_id` = :enrollments.user_id:', [...], false)
 4 APPPATH\Controllers\Student.php(37): CodeIgniter\Database\BaseBuilder->countAllResults()
 5 SYSTEMPATH\CodeIgniter.php(933): App\Controllers\Student->dashboard()
 6 SYSTEMPATH\CodeIgniter.php(507): CodeIgniter\CodeIgniter->runController(Object(App\Controllers\Student))
 7 SYSTEMPATH\CodeIgniter.php(354): CodeIgniter\CodeIgniter->handleRequest(null, Object(Config\Cache), false)
 8 SYSTEMPATH\Boot.php(363): CodeIgniter\CodeIgniter->run()
 9 SYSTEMPATH\Boot.php(68): CodeIgniter\Boot::runCodeIgniter(Object(CodeIgniter\CodeIgniter))
10 FCPATH\index.php(59): CodeIgniter\Boot::bootWeb(Object(Config\Paths))
11 SYSTEMPATH\rewrite.php(44): require_once('C:\\xampp\\htdocs\\ITE311-CASTILLO\\public\\index.php')
CRITICAL - 2025-10-23 16:24:43 --> [Caused by] mysqli_sql_exception: Unknown column 'quizzes.course_id' in 'on clause'
in SYSTEMPATH\Database\MySQLi\Connection.php on line 327.
 1 SYSTEMPATH\Database\MySQLi\Connection.php(327): mysqli->query('SELECT COUNT(*) AS `numrows`
FROM `quizzes`
JOIN `enrollments` ON `enrollments`.`course_id` = `quizzes`.`course_id`
WHERE `enrollments`.`user_id` = \'11\'', 0)
 2 SYSTEMPATH\Database\BaseConnection.php(729): CodeIgniter\Database\MySQLi\Connection->execute('SELECT COUNT(*) AS `numrows`
FROM `quizzes`
JOIN `enrollments` ON `enrollments`.`course_id` = `quizzes`.`course_id`
WHERE `enrollments`.`user_id` = \'11\'')
 3 SYSTEMPATH\Database\BaseConnection.php(646): CodeIgniter\Database\BaseConnection->simpleQuery('SELECT COUNT(*) AS `numrows`
FROM `quizzes`
JOIN `enrollments` ON `enrollments`.`course_id` = `quizzes`.`course_id`
WHERE `enrollments`.`user_id` = \'11\'')
 4 SYSTEMPATH\Database\BaseBuilder.php(1733): CodeIgniter\Database\BaseConnection->query('SELECT COUNT(*) AS `numrows`
FROM `quizzes`
JOIN `enrollments` ON `enrollments`.`course_id` = `quizzes`.`course_id`
WHERE `enrollments`.`user_id` = :enrollments.user_id:', [...], false)
 5 APPPATH\Controllers\Student.php(37): CodeIgniter\Database\BaseBuilder->countAllResults()
 6 SYSTEMPATH\CodeIgniter.php(933): App\Controllers\Student->dashboard()
 7 SYSTEMPATH\CodeIgniter.php(507): CodeIgniter\CodeIgniter->runController(Object(App\Controllers\Student))
 8 SYSTEMPATH\CodeIgniter.php(354): CodeIgniter\CodeIgniter->handleRequest(null, Object(Config\Cache), false)
 9 SYSTEMPATH\Boot.php(363): CodeIgniter\CodeIgniter->run()
10 SYSTEMPATH\Boot.php(68): CodeIgniter\Boot::runCodeIgniter(Object(CodeIgniter\CodeIgniter))
11 FCPATH\index.php(59): CodeIgniter\Boot::bootWeb(Object(Config\Paths))
12 SYSTEMPATH\rewrite.php(44): require_once('C:\\xampp\\htdocs\\ITE311-CASTILLO\\public\\index.php')
ERROR - 2025-10-23 16:24:45 --> mysqli_sql_exception: Unknown column 'quizzes.course_id' in 'on clause' in C:\xampp\htdocs\ITE311-CASTILLO\system\Database\MySQLi\Connection.php:327
Stack trace:
#0 C:\xampp\htdocs\ITE311-CASTILLO\system\Database\MySQLi\Connection.php(327): mysqli->query('SELECT COUNT(*)...', 0)
#1 C:\xampp\htdocs\ITE311-CASTILLO\system\Database\BaseConnection.php(729): CodeIgniter\Database\MySQLi\Connection->execute('SELECT COUNT(*)...')
#2 C:\xampp\htdocs\ITE311-CASTILLO\system\Database\BaseConnection.php(646): CodeIgniter\Database\BaseConnection->simpleQuery('SELECT COUNT(*)...')
#3 C:\xampp\htdocs\ITE311-CASTILLO\system\Database\BaseBuilder.php(1733): CodeIgniter\Database\BaseConnection->query('SELECT COUNT(*)...', Array, false)
#4 C:\xampp\htdocs\ITE311-CASTILLO\app\Controllers\Student.php(37): CodeIgniter\Database\BaseBuilder->countAllResults()
#5 C:\xampp\htdocs\ITE311-CASTILLO\system\CodeIgniter.php(933): App\Controllers\Student->dashboard()
#6 C:\xampp\htdocs\ITE311-CASTILLO\system\CodeIgniter.php(507): CodeIgniter\CodeIgniter->runController(Object(App\Controllers\Student))
#7 C:\xampp\htdocs\ITE311-CASTILLO\system\CodeIgniter.php(354): CodeIgniter\CodeIgniter->handleRequest(NULL, Object(Config\Cache), false)
#8 C:\xampp\htdocs\ITE311-CASTILLO\system\Boot.php(363): CodeIgniter\CodeIgniter->run()
#9 C:\xampp\htdocs\ITE311-CASTILLO\system\Boot.php(68): CodeIgniter\Boot::runCodeIgniter(Object(CodeIgniter\CodeIgniter))
#10 C:\xampp\htdocs\ITE311-CASTILLO\public\index.php(59): CodeIgniter\Boot::bootWeb(Object(Config\Paths))
#11 C:\xampp\htdocs\ITE311-CASTILLO\system\rewrite.php(44): require_once('C:\\xampp\\htdocs...')
#12 {main}
CRITICAL - 2025-10-23 16:24:45 --> CodeIgniter\Database\Exceptions\DatabaseException: Unknown column 'quizzes.course_id' in 'on clause'
[Method: GET, Route: student/dashboard]
in SYSTEMPATH\Database\BaseConnection.php on line 684.
 1 SYSTEMPATH\Database\BaseBuilder.php(1733): CodeIgniter\Database\BaseConnection->query('SELECT COUNT(*) AS `numrows`
FROM `quizzes`
JOIN `enrollments` ON `enrollments`.`course_id` = `quizzes`.`course_id`
WHERE `enrollments`.`user_id` = :enrollments.user_id:', [...], false)
 2 APPPATH\Controllers\Student.php(37): CodeIgniter\Database\BaseBuilder->countAllResults()
 3 SYSTEMPATH\CodeIgniter.php(933): App\Controllers\Student->dashboard()
 4 SYSTEMPATH\CodeIgniter.php(507): CodeIgniter\CodeIgniter->runController(Object(App\Controllers\Student))
 5 SYSTEMPATH\CodeIgniter.php(354): CodeIgniter\CodeIgniter->handleRequest(null, Object(Config\Cache), false)
 6 SYSTEMPATH\Boot.php(363): CodeIgniter\CodeIgniter->run()
 7 SYSTEMPATH\Boot.php(68): CodeIgniter\Boot::runCodeIgniter(Object(CodeIgniter\CodeIgniter))
 8 FCPATH\index.php(59): CodeIgniter\Boot::bootWeb(Object(Config\Paths))
 9 SYSTEMPATH\rewrite.php(44): require_once('C:\\xampp\\htdocs\\ITE311-CASTILLO\\public\\index.php')
CRITICAL - 2025-10-23 16:24:45 --> [Caused by] CodeIgniter\Database\Exceptions\DatabaseException: Unknown column 'quizzes.course_id' in 'on clause'
in SYSTEMPATH\Database\MySQLi\Connection.php on line 332.
 1 SYSTEMPATH\Database\BaseConnection.php(729): CodeIgniter\Database\MySQLi\Connection->execute('SELECT COUNT(*) AS `numrows`
FROM `quizzes`
JOIN `enrollments` ON `enrollments`.`course_id` = `quizzes`.`course_id`
WHERE `enrollments`.`user_id` = \'11\'')
 2 SYSTEMPATH\Database\BaseConnection.php(646): CodeIgniter\Database\BaseConnection->simpleQuery('SELECT COUNT(*) AS `numrows`
FROM `quizzes`
JOIN `enrollments` ON `enrollments`.`course_id` = `quizzes`.`course_id`
WHERE `enrollments`.`user_id` = \'11\'')
 3 SYSTEMPATH\Database\BaseBuilder.php(1733): CodeIgniter\Database\BaseConnection->query('SELECT COUNT(*) AS `numrows`
FROM `quizzes`
JOIN `enrollments` ON `enrollments`.`course_id` = `quizzes`.`course_id`
WHERE `enrollments`.`user_id` = :enrollments.user_id:', [...], false)
 4 APPPATH\Controllers\Student.php(37): CodeIgniter\Database\BaseBuilder->countAllResults()
 5 SYSTEMPATH\CodeIgniter.php(933): App\Controllers\Student->dashboard()
 6 SYSTEMPATH\CodeIgniter.php(507): CodeIgniter\CodeIgniter->runController(Object(App\Controllers\Student))
 7 SYSTEMPATH\CodeIgniter.php(354): CodeIgniter\CodeIgniter->handleRequest(null, Object(Config\Cache), false)
 8 SYSTEMPATH\Boot.php(363): CodeIgniter\CodeIgniter->run()
 9 SYSTEMPATH\Boot.php(68): CodeIgniter\Boot::runCodeIgniter(Object(CodeIgniter\CodeIgniter))
10 FCPATH\index.php(59): CodeIgniter\Boot::bootWeb(Object(Config\Paths))
11 SYSTEMPATH\rewrite.php(44): require_once('C:\\xampp\\htdocs\\ITE311-CASTILLO\\public\\index.php')
CRITICAL - 2025-10-23 16:24:45 --> [Caused by] mysqli_sql_exception: Unknown column 'quizzes.course_id' in 'on clause'
in SYSTEMPATH\Database\MySQLi\Connection.php on line 327.
 1 SYSTEMPATH\Database\MySQLi\Connection.php(327): mysqli->query('SELECT COUNT(*) AS `numrows`
FROM `quizzes`
JOIN `enrollments` ON `enrollments`.`course_id` = `quizzes`.`course_id`
WHERE `enrollments`.`user_id` = \'11\'', 0)
 2 SYSTEMPATH\Database\BaseConnection.php(729): CodeIgniter\Database\MySQLi\Connection->execute('SELECT COUNT(*) AS `numrows`
FROM `quizzes`
JOIN `enrollments` ON `enrollments`.`course_id` = `quizzes`.`course_id`
WHERE `enrollments`.`user_id` = \'11\'')
 3 SYSTEMPATH\Database\BaseConnection.php(646): CodeIgniter\Database\BaseConnection->simpleQuery('SELECT COUNT(*) AS `numrows`
FROM `quizzes`
JOIN `enrollments` ON `enrollments`.`course_id` = `quizzes`.`course_id`
WHERE `enrollments`.`user_id` = \'11\'')
 4 SYSTEMPATH\Database\BaseBuilder.php(1733): CodeIgniter\Database\BaseConnection->query('SELECT COUNT(*) AS `numrows`
FROM `quizzes`
JOIN `enrollments` ON `enrollments`.`course_id` = `quizzes`.`course_id`
WHERE `enrollments`.`user_id` = :enrollments.user_id:', [...], false)
 5 APPPATH\Controllers\Student.php(37): CodeIgniter\Database\BaseBuilder->countAllResults()
 6 SYSTEMPATH\CodeIgniter.php(933): App\Controllers\Student->dashboard()
 7 SYSTEMPATH\CodeIgniter.php(507): CodeIgniter\CodeIgniter->runController(Object(App\Controllers\Student))
 8 SYSTEMPATH\CodeIgniter.php(354): CodeIgniter\CodeIgniter->handleRequest(null, Object(Config\Cache), false)
 9 SYSTEMPATH\Boot.php(363): CodeIgniter\CodeIgniter->run()
10 SYSTEMPATH\Boot.php(68): CodeIgniter\Boot::runCodeIgniter(Object(CodeIgniter\CodeIgniter))
11 FCPATH\index.php(59): CodeIgniter\Boot::bootWeb(Object(Config\Paths))
12 SYSTEMPATH\rewrite.php(44): require_once('C:\\xampp\\htdocs\\ITE311-CASTILLO\\public\\index.php')
ERROR - 2025-10-23 16:24:45 --> mysqli_sql_exception: Unknown column 'quizzes.course_id' in 'on clause' in C:\xampp\htdocs\ITE311-CASTILLO\system\Database\MySQLi\Connection.php:327
Stack trace:
#0 C:\xampp\htdocs\ITE311-CASTILLO\system\Database\MySQLi\Connection.php(327): mysqli->query('SELECT COUNT(*)...', 0)
#1 C:\xampp\htdocs\ITE311-CASTILLO\system\Database\BaseConnection.php(729): CodeIgniter\Database\MySQLi\Connection->execute('SELECT COUNT(*)...')
#2 C:\xampp\htdocs\ITE311-CASTILLO\system\Database\BaseConnection.php(646): CodeIgniter\Database\BaseConnection->simpleQuery('SELECT COUNT(*)...')
#3 C:\xampp\htdocs\ITE311-CASTILLO\system\Database\BaseBuilder.php(1733): CodeIgniter\Database\BaseConnection->query('SELECT COUNT(*)...', Array, false)
#4 C:\xampp\htdocs\ITE311-CASTILLO\app\Controllers\Student.php(37): CodeIgniter\Database\BaseBuilder->countAllResults()
#5 C:\xampp\htdocs\ITE311-CASTILLO\system\CodeIgniter.php(933): App\Controllers\Student->dashboard()
#6 C:\xampp\htdocs\ITE311-CASTILLO\system\CodeIgniter.php(507): CodeIgniter\CodeIgniter->runController(Object(App\Controllers\Student))
#7 C:\xampp\htdocs\ITE311-CASTILLO\system\CodeIgniter.php(354): CodeIgniter\CodeIgniter->handleRequest(NULL, Object(Config\Cache), false)
#8 C:\xampp\htdocs\ITE311-CASTILLO\system\Boot.php(363): CodeIgniter\CodeIgniter->run()
#9 C:\xampp\htdocs\ITE311-CASTILLO\system\Boot.php(68): CodeIgniter\Boot::runCodeIgniter(Object(CodeIgniter\CodeIgniter))
#10 C:\xampp\htdocs\ITE311-CASTILLO\public\index.php(59): CodeIgniter\Boot::bootWeb(Object(Config\Paths))
#11 C:\xampp\htdocs\ITE311-CASTILLO\system\rewrite.php(44): require_once('C:\\xampp\\htdocs...')
#12 {main}
CRITICAL - 2025-10-23 16:24:45 --> CodeIgniter\Database\Exceptions\DatabaseException: Unknown column 'quizzes.course_id' in 'on clause'
[Method: GET, Route: student/dashboard]
in SYSTEMPATH\Database\BaseConnection.php on line 684.
 1 SYSTEMPATH\Database\BaseBuilder.php(1733): CodeIgniter\Database\BaseConnection->query('SELECT COUNT(*) AS `numrows`
FROM `quizzes`
JOIN `enrollments` ON `enrollments`.`course_id` = `quizzes`.`course_id`
WHERE `enrollments`.`user_id` = :enrollments.user_id:', [...], false)
 2 APPPATH\Controllers\Student.php(37): CodeIgniter\Database\BaseBuilder->countAllResults()
 3 SYSTEMPATH\CodeIgniter.php(933): App\Controllers\Student->dashboard()
 4 SYSTEMPATH\CodeIgniter.php(507): CodeIgniter\CodeIgniter->runController(Object(App\Controllers\Student))
 5 SYSTEMPATH\CodeIgniter.php(354): CodeIgniter\CodeIgniter->handleRequest(null, Object(Config\Cache), false)
 6 SYSTEMPATH\Boot.php(363): CodeIgniter\CodeIgniter->run()
 7 SYSTEMPATH\Boot.php(68): CodeIgniter\Boot::runCodeIgniter(Object(CodeIgniter\CodeIgniter))
 8 FCPATH\index.php(59): CodeIgniter\Boot::bootWeb(Object(Config\Paths))
 9 SYSTEMPATH\rewrite.php(44): require_once('C:\\xampp\\htdocs\\ITE311-CASTILLO\\public\\index.php')
CRITICAL - 2025-10-23 16:24:45 --> [Caused by] CodeIgniter\Database\Exceptions\DatabaseException: Unknown column 'quizzes.course_id' in 'on clause'
in SYSTEMPATH\Database\MySQLi\Connection.php on line 332.
 1 SYSTEMPATH\Database\BaseConnection.php(729): CodeIgniter\Database\MySQLi\Connection->execute('SELECT COUNT(*) AS `numrows`
FROM `quizzes`
JOIN `enrollments` ON `enrollments`.`course_id` = `quizzes`.`course_id`
WHERE `enrollments`.`user_id` = \'11\'')
 2 SYSTEMPATH\Database\BaseConnection.php(646): CodeIgniter\Database\BaseConnection->simpleQuery('SELECT COUNT(*) AS `numrows`
FROM `quizzes`
JOIN `enrollments` ON `enrollments`.`course_id` = `quizzes`.`course_id`
WHERE `enrollments`.`user_id` = \'11\'')
 3 SYSTEMPATH\Database\BaseBuilder.php(1733): CodeIgniter\Database\BaseConnection->query('SELECT COUNT(*) AS `numrows`
FROM `quizzes`
JOIN `enrollments` ON `enrollments`.`course_id` = `quizzes`.`course_id`
WHERE `enrollments`.`user_id` = :enrollments.user_id:', [...], false)
 4 APPPATH\Controllers\Student.php(37): CodeIgniter\Database\BaseBuilder->countAllResults()
 5 SYSTEMPATH\CodeIgniter.php(933): App\Controllers\Student->dashboard()
 6 SYSTEMPATH\CodeIgniter.php(507): CodeIgniter\CodeIgniter->runController(Object(App\Controllers\Student))
 7 SYSTEMPATH\CodeIgniter.php(354): CodeIgniter\CodeIgniter->handleRequest(null, Object(Config\Cache), false)
 8 SYSTEMPATH\Boot.php(363): CodeIgniter\CodeIgniter->run()
 9 SYSTEMPATH\Boot.php(68): CodeIgniter\Boot::runCodeIgniter(Object(CodeIgniter\CodeIgniter))
10 FCPATH\index.php(59): CodeIgniter\Boot::bootWeb(Object(Config\Paths))
11 SYSTEMPATH\rewrite.php(44): require_once('C:\\xampp\\htdocs\\ITE311-CASTILLO\\public\\index.php')
CRITICAL - 2025-10-23 16:24:45 --> [Caused by] mysqli_sql_exception: Unknown column 'quizzes.course_id' in 'on clause'
in SYSTEMPATH\Database\MySQLi\Connection.php on line 327.
 1 SYSTEMPATH\Database\MySQLi\Connection.php(327): mysqli->query('SELECT COUNT(*) AS `numrows`
FROM `quizzes`
JOIN `enrollments` ON `enrollments`.`course_id` = `quizzes`.`course_id`
WHERE `enrollments`.`user_id` = \'11\'', 0)
 2 SYSTEMPATH\Database\BaseConnection.php(729): CodeIgniter\Database\MySQLi\Connection->execute('SELECT COUNT(*) AS `numrows`
FROM `quizzes`
JOIN `enrollments` ON `enrollments`.`course_id` = `quizzes`.`course_id`
WHERE `enrollments`.`user_id` = \'11\'')
 3 SYSTEMPATH\Database\BaseConnection.php(646): CodeIgniter\Database\BaseConnection->simpleQuery('SELECT COUNT(*) AS `numrows`
FROM `quizzes`
JOIN `enrollments` ON `enrollments`.`course_id` = `quizzes`.`course_id`
WHERE `enrollments`.`user_id` = \'11\'')
 4 SYSTEMPATH\Database\BaseBuilder.php(1733): CodeIgniter\Database\BaseConnection->query('SELECT COUNT(*) AS `numrows`
FROM `quizzes`
JOIN `enrollments` ON `enrollments`.`course_id` = `quizzes`.`course_id`
WHERE `enrollments`.`user_id` = :enrollments.user_id:', [...], false)
 5 APPPATH\Controllers\Student.php(37): CodeIgniter\Database\BaseBuilder->countAllResults()
 6 SYSTEMPATH\CodeIgniter.php(933): App\Controllers\Student->dashboard()
 7 SYSTEMPATH\CodeIgniter.php(507): CodeIgniter\CodeIgniter->runController(Object(App\Controllers\Student))
 8 SYSTEMPATH\CodeIgniter.php(354): CodeIgniter\CodeIgniter->handleRequest(null, Object(Config\Cache), false)
 9 SYSTEMPATH\Boot.php(363): CodeIgniter\CodeIgniter->run()
10 SYSTEMPATH\Boot.php(68): CodeIgniter\Boot::runCodeIgniter(Object(CodeIgniter\CodeIgniter))
11 FCPATH\index.php(59): CodeIgniter\Boot::bootWeb(Object(Config\Paths))
12 SYSTEMPATH\rewrite.php(44): require_once('C:\\xampp\\htdocs\\ITE311-CASTILLO\\public\\index.php')
ERROR - 2025-10-23 16:24:45 --> mysqli_sql_exception: Unknown column 'quizzes.course_id' in 'on clause' in C:\xampp\htdocs\ITE311-CASTILLO\system\Database\MySQLi\Connection.php:327
Stack trace:
#0 C:\xampp\htdocs\ITE311-CASTILLO\system\Database\MySQLi\Connection.php(327): mysqli->query('SELECT COUNT(*)...', 0)
#1 C:\xampp\htdocs\ITE311-CASTILLO\system\Database\BaseConnection.php(729): CodeIgniter\Database\MySQLi\Connection->execute('SELECT COUNT(*)...')
#2 C:\xampp\htdocs\ITE311-CASTILLO\system\Database\BaseConnection.php(646): CodeIgniter\Database\BaseConnection->simpleQuery('SELECT COUNT(*)...')
#3 C:\xampp\htdocs\ITE311-CASTILLO\system\Database\BaseBuilder.php(1733): CodeIgniter\Database\BaseConnection->query('SELECT COUNT(*)...', Array, false)
#4 C:\xampp\htdocs\ITE311-CASTILLO\app\Controllers\Student.php(37): CodeIgniter\Database\BaseBuilder->countAllResults()
#5 C:\xampp\htdocs\ITE311-CASTILLO\system\CodeIgniter.php(933): App\Controllers\Student->dashboard()
#6 C:\xampp\htdocs\ITE311-CASTILLO\system\CodeIgniter.php(507): CodeIgniter\CodeIgniter->runController(Object(App\Controllers\Student))
#7 C:\xampp\htdocs\ITE311-CASTILLO\system\CodeIgniter.php(354): CodeIgniter\CodeIgniter->handleRequest(NULL, Object(Config\Cache), false)
#8 C:\xampp\htdocs\ITE311-CASTILLO\system\Boot.php(363): CodeIgniter\CodeIgniter->run()
#9 C:\xampp\htdocs\ITE311-CASTILLO\system\Boot.php(68): CodeIgniter\Boot::runCodeIgniter(Object(CodeIgniter\CodeIgniter))
#10 C:\xampp\htdocs\ITE311-CASTILLO\public\index.php(59): CodeIgniter\Boot::bootWeb(Object(Config\Paths))
#11 C:\xampp\htdocs\ITE311-CASTILLO\system\rewrite.php(44): require_once('C:\\xampp\\htdocs...')
#12 {main}
CRITICAL - 2025-10-23 16:24:45 --> CodeIgniter\Database\Exceptions\DatabaseException: Unknown column 'quizzes.course_id' in 'on clause'
[Method: GET, Route: student/dashboard]
in SYSTEMPATH\Database\BaseConnection.php on line 684.
 1 SYSTEMPATH\Database\BaseBuilder.php(1733): CodeIgniter\Database\BaseConnection->query('SELECT COUNT(*) AS `numrows`
FROM `quizzes`
JOIN `enrollments` ON `enrollments`.`course_id` = `quizzes`.`course_id`
WHERE `enrollments`.`user_id` = :enrollments.user_id:', [...], false)
 2 APPPATH\Controllers\Student.php(37): CodeIgniter\Database\BaseBuilder->countAllResults()
 3 SYSTEMPATH\CodeIgniter.php(933): App\Controllers\Student->dashboard()
 4 SYSTEMPATH\CodeIgniter.php(507): CodeIgniter\CodeIgniter->runController(Object(App\Controllers\Student))
 5 SYSTEMPATH\CodeIgniter.php(354): CodeIgniter\CodeIgniter->handleRequest(null, Object(Config\Cache), false)
 6 SYSTEMPATH\Boot.php(363): CodeIgniter\CodeIgniter->run()
 7 SYSTEMPATH\Boot.php(68): CodeIgniter\Boot::runCodeIgniter(Object(CodeIgniter\CodeIgniter))
 8 FCPATH\index.php(59): CodeIgniter\Boot::bootWeb(Object(Config\Paths))
 9 SYSTEMPATH\rewrite.php(44): require_once('C:\\xampp\\htdocs\\ITE311-CASTILLO\\public\\index.php')
CRITICAL - 2025-10-23 16:24:45 --> [Caused by] CodeIgniter\Database\Exceptions\DatabaseException: Unknown column 'quizzes.course_id' in 'on clause'
in SYSTEMPATH\Database\MySQLi\Connection.php on line 332.
 1 SYSTEMPATH\Database\BaseConnection.php(729): CodeIgniter\Database\MySQLi\Connection->execute('SELECT COUNT(*) AS `numrows`
FROM `quizzes`
JOIN `enrollments` ON `enrollments`.`course_id` = `quizzes`.`course_id`
WHERE `enrollments`.`user_id` = \'11\'')
 2 SYSTEMPATH\Database\BaseConnection.php(646): CodeIgniter\Database\BaseConnection->simpleQuery('SELECT COUNT(*) AS `numrows`
FROM `quizzes`
JOIN `enrollments` ON `enrollments`.`course_id` = `quizzes`.`course_id`
WHERE `enrollments`.`user_id` = \'11\'')
 3 SYSTEMPATH\Database\BaseBuilder.php(1733): CodeIgniter\Database\BaseConnection->query('SELECT COUNT(*) AS `numrows`
FROM `quizzes`
JOIN `enrollments` ON `enrollments`.`course_id` = `quizzes`.`course_id`
WHERE `enrollments`.`user_id` = :enrollments.user_id:', [...], false)
 4 APPPATH\Controllers\Student.php(37): CodeIgniter\Database\BaseBuilder->countAllResults()
 5 SYSTEMPATH\CodeIgniter.php(933): App\Controllers\Student->dashboard()
 6 SYSTEMPATH\CodeIgniter.php(507): CodeIgniter\CodeIgniter->runController(Object(App\Controllers\Student))
 7 SYSTEMPATH\CodeIgniter.php(354): CodeIgniter\CodeIgniter->handleRequest(null, Object(Config\Cache), false)
 8 SYSTEMPATH\Boot.php(363): CodeIgniter\CodeIgniter->run()
 9 SYSTEMPATH\Boot.php(68): CodeIgniter\Boot::runCodeIgniter(Object(CodeIgniter\CodeIgniter))
10 FCPATH\index.php(59): CodeIgniter\Boot::bootWeb(Object(Config\Paths))
11 SYSTEMPATH\rewrite.php(44): require_once('C:\\xampp\\htdocs\\ITE311-CASTILLO\\public\\index.php')
CRITICAL - 2025-10-23 16:24:45 --> [Caused by] mysqli_sql_exception: Unknown column 'quizzes.course_id' in 'on clause'
in SYSTEMPATH\Database\MySQLi\Connection.php on line 327.
 1 SYSTEMPATH\Database\MySQLi\Connection.php(327): mysqli->query('SELECT COUNT(*) AS `numrows`
FROM `quizzes`
JOIN `enrollments` ON `enrollments`.`course_id` = `quizzes`.`course_id`
WHERE `enrollments`.`user_id` = \'11\'', 0)
 2 SYSTEMPATH\Database\BaseConnection.php(729): CodeIgniter\Database\MySQLi\Connection->execute('SELECT COUNT(*) AS `numrows`
FROM `quizzes`
JOIN `enrollments` ON `enrollments`.`course_id` = `quizzes`.`course_id`
WHERE `enrollments`.`user_id` = \'11\'')
 3 SYSTEMPATH\Database\BaseConnection.php(646): CodeIgniter\Database\BaseConnection->simpleQuery('SELECT COUNT(*) AS `numrows`
FROM `quizzes`
JOIN `enrollments` ON `enrollments`.`course_id` = `quizzes`.`course_id`
WHERE `enrollments`.`user_id` = \'11\'')
 4 SYSTEMPATH\Database\BaseBuilder.php(1733): CodeIgniter\Database\BaseConnection->query('SELECT COUNT(*) AS `numrows`
FROM `quizzes`
JOIN `enrollments` ON `enrollments`.`course_id` = `quizzes`.`course_id`
WHERE `enrollments`.`user_id` = :enrollments.user_id:', [...], false)
 5 APPPATH\Controllers\Student.php(37): CodeIgniter\Database\BaseBuilder->countAllResults()
 6 SYSTEMPATH\CodeIgniter.php(933): App\Controllers\Student->dashboard()
 7 SYSTEMPATH\CodeIgniter.php(507): CodeIgniter\CodeIgniter->runController(Object(App\Controllers\Student))
 8 SYSTEMPATH\CodeIgniter.php(354): CodeIgniter\CodeIgniter->handleRequest(null, Object(Config\Cache), false)
 9 SYSTEMPATH\Boot.php(363): CodeIgniter\CodeIgniter->run()
10 SYSTEMPATH\Boot.php(68): CodeIgniter\Boot::runCodeIgniter(Object(CodeIgniter\CodeIgniter))
11 FCPATH\index.php(59): CodeIgniter\Boot::bootWeb(Object(Config\Paths))
12 SYSTEMPATH\rewrite.php(44): require_once('C:\\xampp\\htdocs\\ITE311-CASTILLO\\public\\index.php')
ERROR - 2025-10-23 16:24:45 --> mysqli_sql_exception: Unknown column 'quizzes.course_id' in 'on clause' in C:\xampp\htdocs\ITE311-CASTILLO\system\Database\MySQLi\Connection.php:327
Stack trace:
#0 C:\xampp\htdocs\ITE311-CASTILLO\system\Database\MySQLi\Connection.php(327): mysqli->query('SELECT COUNT(*)...', 0)
#1 C:\xampp\htdocs\ITE311-CASTILLO\system\Database\BaseConnection.php(729): CodeIgniter\Database\MySQLi\Connection->execute('SELECT COUNT(*)...')
#2 C:\xampp\htdocs\ITE311-CASTILLO\system\Database\BaseConnection.php(646): CodeIgniter\Database\BaseConnection->simpleQuery('SELECT COUNT(*)...')
#3 C:\xampp\htdocs\ITE311-CASTILLO\system\Database\BaseBuilder.php(1733): CodeIgniter\Database\BaseConnection->query('SELECT COUNT(*)...', Array, false)
#4 C:\xampp\htdocs\ITE311-CASTILLO\app\Controllers\Student.php(37): CodeIgniter\Database\BaseBuilder->countAllResults()
#5 C:\xampp\htdocs\ITE311-CASTILLO\system\CodeIgniter.php(933): App\Controllers\Student->dashboard()
#6 C:\xampp\htdocs\ITE311-CASTILLO\system\CodeIgniter.php(507): CodeIgniter\CodeIgniter->runController(Object(App\Controllers\Student))
#7 C:\xampp\htdocs\ITE311-CASTILLO\system\CodeIgniter.php(354): CodeIgniter\CodeIgniter->handleRequest(NULL, Object(Config\Cache), false)
#8 C:\xampp\htdocs\ITE311-CASTILLO\system\Boot.php(363): CodeIgniter\CodeIgniter->run()
#9 C:\xampp\htdocs\ITE311-CASTILLO\system\Boot.php(68): CodeIgniter\Boot::runCodeIgniter(Object(CodeIgniter\CodeIgniter))
#10 C:\xampp\htdocs\ITE311-CASTILLO\public\index.php(59): CodeIgniter\Boot::bootWeb(Object(Config\Paths))
#11 C:\xampp\htdocs\ITE311-CASTILLO\system\rewrite.php(44): require_once('C:\\xampp\\htdocs...')
#12 {main}
CRITICAL - 2025-10-23 16:24:45 --> CodeIgniter\Database\Exceptions\DatabaseException: Unknown column 'quizzes.course_id' in 'on clause'
[Method: GET, Route: student/dashboard]
in SYSTEMPATH\Database\BaseConnection.php on line 684.
 1 SYSTEMPATH\Database\BaseBuilder.php(1733): CodeIgniter\Database\BaseConnection->query('SELECT COUNT(*) AS `numrows`
FROM `quizzes`
JOIN `enrollments` ON `enrollments`.`course_id` = `quizzes`.`course_id`
WHERE `enrollments`.`user_id` = :enrollments.user_id:', [...], false)
 2 APPPATH\Controllers\Student.php(37): CodeIgniter\Database\BaseBuilder->countAllResults()
 3 SYSTEMPATH\CodeIgniter.php(933): App\Controllers\Student->dashboard()
 4 SYSTEMPATH\CodeIgniter.php(507): CodeIgniter\CodeIgniter->runController(Object(App\Controllers\Student))
 5 SYSTEMPATH\CodeIgniter.php(354): CodeIgniter\CodeIgniter->handleRequest(null, Object(Config\Cache), false)
 6 SYSTEMPATH\Boot.php(363): CodeIgniter\CodeIgniter->run()
 7 SYSTEMPATH\Boot.php(68): CodeIgniter\Boot::runCodeIgniter(Object(CodeIgniter\CodeIgniter))
 8 FCPATH\index.php(59): CodeIgniter\Boot::bootWeb(Object(Config\Paths))
 9 SYSTEMPATH\rewrite.php(44): require_once('C:\\xampp\\htdocs\\ITE311-CASTILLO\\public\\index.php')
CRITICAL - 2025-10-23 16:24:45 --> [Caused by] CodeIgniter\Database\Exceptions\DatabaseException: Unknown column 'quizzes.course_id' in 'on clause'
in SYSTEMPATH\Database\MySQLi\Connection.php on line 332.
 1 SYSTEMPATH\Database\BaseConnection.php(729): CodeIgniter\Database\MySQLi\Connection->execute('SELECT COUNT(*) AS `numrows`
FROM `quizzes`
JOIN `enrollments` ON `enrollments`.`course_id` = `quizzes`.`course_id`
WHERE `enrollments`.`user_id` = \'11\'')
 2 SYSTEMPATH\Database\BaseConnection.php(646): CodeIgniter\Database\BaseConnection->simpleQuery('SELECT COUNT(*) AS `numrows`
FROM `quizzes`
JOIN `enrollments` ON `enrollments`.`course_id` = `quizzes`.`course_id`
WHERE `enrollments`.`user_id` = \'11\'')
 3 SYSTEMPATH\Database\BaseBuilder.php(1733): CodeIgniter\Database\BaseConnection->query('SELECT COUNT(*) AS `numrows`
FROM `quizzes`
JOIN `enrollments` ON `enrollments`.`course_id` = `quizzes`.`course_id`
WHERE `enrollments`.`user_id` = :enrollments.user_id:', [...], false)
 4 APPPATH\Controllers\Student.php(37): CodeIgniter\Database\BaseBuilder->countAllResults()
 5 SYSTEMPATH\CodeIgniter.php(933): App\Controllers\Student->dashboard()
 6 SYSTEMPATH\CodeIgniter.php(507): CodeIgniter\CodeIgniter->runController(Object(App\Controllers\Student))
 7 SYSTEMPATH\CodeIgniter.php(354): CodeIgniter\CodeIgniter->handleRequest(null, Object(Config\Cache), false)
 8 SYSTEMPATH\Boot.php(363): CodeIgniter\CodeIgniter->run()
 9 SYSTEMPATH\Boot.php(68): CodeIgniter\Boot::runCodeIgniter(Object(CodeIgniter\CodeIgniter))
10 FCPATH\index.php(59): CodeIgniter\Boot::bootWeb(Object(Config\Paths))
11 SYSTEMPATH\rewrite.php(44): require_once('C:\\xampp\\htdocs\\ITE311-CASTILLO\\public\\index.php')
CRITICAL - 2025-10-23 16:24:46 --> [Caused by] mysqli_sql_exception: Unknown column 'quizzes.course_id' in 'on clause'
in SYSTEMPATH\Database\MySQLi\Connection.php on line 327.
 1 SYSTEMPATH\Database\MySQLi\Connection.php(327): mysqli->query('SELECT COUNT(*) AS `numrows`
FROM `quizzes`
JOIN `enrollments` ON `enrollments`.`course_id` = `quizzes`.`course_id`
WHERE `enrollments`.`user_id` = \'11\'', 0)
 2 SYSTEMPATH\Database\BaseConnection.php(729): CodeIgniter\Database\MySQLi\Connection->execute('SELECT COUNT(*) AS `numrows`
FROM `quizzes`
JOIN `enrollments` ON `enrollments`.`course_id` = `quizzes`.`course_id`
WHERE `enrollments`.`user_id` = \'11\'')
 3 SYSTEMPATH\Database\BaseConnection.php(646): CodeIgniter\Database\BaseConnection->simpleQuery('SELECT COUNT(*) AS `numrows`
FROM `quizzes`
JOIN `enrollments` ON `enrollments`.`course_id` = `quizzes`.`course_id`
WHERE `enrollments`.`user_id` = \'11\'')
 4 SYSTEMPATH\Database\BaseBuilder.php(1733): CodeIgniter\Database\BaseConnection->query('SELECT COUNT(*) AS `numrows`
FROM `quizzes`
JOIN `enrollments` ON `enrollments`.`course_id` = `quizzes`.`course_id`
WHERE `enrollments`.`user_id` = :enrollments.user_id:', [...], false)
 5 APPPATH\Controllers\Student.php(37): CodeIgniter\Database\BaseBuilder->countAllResults()
 6 SYSTEMPATH\CodeIgniter.php(933): App\Controllers\Student->dashboard()
 7 SYSTEMPATH\CodeIgniter.php(507): CodeIgniter\CodeIgniter->runController(Object(App\Controllers\Student))
 8 SYSTEMPATH\CodeIgniter.php(354): CodeIgniter\CodeIgniter->handleRequest(null, Object(Config\Cache), false)
 9 SYSTEMPATH\Boot.php(363): CodeIgniter\CodeIgniter->run()
10 SYSTEMPATH\Boot.php(68): CodeIgniter\Boot::runCodeIgniter(Object(CodeIgniter\CodeIgniter))
11 FCPATH\index.php(59): CodeIgniter\Boot::bootWeb(Object(Config\Paths))
12 SYSTEMPATH\rewrite.php(44): require_once('C:\\xampp\\htdocs\\ITE311-CASTILLO\\public\\index.php')
ERROR - 2025-10-23 16:24:46 --> mysqli_sql_exception: Unknown column 'quizzes.course_id' in 'on clause' in C:\xampp\htdocs\ITE311-CASTILLO\system\Database\MySQLi\Connection.php:327
Stack trace:
#0 C:\xampp\htdocs\ITE311-CASTILLO\system\Database\MySQLi\Connection.php(327): mysqli->query('SELECT COUNT(*)...', 0)
#1 C:\xampp\htdocs\ITE311-CASTILLO\system\Database\BaseConnection.php(729): CodeIgniter\Database\MySQLi\Connection->execute('SELECT COUNT(*)...')
#2 C:\xampp\htdocs\ITE311-CASTILLO\system\Database\BaseConnection.php(646): CodeIgniter\Database\BaseConnection->simpleQuery('SELECT COUNT(*)...')
#3 C:\xampp\htdocs\ITE311-CASTILLO\system\Database\BaseBuilder.php(1733): CodeIgniter\Database\BaseConnection->query('SELECT COUNT(*)...', Array, false)
#4 C:\xampp\htdocs\ITE311-CASTILLO\app\Controllers\Student.php(37): CodeIgniter\Database\BaseBuilder->countAllResults()
#5 C:\xampp\htdocs\ITE311-CASTILLO\system\CodeIgniter.php(933): App\Controllers\Student->dashboard()
#6 C:\xampp\htdocs\ITE311-CASTILLO\system\CodeIgniter.php(507): CodeIgniter\CodeIgniter->runController(Object(App\Controllers\Student))
#7 C:\xampp\htdocs\ITE311-CASTILLO\system\CodeIgniter.php(354): CodeIgniter\CodeIgniter->handleRequest(NULL, Object(Config\Cache), false)
#8 C:\xampp\htdocs\ITE311-CASTILLO\system\Boot.php(363): CodeIgniter\CodeIgniter->run()
#9 C:\xampp\htdocs\ITE311-CASTILLO\system\Boot.php(68): CodeIgniter\Boot::runCodeIgniter(Object(CodeIgniter\CodeIgniter))
#10 C:\xampp\htdocs\ITE311-CASTILLO\public\index.php(59): CodeIgniter\Boot::bootWeb(Object(Config\Paths))
#11 C:\xampp\htdocs\ITE311-CASTILLO\system\rewrite.php(44): require_once('C:\\xampp\\htdocs...')
#12 {main}
CRITICAL - 2025-10-23 16:24:46 --> CodeIgniter\Database\Exceptions\DatabaseException: Unknown column 'quizzes.course_id' in 'on clause'
[Method: GET, Route: student/dashboard]
in SYSTEMPATH\Database\BaseConnection.php on line 684.
 1 SYSTEMPATH\Database\BaseBuilder.php(1733): CodeIgniter\Database\BaseConnection->query('SELECT COUNT(*) AS `numrows`
FROM `quizzes`
JOIN `enrollments` ON `enrollments`.`course_id` = `quizzes`.`course_id`
WHERE `enrollments`.`user_id` = :enrollments.user_id:', [...], false)
 2 APPPATH\Controllers\Student.php(37): CodeIgniter\Database\BaseBuilder->countAllResults()
 3 SYSTEMPATH\CodeIgniter.php(933): App\Controllers\Student->dashboard()
 4 SYSTEMPATH\CodeIgniter.php(507): CodeIgniter\CodeIgniter->runController(Object(App\Controllers\Student))
 5 SYSTEMPATH\CodeIgniter.php(354): CodeIgniter\CodeIgniter->handleRequest(null, Object(Config\Cache), false)
 6 SYSTEMPATH\Boot.php(363): CodeIgniter\CodeIgniter->run()
 7 SYSTEMPATH\Boot.php(68): CodeIgniter\Boot::runCodeIgniter(Object(CodeIgniter\CodeIgniter))
 8 FCPATH\index.php(59): CodeIgniter\Boot::bootWeb(Object(Config\Paths))
 9 SYSTEMPATH\rewrite.php(44): require_once('C:\\xampp\\htdocs\\ITE311-CASTILLO\\public\\index.php')
CRITICAL - 2025-10-23 16:24:46 --> [Caused by] CodeIgniter\Database\Exceptions\DatabaseException: Unknown column 'quizzes.course_id' in 'on clause'
in SYSTEMPATH\Database\MySQLi\Connection.php on line 332.
 1 SYSTEMPATH\Database\BaseConnection.php(729): CodeIgniter\Database\MySQLi\Connection->execute('SELECT COUNT(*) AS `numrows`
FROM `quizzes`
JOIN `enrollments` ON `enrollments`.`course_id` = `quizzes`.`course_id`
WHERE `enrollments`.`user_id` = \'11\'')
 2 SYSTEMPATH\Database\BaseConnection.php(646): CodeIgniter\Database\BaseConnection->simpleQuery('SELECT COUNT(*) AS `numrows`
FROM `quizzes`
JOIN `enrollments` ON `enrollments`.`course_id` = `quizzes`.`course_id`
WHERE `enrollments`.`user_id` = \'11\'')
 3 SYSTEMPATH\Database\BaseBuilder.php(1733): CodeIgniter\Database\BaseConnection->query('SELECT COUNT(*) AS `numrows`
FROM `quizzes`
JOIN `enrollments` ON `enrollments`.`course_id` = `quizzes`.`course_id`
WHERE `enrollments`.`user_id` = :enrollments.user_id:', [...], false)
 4 APPPATH\Controllers\Student.php(37): CodeIgniter\Database\BaseBuilder->countAllResults()
 5 SYSTEMPATH\CodeIgniter.php(933): App\Controllers\Student->dashboard()
 6 SYSTEMPATH\CodeIgniter.php(507): CodeIgniter\CodeIgniter->runController(Object(App\Controllers\Student))
 7 SYSTEMPATH\CodeIgniter.php(354): CodeIgniter\CodeIgniter->handleRequest(null, Object(Config\Cache), false)
 8 SYSTEMPATH\Boot.php(363): CodeIgniter\CodeIgniter->run()
 9 SYSTEMPATH\Boot.php(68): CodeIgniter\Boot::runCodeIgniter(Object(CodeIgniter\CodeIgniter))
10 FCPATH\index.php(59): CodeIgniter\Boot::bootWeb(Object(Config\Paths))
11 SYSTEMPATH\rewrite.php(44): require_once('C:\\xampp\\htdocs\\ITE311-CASTILLO\\public\\index.php')
CRITICAL - 2025-10-23 16:24:46 --> [Caused by] mysqli_sql_exception: Unknown column 'quizzes.course_id' in 'on clause'
in SYSTEMPATH\Database\MySQLi\Connection.php on line 327.
 1 SYSTEMPATH\Database\MySQLi\Connection.php(327): mysqli->query('SELECT COUNT(*) AS `numrows`
FROM `quizzes`
JOIN `enrollments` ON `enrollments`.`course_id` = `quizzes`.`course_id`
WHERE `enrollments`.`user_id` = \'11\'', 0)
 2 SYSTEMPATH\Database\BaseConnection.php(729): CodeIgniter\Database\MySQLi\Connection->execute('SELECT COUNT(*) AS `numrows`
FROM `quizzes`
JOIN `enrollments` ON `enrollments`.`course_id` = `quizzes`.`course_id`
WHERE `enrollments`.`user_id` = \'11\'')
 3 SYSTEMPATH\Database\BaseConnection.php(646): CodeIgniter\Database\BaseConnection->simpleQuery('SELECT COUNT(*) AS `numrows`
FROM `quizzes`
JOIN `enrollments` ON `enrollments`.`course_id` = `quizzes`.`course_id`
WHERE `enrollments`.`user_id` = \'11\'')
 4 SYSTEMPATH\Database\BaseBuilder.php(1733): CodeIgniter\Database\BaseConnection->query('SELECT COUNT(*) AS `numrows`
FROM `quizzes`
JOIN `enrollments` ON `enrollments`.`course_id` = `quizzes`.`course_id`
WHERE `enrollments`.`user_id` = :enrollments.user_id:', [...], false)
 5 APPPATH\Controllers\Student.php(37): CodeIgniter\Database\BaseBuilder->countAllResults()
 6 SYSTEMPATH\CodeIgniter.php(933): App\Controllers\Student->dashboard()
 7 SYSTEMPATH\CodeIgniter.php(507): CodeIgniter\CodeIgniter->runController(Object(App\Controllers\Student))
 8 SYSTEMPATH\CodeIgniter.php(354): CodeIgniter\CodeIgniter->handleRequest(null, Object(Config\Cache), false)
 9 SYSTEMPATH\Boot.php(363): CodeIgniter\CodeIgniter->run()
10 SYSTEMPATH\Boot.php(68): CodeIgniter\Boot::runCodeIgniter(Object(CodeIgniter\CodeIgniter))
11 FCPATH\index.php(59): CodeIgniter\Boot::bootWeb(Object(Config\Paths))
12 SYSTEMPATH\rewrite.php(44): require_once('C:\\xampp\\htdocs\\ITE311-CASTILLO\\public\\index.php')
ERROR - 2025-10-23 16:24:46 --> mysqli_sql_exception: Unknown column 'quizzes.course_id' in 'on clause' in C:\xampp\htdocs\ITE311-CASTILLO\system\Database\MySQLi\Connection.php:327
Stack trace:
#0 C:\xampp\htdocs\ITE311-CASTILLO\system\Database\MySQLi\Connection.php(327): mysqli->query('SELECT COUNT(*)...', 0)
#1 C:\xampp\htdocs\ITE311-CASTILLO\system\Database\BaseConnection.php(729): CodeIgniter\Database\MySQLi\Connection->execute('SELECT COUNT(*)...')
#2 C:\xampp\htdocs\ITE311-CASTILLO\system\Database\BaseConnection.php(646): CodeIgniter\Database\BaseConnection->simpleQuery('SELECT COUNT(*)...')
#3 C:\xampp\htdocs\ITE311-CASTILLO\system\Database\BaseBuilder.php(1733): CodeIgniter\Database\BaseConnection->query('SELECT COUNT(*)...', Array, false)
#4 C:\xampp\htdocs\ITE311-CASTILLO\app\Controllers\Student.php(37): CodeIgniter\Database\BaseBuilder->countAllResults()
#5 C:\xampp\htdocs\ITE311-CASTILLO\system\CodeIgniter.php(933): App\Controllers\Student->dashboard()
#6 C:\xampp\htdocs\ITE311-CASTILLO\system\CodeIgniter.php(507): CodeIgniter\CodeIgniter->runController(Object(App\Controllers\Student))
#7 C:\xampp\htdocs\ITE311-CASTILLO\system\CodeIgniter.php(354): CodeIgniter\CodeIgniter->handleRequest(NULL, Object(Config\Cache), false)
#8 C:\xampp\htdocs\ITE311-CASTILLO\system\Boot.php(363): CodeIgniter\CodeIgniter->run()
#9 C:\xampp\htdocs\ITE311-CASTILLO\system\Boot.php(68): CodeIgniter\Boot::runCodeIgniter(Object(CodeIgniter\CodeIgniter))
#10 C:\xampp\htdocs\ITE311-CASTILLO\public\index.php(59): CodeIgniter\Boot::bootWeb(Object(Config\Paths))
#11 C:\xampp\htdocs\ITE311-CASTILLO\system\rewrite.php(44): require_once('C:\\xampp\\htdocs...')
#12 {main}
CRITICAL - 2025-10-23 16:24:46 --> CodeIgniter\Database\Exceptions\DatabaseException: Unknown column 'quizzes.course_id' in 'on clause'
[Method: GET, Route: student/dashboard]
in SYSTEMPATH\Database\BaseConnection.php on line 684.
 1 SYSTEMPATH\Database\BaseBuilder.php(1733): CodeIgniter\Database\BaseConnection->query('SELECT COUNT(*) AS `numrows`
FROM `quizzes`
JOIN `enrollments` ON `enrollments`.`course_id` = `quizzes`.`course_id`
WHERE `enrollments`.`user_id` = :enrollments.user_id:', [...], false)
 2 APPPATH\Controllers\Student.php(37): CodeIgniter\Database\BaseBuilder->countAllResults()
 3 SYSTEMPATH\CodeIgniter.php(933): App\Controllers\Student->dashboard()
 4 SYSTEMPATH\CodeIgniter.php(507): CodeIgniter\CodeIgniter->runController(Object(App\Controllers\Student))
 5 SYSTEMPATH\CodeIgniter.php(354): CodeIgniter\CodeIgniter->handleRequest(null, Object(Config\Cache), false)
 6 SYSTEMPATH\Boot.php(363): CodeIgniter\CodeIgniter->run()
 7 SYSTEMPATH\Boot.php(68): CodeIgniter\Boot::runCodeIgniter(Object(CodeIgniter\CodeIgniter))
 8 FCPATH\index.php(59): CodeIgniter\Boot::bootWeb(Object(Config\Paths))
 9 SYSTEMPATH\rewrite.php(44): require_once('C:\\xampp\\htdocs\\ITE311-CASTILLO\\public\\index.php')
CRITICAL - 2025-10-23 16:24:46 --> [Caused by] CodeIgniter\Database\Exceptions\DatabaseException: Unknown column 'quizzes.course_id' in 'on clause'
in SYSTEMPATH\Database\MySQLi\Connection.php on line 332.
 1 SYSTEMPATH\Database\BaseConnection.php(729): CodeIgniter\Database\MySQLi\Connection->execute('SELECT COUNT(*) AS `numrows`
FROM `quizzes`
JOIN `enrollments` ON `enrollments`.`course_id` = `quizzes`.`course_id`
WHERE `enrollments`.`user_id` = \'11\'')
 2 SYSTEMPATH\Database\BaseConnection.php(646): CodeIgniter\Database\BaseConnection->simpleQuery('SELECT COUNT(*) AS `numrows`
FROM `quizzes`
JOIN `enrollments` ON `enrollments`.`course_id` = `quizzes`.`course_id`
WHERE `enrollments`.`user_id` = \'11\'')
 3 SYSTEMPATH\Database\BaseBuilder.php(1733): CodeIgniter\Database\BaseConnection->query('SELECT COUNT(*) AS `numrows`
FROM `quizzes`
JOIN `enrollments` ON `enrollments`.`course_id` = `quizzes`.`course_id`
WHERE `enrollments`.`user_id` = :enrollments.user_id:', [...], false)
 4 APPPATH\Controllers\Student.php(37): CodeIgniter\Database\BaseBuilder->countAllResults()
 5 SYSTEMPATH\CodeIgniter.php(933): App\Controllers\Student->dashboard()
 6 SYSTEMPATH\CodeIgniter.php(507): CodeIgniter\CodeIgniter->runController(Object(App\Controllers\Student))
 7 SYSTEMPATH\CodeIgniter.php(354): CodeIgniter\CodeIgniter->handleRequest(null, Object(Config\Cache), false)
 8 SYSTEMPATH\Boot.php(363): CodeIgniter\CodeIgniter->run()
 9 SYSTEMPATH\Boot.php(68): CodeIgniter\Boot::runCodeIgniter(Object(CodeIgniter\CodeIgniter))
10 FCPATH\index.php(59): CodeIgniter\Boot::bootWeb(Object(Config\Paths))
11 SYSTEMPATH\rewrite.php(44): require_once('C:\\xampp\\htdocs\\ITE311-CASTILLO\\public\\index.php')
CRITICAL - 2025-10-23 16:24:46 --> [Caused by] mysqli_sql_exception: Unknown column 'quizzes.course_id' in 'on clause'
in SYSTEMPATH\Database\MySQLi\Connection.php on line 327.
 1 SYSTEMPATH\Database\MySQLi\Connection.php(327): mysqli->query('SELECT COUNT(*) AS `numrows`
FROM `quizzes`
JOIN `enrollments` ON `enrollments`.`course_id` = `quizzes`.`course_id`
WHERE `enrollments`.`user_id` = \'11\'', 0)
 2 SYSTEMPATH\Database\BaseConnection.php(729): CodeIgniter\Database\MySQLi\Connection->execute('SELECT COUNT(*) AS `numrows`
FROM `quizzes`
JOIN `enrollments` ON `enrollments`.`course_id` = `quizzes`.`course_id`
WHERE `enrollments`.`user_id` = \'11\'')
 3 SYSTEMPATH\Database\BaseConnection.php(646): CodeIgniter\Database\BaseConnection->simpleQuery('SELECT COUNT(*) AS `numrows`
FROM `quizzes`
JOIN `enrollments` ON `enrollments`.`course_id` = `quizzes`.`course_id`
WHERE `enrollments`.`user_id` = \'11\'')
 4 SYSTEMPATH\Database\BaseBuilder.php(1733): CodeIgniter\Database\BaseConnection->query('SELECT COUNT(*) AS `numrows`
FROM `quizzes`
JOIN `enrollments` ON `enrollments`.`course_id` = `quizzes`.`course_id`
WHERE `enrollments`.`user_id` = :enrollments.user_id:', [...], false)
 5 APPPATH\Controllers\Student.php(37): CodeIgniter\Database\BaseBuilder->countAllResults()
 6 SYSTEMPATH\CodeIgniter.php(933): App\Controllers\Student->dashboard()
 7 SYSTEMPATH\CodeIgniter.php(507): CodeIgniter\CodeIgniter->runController(Object(App\Controllers\Student))
 8 SYSTEMPATH\CodeIgniter.php(354): CodeIgniter\CodeIgniter->handleRequest(null, Object(Config\Cache), false)
 9 SYSTEMPATH\Boot.php(363): CodeIgniter\CodeIgniter->run()
10 SYSTEMPATH\Boot.php(68): CodeIgniter\Boot::runCodeIgniter(Object(CodeIgniter\CodeIgniter))
11 FCPATH\index.php(59): CodeIgniter\Boot::bootWeb(Object(Config\Paths))
12 SYSTEMPATH\rewrite.php(44): require_once('C:\\xampp\\htdocs\\ITE311-CASTILLO\\public\\index.php')
ERROR - 2025-10-23 16:24:46 --> mysqli_sql_exception: Unknown column 'quizzes.course_id' in 'on clause' in C:\xampp\htdocs\ITE311-CASTILLO\system\Database\MySQLi\Connection.php:327
Stack trace:
#0 C:\xampp\htdocs\ITE311-CASTILLO\system\Database\MySQLi\Connection.php(327): mysqli->query('SELECT COUNT(*)...', 0)
#1 C:\xampp\htdocs\ITE311-CASTILLO\system\Database\BaseConnection.php(729): CodeIgniter\Database\MySQLi\Connection->execute('SELECT COUNT(*)...')
#2 C:\xampp\htdocs\ITE311-CASTILLO\system\Database\BaseConnection.php(646): CodeIgniter\Database\BaseConnection->simpleQuery('SELECT COUNT(*)...')
#3 C:\xampp\htdocs\ITE311-CASTILLO\system\Database\BaseBuilder.php(1733): CodeIgniter\Database\BaseConnection->query('SELECT COUNT(*)...', Array, false)
#4 C:\xampp\htdocs\ITE311-CASTILLO\app\Controllers\Student.php(37): CodeIgniter\Database\BaseBuilder->countAllResults()
#5 C:\xampp\htdocs\ITE311-CASTILLO\system\CodeIgniter.php(933): App\Controllers\Student->dashboard()
#6 C:\xampp\htdocs\ITE311-CASTILLO\system\CodeIgniter.php(507): CodeIgniter\CodeIgniter->runController(Object(App\Controllers\Student))
#7 C:\xampp\htdocs\ITE311-CASTILLO\system\CodeIgniter.php(354): CodeIgniter\CodeIgniter->handleRequest(NULL, Object(Config\Cache), false)
#8 C:\xampp\htdocs\ITE311-CASTILLO\system\Boot.php(363): CodeIgniter\CodeIgniter->run()
#9 C:\xampp\htdocs\ITE311-CASTILLO\system\Boot.php(68): CodeIgniter\Boot::runCodeIgniter(Object(CodeIgniter\CodeIgniter))
#10 C:\xampp\htdocs\ITE311-CASTILLO\public\index.php(59): CodeIgniter\Boot::bootWeb(Object(Config\Paths))
#11 C:\xampp\htdocs\ITE311-CASTILLO\system\rewrite.php(44): require_once('C:\\xampp\\htdocs...')
#12 {main}
CRITICAL - 2025-10-23 16:24:46 --> CodeIgniter\Database\Exceptions\DatabaseException: Unknown column 'quizzes.course_id' in 'on clause'
[Method: GET, Route: student/dashboard]
in SYSTEMPATH\Database\BaseConnection.php on line 684.
 1 SYSTEMPATH\Database\BaseBuilder.php(1733): CodeIgniter\Database\BaseConnection->query('SELECT COUNT(*) AS `numrows`
FROM `quizzes`
JOIN `enrollments` ON `enrollments`.`course_id` = `quizzes`.`course_id`
WHERE `enrollments`.`user_id` = :enrollments.user_id:', [...], false)
 2 APPPATH\Controllers\Student.php(37): CodeIgniter\Database\BaseBuilder->countAllResults()
 3 SYSTEMPATH\CodeIgniter.php(933): App\Controllers\Student->dashboard()
 4 SYSTEMPATH\CodeIgniter.php(507): CodeIgniter\CodeIgniter->runController(Object(App\Controllers\Student))
 5 SYSTEMPATH\CodeIgniter.php(354): CodeIgniter\CodeIgniter->handleRequest(null, Object(Config\Cache), false)
 6 SYSTEMPATH\Boot.php(363): CodeIgniter\CodeIgniter->run()
 7 SYSTEMPATH\Boot.php(68): CodeIgniter\Boot::runCodeIgniter(Object(CodeIgniter\CodeIgniter))
 8 FCPATH\index.php(59): CodeIgniter\Boot::bootWeb(Object(Config\Paths))
 9 SYSTEMPATH\rewrite.php(44): require_once('C:\\xampp\\htdocs\\ITE311-CASTILLO\\public\\index.php')
CRITICAL - 2025-10-23 16:24:46 --> [Caused by] CodeIgniter\Database\Exceptions\DatabaseException: Unknown column 'quizzes.course_id' in 'on clause'
in SYSTEMPATH\Database\MySQLi\Connection.php on line 332.
 1 SYSTEMPATH\Database\BaseConnection.php(729): CodeIgniter\Database\MySQLi\Connection->execute('SELECT COUNT(*) AS `numrows`
FROM `quizzes`
JOIN `enrollments` ON `enrollments`.`course_id` = `quizzes`.`course_id`
WHERE `enrollments`.`user_id` = \'11\'')
 2 SYSTEMPATH\Database\BaseConnection.php(646): CodeIgniter\Database\BaseConnection->simpleQuery('SELECT COUNT(*) AS `numrows`
FROM `quizzes`
JOIN `enrollments` ON `enrollments`.`course_id` = `quizzes`.`course_id`
WHERE `enrollments`.`user_id` = \'11\'')
 3 SYSTEMPATH\Database\BaseBuilder.php(1733): CodeIgniter\Database\BaseConnection->query('SELECT COUNT(*) AS `numrows`
FROM `quizzes`
JOIN `enrollments` ON `enrollments`.`course_id` = `quizzes`.`course_id`
WHERE `enrollments`.`user_id` = :enrollments.user_id:', [...], false)
 4 APPPATH\Controllers\Student.php(37): CodeIgniter\Database\BaseBuilder->countAllResults()
 5 SYSTEMPATH\CodeIgniter.php(933): App\Controllers\Student->dashboard()
 6 SYSTEMPATH\CodeIgniter.php(507): CodeIgniter\CodeIgniter->runController(Object(App\Controllers\Student))
 7 SYSTEMPATH\CodeIgniter.php(354): CodeIgniter\CodeIgniter->handleRequest(null, Object(Config\Cache), false)
 8 SYSTEMPATH\Boot.php(363): CodeIgniter\CodeIgniter->run()
 9 SYSTEMPATH\Boot.php(68): CodeIgniter\Boot::runCodeIgniter(Object(CodeIgniter\CodeIgniter))
10 FCPATH\index.php(59): CodeIgniter\Boot::bootWeb(Object(Config\Paths))
11 SYSTEMPATH\rewrite.php(44): require_once('C:\\xampp\\htdocs\\ITE311-CASTILLO\\public\\index.php')
CRITICAL - 2025-10-23 16:24:46 --> [Caused by] mysqli_sql_exception: Unknown column 'quizzes.course_id' in 'on clause'
in SYSTEMPATH\Database\MySQLi\Connection.php on line 327.
 1 SYSTEMPATH\Database\MySQLi\Connection.php(327): mysqli->query('SELECT COUNT(*) AS `numrows`
FROM `quizzes`
JOIN `enrollments` ON `enrollments`.`course_id` = `quizzes`.`course_id`
WHERE `enrollments`.`user_id` = \'11\'', 0)
 2 SYSTEMPATH\Database\BaseConnection.php(729): CodeIgniter\Database\MySQLi\Connection->execute('SELECT COUNT(*) AS `numrows`
FROM `quizzes`
JOIN `enrollments` ON `enrollments`.`course_id` = `quizzes`.`course_id`
WHERE `enrollments`.`user_id` = \'11\'')
 3 SYSTEMPATH\Database\BaseConnection.php(646): CodeIgniter\Database\BaseConnection->simpleQuery('SELECT COUNT(*) AS `numrows`
FROM `quizzes`
JOIN `enrollments` ON `enrollments`.`course_id` = `quizzes`.`course_id`
WHERE `enrollments`.`user_id` = \'11\'')
 4 SYSTEMPATH\Database\BaseBuilder.php(1733): CodeIgniter\Database\BaseConnection->query('SELECT COUNT(*) AS `numrows`
FROM `quizzes`
JOIN `enrollments` ON `enrollments`.`course_id` = `quizzes`.`course_id`
WHERE `enrollments`.`user_id` = :enrollments.user_id:', [...], false)
 5 APPPATH\Controllers\Student.php(37): CodeIgniter\Database\BaseBuilder->countAllResults()
 6 SYSTEMPATH\CodeIgniter.php(933): App\Controllers\Student->dashboard()
 7 SYSTEMPATH\CodeIgniter.php(507): CodeIgniter\CodeIgniter->runController(Object(App\Controllers\Student))
 8 SYSTEMPATH\CodeIgniter.php(354): CodeIgniter\CodeIgniter->handleRequest(null, Object(Config\Cache), false)
 9 SYSTEMPATH\Boot.php(363): CodeIgniter\CodeIgniter->run()
10 SYSTEMPATH\Boot.php(68): CodeIgniter\Boot::runCodeIgniter(Object(CodeIgniter\CodeIgniter))
11 FCPATH\index.php(59): CodeIgniter\Boot::bootWeb(Object(Config\Paths))
12 SYSTEMPATH\rewrite.php(44): require_once('C:\\xampp\\htdocs\\ITE311-CASTILLO\\public\\index.php')
ERROR - 2025-10-23 16:24:46 --> mysqli_sql_exception: Unknown column 'quizzes.course_id' in 'on clause' in C:\xampp\htdocs\ITE311-CASTILLO\system\Database\MySQLi\Connection.php:327
Stack trace:
#0 C:\xampp\htdocs\ITE311-CASTILLO\system\Database\MySQLi\Connection.php(327): mysqli->query('SELECT COUNT(*)...', 0)
#1 C:\xampp\htdocs\ITE311-CASTILLO\system\Database\BaseConnection.php(729): CodeIgniter\Database\MySQLi\Connection->execute('SELECT COUNT(*)...')
#2 C:\xampp\htdocs\ITE311-CASTILLO\system\Database\BaseConnection.php(646): CodeIgniter\Database\BaseConnection->simpleQuery('SELECT COUNT(*)...')
#3 C:\xampp\htdocs\ITE311-CASTILLO\system\Database\BaseBuilder.php(1733): CodeIgniter\Database\BaseConnection->query('SELECT COUNT(*)...', Array, false)
#4 C:\xampp\htdocs\ITE311-CASTILLO\app\Controllers\Student.php(37): CodeIgniter\Database\BaseBuilder->countAllResults()
#5 C:\xampp\htdocs\ITE311-CASTILLO\system\CodeIgniter.php(933): App\Controllers\Student->dashboard()
#6 C:\xampp\htdocs\ITE311-CASTILLO\system\CodeIgniter.php(507): CodeIgniter\CodeIgniter->runController(Object(App\Controllers\Student))
#7 C:\xampp\htdocs\ITE311-CASTILLO\system\CodeIgniter.php(354): CodeIgniter\CodeIgniter->handleRequest(NULL, Object(Config\Cache), false)
#8 C:\xampp\htdocs\ITE311-CASTILLO\system\Boot.php(363): CodeIgniter\CodeIgniter->run()
#9 C:\xampp\htdocs\ITE311-CASTILLO\system\Boot.php(68): CodeIgniter\Boot::runCodeIgniter(Object(CodeIgniter\CodeIgniter))
#10 C:\xampp\htdocs\ITE311-CASTILLO\public\index.php(59): CodeIgniter\Boot::bootWeb(Object(Config\Paths))
#11 C:\xampp\htdocs\ITE311-CASTILLO\system\rewrite.php(44): require_once('C:\\xampp\\htdocs...')
#12 {main}
CRITICAL - 2025-10-23 16:24:46 --> CodeIgniter\Database\Exceptions\DatabaseException: Unknown column 'quizzes.course_id' in 'on clause'
[Method: GET, Route: student/dashboard]
in SYSTEMPATH\Database\BaseConnection.php on line 684.
 1 SYSTEMPATH\Database\BaseBuilder.php(1733): CodeIgniter\Database\BaseConnection->query('SELECT COUNT(*) AS `numrows`
FROM `quizzes`
JOIN `enrollments` ON `enrollments`.`course_id` = `quizzes`.`course_id`
WHERE `enrollments`.`user_id` = :enrollments.user_id:', [...], false)
 2 APPPATH\Controllers\Student.php(37): CodeIgniter\Database\BaseBuilder->countAllResults()
 3 SYSTEMPATH\CodeIgniter.php(933): App\Controllers\Student->dashboard()
 4 SYSTEMPATH\CodeIgniter.php(507): CodeIgniter\CodeIgniter->runController(Object(App\Controllers\Student))
 5 SYSTEMPATH\CodeIgniter.php(354): CodeIgniter\CodeIgniter->handleRequest(null, Object(Config\Cache), false)
 6 SYSTEMPATH\Boot.php(363): CodeIgniter\CodeIgniter->run()
 7 SYSTEMPATH\Boot.php(68): CodeIgniter\Boot::runCodeIgniter(Object(CodeIgniter\CodeIgniter))
 8 FCPATH\index.php(59): CodeIgniter\Boot::bootWeb(Object(Config\Paths))
 9 SYSTEMPATH\rewrite.php(44): require_once('C:\\xampp\\htdocs\\ITE311-CASTILLO\\public\\index.php')
CRITICAL - 2025-10-23 16:24:46 --> [Caused by] CodeIgniter\Database\Exceptions\DatabaseException: Unknown column 'quizzes.course_id' in 'on clause'
in SYSTEMPATH\Database\MySQLi\Connection.php on line 332.
 1 SYSTEMPATH\Database\BaseConnection.php(729): CodeIgniter\Database\MySQLi\Connection->execute('SELECT COUNT(*) AS `numrows`
FROM `quizzes`
JOIN `enrollments` ON `enrollments`.`course_id` = `quizzes`.`course_id`
WHERE `enrollments`.`user_id` = \'11\'')
 2 SYSTEMPATH\Database\BaseConnection.php(646): CodeIgniter\Database\BaseConnection->simpleQuery('SELECT COUNT(*) AS `numrows`
FROM `quizzes`
JOIN `enrollments` ON `enrollments`.`course_id` = `quizzes`.`course_id`
WHERE `enrollments`.`user_id` = \'11\'')
 3 SYSTEMPATH\Database\BaseBuilder.php(1733): CodeIgniter\Database\BaseConnection->query('SELECT COUNT(*) AS `numrows`
FROM `quizzes`
JOIN `enrollments` ON `enrollments`.`course_id` = `quizzes`.`course_id`
WHERE `enrollments`.`user_id` = :enrollments.user_id:', [...], false)
 4 APPPATH\Controllers\Student.php(37): CodeIgniter\Database\BaseBuilder->countAllResults()
 5 SYSTEMPATH\CodeIgniter.php(933): App\Controllers\Student->dashboard()
 6 SYSTEMPATH\CodeIgniter.php(507): CodeIgniter\CodeIgniter->runController(Object(App\Controllers\Student))
 7 SYSTEMPATH\CodeIgniter.php(354): CodeIgniter\CodeIgniter->handleRequest(null, Object(Config\Cache), false)
 8 SYSTEMPATH\Boot.php(363): CodeIgniter\CodeIgniter->run()
 9 SYSTEMPATH\Boot.php(68): CodeIgniter\Boot::runCodeIgniter(Object(CodeIgniter\CodeIgniter))
10 FCPATH\index.php(59): CodeIgniter\Boot::bootWeb(Object(Config\Paths))
11 SYSTEMPATH\rewrite.php(44): require_once('C:\\xampp\\htdocs\\ITE311-CASTILLO\\public\\index.php')
CRITICAL - 2025-10-23 16:24:46 --> [Caused by] mysqli_sql_exception: Unknown column 'quizzes.course_id' in 'on clause'
in SYSTEMPATH\Database\MySQLi\Connection.php on line 327.
 1 SYSTEMPATH\Database\MySQLi\Connection.php(327): mysqli->query('SELECT COUNT(*) AS `numrows`
FROM `quizzes`
JOIN `enrollments` ON `enrollments`.`course_id` = `quizzes`.`course_id`
WHERE `enrollments`.`user_id` = \'11\'', 0)
 2 SYSTEMPATH\Database\BaseConnection.php(729): CodeIgniter\Database\MySQLi\Connection->execute('SELECT COUNT(*) AS `numrows`
FROM `quizzes`
JOIN `enrollments` ON `enrollments`.`course_id` = `quizzes`.`course_id`
WHERE `enrollments`.`user_id` = \'11\'')
 3 SYSTEMPATH\Database\BaseConnection.php(646): CodeIgniter\Database\BaseConnection->simpleQuery('SELECT COUNT(*) AS `numrows`
FROM `quizzes`
JOIN `enrollments` ON `enrollments`.`course_id` = `quizzes`.`course_id`
WHERE `enrollments`.`user_id` = \'11\'')
 4 SYSTEMPATH\Database\BaseBuilder.php(1733): CodeIgniter\Database\BaseConnection->query('SELECT COUNT(*) AS `numrows`
FROM `quizzes`
JOIN `enrollments` ON `enrollments`.`course_id` = `quizzes`.`course_id`
WHERE `enrollments`.`user_id` = :enrollments.user_id:', [...], false)
 5 APPPATH\Controllers\Student.php(37): CodeIgniter\Database\BaseBuilder->countAllResults()
 6 SYSTEMPATH\CodeIgniter.php(933): App\Controllers\Student->dashboard()
 7 SYSTEMPATH\CodeIgniter.php(507): CodeIgniter\CodeIgniter->runController(Object(App\Controllers\Student))
 8 SYSTEMPATH\CodeIgniter.php(354): CodeIgniter\CodeIgniter->handleRequest(null, Object(Config\Cache), false)
 9 SYSTEMPATH\Boot.php(363): CodeIgniter\CodeIgniter->run()
10 SYSTEMPATH\Boot.php(68): CodeIgniter\Boot::runCodeIgniter(Object(CodeIgniter\CodeIgniter))
11 FCPATH\index.php(59): CodeIgniter\Boot::bootWeb(Object(Config\Paths))
12 SYSTEMPATH\rewrite.php(44): require_once('C:\\xampp\\htdocs\\ITE311-CASTILLO\\public\\index.php')
ERROR - 2025-10-23 16:24:46 --> mysqli_sql_exception: Unknown column 'quizzes.course_id' in 'on clause' in C:\xampp\htdocs\ITE311-CASTILLO\system\Database\MySQLi\Connection.php:327
Stack trace:
#0 C:\xampp\htdocs\ITE311-CASTILLO\system\Database\MySQLi\Connection.php(327): mysqli->query('SELECT COUNT(*)...', 0)
#1 C:\xampp\htdocs\ITE311-CASTILLO\system\Database\BaseConnection.php(729): CodeIgniter\Database\MySQLi\Connection->execute('SELECT COUNT(*)...')
#2 C:\xampp\htdocs\ITE311-CASTILLO\system\Database\BaseConnection.php(646): CodeIgniter\Database\BaseConnection->simpleQuery('SELECT COUNT(*)...')
#3 C:\xampp\htdocs\ITE311-CASTILLO\system\Database\BaseBuilder.php(1733): CodeIgniter\Database\BaseConnection->query('SELECT COUNT(*)...', Array, false)
#4 C:\xampp\htdocs\ITE311-CASTILLO\app\Controllers\Student.php(37): CodeIgniter\Database\BaseBuilder->countAllResults()
#5 C:\xampp\htdocs\ITE311-CASTILLO\system\CodeIgniter.php(933): App\Controllers\Student->dashboard()
#6 C:\xampp\htdocs\ITE311-CASTILLO\system\CodeIgniter.php(507): CodeIgniter\CodeIgniter->runController(Object(App\Controllers\Student))
#7 C:\xampp\htdocs\ITE311-CASTILLO\system\CodeIgniter.php(354): CodeIgniter\CodeIgniter->handleRequest(NULL, Object(Config\Cache), false)
#8 C:\xampp\htdocs\ITE311-CASTILLO\system\Boot.php(363): CodeIgniter\CodeIgniter->run()
#9 C:\xampp\htdocs\ITE311-CASTILLO\system\Boot.php(68): CodeIgniter\Boot::runCodeIgniter(Object(CodeIgniter\CodeIgniter))
#10 C:\xampp\htdocs\ITE311-CASTILLO\public\index.php(59): CodeIgniter\Boot::bootWeb(Object(Config\Paths))
#11 C:\xampp\htdocs\ITE311-CASTILLO\system\rewrite.php(44): require_once('C:\\xampp\\htdocs...')
#12 {main}
CRITICAL - 2025-10-23 16:24:46 --> CodeIgniter\Database\Exceptions\DatabaseException: Unknown column 'quizzes.course_id' in 'on clause'
[Method: GET, Route: student/dashboard]
in SYSTEMPATH\Database\BaseConnection.php on line 684.
 1 SYSTEMPATH\Database\BaseBuilder.php(1733): CodeIgniter\Database\BaseConnection->query('SELECT COUNT(*) AS `numrows`
FROM `quizzes`
JOIN `enrollments` ON `enrollments`.`course_id` = `quizzes`.`course_id`
WHERE `enrollments`.`user_id` = :enrollments.user_id:', [...], false)
 2 APPPATH\Controllers\Student.php(37): CodeIgniter\Database\BaseBuilder->countAllResults()
 3 SYSTEMPATH\CodeIgniter.php(933): App\Controllers\Student->dashboard()
 4 SYSTEMPATH\CodeIgniter.php(507): CodeIgniter\CodeIgniter->runController(Object(App\Controllers\Student))
 5 SYSTEMPATH\CodeIgniter.php(354): CodeIgniter\CodeIgniter->handleRequest(null, Object(Config\Cache), false)
 6 SYSTEMPATH\Boot.php(363): CodeIgniter\CodeIgniter->run()
 7 SYSTEMPATH\Boot.php(68): CodeIgniter\Boot::runCodeIgniter(Object(CodeIgniter\CodeIgniter))
 8 FCPATH\index.php(59): CodeIgniter\Boot::bootWeb(Object(Config\Paths))
 9 SYSTEMPATH\rewrite.php(44): require_once('C:\\xampp\\htdocs\\ITE311-CASTILLO\\public\\index.php')
CRITICAL - 2025-10-23 16:24:46 --> [Caused by] CodeIgniter\Database\Exceptions\DatabaseException: Unknown column 'quizzes.course_id' in 'on clause'
in SYSTEMPATH\Database\MySQLi\Connection.php on line 332.
 1 SYSTEMPATH\Database\BaseConnection.php(729): CodeIgniter\Database\MySQLi\Connection->execute('SELECT COUNT(*) AS `numrows`
FROM `quizzes`
JOIN `enrollments` ON `enrollments`.`course_id` = `quizzes`.`course_id`
WHERE `enrollments`.`user_id` = \'11\'')
 2 SYSTEMPATH\Database\BaseConnection.php(646): CodeIgniter\Database\BaseConnection->simpleQuery('SELECT COUNT(*) AS `numrows`
FROM `quizzes`
JOIN `enrollments` ON `enrollments`.`course_id` = `quizzes`.`course_id`
WHERE `enrollments`.`user_id` = \'11\'')
 3 SYSTEMPATH\Database\BaseBuilder.php(1733): CodeIgniter\Database\BaseConnection->query('SELECT COUNT(*) AS `numrows`
FROM `quizzes`
JOIN `enrollments` ON `enrollments`.`course_id` = `quizzes`.`course_id`
WHERE `enrollments`.`user_id` = :enrollments.user_id:', [...], false)
 4 APPPATH\Controllers\Student.php(37): CodeIgniter\Database\BaseBuilder->countAllResults()
 5 SYSTEMPATH\CodeIgniter.php(933): App\Controllers\Student->dashboard()
 6 SYSTEMPATH\CodeIgniter.php(507): CodeIgniter\CodeIgniter->runController(Object(App\Controllers\Student))
 7 SYSTEMPATH\CodeIgniter.php(354): CodeIgniter\CodeIgniter->handleRequest(null, Object(Config\Cache), false)
 8 SYSTEMPATH\Boot.php(363): CodeIgniter\CodeIgniter->run()
 9 SYSTEMPATH\Boot.php(68): CodeIgniter\Boot::runCodeIgniter(Object(CodeIgniter\CodeIgniter))
10 FCPATH\index.php(59): CodeIgniter\Boot::bootWeb(Object(Config\Paths))
11 SYSTEMPATH\rewrite.php(44): require_once('C:\\xampp\\htdocs\\ITE311-CASTILLO\\public\\index.php')
CRITICAL - 2025-10-23 16:24:46 --> [Caused by] mysqli_sql_exception: Unknown column 'quizzes.course_id' in 'on clause'
in SYSTEMPATH\Database\MySQLi\Connection.php on line 327.
 1 SYSTEMPATH\Database\MySQLi\Connection.php(327): mysqli->query('SELECT COUNT(*) AS `numrows`
FROM `quizzes`
JOIN `enrollments` ON `enrollments`.`course_id` = `quizzes`.`course_id`
WHERE `enrollments`.`user_id` = \'11\'', 0)
 2 SYSTEMPATH\Database\BaseConnection.php(729): CodeIgniter\Database\MySQLi\Connection->execute('SELECT COUNT(*) AS `numrows`
FROM `quizzes`
JOIN `enrollments` ON `enrollments`.`course_id` = `quizzes`.`course_id`
WHERE `enrollments`.`user_id` = \'11\'')
 3 SYSTEMPATH\Database\BaseConnection.php(646): CodeIgniter\Database\BaseConnection->simpleQuery('SELECT COUNT(*) AS `numrows`
FROM `quizzes`
JOIN `enrollments` ON `enrollments`.`course_id` = `quizzes`.`course_id`
WHERE `enrollments`.`user_id` = \'11\'')
 4 SYSTEMPATH\Database\BaseBuilder.php(1733): CodeIgniter\Database\BaseConnection->query('SELECT COUNT(*) AS `numrows`
FROM `quizzes`
JOIN `enrollments` ON `enrollments`.`course_id` = `quizzes`.`course_id`
WHERE `enrollments`.`user_id` = :enrollments.user_id:', [...], false)
 5 APPPATH\Controllers\Student.php(37): CodeIgniter\Database\BaseBuilder->countAllResults()
 6 SYSTEMPATH\CodeIgniter.php(933): App\Controllers\Student->dashboard()
 7 SYSTEMPATH\CodeIgniter.php(507): CodeIgniter\CodeIgniter->runController(Object(App\Controllers\Student))
 8 SYSTEMPATH\CodeIgniter.php(354): CodeIgniter\CodeIgniter->handleRequest(null, Object(Config\Cache), false)
 9 SYSTEMPATH\Boot.php(363): CodeIgniter\CodeIgniter->run()
10 SYSTEMPATH\Boot.php(68): CodeIgniter\Boot::runCodeIgniter(Object(CodeIgniter\CodeIgniter))
11 FCPATH\index.php(59): CodeIgniter\Boot::bootWeb(Object(Config\Paths))
12 SYSTEMPATH\rewrite.php(44): require_once('C:\\xampp\\htdocs\\ITE311-CASTILLO\\public\\index.php')
ERROR - 2025-10-23 16:24:46 --> mysqli_sql_exception: Unknown column 'quizzes.course_id' in 'on clause' in C:\xampp\htdocs\ITE311-CASTILLO\system\Database\MySQLi\Connection.php:327
Stack trace:
#0 C:\xampp\htdocs\ITE311-CASTILLO\system\Database\MySQLi\Connection.php(327): mysqli->query('SELECT COUNT(*)...', 0)
#1 C:\xampp\htdocs\ITE311-CASTILLO\system\Database\BaseConnection.php(729): CodeIgniter\Database\MySQLi\Connection->execute('SELECT COUNT(*)...')
#2 C:\xampp\htdocs\ITE311-CASTILLO\system\Database\BaseConnection.php(646): CodeIgniter\Database\BaseConnection->simpleQuery('SELECT COUNT(*)...')
#3 C:\xampp\htdocs\ITE311-CASTILLO\system\Database\BaseBuilder.php(1733): CodeIgniter\Database\BaseConnection->query('SELECT COUNT(*)...', Array, false)
#4 C:\xampp\htdocs\ITE311-CASTILLO\app\Controllers\Student.php(37): CodeIgniter\Database\BaseBuilder->countAllResults()
#5 C:\xampp\htdocs\ITE311-CASTILLO\system\CodeIgniter.php(933): App\Controllers\Student->dashboard()
#6 C:\xampp\htdocs\ITE311-CASTILLO\system\CodeIgniter.php(507): CodeIgniter\CodeIgniter->runController(Object(App\Controllers\Student))
#7 C:\xampp\htdocs\ITE311-CASTILLO\system\CodeIgniter.php(354): CodeIgniter\CodeIgniter->handleRequest(NULL, Object(Config\Cache), false)
#8 C:\xampp\htdocs\ITE311-CASTILLO\system\Boot.php(363): CodeIgniter\CodeIgniter->run()
#9 C:\xampp\htdocs\ITE311-CASTILLO\system\Boot.php(68): CodeIgniter\Boot::runCodeIgniter(Object(CodeIgniter\CodeIgniter))
#10 C:\xampp\htdocs\ITE311-CASTILLO\public\index.php(59): CodeIgniter\Boot::bootWeb(Object(Config\Paths))
#11 C:\xampp\htdocs\ITE311-CASTILLO\system\rewrite.php(44): require_once('C:\\xampp\\htdocs...')
#12 {main}
CRITICAL - 2025-10-23 16:24:46 --> CodeIgniter\Database\Exceptions\DatabaseException: Unknown column 'quizzes.course_id' in 'on clause'
[Method: GET, Route: student/dashboard]
in SYSTEMPATH\Database\BaseConnection.php on line 684.
 1 SYSTEMPATH\Database\BaseBuilder.php(1733): CodeIgniter\Database\BaseConnection->query('SELECT COUNT(*) AS `numrows`
FROM `quizzes`
JOIN `enrollments` ON `enrollments`.`course_id` = `quizzes`.`course_id`
WHERE `enrollments`.`user_id` = :enrollments.user_id:', [...], false)
 2 APPPATH\Controllers\Student.php(37): CodeIgniter\Database\BaseBuilder->countAllResults()
 3 SYSTEMPATH\CodeIgniter.php(933): App\Controllers\Student->dashboard()
 4 SYSTEMPATH\CodeIgniter.php(507): CodeIgniter\CodeIgniter->runController(Object(App\Controllers\Student))
 5 SYSTEMPATH\CodeIgniter.php(354): CodeIgniter\CodeIgniter->handleRequest(null, Object(Config\Cache), false)
 6 SYSTEMPATH\Boot.php(363): CodeIgniter\CodeIgniter->run()
 7 SYSTEMPATH\Boot.php(68): CodeIgniter\Boot::runCodeIgniter(Object(CodeIgniter\CodeIgniter))
 8 FCPATH\index.php(59): CodeIgniter\Boot::bootWeb(Object(Config\Paths))
 9 SYSTEMPATH\rewrite.php(44): require_once('C:\\xampp\\htdocs\\ITE311-CASTILLO\\public\\index.php')
CRITICAL - 2025-10-23 16:24:46 --> [Caused by] CodeIgniter\Database\Exceptions\DatabaseException: Unknown column 'quizzes.course_id' in 'on clause'
in SYSTEMPATH\Database\MySQLi\Connection.php on line 332.
 1 SYSTEMPATH\Database\BaseConnection.php(729): CodeIgniter\Database\MySQLi\Connection->execute('SELECT COUNT(*) AS `numrows`
FROM `quizzes`
JOIN `enrollments` ON `enrollments`.`course_id` = `quizzes`.`course_id`
WHERE `enrollments`.`user_id` = \'11\'')
 2 SYSTEMPATH\Database\BaseConnection.php(646): CodeIgniter\Database\BaseConnection->simpleQuery('SELECT COUNT(*) AS `numrows`
FROM `quizzes`
JOIN `enrollments` ON `enrollments`.`course_id` = `quizzes`.`course_id`
WHERE `enrollments`.`user_id` = \'11\'')
 3 SYSTEMPATH\Database\BaseBuilder.php(1733): CodeIgniter\Database\BaseConnection->query('SELECT COUNT(*) AS `numrows`
FROM `quizzes`
JOIN `enrollments` ON `enrollments`.`course_id` = `quizzes`.`course_id`
WHERE `enrollments`.`user_id` = :enrollments.user_id:', [...], false)
 4 APPPATH\Controllers\Student.php(37): CodeIgniter\Database\BaseBuilder->countAllResults()
 5 SYSTEMPATH\CodeIgniter.php(933): App\Controllers\Student->dashboard()
 6 SYSTEMPATH\CodeIgniter.php(507): CodeIgniter\CodeIgniter->runController(Object(App\Controllers\Student))
 7 SYSTEMPATH\CodeIgniter.php(354): CodeIgniter\CodeIgniter->handleRequest(null, Object(Config\Cache), false)
 8 SYSTEMPATH\Boot.php(363): CodeIgniter\CodeIgniter->run()
 9 SYSTEMPATH\Boot.php(68): CodeIgniter\Boot::runCodeIgniter(Object(CodeIgniter\CodeIgniter))
10 FCPATH\index.php(59): CodeIgniter\Boot::bootWeb(Object(Config\Paths))
11 SYSTEMPATH\rewrite.php(44): require_once('C:\\xampp\\htdocs\\ITE311-CASTILLO\\public\\index.php')
CRITICAL - 2025-10-23 16:24:46 --> [Caused by] mysqli_sql_exception: Unknown column 'quizzes.course_id' in 'on clause'
in SYSTEMPATH\Database\MySQLi\Connection.php on line 327.
 1 SYSTEMPATH\Database\MySQLi\Connection.php(327): mysqli->query('SELECT COUNT(*) AS `numrows`
FROM `quizzes`
JOIN `enrollments` ON `enrollments`.`course_id` = `quizzes`.`course_id`
WHERE `enrollments`.`user_id` = \'11\'', 0)
 2 SYSTEMPATH\Database\BaseConnection.php(729): CodeIgniter\Database\MySQLi\Connection->execute('SELECT COUNT(*) AS `numrows`
FROM `quizzes`
JOIN `enrollments` ON `enrollments`.`course_id` = `quizzes`.`course_id`
WHERE `enrollments`.`user_id` = \'11\'')
 3 SYSTEMPATH\Database\BaseConnection.php(646): CodeIgniter\Database\BaseConnection->simpleQuery('SELECT COUNT(*) AS `numrows`
FROM `quizzes`
JOIN `enrollments` ON `enrollments`.`course_id` = `quizzes`.`course_id`
WHERE `enrollments`.`user_id` = \'11\'')
 4 SYSTEMPATH\Database\BaseBuilder.php(1733): CodeIgniter\Database\BaseConnection->query('SELECT COUNT(*) AS `numrows`
FROM `quizzes`
JOIN `enrollments` ON `enrollments`.`course_id` = `quizzes`.`course_id`
WHERE `enrollments`.`user_id` = :enrollments.user_id:', [...], false)
 5 APPPATH\Controllers\Student.php(37): CodeIgniter\Database\BaseBuilder->countAllResults()
 6 SYSTEMPATH\CodeIgniter.php(933): App\Controllers\Student->dashboard()
 7 SYSTEMPATH\CodeIgniter.php(507): CodeIgniter\CodeIgniter->runController(Object(App\Controllers\Student))
 8 SYSTEMPATH\CodeIgniter.php(354): CodeIgniter\CodeIgniter->handleRequest(null, Object(Config\Cache), false)
 9 SYSTEMPATH\Boot.php(363): CodeIgniter\CodeIgniter->run()
10 SYSTEMPATH\Boot.php(68): CodeIgniter\Boot::runCodeIgniter(Object(CodeIgniter\CodeIgniter))
11 FCPATH\index.php(59): CodeIgniter\Boot::bootWeb(Object(Config\Paths))
12 SYSTEMPATH\rewrite.php(44): require_once('C:\\xampp\\htdocs\\ITE311-CASTILLO\\public\\index.php')
ERROR - 2025-10-23 16:24:47 --> mysqli_sql_exception: Unknown column 'quizzes.course_id' in 'on clause' in C:\xampp\htdocs\ITE311-CASTILLO\system\Database\MySQLi\Connection.php:327
Stack trace:
#0 C:\xampp\htdocs\ITE311-CASTILLO\system\Database\MySQLi\Connection.php(327): mysqli->query('SELECT COUNT(*)...', 0)
#1 C:\xampp\htdocs\ITE311-CASTILLO\system\Database\BaseConnection.php(729): CodeIgniter\Database\MySQLi\Connection->execute('SELECT COUNT(*)...')
#2 C:\xampp\htdocs\ITE311-CASTILLO\system\Database\BaseConnection.php(646): CodeIgniter\Database\BaseConnection->simpleQuery('SELECT COUNT(*)...')
#3 C:\xampp\htdocs\ITE311-CASTILLO\system\Database\BaseBuilder.php(1733): CodeIgniter\Database\BaseConnection->query('SELECT COUNT(*)...', Array, false)
#4 C:\xampp\htdocs\ITE311-CASTILLO\app\Controllers\Student.php(37): CodeIgniter\Database\BaseBuilder->countAllResults()
#5 C:\xampp\htdocs\ITE311-CASTILLO\system\CodeIgniter.php(933): App\Controllers\Student->dashboard()
#6 C:\xampp\htdocs\ITE311-CASTILLO\system\CodeIgniter.php(507): CodeIgniter\CodeIgniter->runController(Object(App\Controllers\Student))
#7 C:\xampp\htdocs\ITE311-CASTILLO\system\CodeIgniter.php(354): CodeIgniter\CodeIgniter->handleRequest(NULL, Object(Config\Cache), false)
#8 C:\xampp\htdocs\ITE311-CASTILLO\system\Boot.php(363): CodeIgniter\CodeIgniter->run()
#9 C:\xampp\htdocs\ITE311-CASTILLO\system\Boot.php(68): CodeIgniter\Boot::runCodeIgniter(Object(CodeIgniter\CodeIgniter))
#10 C:\xampp\htdocs\ITE311-CASTILLO\public\index.php(59): CodeIgniter\Boot::bootWeb(Object(Config\Paths))
#11 C:\xampp\htdocs\ITE311-CASTILLO\system\rewrite.php(44): require_once('C:\\xampp\\htdocs...')
#12 {main}
CRITICAL - 2025-10-23 16:24:47 --> CodeIgniter\Database\Exceptions\DatabaseException: Unknown column 'quizzes.course_id' in 'on clause'
[Method: GET, Route: student/dashboard]
in SYSTEMPATH\Database\BaseConnection.php on line 684.
 1 SYSTEMPATH\Database\BaseBuilder.php(1733): CodeIgniter\Database\BaseConnection->query('SELECT COUNT(*) AS `numrows`
FROM `quizzes`
JOIN `enrollments` ON `enrollments`.`course_id` = `quizzes`.`course_id`
WHERE `enrollments`.`user_id` = :enrollments.user_id:', [...], false)
 2 APPPATH\Controllers\Student.php(37): CodeIgniter\Database\BaseBuilder->countAllResults()
 3 SYSTEMPATH\CodeIgniter.php(933): App\Controllers\Student->dashboard()
 4 SYSTEMPATH\CodeIgniter.php(507): CodeIgniter\CodeIgniter->runController(Object(App\Controllers\Student))
 5 SYSTEMPATH\CodeIgniter.php(354): CodeIgniter\CodeIgniter->handleRequest(null, Object(Config\Cache), false)
 6 SYSTEMPATH\Boot.php(363): CodeIgniter\CodeIgniter->run()
 7 SYSTEMPATH\Boot.php(68): CodeIgniter\Boot::runCodeIgniter(Object(CodeIgniter\CodeIgniter))
 8 FCPATH\index.php(59): CodeIgniter\Boot::bootWeb(Object(Config\Paths))
 9 SYSTEMPATH\rewrite.php(44): require_once('C:\\xampp\\htdocs\\ITE311-CASTILLO\\public\\index.php')
CRITICAL - 2025-10-23 16:24:47 --> [Caused by] CodeIgniter\Database\Exceptions\DatabaseException: Unknown column 'quizzes.course_id' in 'on clause'
in SYSTEMPATH\Database\MySQLi\Connection.php on line 332.
 1 SYSTEMPATH\Database\BaseConnection.php(729): CodeIgniter\Database\MySQLi\Connection->execute('SELECT COUNT(*) AS `numrows`
FROM `quizzes`
JOIN `enrollments` ON `enrollments`.`course_id` = `quizzes`.`course_id`
WHERE `enrollments`.`user_id` = \'11\'')
 2 SYSTEMPATH\Database\BaseConnection.php(646): CodeIgniter\Database\BaseConnection->simpleQuery('SELECT COUNT(*) AS `numrows`
FROM `quizzes`
JOIN `enrollments` ON `enrollments`.`course_id` = `quizzes`.`course_id`
WHERE `enrollments`.`user_id` = \'11\'')
 3 SYSTEMPATH\Database\BaseBuilder.php(1733): CodeIgniter\Database\BaseConnection->query('SELECT COUNT(*) AS `numrows`
FROM `quizzes`
JOIN `enrollments` ON `enrollments`.`course_id` = `quizzes`.`course_id`
WHERE `enrollments`.`user_id` = :enrollments.user_id:', [...], false)
 4 APPPATH\Controllers\Student.php(37): CodeIgniter\Database\BaseBuilder->countAllResults()
 5 SYSTEMPATH\CodeIgniter.php(933): App\Controllers\Student->dashboard()
 6 SYSTEMPATH\CodeIgniter.php(507): CodeIgniter\CodeIgniter->runController(Object(App\Controllers\Student))
 7 SYSTEMPATH\CodeIgniter.php(354): CodeIgniter\CodeIgniter->handleRequest(null, Object(Config\Cache), false)
 8 SYSTEMPATH\Boot.php(363): CodeIgniter\CodeIgniter->run()
 9 SYSTEMPATH\Boot.php(68): CodeIgniter\Boot::runCodeIgniter(Object(CodeIgniter\CodeIgniter))
10 FCPATH\index.php(59): CodeIgniter\Boot::bootWeb(Object(Config\Paths))
11 SYSTEMPATH\rewrite.php(44): require_once('C:\\xampp\\htdocs\\ITE311-CASTILLO\\public\\index.php')
CRITICAL - 2025-10-23 16:24:47 --> [Caused by] mysqli_sql_exception: Unknown column 'quizzes.course_id' in 'on clause'
in SYSTEMPATH\Database\MySQLi\Connection.php on line 327.
 1 SYSTEMPATH\Database\MySQLi\Connection.php(327): mysqli->query('SELECT COUNT(*) AS `numrows`
FROM `quizzes`
JOIN `enrollments` ON `enrollments`.`course_id` = `quizzes`.`course_id`
WHERE `enrollments`.`user_id` = \'11\'', 0)
 2 SYSTEMPATH\Database\BaseConnection.php(729): CodeIgniter\Database\MySQLi\Connection->execute('SELECT COUNT(*) AS `numrows`
FROM `quizzes`
JOIN `enrollments` ON `enrollments`.`course_id` = `quizzes`.`course_id`
WHERE `enrollments`.`user_id` = \'11\'')
 3 SYSTEMPATH\Database\BaseConnection.php(646): CodeIgniter\Database\BaseConnection->simpleQuery('SELECT COUNT(*) AS `numrows`
FROM `quizzes`
JOIN `enrollments` ON `enrollments`.`course_id` = `quizzes`.`course_id`
WHERE `enrollments`.`user_id` = \'11\'')
 4 SYSTEMPATH\Database\BaseBuilder.php(1733): CodeIgniter\Database\BaseConnection->query('SELECT COUNT(*) AS `numrows`
FROM `quizzes`
JOIN `enrollments` ON `enrollments`.`course_id` = `quizzes`.`course_id`
WHERE `enrollments`.`user_id` = :enrollments.user_id:', [...], false)
 5 APPPATH\Controllers\Student.php(37): CodeIgniter\Database\BaseBuilder->countAllResults()
 6 SYSTEMPATH\CodeIgniter.php(933): App\Controllers\Student->dashboard()
 7 SYSTEMPATH\CodeIgniter.php(507): CodeIgniter\CodeIgniter->runController(Object(App\Controllers\Student))
 8 SYSTEMPATH\CodeIgniter.php(354): CodeIgniter\CodeIgniter->handleRequest(null, Object(Config\Cache), false)
 9 SYSTEMPATH\Boot.php(363): CodeIgniter\CodeIgniter->run()
10 SYSTEMPATH\Boot.php(68): CodeIgniter\Boot::runCodeIgniter(Object(CodeIgniter\CodeIgniter))
11 FCPATH\index.php(59): CodeIgniter\Boot::bootWeb(Object(Config\Paths))
12 SYSTEMPATH\rewrite.php(44): require_once('C:\\xampp\\htdocs\\ITE311-CASTILLO\\public\\index.php')
ERROR - 2025-10-23 16:24:47 --> mysqli_sql_exception: Unknown column 'quizzes.course_id' in 'on clause' in C:\xampp\htdocs\ITE311-CASTILLO\system\Database\MySQLi\Connection.php:327
Stack trace:
#0 C:\xampp\htdocs\ITE311-CASTILLO\system\Database\MySQLi\Connection.php(327): mysqli->query('SELECT COUNT(*)...', 0)
#1 C:\xampp\htdocs\ITE311-CASTILLO\system\Database\BaseConnection.php(729): CodeIgniter\Database\MySQLi\Connection->execute('SELECT COUNT(*)...')
#2 C:\xampp\htdocs\ITE311-CASTILLO\system\Database\BaseConnection.php(646): CodeIgniter\Database\BaseConnection->simpleQuery('SELECT COUNT(*)...')
#3 C:\xampp\htdocs\ITE311-CASTILLO\system\Database\BaseBuilder.php(1733): CodeIgniter\Database\BaseConnection->query('SELECT COUNT(*)...', Array, false)
#4 C:\xampp\htdocs\ITE311-CASTILLO\app\Controllers\Student.php(37): CodeIgniter\Database\BaseBuilder->countAllResults()
#5 C:\xampp\htdocs\ITE311-CASTILLO\system\CodeIgniter.php(933): App\Controllers\Student->dashboard()
#6 C:\xampp\htdocs\ITE311-CASTILLO\system\CodeIgniter.php(507): CodeIgniter\CodeIgniter->runController(Object(App\Controllers\Student))
#7 C:\xampp\htdocs\ITE311-CASTILLO\system\CodeIgniter.php(354): CodeIgniter\CodeIgniter->handleRequest(NULL, Object(Config\Cache), false)
#8 C:\xampp\htdocs\ITE311-CASTILLO\system\Boot.php(363): CodeIgniter\CodeIgniter->run()
#9 C:\xampp\htdocs\ITE311-CASTILLO\system\Boot.php(68): CodeIgniter\Boot::runCodeIgniter(Object(CodeIgniter\CodeIgniter))
#10 C:\xampp\htdocs\ITE311-CASTILLO\public\index.php(59): CodeIgniter\Boot::bootWeb(Object(Config\Paths))
#11 C:\xampp\htdocs\ITE311-CASTILLO\system\rewrite.php(44): require_once('C:\\xampp\\htdocs...')
#12 {main}
CRITICAL - 2025-10-23 16:24:47 --> CodeIgniter\Database\Exceptions\DatabaseException: Unknown column 'quizzes.course_id' in 'on clause'
[Method: GET, Route: student/dashboard]
in SYSTEMPATH\Database\BaseConnection.php on line 684.
 1 SYSTEMPATH\Database\BaseBuilder.php(1733): CodeIgniter\Database\BaseConnection->query('SELECT COUNT(*) AS `numrows`
FROM `quizzes`
JOIN `enrollments` ON `enrollments`.`course_id` = `quizzes`.`course_id`
WHERE `enrollments`.`user_id` = :enrollments.user_id:', [...], false)
 2 APPPATH\Controllers\Student.php(37): CodeIgniter\Database\BaseBuilder->countAllResults()
 3 SYSTEMPATH\CodeIgniter.php(933): App\Controllers\Student->dashboard()
 4 SYSTEMPATH\CodeIgniter.php(507): CodeIgniter\CodeIgniter->runController(Object(App\Controllers\Student))
 5 SYSTEMPATH\CodeIgniter.php(354): CodeIgniter\CodeIgniter->handleRequest(null, Object(Config\Cache), false)
 6 SYSTEMPATH\Boot.php(363): CodeIgniter\CodeIgniter->run()
 7 SYSTEMPATH\Boot.php(68): CodeIgniter\Boot::runCodeIgniter(Object(CodeIgniter\CodeIgniter))
 8 FCPATH\index.php(59): CodeIgniter\Boot::bootWeb(Object(Config\Paths))
 9 SYSTEMPATH\rewrite.php(44): require_once('C:\\xampp\\htdocs\\ITE311-CASTILLO\\public\\index.php')
CRITICAL - 2025-10-23 16:24:47 --> [Caused by] CodeIgniter\Database\Exceptions\DatabaseException: Unknown column 'quizzes.course_id' in 'on clause'
in SYSTEMPATH\Database\MySQLi\Connection.php on line 332.
 1 SYSTEMPATH\Database\BaseConnection.php(729): CodeIgniter\Database\MySQLi\Connection->execute('SELECT COUNT(*) AS `numrows`
FROM `quizzes`
JOIN `enrollments` ON `enrollments`.`course_id` = `quizzes`.`course_id`
WHERE `enrollments`.`user_id` = \'11\'')
 2 SYSTEMPATH\Database\BaseConnection.php(646): CodeIgniter\Database\BaseConnection->simpleQuery('SELECT COUNT(*) AS `numrows`
FROM `quizzes`
JOIN `enrollments` ON `enrollments`.`course_id` = `quizzes`.`course_id`
WHERE `enrollments`.`user_id` = \'11\'')
 3 SYSTEMPATH\Database\BaseBuilder.php(1733): CodeIgniter\Database\BaseConnection->query('SELECT COUNT(*) AS `numrows`
FROM `quizzes`
JOIN `enrollments` ON `enrollments`.`course_id` = `quizzes`.`course_id`
WHERE `enrollments`.`user_id` = :enrollments.user_id:', [...], false)
 4 APPPATH\Controllers\Student.php(37): CodeIgniter\Database\BaseBuilder->countAllResults()
 5 SYSTEMPATH\CodeIgniter.php(933): App\Controllers\Student->dashboard()
 6 SYSTEMPATH\CodeIgniter.php(507): CodeIgniter\CodeIgniter->runController(Object(App\Controllers\Student))
 7 SYSTEMPATH\CodeIgniter.php(354): CodeIgniter\CodeIgniter->handleRequest(null, Object(Config\Cache), false)
 8 SYSTEMPATH\Boot.php(363): CodeIgniter\CodeIgniter->run()
 9 SYSTEMPATH\Boot.php(68): CodeIgniter\Boot::runCodeIgniter(Object(CodeIgniter\CodeIgniter))
10 FCPATH\index.php(59): CodeIgniter\Boot::bootWeb(Object(Config\Paths))
11 SYSTEMPATH\rewrite.php(44): require_once('C:\\xampp\\htdocs\\ITE311-CASTILLO\\public\\index.php')
CRITICAL - 2025-10-23 16:24:47 --> [Caused by] mysqli_sql_exception: Unknown column 'quizzes.course_id' in 'on clause'
in SYSTEMPATH\Database\MySQLi\Connection.php on line 327.
 1 SYSTEMPATH\Database\MySQLi\Connection.php(327): mysqli->query('SELECT COUNT(*) AS `numrows`
FROM `quizzes`
JOIN `enrollments` ON `enrollments`.`course_id` = `quizzes`.`course_id`
WHERE `enrollments`.`user_id` = \'11\'', 0)
 2 SYSTEMPATH\Database\BaseConnection.php(729): CodeIgniter\Database\MySQLi\Connection->execute('SELECT COUNT(*) AS `numrows`
FROM `quizzes`
JOIN `enrollments` ON `enrollments`.`course_id` = `quizzes`.`course_id`
WHERE `enrollments`.`user_id` = \'11\'')
 3 SYSTEMPATH\Database\BaseConnection.php(646): CodeIgniter\Database\BaseConnection->simpleQuery('SELECT COUNT(*) AS `numrows`
FROM `quizzes`
JOIN `enrollments` ON `enrollments`.`course_id` = `quizzes`.`course_id`
WHERE `enrollments`.`user_id` = \'11\'')
 4 SYSTEMPATH\Database\BaseBuilder.php(1733): CodeIgniter\Database\BaseConnection->query('SELECT COUNT(*) AS `numrows`
FROM `quizzes`
JOIN `enrollments` ON `enrollments`.`course_id` = `quizzes`.`course_id`
WHERE `enrollments`.`user_id` = :enrollments.user_id:', [...], false)
 5 APPPATH\Controllers\Student.php(37): CodeIgniter\Database\BaseBuilder->countAllResults()
 6 SYSTEMPATH\CodeIgniter.php(933): App\Controllers\Student->dashboard()
 7 SYSTEMPATH\CodeIgniter.php(507): CodeIgniter\CodeIgniter->runController(Object(App\Controllers\Student))
 8 SYSTEMPATH\CodeIgniter.php(354): CodeIgniter\CodeIgniter->handleRequest(null, Object(Config\Cache), false)
 9 SYSTEMPATH\Boot.php(363): CodeIgniter\CodeIgniter->run()
10 SYSTEMPATH\Boot.php(68): CodeIgniter\Boot::runCodeIgniter(Object(CodeIgniter\CodeIgniter))
11 FCPATH\index.php(59): CodeIgniter\Boot::bootWeb(Object(Config\Paths))
12 SYSTEMPATH\rewrite.php(44): require_once('C:\\xampp\\htdocs\\ITE311-CASTILLO\\public\\index.php')
ERROR - 2025-10-23 16:24:47 --> mysqli_sql_exception: Unknown column 'quizzes.course_id' in 'on clause' in C:\xampp\htdocs\ITE311-CASTILLO\system\Database\MySQLi\Connection.php:327
Stack trace:
#0 C:\xampp\htdocs\ITE311-CASTILLO\system\Database\MySQLi\Connection.php(327): mysqli->query('SELECT COUNT(*)...', 0)
#1 C:\xampp\htdocs\ITE311-CASTILLO\system\Database\BaseConnection.php(729): CodeIgniter\Database\MySQLi\Connection->execute('SELECT COUNT(*)...')
#2 C:\xampp\htdocs\ITE311-CASTILLO\system\Database\BaseConnection.php(646): CodeIgniter\Database\BaseConnection->simpleQuery('SELECT COUNT(*)...')
#3 C:\xampp\htdocs\ITE311-CASTILLO\system\Database\BaseBuilder.php(1733): CodeIgniter\Database\BaseConnection->query('SELECT COUNT(*)...', Array, false)
#4 C:\xampp\htdocs\ITE311-CASTILLO\app\Controllers\Student.php(37): CodeIgniter\Database\BaseBuilder->countAllResults()
#5 C:\xampp\htdocs\ITE311-CASTILLO\system\CodeIgniter.php(933): App\Controllers\Student->dashboard()
#6 C:\xampp\htdocs\ITE311-CASTILLO\system\CodeIgniter.php(507): CodeIgniter\CodeIgniter->runController(Object(App\Controllers\Student))
#7 C:\xampp\htdocs\ITE311-CASTILLO\system\CodeIgniter.php(354): CodeIgniter\CodeIgniter->handleRequest(NULL, Object(Config\Cache), false)
#8 C:\xampp\htdocs\ITE311-CASTILLO\system\Boot.php(363): CodeIgniter\CodeIgniter->run()
#9 C:\xampp\htdocs\ITE311-CASTILLO\system\Boot.php(68): CodeIgniter\Boot::runCodeIgniter(Object(CodeIgniter\CodeIgniter))
#10 C:\xampp\htdocs\ITE311-CASTILLO\public\index.php(59): CodeIgniter\Boot::bootWeb(Object(Config\Paths))
#11 C:\xampp\htdocs\ITE311-CASTILLO\system\rewrite.php(44): require_once('C:\\xampp\\htdocs...')
#12 {main}
CRITICAL - 2025-10-23 16:24:47 --> CodeIgniter\Database\Exceptions\DatabaseException: Unknown column 'quizzes.course_id' in 'on clause'
[Method: GET, Route: student/dashboard]
in SYSTEMPATH\Database\BaseConnection.php on line 684.
 1 SYSTEMPATH\Database\BaseBuilder.php(1733): CodeIgniter\Database\BaseConnection->query('SELECT COUNT(*) AS `numrows`
FROM `quizzes`
JOIN `enrollments` ON `enrollments`.`course_id` = `quizzes`.`course_id`
WHERE `enrollments`.`user_id` = :enrollments.user_id:', [...], false)
 2 APPPATH\Controllers\Student.php(37): CodeIgniter\Database\BaseBuilder->countAllResults()
 3 SYSTEMPATH\CodeIgniter.php(933): App\Controllers\Student->dashboard()
 4 SYSTEMPATH\CodeIgniter.php(507): CodeIgniter\CodeIgniter->runController(Object(App\Controllers\Student))
 5 SYSTEMPATH\CodeIgniter.php(354): CodeIgniter\CodeIgniter->handleRequest(null, Object(Config\Cache), false)
 6 SYSTEMPATH\Boot.php(363): CodeIgniter\CodeIgniter->run()
 7 SYSTEMPATH\Boot.php(68): CodeIgniter\Boot::runCodeIgniter(Object(CodeIgniter\CodeIgniter))
 8 FCPATH\index.php(59): CodeIgniter\Boot::bootWeb(Object(Config\Paths))
 9 SYSTEMPATH\rewrite.php(44): require_once('C:\\xampp\\htdocs\\ITE311-CASTILLO\\public\\index.php')
CRITICAL - 2025-10-23 16:24:47 --> [Caused by] CodeIgniter\Database\Exceptions\DatabaseException: Unknown column 'quizzes.course_id' in 'on clause'
in SYSTEMPATH\Database\MySQLi\Connection.php on line 332.
 1 SYSTEMPATH\Database\BaseConnection.php(729): CodeIgniter\Database\MySQLi\Connection->execute('SELECT COUNT(*) AS `numrows`
FROM `quizzes`
JOIN `enrollments` ON `enrollments`.`course_id` = `quizzes`.`course_id`
WHERE `enrollments`.`user_id` = \'11\'')
 2 SYSTEMPATH\Database\BaseConnection.php(646): CodeIgniter\Database\BaseConnection->simpleQuery('SELECT COUNT(*) AS `numrows`
FROM `quizzes`
JOIN `enrollments` ON `enrollments`.`course_id` = `quizzes`.`course_id`
WHERE `enrollments`.`user_id` = \'11\'')
 3 SYSTEMPATH\Database\BaseBuilder.php(1733): CodeIgniter\Database\BaseConnection->query('SELECT COUNT(*) AS `numrows`
FROM `quizzes`
JOIN `enrollments` ON `enrollments`.`course_id` = `quizzes`.`course_id`
WHERE `enrollments`.`user_id` = :enrollments.user_id:', [...], false)
 4 APPPATH\Controllers\Student.php(37): CodeIgniter\Database\BaseBuilder->countAllResults()
 5 SYSTEMPATH\CodeIgniter.php(933): App\Controllers\Student->dashboard()
 6 SYSTEMPATH\CodeIgniter.php(507): CodeIgniter\CodeIgniter->runController(Object(App\Controllers\Student))
 7 SYSTEMPATH\CodeIgniter.php(354): CodeIgniter\CodeIgniter->handleRequest(null, Object(Config\Cache), false)
 8 SYSTEMPATH\Boot.php(363): CodeIgniter\CodeIgniter->run()
 9 SYSTEMPATH\Boot.php(68): CodeIgniter\Boot::runCodeIgniter(Object(CodeIgniter\CodeIgniter))
10 FCPATH\index.php(59): CodeIgniter\Boot::bootWeb(Object(Config\Paths))
11 SYSTEMPATH\rewrite.php(44): require_once('C:\\xampp\\htdocs\\ITE311-CASTILLO\\public\\index.php')
CRITICAL - 2025-10-23 16:24:47 --> [Caused by] mysqli_sql_exception: Unknown column 'quizzes.course_id' in 'on clause'
in SYSTEMPATH\Database\MySQLi\Connection.php on line 327.
 1 SYSTEMPATH\Database\MySQLi\Connection.php(327): mysqli->query('SELECT COUNT(*) AS `numrows`
FROM `quizzes`
JOIN `enrollments` ON `enrollments`.`course_id` = `quizzes`.`course_id`
WHERE `enrollments`.`user_id` = \'11\'', 0)
 2 SYSTEMPATH\Database\BaseConnection.php(729): CodeIgniter\Database\MySQLi\Connection->execute('SELECT COUNT(*) AS `numrows`
FROM `quizzes`
JOIN `enrollments` ON `enrollments`.`course_id` = `quizzes`.`course_id`
WHERE `enrollments`.`user_id` = \'11\'')
 3 SYSTEMPATH\Database\BaseConnection.php(646): CodeIgniter\Database\BaseConnection->simpleQuery('SELECT COUNT(*) AS `numrows`
FROM `quizzes`
JOIN `enrollments` ON `enrollments`.`course_id` = `quizzes`.`course_id`
WHERE `enrollments`.`user_id` = \'11\'')
 4 SYSTEMPATH\Database\BaseBuilder.php(1733): CodeIgniter\Database\BaseConnection->query('SELECT COUNT(*) AS `numrows`
FROM `quizzes`
JOIN `enrollments` ON `enrollments`.`course_id` = `quizzes`.`course_id`
WHERE `enrollments`.`user_id` = :enrollments.user_id:', [...], false)
 5 APPPATH\Controllers\Student.php(37): CodeIgniter\Database\BaseBuilder->countAllResults()
 6 SYSTEMPATH\CodeIgniter.php(933): App\Controllers\Student->dashboard()
 7 SYSTEMPATH\CodeIgniter.php(507): CodeIgniter\CodeIgniter->runController(Object(App\Controllers\Student))
 8 SYSTEMPATH\CodeIgniter.php(354): CodeIgniter\CodeIgniter->handleRequest(null, Object(Config\Cache), false)
 9 SYSTEMPATH\Boot.php(363): CodeIgniter\CodeIgniter->run()
10 SYSTEMPATH\Boot.php(68): CodeIgniter\Boot::runCodeIgniter(Object(CodeIgniter\CodeIgniter))
11 FCPATH\index.php(59): CodeIgniter\Boot::bootWeb(Object(Config\Paths))
12 SYSTEMPATH\rewrite.php(44): require_once('C:\\xampp\\htdocs\\ITE311-CASTILLO\\public\\index.php')
ERROR - 2025-10-23 16:24:47 --> mysqli_sql_exception: Unknown column 'quizzes.course_id' in 'on clause' in C:\xampp\htdocs\ITE311-CASTILLO\system\Database\MySQLi\Connection.php:327
Stack trace:
#0 C:\xampp\htdocs\ITE311-CASTILLO\system\Database\MySQLi\Connection.php(327): mysqli->query('SELECT COUNT(*)...', 0)
#1 C:\xampp\htdocs\ITE311-CASTILLO\system\Database\BaseConnection.php(729): CodeIgniter\Database\MySQLi\Connection->execute('SELECT COUNT(*)...')
#2 C:\xampp\htdocs\ITE311-CASTILLO\system\Database\BaseConnection.php(646): CodeIgniter\Database\BaseConnection->simpleQuery('SELECT COUNT(*)...')
#3 C:\xampp\htdocs\ITE311-CASTILLO\system\Database\BaseBuilder.php(1733): CodeIgniter\Database\BaseConnection->query('SELECT COUNT(*)...', Array, false)
#4 C:\xampp\htdocs\ITE311-CASTILLO\app\Controllers\Student.php(37): CodeIgniter\Database\BaseBuilder->countAllResults()
#5 C:\xampp\htdocs\ITE311-CASTILLO\system\CodeIgniter.php(933): App\Controllers\Student->dashboard()
#6 C:\xampp\htdocs\ITE311-CASTILLO\system\CodeIgniter.php(507): CodeIgniter\CodeIgniter->runController(Object(App\Controllers\Student))
#7 C:\xampp\htdocs\ITE311-CASTILLO\system\CodeIgniter.php(354): CodeIgniter\CodeIgniter->handleRequest(NULL, Object(Config\Cache), false)
#8 C:\xampp\htdocs\ITE311-CASTILLO\system\Boot.php(363): CodeIgniter\CodeIgniter->run()
#9 C:\xampp\htdocs\ITE311-CASTILLO\system\Boot.php(68): CodeIgniter\Boot::runCodeIgniter(Object(CodeIgniter\CodeIgniter))
#10 C:\xampp\htdocs\ITE311-CASTILLO\public\index.php(59): CodeIgniter\Boot::bootWeb(Object(Config\Paths))
#11 C:\xampp\htdocs\ITE311-CASTILLO\system\rewrite.php(44): require_once('C:\\xampp\\htdocs...')
#12 {main}
CRITICAL - 2025-10-23 16:24:47 --> CodeIgniter\Database\Exceptions\DatabaseException: Unknown column 'quizzes.course_id' in 'on clause'
[Method: GET, Route: student/dashboard]
in SYSTEMPATH\Database\BaseConnection.php on line 684.
 1 SYSTEMPATH\Database\BaseBuilder.php(1733): CodeIgniter\Database\BaseConnection->query('SELECT COUNT(*) AS `numrows`
FROM `quizzes`
JOIN `enrollments` ON `enrollments`.`course_id` = `quizzes`.`course_id`
WHERE `enrollments`.`user_id` = :enrollments.user_id:', [...], false)
 2 APPPATH\Controllers\Student.php(37): CodeIgniter\Database\BaseBuilder->countAllResults()
 3 SYSTEMPATH\CodeIgniter.php(933): App\Controllers\Student->dashboard()
 4 SYSTEMPATH\CodeIgniter.php(507): CodeIgniter\CodeIgniter->runController(Object(App\Controllers\Student))
 5 SYSTEMPATH\CodeIgniter.php(354): CodeIgniter\CodeIgniter->handleRequest(null, Object(Config\Cache), false)
 6 SYSTEMPATH\Boot.php(363): CodeIgniter\CodeIgniter->run()
 7 SYSTEMPATH\Boot.php(68): CodeIgniter\Boot::runCodeIgniter(Object(CodeIgniter\CodeIgniter))
 8 FCPATH\index.php(59): CodeIgniter\Boot::bootWeb(Object(Config\Paths))
 9 SYSTEMPATH\rewrite.php(44): require_once('C:\\xampp\\htdocs\\ITE311-CASTILLO\\public\\index.php')
CRITICAL - 2025-10-23 16:24:47 --> [Caused by] CodeIgniter\Database\Exceptions\DatabaseException: Unknown column 'quizzes.course_id' in 'on clause'
in SYSTEMPATH\Database\MySQLi\Connection.php on line 332.
 1 SYSTEMPATH\Database\BaseConnection.php(729): CodeIgniter\Database\MySQLi\Connection->execute('SELECT COUNT(*) AS `numrows`
FROM `quizzes`
JOIN `enrollments` ON `enrollments`.`course_id` = `quizzes`.`course_id`
WHERE `enrollments`.`user_id` = \'11\'')
 2 SYSTEMPATH\Database\BaseConnection.php(646): CodeIgniter\Database\BaseConnection->simpleQuery('SELECT COUNT(*) AS `numrows`
FROM `quizzes`
JOIN `enrollments` ON `enrollments`.`course_id` = `quizzes`.`course_id`
WHERE `enrollments`.`user_id` = \'11\'')
 3 SYSTEMPATH\Database\BaseBuilder.php(1733): CodeIgniter\Database\BaseConnection->query('SELECT COUNT(*) AS `numrows`
FROM `quizzes`
JOIN `enrollments` ON `enrollments`.`course_id` = `quizzes`.`course_id`
WHERE `enrollments`.`user_id` = :enrollments.user_id:', [...], false)
 4 APPPATH\Controllers\Student.php(37): CodeIgniter\Database\BaseBuilder->countAllResults()
 5 SYSTEMPATH\CodeIgniter.php(933): App\Controllers\Student->dashboard()
 6 SYSTEMPATH\CodeIgniter.php(507): CodeIgniter\CodeIgniter->runController(Object(App\Controllers\Student))
 7 SYSTEMPATH\CodeIgniter.php(354): CodeIgniter\CodeIgniter->handleRequest(null, Object(Config\Cache), false)
 8 SYSTEMPATH\Boot.php(363): CodeIgniter\CodeIgniter->run()
 9 SYSTEMPATH\Boot.php(68): CodeIgniter\Boot::runCodeIgniter(Object(CodeIgniter\CodeIgniter))
10 FCPATH\index.php(59): CodeIgniter\Boot::bootWeb(Object(Config\Paths))
11 SYSTEMPATH\rewrite.php(44): require_once('C:\\xampp\\htdocs\\ITE311-CASTILLO\\public\\index.php')
CRITICAL - 2025-10-23 16:24:47 --> [Caused by] mysqli_sql_exception: Unknown column 'quizzes.course_id' in 'on clause'
in SYSTEMPATH\Database\MySQLi\Connection.php on line 327.
 1 SYSTEMPATH\Database\MySQLi\Connection.php(327): mysqli->query('SELECT COUNT(*) AS `numrows`
FROM `quizzes`
JOIN `enrollments` ON `enrollments`.`course_id` = `quizzes`.`course_id`
WHERE `enrollments`.`user_id` = \'11\'', 0)
 2 SYSTEMPATH\Database\BaseConnection.php(729): CodeIgniter\Database\MySQLi\Connection->execute('SELECT COUNT(*) AS `numrows`
FROM `quizzes`
JOIN `enrollments` ON `enrollments`.`course_id` = `quizzes`.`course_id`
WHERE `enrollments`.`user_id` = \'11\'')
 3 SYSTEMPATH\Database\BaseConnection.php(646): CodeIgniter\Database\BaseConnection->simpleQuery('SELECT COUNT(*) AS `numrows`
FROM `quizzes`
JOIN `enrollments` ON `enrollments`.`course_id` = `quizzes`.`course_id`
WHERE `enrollments`.`user_id` = \'11\'')
 4 SYSTEMPATH\Database\BaseBuilder.php(1733): CodeIgniter\Database\BaseConnection->query('SELECT COUNT(*) AS `numrows`
FROM `quizzes`
JOIN `enrollments` ON `enrollments`.`course_id` = `quizzes`.`course_id`
WHERE `enrollments`.`user_id` = :enrollments.user_id:', [...], false)
 5 APPPATH\Controllers\Student.php(37): CodeIgniter\Database\BaseBuilder->countAllResults()
 6 SYSTEMPATH\CodeIgniter.php(933): App\Controllers\Student->dashboard()
 7 SYSTEMPATH\CodeIgniter.php(507): CodeIgniter\CodeIgniter->runController(Object(App\Controllers\Student))
 8 SYSTEMPATH\CodeIgniter.php(354): CodeIgniter\CodeIgniter->handleRequest(null, Object(Config\Cache), false)
 9 SYSTEMPATH\Boot.php(363): CodeIgniter\CodeIgniter->run()
10 SYSTEMPATH\Boot.php(68): CodeIgniter\Boot::runCodeIgniter(Object(CodeIgniter\CodeIgniter))
11 FCPATH\index.php(59): CodeIgniter\Boot::bootWeb(Object(Config\Paths))
12 SYSTEMPATH\rewrite.php(44): require_once('C:\\xampp\\htdocs\\ITE311-CASTILLO\\public\\index.php')
ERROR - 2025-10-23 16:24:48 --> mysqli_sql_exception: Unknown column 'quizzes.course_id' in 'on clause' in C:\xampp\htdocs\ITE311-CASTILLO\system\Database\MySQLi\Connection.php:327
Stack trace:
#0 C:\xampp\htdocs\ITE311-CASTILLO\system\Database\MySQLi\Connection.php(327): mysqli->query('SELECT COUNT(*)...', 0)
#1 C:\xampp\htdocs\ITE311-CASTILLO\system\Database\BaseConnection.php(729): CodeIgniter\Database\MySQLi\Connection->execute('SELECT COUNT(*)...')
#2 C:\xampp\htdocs\ITE311-CASTILLO\system\Database\BaseConnection.php(646): CodeIgniter\Database\BaseConnection->simpleQuery('SELECT COUNT(*)...')
#3 C:\xampp\htdocs\ITE311-CASTILLO\system\Database\BaseBuilder.php(1733): CodeIgniter\Database\BaseConnection->query('SELECT COUNT(*)...', Array, false)
#4 C:\xampp\htdocs\ITE311-CASTILLO\app\Controllers\Student.php(37): CodeIgniter\Database\BaseBuilder->countAllResults()
#5 C:\xampp\htdocs\ITE311-CASTILLO\system\CodeIgniter.php(933): App\Controllers\Student->dashboard()
#6 C:\xampp\htdocs\ITE311-CASTILLO\system\CodeIgniter.php(507): CodeIgniter\CodeIgniter->runController(Object(App\Controllers\Student))
#7 C:\xampp\htdocs\ITE311-CASTILLO\system\CodeIgniter.php(354): CodeIgniter\CodeIgniter->handleRequest(NULL, Object(Config\Cache), false)
#8 C:\xampp\htdocs\ITE311-CASTILLO\system\Boot.php(363): CodeIgniter\CodeIgniter->run()
#9 C:\xampp\htdocs\ITE311-CASTILLO\system\Boot.php(68): CodeIgniter\Boot::runCodeIgniter(Object(CodeIgniter\CodeIgniter))
#10 C:\xampp\htdocs\ITE311-CASTILLO\public\index.php(59): CodeIgniter\Boot::bootWeb(Object(Config\Paths))
#11 C:\xampp\htdocs\ITE311-CASTILLO\system\rewrite.php(44): require_once('C:\\xampp\\htdocs...')
#12 {main}
CRITICAL - 2025-10-23 16:24:48 --> CodeIgniter\Database\Exceptions\DatabaseException: Unknown column 'quizzes.course_id' in 'on clause'
[Method: GET, Route: student/dashboard]
in SYSTEMPATH\Database\BaseConnection.php on line 684.
 1 SYSTEMPATH\Database\BaseBuilder.php(1733): CodeIgniter\Database\BaseConnection->query('SELECT COUNT(*) AS `numrows`
FROM `quizzes`
JOIN `enrollments` ON `enrollments`.`course_id` = `quizzes`.`course_id`
WHERE `enrollments`.`user_id` = :enrollments.user_id:', [...], false)
 2 APPPATH\Controllers\Student.php(37): CodeIgniter\Database\BaseBuilder->countAllResults()
 3 SYSTEMPATH\CodeIgniter.php(933): App\Controllers\Student->dashboard()
 4 SYSTEMPATH\CodeIgniter.php(507): CodeIgniter\CodeIgniter->runController(Object(App\Controllers\Student))
 5 SYSTEMPATH\CodeIgniter.php(354): CodeIgniter\CodeIgniter->handleRequest(null, Object(Config\Cache), false)
 6 SYSTEMPATH\Boot.php(363): CodeIgniter\CodeIgniter->run()
 7 SYSTEMPATH\Boot.php(68): CodeIgniter\Boot::runCodeIgniter(Object(CodeIgniter\CodeIgniter))
 8 FCPATH\index.php(59): CodeIgniter\Boot::bootWeb(Object(Config\Paths))
 9 SYSTEMPATH\rewrite.php(44): require_once('C:\\xampp\\htdocs\\ITE311-CASTILLO\\public\\index.php')
CRITICAL - 2025-10-23 16:24:48 --> [Caused by] CodeIgniter\Database\Exceptions\DatabaseException: Unknown column 'quizzes.course_id' in 'on clause'
in SYSTEMPATH\Database\MySQLi\Connection.php on line 332.
 1 SYSTEMPATH\Database\BaseConnection.php(729): CodeIgniter\Database\MySQLi\Connection->execute('SELECT COUNT(*) AS `numrows`
FROM `quizzes`
JOIN `enrollments` ON `enrollments`.`course_id` = `quizzes`.`course_id`
WHERE `enrollments`.`user_id` = \'11\'')
 2 SYSTEMPATH\Database\BaseConnection.php(646): CodeIgniter\Database\BaseConnection->simpleQuery('SELECT COUNT(*) AS `numrows`
FROM `quizzes`
JOIN `enrollments` ON `enrollments`.`course_id` = `quizzes`.`course_id`
WHERE `enrollments`.`user_id` = \'11\'')
 3 SYSTEMPATH\Database\BaseBuilder.php(1733): CodeIgniter\Database\BaseConnection->query('SELECT COUNT(*) AS `numrows`
FROM `quizzes`
JOIN `enrollments` ON `enrollments`.`course_id` = `quizzes`.`course_id`
WHERE `enrollments`.`user_id` = :enrollments.user_id:', [...], false)
 4 APPPATH\Controllers\Student.php(37): CodeIgniter\Database\BaseBuilder->countAllResults()
 5 SYSTEMPATH\CodeIgniter.php(933): App\Controllers\Student->dashboard()
 6 SYSTEMPATH\CodeIgniter.php(507): CodeIgniter\CodeIgniter->runController(Object(App\Controllers\Student))
 7 SYSTEMPATH\CodeIgniter.php(354): CodeIgniter\CodeIgniter->handleRequest(null, Object(Config\Cache), false)
 8 SYSTEMPATH\Boot.php(363): CodeIgniter\CodeIgniter->run()
 9 SYSTEMPATH\Boot.php(68): CodeIgniter\Boot::runCodeIgniter(Object(CodeIgniter\CodeIgniter))
10 FCPATH\index.php(59): CodeIgniter\Boot::bootWeb(Object(Config\Paths))
11 SYSTEMPATH\rewrite.php(44): require_once('C:\\xampp\\htdocs\\ITE311-CASTILLO\\public\\index.php')
CRITICAL - 2025-10-23 16:24:48 --> [Caused by] mysqli_sql_exception: Unknown column 'quizzes.course_id' in 'on clause'
in SYSTEMPATH\Database\MySQLi\Connection.php on line 327.
 1 SYSTEMPATH\Database\MySQLi\Connection.php(327): mysqli->query('SELECT COUNT(*) AS `numrows`
FROM `quizzes`
JOIN `enrollments` ON `enrollments`.`course_id` = `quizzes`.`course_id`
WHERE `enrollments`.`user_id` = \'11\'', 0)
 2 SYSTEMPATH\Database\BaseConnection.php(729): CodeIgniter\Database\MySQLi\Connection->execute('SELECT COUNT(*) AS `numrows`
FROM `quizzes`
JOIN `enrollments` ON `enrollments`.`course_id` = `quizzes`.`course_id`
WHERE `enrollments`.`user_id` = \'11\'')
 3 SYSTEMPATH\Database\BaseConnection.php(646): CodeIgniter\Database\BaseConnection->simpleQuery('SELECT COUNT(*) AS `numrows`
FROM `quizzes`
JOIN `enrollments` ON `enrollments`.`course_id` = `quizzes`.`course_id`
WHERE `enrollments`.`user_id` = \'11\'')
 4 SYSTEMPATH\Database\BaseBuilder.php(1733): CodeIgniter\Database\BaseConnection->query('SELECT COUNT(*) AS `numrows`
FROM `quizzes`
JOIN `enrollments` ON `enrollments`.`course_id` = `quizzes`.`course_id`
WHERE `enrollments`.`user_id` = :enrollments.user_id:', [...], false)
 5 APPPATH\Controllers\Student.php(37): CodeIgniter\Database\BaseBuilder->countAllResults()
 6 SYSTEMPATH\CodeIgniter.php(933): App\Controllers\Student->dashboard()
 7 SYSTEMPATH\CodeIgniter.php(507): CodeIgniter\CodeIgniter->runController(Object(App\Controllers\Student))
 8 SYSTEMPATH\CodeIgniter.php(354): CodeIgniter\CodeIgniter->handleRequest(null, Object(Config\Cache), false)
 9 SYSTEMPATH\Boot.php(363): CodeIgniter\CodeIgniter->run()
10 SYSTEMPATH\Boot.php(68): CodeIgniter\Boot::runCodeIgniter(Object(CodeIgniter\CodeIgniter))
11 FCPATH\index.php(59): CodeIgniter\Boot::bootWeb(Object(Config\Paths))
12 SYSTEMPATH\rewrite.php(44): require_once('C:\\xampp\\htdocs\\ITE311-CASTILLO\\public\\index.php')
ERROR - 2025-10-23 16:24:48 --> mysqli_sql_exception: Unknown column 'quizzes.course_id' in 'on clause' in C:\xampp\htdocs\ITE311-CASTILLO\system\Database\MySQLi\Connection.php:327
Stack trace:
#0 C:\xampp\htdocs\ITE311-CASTILLO\system\Database\MySQLi\Connection.php(327): mysqli->query('SELECT COUNT(*)...', 0)
#1 C:\xampp\htdocs\ITE311-CASTILLO\system\Database\BaseConnection.php(729): CodeIgniter\Database\MySQLi\Connection->execute('SELECT COUNT(*)...')
#2 C:\xampp\htdocs\ITE311-CASTILLO\system\Database\BaseConnection.php(646): CodeIgniter\Database\BaseConnection->simpleQuery('SELECT COUNT(*)...')
#3 C:\xampp\htdocs\ITE311-CASTILLO\system\Database\BaseBuilder.php(1733): CodeIgniter\Database\BaseConnection->query('SELECT COUNT(*)...', Array, false)
#4 C:\xampp\htdocs\ITE311-CASTILLO\app\Controllers\Student.php(37): CodeIgniter\Database\BaseBuilder->countAllResults()
#5 C:\xampp\htdocs\ITE311-CASTILLO\system\CodeIgniter.php(933): App\Controllers\Student->dashboard()
#6 C:\xampp\htdocs\ITE311-CASTILLO\system\CodeIgniter.php(507): CodeIgniter\CodeIgniter->runController(Object(App\Controllers\Student))
#7 C:\xampp\htdocs\ITE311-CASTILLO\system\CodeIgniter.php(354): CodeIgniter\CodeIgniter->handleRequest(NULL, Object(Config\Cache), false)
#8 C:\xampp\htdocs\ITE311-CASTILLO\system\Boot.php(363): CodeIgniter\CodeIgniter->run()
#9 C:\xampp\htdocs\ITE311-CASTILLO\system\Boot.php(68): CodeIgniter\Boot::runCodeIgniter(Object(CodeIgniter\CodeIgniter))
#10 C:\xampp\htdocs\ITE311-CASTILLO\public\index.php(59): CodeIgniter\Boot::bootWeb(Object(Config\Paths))
#11 C:\xampp\htdocs\ITE311-CASTILLO\system\rewrite.php(44): require_once('C:\\xampp\\htdocs...')
#12 {main}
CRITICAL - 2025-10-23 16:24:48 --> CodeIgniter\Database\Exceptions\DatabaseException: Unknown column 'quizzes.course_id' in 'on clause'
[Method: GET, Route: student/dashboard]
in SYSTEMPATH\Database\BaseConnection.php on line 684.
 1 SYSTEMPATH\Database\BaseBuilder.php(1733): CodeIgniter\Database\BaseConnection->query('SELECT COUNT(*) AS `numrows`
FROM `quizzes`
JOIN `enrollments` ON `enrollments`.`course_id` = `quizzes`.`course_id`
WHERE `enrollments`.`user_id` = :enrollments.user_id:', [...], false)
 2 APPPATH\Controllers\Student.php(37): CodeIgniter\Database\BaseBuilder->countAllResults()
 3 SYSTEMPATH\CodeIgniter.php(933): App\Controllers\Student->dashboard()
 4 SYSTEMPATH\CodeIgniter.php(507): CodeIgniter\CodeIgniter->runController(Object(App\Controllers\Student))
 5 SYSTEMPATH\CodeIgniter.php(354): CodeIgniter\CodeIgniter->handleRequest(null, Object(Config\Cache), false)
 6 SYSTEMPATH\Boot.php(363): CodeIgniter\CodeIgniter->run()
 7 SYSTEMPATH\Boot.php(68): CodeIgniter\Boot::runCodeIgniter(Object(CodeIgniter\CodeIgniter))
 8 FCPATH\index.php(59): CodeIgniter\Boot::bootWeb(Object(Config\Paths))
 9 SYSTEMPATH\rewrite.php(44): require_once('C:\\xampp\\htdocs\\ITE311-CASTILLO\\public\\index.php')
CRITICAL - 2025-10-23 16:24:48 --> [Caused by] CodeIgniter\Database\Exceptions\DatabaseException: Unknown column 'quizzes.course_id' in 'on clause'
in SYSTEMPATH\Database\MySQLi\Connection.php on line 332.
 1 SYSTEMPATH\Database\BaseConnection.php(729): CodeIgniter\Database\MySQLi\Connection->execute('SELECT COUNT(*) AS `numrows`
FROM `quizzes`
JOIN `enrollments` ON `enrollments`.`course_id` = `quizzes`.`course_id`
WHERE `enrollments`.`user_id` = \'11\'')
 2 SYSTEMPATH\Database\BaseConnection.php(646): CodeIgniter\Database\BaseConnection->simpleQuery('SELECT COUNT(*) AS `numrows`
FROM `quizzes`
JOIN `enrollments` ON `enrollments`.`course_id` = `quizzes`.`course_id`
WHERE `enrollments`.`user_id` = \'11\'')
 3 SYSTEMPATH\Database\BaseBuilder.php(1733): CodeIgniter\Database\BaseConnection->query('SELECT COUNT(*) AS `numrows`
FROM `quizzes`
JOIN `enrollments` ON `enrollments`.`course_id` = `quizzes`.`course_id`
WHERE `enrollments`.`user_id` = :enrollments.user_id:', [...], false)
 4 APPPATH\Controllers\Student.php(37): CodeIgniter\Database\BaseBuilder->countAllResults()
 5 SYSTEMPATH\CodeIgniter.php(933): App\Controllers\Student->dashboard()
 6 SYSTEMPATH\CodeIgniter.php(507): CodeIgniter\CodeIgniter->runController(Object(App\Controllers\Student))
 7 SYSTEMPATH\CodeIgniter.php(354): CodeIgniter\CodeIgniter->handleRequest(null, Object(Config\Cache), false)
 8 SYSTEMPATH\Boot.php(363): CodeIgniter\CodeIgniter->run()
 9 SYSTEMPATH\Boot.php(68): CodeIgniter\Boot::runCodeIgniter(Object(CodeIgniter\CodeIgniter))
10 FCPATH\index.php(59): CodeIgniter\Boot::bootWeb(Object(Config\Paths))
11 SYSTEMPATH\rewrite.php(44): require_once('C:\\xampp\\htdocs\\ITE311-CASTILLO\\public\\index.php')
CRITICAL - 2025-10-23 16:24:48 --> [Caused by] mysqli_sql_exception: Unknown column 'quizzes.course_id' in 'on clause'
in SYSTEMPATH\Database\MySQLi\Connection.php on line 327.
 1 SYSTEMPATH\Database\MySQLi\Connection.php(327): mysqli->query('SELECT COUNT(*) AS `numrows`
FROM `quizzes`
JOIN `enrollments` ON `enrollments`.`course_id` = `quizzes`.`course_id`
WHERE `enrollments`.`user_id` = \'11\'', 0)
 2 SYSTEMPATH\Database\BaseConnection.php(729): CodeIgniter\Database\MySQLi\Connection->execute('SELECT COUNT(*) AS `numrows`
FROM `quizzes`
JOIN `enrollments` ON `enrollments`.`course_id` = `quizzes`.`course_id`
WHERE `enrollments`.`user_id` = \'11\'')
 3 SYSTEMPATH\Database\BaseConnection.php(646): CodeIgniter\Database\BaseConnection->simpleQuery('SELECT COUNT(*) AS `numrows`
FROM `quizzes`
JOIN `enrollments` ON `enrollments`.`course_id` = `quizzes`.`course_id`
WHERE `enrollments`.`user_id` = \'11\'')
 4 SYSTEMPATH\Database\BaseBuilder.php(1733): CodeIgniter\Database\BaseConnection->query('SELECT COUNT(*) AS `numrows`
FROM `quizzes`
JOIN `enrollments` ON `enrollments`.`course_id` = `quizzes`.`course_id`
WHERE `enrollments`.`user_id` = :enrollments.user_id:', [...], false)
 5 APPPATH\Controllers\Student.php(37): CodeIgniter\Database\BaseBuilder->countAllResults()
 6 SYSTEMPATH\CodeIgniter.php(933): App\Controllers\Student->dashboard()
 7 SYSTEMPATH\CodeIgniter.php(507): CodeIgniter\CodeIgniter->runController(Object(App\Controllers\Student))
 8 SYSTEMPATH\CodeIgniter.php(354): CodeIgniter\CodeIgniter->handleRequest(null, Object(Config\Cache), false)
 9 SYSTEMPATH\Boot.php(363): CodeIgniter\CodeIgniter->run()
10 SYSTEMPATH\Boot.php(68): CodeIgniter\Boot::runCodeIgniter(Object(CodeIgniter\CodeIgniter))
11 FCPATH\index.php(59): CodeIgniter\Boot::bootWeb(Object(Config\Paths))
12 SYSTEMPATH\rewrite.php(44): require_once('C:\\xampp\\htdocs\\ITE311-CASTILLO\\public\\index.php')
ERROR - 2025-10-23 16:24:48 --> mysqli_sql_exception: Unknown column 'quizzes.course_id' in 'on clause' in C:\xampp\htdocs\ITE311-CASTILLO\system\Database\MySQLi\Connection.php:327
Stack trace:
#0 C:\xampp\htdocs\ITE311-CASTILLO\system\Database\MySQLi\Connection.php(327): mysqli->query('SELECT COUNT(*)...', 0)
#1 C:\xampp\htdocs\ITE311-CASTILLO\system\Database\BaseConnection.php(729): CodeIgniter\Database\MySQLi\Connection->execute('SELECT COUNT(*)...')
#2 C:\xampp\htdocs\ITE311-CASTILLO\system\Database\BaseConnection.php(646): CodeIgniter\Database\BaseConnection->simpleQuery('SELECT COUNT(*)...')
#3 C:\xampp\htdocs\ITE311-CASTILLO\system\Database\BaseBuilder.php(1733): CodeIgniter\Database\BaseConnection->query('SELECT COUNT(*)...', Array, false)
#4 C:\xampp\htdocs\ITE311-CASTILLO\app\Controllers\Student.php(37): CodeIgniter\Database\BaseBuilder->countAllResults()
#5 C:\xampp\htdocs\ITE311-CASTILLO\system\CodeIgniter.php(933): App\Controllers\Student->dashboard()
#6 C:\xampp\htdocs\ITE311-CASTILLO\system\CodeIgniter.php(507): CodeIgniter\CodeIgniter->runController(Object(App\Controllers\Student))
#7 C:\xampp\htdocs\ITE311-CASTILLO\system\CodeIgniter.php(354): CodeIgniter\CodeIgniter->handleRequest(NULL, Object(Config\Cache), false)
#8 C:\xampp\htdocs\ITE311-CASTILLO\system\Boot.php(363): CodeIgniter\CodeIgniter->run()
#9 C:\xampp\htdocs\ITE311-CASTILLO\system\Boot.php(68): CodeIgniter\Boot::runCodeIgniter(Object(CodeIgniter\CodeIgniter))
#10 C:\xampp\htdocs\ITE311-CASTILLO\public\index.php(59): CodeIgniter\Boot::bootWeb(Object(Config\Paths))
#11 C:\xampp\htdocs\ITE311-CASTILLO\system\rewrite.php(44): require_once('C:\\xampp\\htdocs...')
#12 {main}
CRITICAL - 2025-10-23 16:24:48 --> CodeIgniter\Database\Exceptions\DatabaseException: Unknown column 'quizzes.course_id' in 'on clause'
[Method: GET, Route: student/dashboard]
in SYSTEMPATH\Database\BaseConnection.php on line 684.
 1 SYSTEMPATH\Database\BaseBuilder.php(1733): CodeIgniter\Database\BaseConnection->query('SELECT COUNT(*) AS `numrows`
FROM `quizzes`
JOIN `enrollments` ON `enrollments`.`course_id` = `quizzes`.`course_id`
WHERE `enrollments`.`user_id` = :enrollments.user_id:', [...], false)
 2 APPPATH\Controllers\Student.php(37): CodeIgniter\Database\BaseBuilder->countAllResults()
 3 SYSTEMPATH\CodeIgniter.php(933): App\Controllers\Student->dashboard()
 4 SYSTEMPATH\CodeIgniter.php(507): CodeIgniter\CodeIgniter->runController(Object(App\Controllers\Student))
 5 SYSTEMPATH\CodeIgniter.php(354): CodeIgniter\CodeIgniter->handleRequest(null, Object(Config\Cache), false)
 6 SYSTEMPATH\Boot.php(363): CodeIgniter\CodeIgniter->run()
 7 SYSTEMPATH\Boot.php(68): CodeIgniter\Boot::runCodeIgniter(Object(CodeIgniter\CodeIgniter))
 8 FCPATH\index.php(59): CodeIgniter\Boot::bootWeb(Object(Config\Paths))
 9 SYSTEMPATH\rewrite.php(44): require_once('C:\\xampp\\htdocs\\ITE311-CASTILLO\\public\\index.php')
CRITICAL - 2025-10-23 16:24:48 --> [Caused by] CodeIgniter\Database\Exceptions\DatabaseException: Unknown column 'quizzes.course_id' in 'on clause'
in SYSTEMPATH\Database\MySQLi\Connection.php on line 332.
 1 SYSTEMPATH\Database\BaseConnection.php(729): CodeIgniter\Database\MySQLi\Connection->execute('SELECT COUNT(*) AS `numrows`
FROM `quizzes`
JOIN `enrollments` ON `enrollments`.`course_id` = `quizzes`.`course_id`
WHERE `enrollments`.`user_id` = \'11\'')
 2 SYSTEMPATH\Database\BaseConnection.php(646): CodeIgniter\Database\BaseConnection->simpleQuery('SELECT COUNT(*) AS `numrows`
FROM `quizzes`
JOIN `enrollments` ON `enrollments`.`course_id` = `quizzes`.`course_id`
WHERE `enrollments`.`user_id` = \'11\'')
 3 SYSTEMPATH\Database\BaseBuilder.php(1733): CodeIgniter\Database\BaseConnection->query('SELECT COUNT(*) AS `numrows`
FROM `quizzes`
JOIN `enrollments` ON `enrollments`.`course_id` = `quizzes`.`course_id`
WHERE `enrollments`.`user_id` = :enrollments.user_id:', [...], false)
 4 APPPATH\Controllers\Student.php(37): CodeIgniter\Database\BaseBuilder->countAllResults()
 5 SYSTEMPATH\CodeIgniter.php(933): App\Controllers\Student->dashboard()
 6 SYSTEMPATH\CodeIgniter.php(507): CodeIgniter\CodeIgniter->runController(Object(App\Controllers\Student))
 7 SYSTEMPATH\CodeIgniter.php(354): CodeIgniter\CodeIgniter->handleRequest(null, Object(Config\Cache), false)
 8 SYSTEMPATH\Boot.php(363): CodeIgniter\CodeIgniter->run()
 9 SYSTEMPATH\Boot.php(68): CodeIgniter\Boot::runCodeIgniter(Object(CodeIgniter\CodeIgniter))
10 FCPATH\index.php(59): CodeIgniter\Boot::bootWeb(Object(Config\Paths))
11 SYSTEMPATH\rewrite.php(44): require_once('C:\\xampp\\htdocs\\ITE311-CASTILLO\\public\\index.php')
CRITICAL - 2025-10-23 16:24:48 --> [Caused by] mysqli_sql_exception: Unknown column 'quizzes.course_id' in 'on clause'
in SYSTEMPATH\Database\MySQLi\Connection.php on line 327.
 1 SYSTEMPATH\Database\MySQLi\Connection.php(327): mysqli->query('SELECT COUNT(*) AS `numrows`
FROM `quizzes`
JOIN `enrollments` ON `enrollments`.`course_id` = `quizzes`.`course_id`
WHERE `enrollments`.`user_id` = \'11\'', 0)
 2 SYSTEMPATH\Database\BaseConnection.php(729): CodeIgniter\Database\MySQLi\Connection->execute('SELECT COUNT(*) AS `numrows`
FROM `quizzes`
JOIN `enrollments` ON `enrollments`.`course_id` = `quizzes`.`course_id`
WHERE `enrollments`.`user_id` = \'11\'')
 3 SYSTEMPATH\Database\BaseConnection.php(646): CodeIgniter\Database\BaseConnection->simpleQuery('SELECT COUNT(*) AS `numrows`
FROM `quizzes`
JOIN `enrollments` ON `enrollments`.`course_id` = `quizzes`.`course_id`
WHERE `enrollments`.`user_id` = \'11\'')
 4 SYSTEMPATH\Database\BaseBuilder.php(1733): CodeIgniter\Database\BaseConnection->query('SELECT COUNT(*) AS `numrows`
FROM `quizzes`
JOIN `enrollments` ON `enrollments`.`course_id` = `quizzes`.`course_id`
WHERE `enrollments`.`user_id` = :enrollments.user_id:', [...], false)
 5 APPPATH\Controllers\Student.php(37): CodeIgniter\Database\BaseBuilder->countAllResults()
 6 SYSTEMPATH\CodeIgniter.php(933): App\Controllers\Student->dashboard()
 7 SYSTEMPATH\CodeIgniter.php(507): CodeIgniter\CodeIgniter->runController(Object(App\Controllers\Student))
 8 SYSTEMPATH\CodeIgniter.php(354): CodeIgniter\CodeIgniter->handleRequest(null, Object(Config\Cache), false)
 9 SYSTEMPATH\Boot.php(363): CodeIgniter\CodeIgniter->run()
10 SYSTEMPATH\Boot.php(68): CodeIgniter\Boot::runCodeIgniter(Object(CodeIgniter\CodeIgniter))
11 FCPATH\index.php(59): CodeIgniter\Boot::bootWeb(Object(Config\Paths))
12 SYSTEMPATH\rewrite.php(44): require_once('C:\\xampp\\htdocs\\ITE311-CASTILLO\\public\\index.php')
ERROR - 2025-10-23 16:25:08 --> mysqli_sql_exception: Unknown column 'quizzes.course_id' in 'on clause' in C:\xampp\htdocs\ITE311-CASTILLO\system\Database\MySQLi\Connection.php:327
Stack trace:
#0 C:\xampp\htdocs\ITE311-CASTILLO\system\Database\MySQLi\Connection.php(327): mysqli->query('SELECT COUNT(*)...', 0)
#1 C:\xampp\htdocs\ITE311-CASTILLO\system\Database\BaseConnection.php(729): CodeIgniter\Database\MySQLi\Connection->execute('SELECT COUNT(*)...')
#2 C:\xampp\htdocs\ITE311-CASTILLO\system\Database\BaseConnection.php(646): CodeIgniter\Database\BaseConnection->simpleQuery('SELECT COUNT(*)...')
#3 C:\xampp\htdocs\ITE311-CASTILLO\system\Database\BaseBuilder.php(1733): CodeIgniter\Database\BaseConnection->query('SELECT COUNT(*)...', Array, false)
#4 C:\xampp\htdocs\ITE311-CASTILLO\app\Controllers\Student.php(37): CodeIgniter\Database\BaseBuilder->countAllResults()
#5 C:\xampp\htdocs\ITE311-CASTILLO\system\CodeIgniter.php(933): App\Controllers\Student->dashboard()
#6 C:\xampp\htdocs\ITE311-CASTILLO\system\CodeIgniter.php(507): CodeIgniter\CodeIgniter->runController(Object(App\Controllers\Student))
#7 C:\xampp\htdocs\ITE311-CASTILLO\system\CodeIgniter.php(354): CodeIgniter\CodeIgniter->handleRequest(NULL, Object(Config\Cache), false)
#8 C:\xampp\htdocs\ITE311-CASTILLO\system\Boot.php(363): CodeIgniter\CodeIgniter->run()
#9 C:\xampp\htdocs\ITE311-CASTILLO\system\Boot.php(68): CodeIgniter\Boot::runCodeIgniter(Object(CodeIgniter\CodeIgniter))
#10 C:\xampp\htdocs\ITE311-CASTILLO\public\index.php(59): CodeIgniter\Boot::bootWeb(Object(Config\Paths))
#11 C:\xampp\htdocs\ITE311-CASTILLO\system\rewrite.php(44): require_once('C:\\xampp\\htdocs...')
#12 {main}
CRITICAL - 2025-10-23 16:25:08 --> CodeIgniter\Database\Exceptions\DatabaseException: Unknown column 'quizzes.course_id' in 'on clause'
[Method: GET, Route: student/dashboard]
in SYSTEMPATH\Database\BaseConnection.php on line 684.
 1 SYSTEMPATH\Database\BaseBuilder.php(1733): CodeIgniter\Database\BaseConnection->query('SELECT COUNT(*) AS `numrows`
FROM `quizzes`
JOIN `enrollments` ON `enrollments`.`course_id` = `quizzes`.`course_id`
WHERE `enrollments`.`user_id` = :enrollments.user_id:', [...], false)
 2 APPPATH\Controllers\Student.php(37): CodeIgniter\Database\BaseBuilder->countAllResults()
 3 SYSTEMPATH\CodeIgniter.php(933): App\Controllers\Student->dashboard()
 4 SYSTEMPATH\CodeIgniter.php(507): CodeIgniter\CodeIgniter->runController(Object(App\Controllers\Student))
 5 SYSTEMPATH\CodeIgniter.php(354): CodeIgniter\CodeIgniter->handleRequest(null, Object(Config\Cache), false)
 6 SYSTEMPATH\Boot.php(363): CodeIgniter\CodeIgniter->run()
 7 SYSTEMPATH\Boot.php(68): CodeIgniter\Boot::runCodeIgniter(Object(CodeIgniter\CodeIgniter))
 8 FCPATH\index.php(59): CodeIgniter\Boot::bootWeb(Object(Config\Paths))
 9 SYSTEMPATH\rewrite.php(44): require_once('C:\\xampp\\htdocs\\ITE311-CASTILLO\\public\\index.php')
CRITICAL - 2025-10-23 16:25:08 --> [Caused by] CodeIgniter\Database\Exceptions\DatabaseException: Unknown column 'quizzes.course_id' in 'on clause'
in SYSTEMPATH\Database\MySQLi\Connection.php on line 332.
 1 SYSTEMPATH\Database\BaseConnection.php(729): CodeIgniter\Database\MySQLi\Connection->execute('SELECT COUNT(*) AS `numrows`
FROM `quizzes`
JOIN `enrollments` ON `enrollments`.`course_id` = `quizzes`.`course_id`
WHERE `enrollments`.`user_id` = \'11\'')
 2 SYSTEMPATH\Database\BaseConnection.php(646): CodeIgniter\Database\BaseConnection->simpleQuery('SELECT COUNT(*) AS `numrows`
FROM `quizzes`
JOIN `enrollments` ON `enrollments`.`course_id` = `quizzes`.`course_id`
WHERE `enrollments`.`user_id` = \'11\'')
 3 SYSTEMPATH\Database\BaseBuilder.php(1733): CodeIgniter\Database\BaseConnection->query('SELECT COUNT(*) AS `numrows`
FROM `quizzes`
JOIN `enrollments` ON `enrollments`.`course_id` = `quizzes`.`course_id`
WHERE `enrollments`.`user_id` = :enrollments.user_id:', [...], false)
 4 APPPATH\Controllers\Student.php(37): CodeIgniter\Database\BaseBuilder->countAllResults()
 5 SYSTEMPATH\CodeIgniter.php(933): App\Controllers\Student->dashboard()
 6 SYSTEMPATH\CodeIgniter.php(507): CodeIgniter\CodeIgniter->runController(Object(App\Controllers\Student))
 7 SYSTEMPATH\CodeIgniter.php(354): CodeIgniter\CodeIgniter->handleRequest(null, Object(Config\Cache), false)
 8 SYSTEMPATH\Boot.php(363): CodeIgniter\CodeIgniter->run()
 9 SYSTEMPATH\Boot.php(68): CodeIgniter\Boot::runCodeIgniter(Object(CodeIgniter\CodeIgniter))
10 FCPATH\index.php(59): CodeIgniter\Boot::bootWeb(Object(Config\Paths))
11 SYSTEMPATH\rewrite.php(44): require_once('C:\\xampp\\htdocs\\ITE311-CASTILLO\\public\\index.php')
CRITICAL - 2025-10-23 16:25:08 --> [Caused by] mysqli_sql_exception: Unknown column 'quizzes.course_id' in 'on clause'
in SYSTEMPATH\Database\MySQLi\Connection.php on line 327.
 1 SYSTEMPATH\Database\MySQLi\Connection.php(327): mysqli->query('SELECT COUNT(*) AS `numrows`
FROM `quizzes`
JOIN `enrollments` ON `enrollments`.`course_id` = `quizzes`.`course_id`
WHERE `enrollments`.`user_id` = \'11\'', 0)
 2 SYSTEMPATH\Database\BaseConnection.php(729): CodeIgniter\Database\MySQLi\Connection->execute('SELECT COUNT(*) AS `numrows`
FROM `quizzes`
JOIN `enrollments` ON `enrollments`.`course_id` = `quizzes`.`course_id`
WHERE `enrollments`.`user_id` = \'11\'')
 3 SYSTEMPATH\Database\BaseConnection.php(646): CodeIgniter\Database\BaseConnection->simpleQuery('SELECT COUNT(*) AS `numrows`
FROM `quizzes`
JOIN `enrollments` ON `enrollments`.`course_id` = `quizzes`.`course_id`
WHERE `enrollments`.`user_id` = \'11\'')
 4 SYSTEMPATH\Database\BaseBuilder.php(1733): CodeIgniter\Database\BaseConnection->query('SELECT COUNT(*) AS `numrows`
FROM `quizzes`
JOIN `enrollments` ON `enrollments`.`course_id` = `quizzes`.`course_id`
WHERE `enrollments`.`user_id` = :enrollments.user_id:', [...], false)
 5 APPPATH\Controllers\Student.php(37): CodeIgniter\Database\BaseBuilder->countAllResults()
 6 SYSTEMPATH\CodeIgniter.php(933): App\Controllers\Student->dashboard()
 7 SYSTEMPATH\CodeIgniter.php(507): CodeIgniter\CodeIgniter->runController(Object(App\Controllers\Student))
 8 SYSTEMPATH\CodeIgniter.php(354): CodeIgniter\CodeIgniter->handleRequest(null, Object(Config\Cache), false)
 9 SYSTEMPATH\Boot.php(363): CodeIgniter\CodeIgniter->run()
10 SYSTEMPATH\Boot.php(68): CodeIgniter\Boot::runCodeIgniter(Object(CodeIgniter\CodeIgniter))
11 FCPATH\index.php(59): CodeIgniter\Boot::bootWeb(Object(Config\Paths))
12 SYSTEMPATH\rewrite.php(44): require_once('C:\\xampp\\htdocs\\ITE311-CASTILLO\\public\\index.php')
ERROR - 2025-10-23 16:25:09 --> mysqli_sql_exception: Unknown column 'quizzes.course_id' in 'on clause' in C:\xampp\htdocs\ITE311-CASTILLO\system\Database\MySQLi\Connection.php:327
Stack trace:
#0 C:\xampp\htdocs\ITE311-CASTILLO\system\Database\MySQLi\Connection.php(327): mysqli->query('SELECT COUNT(*)...', 0)
#1 C:\xampp\htdocs\ITE311-CASTILLO\system\Database\BaseConnection.php(729): CodeIgniter\Database\MySQLi\Connection->execute('SELECT COUNT(*)...')
#2 C:\xampp\htdocs\ITE311-CASTILLO\system\Database\BaseConnection.php(646): CodeIgniter\Database\BaseConnection->simpleQuery('SELECT COUNT(*)...')
#3 C:\xampp\htdocs\ITE311-CASTILLO\system\Database\BaseBuilder.php(1733): CodeIgniter\Database\BaseConnection->query('SELECT COUNT(*)...', Array, false)
#4 C:\xampp\htdocs\ITE311-CASTILLO\app\Controllers\Student.php(37): CodeIgniter\Database\BaseBuilder->countAllResults()
#5 C:\xampp\htdocs\ITE311-CASTILLO\system\CodeIgniter.php(933): App\Controllers\Student->dashboard()
#6 C:\xampp\htdocs\ITE311-CASTILLO\system\CodeIgniter.php(507): CodeIgniter\CodeIgniter->runController(Object(App\Controllers\Student))
#7 C:\xampp\htdocs\ITE311-CASTILLO\system\CodeIgniter.php(354): CodeIgniter\CodeIgniter->handleRequest(NULL, Object(Config\Cache), false)
#8 C:\xampp\htdocs\ITE311-CASTILLO\system\Boot.php(363): CodeIgniter\CodeIgniter->run()
#9 C:\xampp\htdocs\ITE311-CASTILLO\system\Boot.php(68): CodeIgniter\Boot::runCodeIgniter(Object(CodeIgniter\CodeIgniter))
#10 C:\xampp\htdocs\ITE311-CASTILLO\public\index.php(59): CodeIgniter\Boot::bootWeb(Object(Config\Paths))
#11 C:\xampp\htdocs\ITE311-CASTILLO\system\rewrite.php(44): require_once('C:\\xampp\\htdocs...')
#12 {main}
CRITICAL - 2025-10-23 16:25:09 --> CodeIgniter\Database\Exceptions\DatabaseException: Unknown column 'quizzes.course_id' in 'on clause'
[Method: GET, Route: student/dashboard]
in SYSTEMPATH\Database\BaseConnection.php on line 684.
 1 SYSTEMPATH\Database\BaseBuilder.php(1733): CodeIgniter\Database\BaseConnection->query('SELECT COUNT(*) AS `numrows`
FROM `quizzes`
JOIN `enrollments` ON `enrollments`.`course_id` = `quizzes`.`course_id`
WHERE `enrollments`.`user_id` = :enrollments.user_id:', [...], false)
 2 APPPATH\Controllers\Student.php(37): CodeIgniter\Database\BaseBuilder->countAllResults()
 3 SYSTEMPATH\CodeIgniter.php(933): App\Controllers\Student->dashboard()
 4 SYSTEMPATH\CodeIgniter.php(507): CodeIgniter\CodeIgniter->runController(Object(App\Controllers\Student))
 5 SYSTEMPATH\CodeIgniter.php(354): CodeIgniter\CodeIgniter->handleRequest(null, Object(Config\Cache), false)
 6 SYSTEMPATH\Boot.php(363): CodeIgniter\CodeIgniter->run()
 7 SYSTEMPATH\Boot.php(68): CodeIgniter\Boot::runCodeIgniter(Object(CodeIgniter\CodeIgniter))
 8 FCPATH\index.php(59): CodeIgniter\Boot::bootWeb(Object(Config\Paths))
 9 SYSTEMPATH\rewrite.php(44): require_once('C:\\xampp\\htdocs\\ITE311-CASTILLO\\public\\index.php')
CRITICAL - 2025-10-23 16:25:09 --> [Caused by] CodeIgniter\Database\Exceptions\DatabaseException: Unknown column 'quizzes.course_id' in 'on clause'
in SYSTEMPATH\Database\MySQLi\Connection.php on line 332.
 1 SYSTEMPATH\Database\BaseConnection.php(729): CodeIgniter\Database\MySQLi\Connection->execute('SELECT COUNT(*) AS `numrows`
FROM `quizzes`
JOIN `enrollments` ON `enrollments`.`course_id` = `quizzes`.`course_id`
WHERE `enrollments`.`user_id` = \'11\'')
 2 SYSTEMPATH\Database\BaseConnection.php(646): CodeIgniter\Database\BaseConnection->simpleQuery('SELECT COUNT(*) AS `numrows`
FROM `quizzes`
JOIN `enrollments` ON `enrollments`.`course_id` = `quizzes`.`course_id`
WHERE `enrollments`.`user_id` = \'11\'')
 3 SYSTEMPATH\Database\BaseBuilder.php(1733): CodeIgniter\Database\BaseConnection->query('SELECT COUNT(*) AS `numrows`
FROM `quizzes`
JOIN `enrollments` ON `enrollments`.`course_id` = `quizzes`.`course_id`
WHERE `enrollments`.`user_id` = :enrollments.user_id:', [...], false)
 4 APPPATH\Controllers\Student.php(37): CodeIgniter\Database\BaseBuilder->countAllResults()
 5 SYSTEMPATH\CodeIgniter.php(933): App\Controllers\Student->dashboard()
 6 SYSTEMPATH\CodeIgniter.php(507): CodeIgniter\CodeIgniter->runController(Object(App\Controllers\Student))
 7 SYSTEMPATH\CodeIgniter.php(354): CodeIgniter\CodeIgniter->handleRequest(null, Object(Config\Cache), false)
 8 SYSTEMPATH\Boot.php(363): CodeIgniter\CodeIgniter->run()
 9 SYSTEMPATH\Boot.php(68): CodeIgniter\Boot::runCodeIgniter(Object(CodeIgniter\CodeIgniter))
10 FCPATH\index.php(59): CodeIgniter\Boot::bootWeb(Object(Config\Paths))
11 SYSTEMPATH\rewrite.php(44): require_once('C:\\xampp\\htdocs\\ITE311-CASTILLO\\public\\index.php')
CRITICAL - 2025-10-23 16:25:09 --> [Caused by] mysqli_sql_exception: Unknown column 'quizzes.course_id' in 'on clause'
in SYSTEMPATH\Database\MySQLi\Connection.php on line 327.
 1 SYSTEMPATH\Database\MySQLi\Connection.php(327): mysqli->query('SELECT COUNT(*) AS `numrows`
FROM `quizzes`
JOIN `enrollments` ON `enrollments`.`course_id` = `quizzes`.`course_id`
WHERE `enrollments`.`user_id` = \'11\'', 0)
 2 SYSTEMPATH\Database\BaseConnection.php(729): CodeIgniter\Database\MySQLi\Connection->execute('SELECT COUNT(*) AS `numrows`
FROM `quizzes`
JOIN `enrollments` ON `enrollments`.`course_id` = `quizzes`.`course_id`
WHERE `enrollments`.`user_id` = \'11\'')
 3 SYSTEMPATH\Database\BaseConnection.php(646): CodeIgniter\Database\BaseConnection->simpleQuery('SELECT COUNT(*) AS `numrows`
FROM `quizzes`
JOIN `enrollments` ON `enrollments`.`course_id` = `quizzes`.`course_id`
WHERE `enrollments`.`user_id` = \'11\'')
 4 SYSTEMPATH\Database\BaseBuilder.php(1733): CodeIgniter\Database\BaseConnection->query('SELECT COUNT(*) AS `numrows`
FROM `quizzes`
JOIN `enrollments` ON `enrollments`.`course_id` = `quizzes`.`course_id`
WHERE `enrollments`.`user_id` = :enrollments.user_id:', [...], false)
 5 APPPATH\Controllers\Student.php(37): CodeIgniter\Database\BaseBuilder->countAllResults()
 6 SYSTEMPATH\CodeIgniter.php(933): App\Controllers\Student->dashboard()
 7 SYSTEMPATH\CodeIgniter.php(507): CodeIgniter\CodeIgniter->runController(Object(App\Controllers\Student))
 8 SYSTEMPATH\CodeIgniter.php(354): CodeIgniter\CodeIgniter->handleRequest(null, Object(Config\Cache), false)
 9 SYSTEMPATH\Boot.php(363): CodeIgniter\CodeIgniter->run()
10 SYSTEMPATH\Boot.php(68): CodeIgniter\Boot::runCodeIgniter(Object(CodeIgniter\CodeIgniter))
11 FCPATH\index.php(59): CodeIgniter\Boot::bootWeb(Object(Config\Paths))
12 SYSTEMPATH\rewrite.php(44): require_once('C:\\xampp\\htdocs\\ITE311-CASTILLO\\public\\index.php')
ERROR - 2025-10-23 16:25:18 --> mysqli_sql_exception: Unknown column 'quizzes.course_id' in 'on clause' in C:\xampp\htdocs\ITE311-CASTILLO\system\Database\MySQLi\Connection.php:327
Stack trace:
#0 C:\xampp\htdocs\ITE311-CASTILLO\system\Database\MySQLi\Connection.php(327): mysqli->query('SELECT COUNT(*)...', 0)
#1 C:\xampp\htdocs\ITE311-CASTILLO\system\Database\BaseConnection.php(729): CodeIgniter\Database\MySQLi\Connection->execute('SELECT COUNT(*)...')
#2 C:\xampp\htdocs\ITE311-CASTILLO\system\Database\BaseConnection.php(646): CodeIgniter\Database\BaseConnection->simpleQuery('SELECT COUNT(*)...')
#3 C:\xampp\htdocs\ITE311-CASTILLO\system\Database\BaseBuilder.php(1733): CodeIgniter\Database\BaseConnection->query('SELECT COUNT(*)...', Array, false)
#4 C:\xampp\htdocs\ITE311-CASTILLO\app\Controllers\Student.php(37): CodeIgniter\Database\BaseBuilder->countAllResults()
#5 C:\xampp\htdocs\ITE311-CASTILLO\system\CodeIgniter.php(933): App\Controllers\Student->dashboard()
#6 C:\xampp\htdocs\ITE311-CASTILLO\system\CodeIgniter.php(507): CodeIgniter\CodeIgniter->runController(Object(App\Controllers\Student))
#7 C:\xampp\htdocs\ITE311-CASTILLO\system\CodeIgniter.php(354): CodeIgniter\CodeIgniter->handleRequest(NULL, Object(Config\Cache), false)
#8 C:\xampp\htdocs\ITE311-CASTILLO\system\Boot.php(363): CodeIgniter\CodeIgniter->run()
#9 C:\xampp\htdocs\ITE311-CASTILLO\system\Boot.php(68): CodeIgniter\Boot::runCodeIgniter(Object(CodeIgniter\CodeIgniter))
#10 C:\xampp\htdocs\ITE311-CASTILLO\public\index.php(59): CodeIgniter\Boot::bootWeb(Object(Config\Paths))
#11 C:\xampp\htdocs\ITE311-CASTILLO\system\rewrite.php(44): require_once('C:\\xampp\\htdocs...')
#12 {main}
CRITICAL - 2025-10-23 16:25:18 --> CodeIgniter\Database\Exceptions\DatabaseException: Unknown column 'quizzes.course_id' in 'on clause'
[Method: GET, Route: student/dashboard]
in SYSTEMPATH\Database\BaseConnection.php on line 684.
 1 SYSTEMPATH\Database\BaseBuilder.php(1733): CodeIgniter\Database\BaseConnection->query('SELECT COUNT(*) AS `numrows`
FROM `quizzes`
JOIN `enrollments` ON `enrollments`.`course_id` = `quizzes`.`course_id`
WHERE `enrollments`.`user_id` = :enrollments.user_id:', [...], false)
 2 APPPATH\Controllers\Student.php(37): CodeIgniter\Database\BaseBuilder->countAllResults()
 3 SYSTEMPATH\CodeIgniter.php(933): App\Controllers\Student->dashboard()
 4 SYSTEMPATH\CodeIgniter.php(507): CodeIgniter\CodeIgniter->runController(Object(App\Controllers\Student))
 5 SYSTEMPATH\CodeIgniter.php(354): CodeIgniter\CodeIgniter->handleRequest(null, Object(Config\Cache), false)
 6 SYSTEMPATH\Boot.php(363): CodeIgniter\CodeIgniter->run()
 7 SYSTEMPATH\Boot.php(68): CodeIgniter\Boot::runCodeIgniter(Object(CodeIgniter\CodeIgniter))
 8 FCPATH\index.php(59): CodeIgniter\Boot::bootWeb(Object(Config\Paths))
 9 SYSTEMPATH\rewrite.php(44): require_once('C:\\xampp\\htdocs\\ITE311-CASTILLO\\public\\index.php')
CRITICAL - 2025-10-23 16:25:18 --> [Caused by] CodeIgniter\Database\Exceptions\DatabaseException: Unknown column 'quizzes.course_id' in 'on clause'
in SYSTEMPATH\Database\MySQLi\Connection.php on line 332.
 1 SYSTEMPATH\Database\BaseConnection.php(729): CodeIgniter\Database\MySQLi\Connection->execute('SELECT COUNT(*) AS `numrows`
FROM `quizzes`
JOIN `enrollments` ON `enrollments`.`course_id` = `quizzes`.`course_id`
WHERE `enrollments`.`user_id` = \'11\'')
 2 SYSTEMPATH\Database\BaseConnection.php(646): CodeIgniter\Database\BaseConnection->simpleQuery('SELECT COUNT(*) AS `numrows`
FROM `quizzes`
JOIN `enrollments` ON `enrollments`.`course_id` = `quizzes`.`course_id`
WHERE `enrollments`.`user_id` = \'11\'')
 3 SYSTEMPATH\Database\BaseBuilder.php(1733): CodeIgniter\Database\BaseConnection->query('SELECT COUNT(*) AS `numrows`
FROM `quizzes`
JOIN `enrollments` ON `enrollments`.`course_id` = `quizzes`.`course_id`
WHERE `enrollments`.`user_id` = :enrollments.user_id:', [...], false)
 4 APPPATH\Controllers\Student.php(37): CodeIgniter\Database\BaseBuilder->countAllResults()
 5 SYSTEMPATH\CodeIgniter.php(933): App\Controllers\Student->dashboard()
 6 SYSTEMPATH\CodeIgniter.php(507): CodeIgniter\CodeIgniter->runController(Object(App\Controllers\Student))
 7 SYSTEMPATH\CodeIgniter.php(354): CodeIgniter\CodeIgniter->handleRequest(null, Object(Config\Cache), false)
 8 SYSTEMPATH\Boot.php(363): CodeIgniter\CodeIgniter->run()
 9 SYSTEMPATH\Boot.php(68): CodeIgniter\Boot::runCodeIgniter(Object(CodeIgniter\CodeIgniter))
10 FCPATH\index.php(59): CodeIgniter\Boot::bootWeb(Object(Config\Paths))
11 SYSTEMPATH\rewrite.php(44): require_once('C:\\xampp\\htdocs\\ITE311-CASTILLO\\public\\index.php')
CRITICAL - 2025-10-23 16:25:18 --> [Caused by] mysqli_sql_exception: Unknown column 'quizzes.course_id' in 'on clause'
in SYSTEMPATH\Database\MySQLi\Connection.php on line 327.
 1 SYSTEMPATH\Database\MySQLi\Connection.php(327): mysqli->query('SELECT COUNT(*) AS `numrows`
FROM `quizzes`
JOIN `enrollments` ON `enrollments`.`course_id` = `quizzes`.`course_id`
WHERE `enrollments`.`user_id` = \'11\'', 0)
 2 SYSTEMPATH\Database\BaseConnection.php(729): CodeIgniter\Database\MySQLi\Connection->execute('SELECT COUNT(*) AS `numrows`
FROM `quizzes`
JOIN `enrollments` ON `enrollments`.`course_id` = `quizzes`.`course_id`
WHERE `enrollments`.`user_id` = \'11\'')
 3 SYSTEMPATH\Database\BaseConnection.php(646): CodeIgniter\Database\BaseConnection->simpleQuery('SELECT COUNT(*) AS `numrows`
FROM `quizzes`
JOIN `enrollments` ON `enrollments`.`course_id` = `quizzes`.`course_id`
WHERE `enrollments`.`user_id` = \'11\'')
 4 SYSTEMPATH\Database\BaseBuilder.php(1733): CodeIgniter\Database\BaseConnection->query('SELECT COUNT(*) AS `numrows`
FROM `quizzes`
JOIN `enrollments` ON `enrollments`.`course_id` = `quizzes`.`course_id`
WHERE `enrollments`.`user_id` = :enrollments.user_id:', [...], false)
 5 APPPATH\Controllers\Student.php(37): CodeIgniter\Database\BaseBuilder->countAllResults()
 6 SYSTEMPATH\CodeIgniter.php(933): App\Controllers\Student->dashboard()
 7 SYSTEMPATH\CodeIgniter.php(507): CodeIgniter\CodeIgniter->runController(Object(App\Controllers\Student))
 8 SYSTEMPATH\CodeIgniter.php(354): CodeIgniter\CodeIgniter->handleRequest(null, Object(Config\Cache), false)
 9 SYSTEMPATH\Boot.php(363): CodeIgniter\CodeIgniter->run()
10 SYSTEMPATH\Boot.php(68): CodeIgniter\Boot::runCodeIgniter(Object(CodeIgniter\CodeIgniter))
11 FCPATH\index.php(59): CodeIgniter\Boot::bootWeb(Object(Config\Paths))
12 SYSTEMPATH\rewrite.php(44): require_once('C:\\xampp\\htdocs\\ITE311-CASTILLO\\public\\index.php')
ERROR - 2025-10-23 16:25:29 --> mysqli_sql_exception: Unknown column 'quizzes.course_id' in 'on clause' in C:\xampp\htdocs\ITE311-CASTILLO\system\Database\MySQLi\Connection.php:327
Stack trace:
#0 C:\xampp\htdocs\ITE311-CASTILLO\system\Database\MySQLi\Connection.php(327): mysqli->query('SELECT COUNT(*)...', 0)
#1 C:\xampp\htdocs\ITE311-CASTILLO\system\Database\BaseConnection.php(729): CodeIgniter\Database\MySQLi\Connection->execute('SELECT COUNT(*)...')
#2 C:\xampp\htdocs\ITE311-CASTILLO\system\Database\BaseConnection.php(646): CodeIgniter\Database\BaseConnection->simpleQuery('SELECT COUNT(*)...')
#3 C:\xampp\htdocs\ITE311-CASTILLO\system\Database\BaseBuilder.php(1733): CodeIgniter\Database\BaseConnection->query('SELECT COUNT(*)...', Array, false)
#4 C:\xampp\htdocs\ITE311-CASTILLO\app\Controllers\Teacher.php(29): CodeIgniter\Database\BaseBuilder->countAllResults()
#5 C:\xampp\htdocs\ITE311-CASTILLO\system\CodeIgniter.php(933): App\Controllers\Teacher->dashboard()
#6 C:\xampp\htdocs\ITE311-CASTILLO\system\CodeIgniter.php(507): CodeIgniter\CodeIgniter->runController(Object(App\Controllers\Teacher))
#7 C:\xampp\htdocs\ITE311-CASTILLO\system\CodeIgniter.php(354): CodeIgniter\CodeIgniter->handleRequest(NULL, Object(Config\Cache), false)
#8 C:\xampp\htdocs\ITE311-CASTILLO\system\Boot.php(363): CodeIgniter\CodeIgniter->run()
#9 C:\xampp\htdocs\ITE311-CASTILLO\system\Boot.php(68): CodeIgniter\Boot::runCodeIgniter(Object(CodeIgniter\CodeIgniter))
#10 C:\xampp\htdocs\ITE311-CASTILLO\public\index.php(59): CodeIgniter\Boot::bootWeb(Object(Config\Paths))
#11 C:\xampp\htdocs\ITE311-CASTILLO\system\rewrite.php(44): require_once('C:\\xampp\\htdocs...')
#12 {main}
CRITICAL - 2025-10-23 16:25:29 --> CodeIgniter\Database\Exceptions\DatabaseException: Unknown column 'quizzes.course_id' in 'on clause'
[Method: GET, Route: teacher/dashboard]
in SYSTEMPATH\Database\BaseConnection.php on line 684.
 1 SYSTEMPATH\Database\BaseBuilder.php(1733): CodeIgniter\Database\BaseConnection->query('SELECT COUNT(*) AS `numrows`
FROM `quizzes`
JOIN `courses` ON `courses`.`id` = `quizzes`.`course_id`
WHERE `courses`.`teacher_id` = :courses.teacher_id:', [...], false)
 2 APPPATH\Controllers\Teacher.php(29): CodeIgniter\Database\BaseBuilder->countAllResults()
 3 SYSTEMPATH\CodeIgniter.php(933): App\Controllers\Teacher->dashboard()
 4 SYSTEMPATH\CodeIgniter.php(507): CodeIgniter\CodeIgniter->runController(Object(App\Controllers\Teacher))
 5 SYSTEMPATH\CodeIgniter.php(354): CodeIgniter\CodeIgniter->handleRequest(null, Object(Config\Cache), false)
 6 SYSTEMPATH\Boot.php(363): CodeIgniter\CodeIgniter->run()
 7 SYSTEMPATH\Boot.php(68): CodeIgniter\Boot::runCodeIgniter(Object(CodeIgniter\CodeIgniter))
 8 FCPATH\index.php(59): CodeIgniter\Boot::bootWeb(Object(Config\Paths))
 9 SYSTEMPATH\rewrite.php(44): require_once('C:\\xampp\\htdocs\\ITE311-CASTILLO\\public\\index.php')
CRITICAL - 2025-10-23 16:25:29 --> [Caused by] CodeIgniter\Database\Exceptions\DatabaseException: Unknown column 'quizzes.course_id' in 'on clause'
in SYSTEMPATH\Database\MySQLi\Connection.php on line 332.
 1 SYSTEMPATH\Database\BaseConnection.php(729): CodeIgniter\Database\MySQLi\Connection->execute('SELECT COUNT(*) AS `numrows`
FROM `quizzes`
JOIN `courses` ON `courses`.`id` = `quizzes`.`course_id`
WHERE `courses`.`teacher_id` = \'10\'')
 2 SYSTEMPATH\Database\BaseConnection.php(646): CodeIgniter\Database\BaseConnection->simpleQuery('SELECT COUNT(*) AS `numrows`
FROM `quizzes`
JOIN `courses` ON `courses`.`id` = `quizzes`.`course_id`
WHERE `courses`.`teacher_id` = \'10\'')
 3 SYSTEMPATH\Database\BaseBuilder.php(1733): CodeIgniter\Database\BaseConnection->query('SELECT COUNT(*) AS `numrows`
FROM `quizzes`
JOIN `courses` ON `courses`.`id` = `quizzes`.`course_id`
WHERE `courses`.`teacher_id` = :courses.teacher_id:', [...], false)
 4 APPPATH\Controllers\Teacher.php(29): CodeIgniter\Database\BaseBuilder->countAllResults()
 5 SYSTEMPATH\CodeIgniter.php(933): App\Controllers\Teacher->dashboard()
 6 SYSTEMPATH\CodeIgniter.php(507): CodeIgniter\CodeIgniter->runController(Object(App\Controllers\Teacher))
 7 SYSTEMPATH\CodeIgniter.php(354): CodeIgniter\CodeIgniter->handleRequest(null, Object(Config\Cache), false)
 8 SYSTEMPATH\Boot.php(363): CodeIgniter\CodeIgniter->run()
 9 SYSTEMPATH\Boot.php(68): CodeIgniter\Boot::runCodeIgniter(Object(CodeIgniter\CodeIgniter))
10 FCPATH\index.php(59): CodeIgniter\Boot::bootWeb(Object(Config\Paths))
11 SYSTEMPATH\rewrite.php(44): require_once('C:\\xampp\\htdocs\\ITE311-CASTILLO\\public\\index.php')
CRITICAL - 2025-10-23 16:25:29 --> [Caused by] mysqli_sql_exception: Unknown column 'quizzes.course_id' in 'on clause'
in SYSTEMPATH\Database\MySQLi\Connection.php on line 327.
 1 SYSTEMPATH\Database\MySQLi\Connection.php(327): mysqli->query('SELECT COUNT(*) AS `numrows`
FROM `quizzes`
JOIN `courses` ON `courses`.`id` = `quizzes`.`course_id`
WHERE `courses`.`teacher_id` = \'10\'', 0)
 2 SYSTEMPATH\Database\BaseConnection.php(729): CodeIgniter\Database\MySQLi\Connection->execute('SELECT COUNT(*) AS `numrows`
FROM `quizzes`
JOIN `courses` ON `courses`.`id` = `quizzes`.`course_id`
WHERE `courses`.`teacher_id` = \'10\'')
 3 SYSTEMPATH\Database\BaseConnection.php(646): CodeIgniter\Database\BaseConnection->simpleQuery('SELECT COUNT(*) AS `numrows`
FROM `quizzes`
JOIN `courses` ON `courses`.`id` = `quizzes`.`course_id`
WHERE `courses`.`teacher_id` = \'10\'')
 4 SYSTEMPATH\Database\BaseBuilder.php(1733): CodeIgniter\Database\BaseConnection->query('SELECT COUNT(*) AS `numrows`
FROM `quizzes`
JOIN `courses` ON `courses`.`id` = `quizzes`.`course_id`
WHERE `courses`.`teacher_id` = :courses.teacher_id:', [...], false)
 5 APPPATH\Controllers\Teacher.php(29): CodeIgniter\Database\BaseBuilder->countAllResults()
 6 SYSTEMPATH\CodeIgniter.php(933): App\Controllers\Teacher->dashboard()
 7 SYSTEMPATH\CodeIgniter.php(507): CodeIgniter\CodeIgniter->runController(Object(App\Controllers\Teacher))
 8 SYSTEMPATH\CodeIgniter.php(354): CodeIgniter\CodeIgniter->handleRequest(null, Object(Config\Cache), false)
 9 SYSTEMPATH\Boot.php(363): CodeIgniter\CodeIgniter->run()
10 SYSTEMPATH\Boot.php(68): CodeIgniter\Boot::runCodeIgniter(Object(CodeIgniter\CodeIgniter))
11 FCPATH\index.php(59): CodeIgniter\Boot::bootWeb(Object(Config\Paths))
12 SYSTEMPATH\rewrite.php(44): require_once('C:\\xampp\\htdocs\\ITE311-CASTILLO\\public\\index.php')
ERROR - 2025-10-23 17:24:50 --> mysqli_sql_exception: Duplicate entry 'admin@example.com' for key 'email' in C:\xampp\htdocs\ITE311-CASTILLO\system\Database\MySQLi\Connection.php:327
Stack trace:
#0 C:\xampp\htdocs\ITE311-CASTILLO\system\Database\MySQLi\Connection.php(327): mysqli->query('INSERT INTO `us...', 0)
#1 C:\xampp\htdocs\ITE311-CASTILLO\system\Database\BaseConnection.php(729): CodeIgniter\Database\MySQLi\Connection->execute('INSERT INTO `us...')
#2 C:\xampp\htdocs\ITE311-CASTILLO\system\Database\BaseConnection.php(646): CodeIgniter\Database\BaseConnection->simpleQuery('INSERT INTO `us...')
#3 C:\xampp\htdocs\ITE311-CASTILLO\system\Database\BaseBuilder.php(1841): CodeIgniter\Database\BaseConnection->query('INSERT INTO `us...', NULL, false)
#4 C:\xampp\htdocs\ITE311-CASTILLO\system\Database\BaseBuilder.php(2230): CodeIgniter\Database\BaseBuilder->batchExecute('_insertBatch', 100)
#5 C:\xampp\htdocs\ITE311-CASTILLO\app\Database\Seeds\RbacUserSeeder.php(46): CodeIgniter\Database\BaseBuilder->insertBatch(Array)
#6 C:\xampp\htdocs\ITE311-CASTILLO\system\Database\Seeder.php(149): App\Database\Seeds\RbacUserSeeder->run()
#7 C:\xampp\htdocs\ITE311-CASTILLO\system\Commands\Database\Seed.php(79): CodeIgniter\Database\Seeder->call('App\\Database\\Se...')
#8 C:\xampp\htdocs\ITE311-CASTILLO\system\CLI\Commands.php(74): CodeIgniter\Commands\Database\Seed->run(Array)
#9 C:\xampp\htdocs\ITE311-CASTILLO\system\CLI\Console.php(47): CodeIgniter\CLI\Commands->run('db:seed', Array)
#10 C:\xampp\htdocs\ITE311-CASTILLO\system\Boot.php(388): CodeIgniter\CLI\Console->run()
#11 C:\xampp\htdocs\ITE311-CASTILLO\system\Boot.php(133): CodeIgniter\Boot::runCommand(Object(CodeIgniter\CLI\Console))
#12 C:\xampp\htdocs\ITE311-CASTILLO\spark(87): CodeIgniter\Boot::bootSpark(Object(Config\Paths))
#13 {main}
CRITICAL - 2025-10-23 17:41:50 --> CodeIgniter\Security\Exceptions\SecurityException: The action you requested is not allowed.
[Method: POST, Route: notifications/mark_read/7]
in SYSTEMPATH\Security\Security.php on line 262.
 1 SYSTEMPATH\Security\Security.php(262): CodeIgniter\Security\Exceptions\SecurityException::forDisallowedAction()
 2 SYSTEMPATH\Filters\CSRF.php(52): CodeIgniter\Security\Security->verify(Object(CodeIgniter\HTTP\IncomingRequest))
 3 SYSTEMPATH\Filters\Filters.php(241): CodeIgniter\Filters\CSRF->before(Object(CodeIgniter\HTTP\IncomingRequest), null)
 4 SYSTEMPATH\Filters\Filters.php(221): CodeIgniter\Filters\Filters->runBefore([...])
 5 SYSTEMPATH\CodeIgniter.php(479): CodeIgniter\Filters\Filters->run('notifications/mark_read/7', 'before')
 6 SYSTEMPATH\CodeIgniter.php(354): CodeIgniter\CodeIgniter->handleRequest(null, Object(Config\Cache), false)
 7 SYSTEMPATH\Boot.php(363): CodeIgniter\CodeIgniter->run()
 8 SYSTEMPATH\Boot.php(68): CodeIgniter\Boot::runCodeIgniter(Object(CodeIgniter\CodeIgniter))
 9 FCPATH\index.php(59): CodeIgniter\Boot::bootWeb(Object(Config\Paths))
10 SYSTEMPATH\rewrite.php(44): require_once('C:\\xampp\\htdocs\\ITE311-CASTILLO\\public\\index.php')
CRITICAL - 2025-10-23 17:47:13 --> CodeIgniter\Security\Exceptions\SecurityException: The action you requested is not allowed.
[Method: POST, Route: notifications/mark_read/7]
in SYSTEMPATH\Security\Security.php on line 262.
 1 SYSTEMPATH\Security\Security.php(262): CodeIgniter\Security\Exceptions\SecurityException::forDisallowedAction()
 2 SYSTEMPATH\Filters\CSRF.php(52): CodeIgniter\Security\Security->verify(Object(CodeIgniter\HTTP\IncomingRequest))
 3 SYSTEMPATH\Filters\Filters.php(241): CodeIgniter\Filters\CSRF->before(Object(CodeIgniter\HTTP\IncomingRequest), null)
 4 SYSTEMPATH\Filters\Filters.php(221): CodeIgniter\Filters\Filters->runBefore([...])
 5 SYSTEMPATH\CodeIgniter.php(479): CodeIgniter\Filters\Filters->run('notifications/mark_read/7', 'before')
 6 SYSTEMPATH\CodeIgniter.php(354): CodeIgniter\CodeIgniter->handleRequest(null, Object(Config\Cache), false)
 7 SYSTEMPATH\Boot.php(363): CodeIgniter\CodeIgniter->run()
 8 SYSTEMPATH\Boot.php(68): CodeIgniter\Boot::runCodeIgniter(Object(CodeIgniter\CodeIgniter))
 9 FCPATH\index.php(59): CodeIgniter\Boot::bootWeb(Object(Config\Paths))
10 SYSTEMPATH\rewrite.php(44): require_once('C:\\xampp\\htdocs\\ITE311-CASTILLO\\public\\index.php')
CRITICAL - 2025-10-23 17:47:16 --> CodeIgniter\Security\Exceptions\SecurityException: The action you requested is not allowed.
[Method: POST, Route: notifications/mark_read/7]
in SYSTEMPATH\Security\Security.php on line 262.
 1 SYSTEMPATH\Security\Security.php(262): CodeIgniter\Security\Exceptions\SecurityException::forDisallowedAction()
 2 SYSTEMPATH\Filters\CSRF.php(52): CodeIgniter\Security\Security->verify(Object(CodeIgniter\HTTP\IncomingRequest))
 3 SYSTEMPATH\Filters\Filters.php(241): CodeIgniter\Filters\CSRF->before(Object(CodeIgniter\HTTP\IncomingRequest), null)
 4 SYSTEMPATH\Filters\Filters.php(221): CodeIgniter\Filters\Filters->runBefore([...])
 5 SYSTEMPATH\CodeIgniter.php(479): CodeIgniter\Filters\Filters->run('notifications/mark_read/7', 'before')
 6 SYSTEMPATH\CodeIgniter.php(354): CodeIgniter\CodeIgniter->handleRequest(null, Object(Config\Cache), false)
 7 SYSTEMPATH\Boot.php(363): CodeIgniter\CodeIgniter->run()
 8 SYSTEMPATH\Boot.php(68): CodeIgniter\Boot::runCodeIgniter(Object(CodeIgniter\CodeIgniter))
 9 FCPATH\index.php(59): CodeIgniter\Boot::bootWeb(Object(Config\Paths))
10 SYSTEMPATH\rewrite.php(44): require_once('C:\\xampp\\htdocs\\ITE311-CASTILLO\\public\\index.php')
CRITICAL - 2025-10-23 17:47:17 --> CodeIgniter\Security\Exceptions\SecurityException: The action you requested is not allowed.
[Method: POST, Route: notifications/mark_read/1]
in SYSTEMPATH\Security\Security.php on line 262.
 1 SYSTEMPATH\Security\Security.php(262): CodeIgniter\Security\Exceptions\SecurityException::forDisallowedAction()
 2 SYSTEMPATH\Filters\CSRF.php(52): CodeIgniter\Security\Security->verify(Object(CodeIgniter\HTTP\IncomingRequest))
 3 SYSTEMPATH\Filters\Filters.php(241): CodeIgniter\Filters\CSRF->before(Object(CodeIgniter\HTTP\IncomingRequest), null)
 4 SYSTEMPATH\Filters\Filters.php(221): CodeIgniter\Filters\Filters->runBefore([...])
 5 SYSTEMPATH\CodeIgniter.php(479): CodeIgniter\Filters\Filters->run('notifications/mark_read/1', 'before')
 6 SYSTEMPATH\CodeIgniter.php(354): CodeIgniter\CodeIgniter->handleRequest(null, Object(Config\Cache), false)
 7 SYSTEMPATH\Boot.php(363): CodeIgniter\CodeIgniter->run()
 8 SYSTEMPATH\Boot.php(68): CodeIgniter\Boot::runCodeIgniter(Object(CodeIgniter\CodeIgniter))
 9 FCPATH\index.php(59): CodeIgniter\Boot::bootWeb(Object(Config\Paths))
10 SYSTEMPATH\rewrite.php(44): require_once('C:\\xampp\\htdocs\\ITE311-CASTILLO\\public\\index.php')
CRITICAL - 2025-10-23 17:47:39 --> CodeIgniter\Security\Exceptions\SecurityException: The action you requested is not allowed.
[Method: POST, Route: notifications/mark_read/7]
in SYSTEMPATH\Security\Security.php on line 262.
 1 SYSTEMPATH\Security\Security.php(262): CodeIgniter\Security\Exceptions\SecurityException::forDisallowedAction()
 2 SYSTEMPATH\Filters\CSRF.php(52): CodeIgniter\Security\Security->verify(Object(CodeIgniter\HTTP\IncomingRequest))
 3 SYSTEMPATH\Filters\Filters.php(241): CodeIgniter\Filters\CSRF->before(Object(CodeIgniter\HTTP\IncomingRequest), null)
 4 SYSTEMPATH\Filters\Filters.php(221): CodeIgniter\Filters\Filters->runBefore([...])
 5 SYSTEMPATH\CodeIgniter.php(479): CodeIgniter\Filters\Filters->run('notifications/mark_read/7', 'before')
 6 SYSTEMPATH\CodeIgniter.php(354): CodeIgniter\CodeIgniter->handleRequest(null, Object(Config\Cache), false)
 7 SYSTEMPATH\Boot.php(363): CodeIgniter\CodeIgniter->run()
 8 SYSTEMPATH\Boot.php(68): CodeIgniter\Boot::runCodeIgniter(Object(CodeIgniter\CodeIgniter))
 9 FCPATH\index.php(59): CodeIgniter\Boot::bootWeb(Object(Config\Paths))
10 SYSTEMPATH\rewrite.php(44): require_once('C:\\xampp\\htdocs\\ITE311-CASTILLO\\public\\index.php')
CRITICAL - 2025-10-23 17:47:48 --> CodeIgniter\Security\Exceptions\SecurityException: The action you requested is not allowed.
[Method: POST, Route: notifications/mark_read/6]
in SYSTEMPATH\Security\Security.php on line 262.
 1 SYSTEMPATH\Security\Security.php(262): CodeIgniter\Security\Exceptions\SecurityException::forDisallowedAction()
 2 SYSTEMPATH\Filters\CSRF.php(52): CodeIgniter\Security\Security->verify(Object(CodeIgniter\HTTP\IncomingRequest))
 3 SYSTEMPATH\Filters\Filters.php(241): CodeIgniter\Filters\CSRF->before(Object(CodeIgniter\HTTP\IncomingRequest), null)
 4 SYSTEMPATH\Filters\Filters.php(221): CodeIgniter\Filters\Filters->runBefore([...])
 5 SYSTEMPATH\CodeIgniter.php(479): CodeIgniter\Filters\Filters->run('notifications/mark_read/6', 'before')
 6 SYSTEMPATH\CodeIgniter.php(354): CodeIgniter\CodeIgniter->handleRequest(null, Object(Config\Cache), false)
 7 SYSTEMPATH\Boot.php(363): CodeIgniter\CodeIgniter->run()
 8 SYSTEMPATH\Boot.php(68): CodeIgniter\Boot::runCodeIgniter(Object(CodeIgniter\CodeIgniter))
 9 FCPATH\index.php(59): CodeIgniter\Boot::bootWeb(Object(Config\Paths))
10 SYSTEMPATH\rewrite.php(44): require_once('C:\\xampp\\htdocs\\ITE311-CASTILLO\\public\\index.php')
CRITICAL - 2025-10-23 17:49:52 --> CodeIgniter\Security\Exceptions\SecurityException: The action you requested is not allowed.
[Method: POST, Route: notifications/mark_read/1]
in SYSTEMPATH\Security\Security.php on line 262.
 1 SYSTEMPATH\Security\Security.php(262): CodeIgniter\Security\Exceptions\SecurityException::forDisallowedAction()
 2 SYSTEMPATH\Filters\CSRF.php(52): CodeIgniter\Security\Security->verify(Object(CodeIgniter\HTTP\IncomingRequest))
 3 SYSTEMPATH\Filters\Filters.php(241): CodeIgniter\Filters\CSRF->before(Object(CodeIgniter\HTTP\IncomingRequest), null)
 4 SYSTEMPATH\Filters\Filters.php(221): CodeIgniter\Filters\Filters->runBefore([...])
 5 SYSTEMPATH\CodeIgniter.php(479): CodeIgniter\Filters\Filters->run('notifications/mark_read/1', 'before')
 6 SYSTEMPATH\CodeIgniter.php(354): CodeIgniter\CodeIgniter->handleRequest(null, Object(Config\Cache), false)
 7 SYSTEMPATH\Boot.php(363): CodeIgniter\CodeIgniter->run()
 8 SYSTEMPATH\Boot.php(68): CodeIgniter\Boot::runCodeIgniter(Object(CodeIgniter\CodeIgniter))
 9 FCPATH\index.php(59): CodeIgniter\Boot::bootWeb(Object(Config\Paths))
10 SYSTEMPATH\rewrite.php(44): require_once('C:\\xampp\\htdocs\\ITE311-CASTILLO\\public\\index.php')
CRITICAL - 2025-10-23 17:49:54 --> CodeIgniter\Security\Exceptions\SecurityException: The action you requested is not allowed.
[Method: POST, Route: notifications/mark_read/1]
in SYSTEMPATH\Security\Security.php on line 262.
 1 SYSTEMPATH\Security\Security.php(262): CodeIgniter\Security\Exceptions\SecurityException::forDisallowedAction()
 2 SYSTEMPATH\Filters\CSRF.php(52): CodeIgniter\Security\Security->verify(Object(CodeIgniter\HTTP\IncomingRequest))
 3 SYSTEMPATH\Filters\Filters.php(241): CodeIgniter\Filters\CSRF->before(Object(CodeIgniter\HTTP\IncomingRequest), null)
 4 SYSTEMPATH\Filters\Filters.php(221): CodeIgniter\Filters\Filters->runBefore([...])
 5 SYSTEMPATH\CodeIgniter.php(479): CodeIgniter\Filters\Filters->run('notifications/mark_read/1', 'before')
 6 SYSTEMPATH\CodeIgniter.php(354): CodeIgniter\CodeIgniter->handleRequest(null, Object(Config\Cache), false)
 7 SYSTEMPATH\Boot.php(363): CodeIgniter\CodeIgniter->run()
 8 SYSTEMPATH\Boot.php(68): CodeIgniter\Boot::runCodeIgniter(Object(CodeIgniter\CodeIgniter))
 9 FCPATH\index.php(59): CodeIgniter\Boot::bootWeb(Object(Config\Paths))
10 SYSTEMPATH\rewrite.php(44): require_once('C:\\xampp\\htdocs\\ITE311-CASTILLO\\public\\index.php')
CRITICAL - 2025-10-23 17:49:56 --> CodeIgniter\Security\Exceptions\SecurityException: The action you requested is not allowed.
[Method: POST, Route: notifications/mark_read/1]
in SYSTEMPATH\Security\Security.php on line 262.
 1 SYSTEMPATH\Security\Security.php(262): CodeIgniter\Security\Exceptions\SecurityException::forDisallowedAction()
 2 SYSTEMPATH\Filters\CSRF.php(52): CodeIgniter\Security\Security->verify(Object(CodeIgniter\HTTP\IncomingRequest))
 3 SYSTEMPATH\Filters\Filters.php(241): CodeIgniter\Filters\CSRF->before(Object(CodeIgniter\HTTP\IncomingRequest), null)
 4 SYSTEMPATH\Filters\Filters.php(221): CodeIgniter\Filters\Filters->runBefore([...])
 5 SYSTEMPATH\CodeIgniter.php(479): CodeIgniter\Filters\Filters->run('notifications/mark_read/1', 'before')
 6 SYSTEMPATH\CodeIgniter.php(354): CodeIgniter\CodeIgniter->handleRequest(null, Object(Config\Cache), false)
 7 SYSTEMPATH\Boot.php(363): CodeIgniter\CodeIgniter->run()
 8 SYSTEMPATH\Boot.php(68): CodeIgniter\Boot::runCodeIgniter(Object(CodeIgniter\CodeIgniter))
 9 FCPATH\index.php(59): CodeIgniter\Boot::bootWeb(Object(Config\Paths))
10 SYSTEMPATH\rewrite.php(44): require_once('C:\\xampp\\htdocs\\ITE311-CASTILLO\\public\\index.php')
CRITICAL - 2025-10-23 17:49:58 --> CodeIgniter\Security\Exceptions\SecurityException: The action you requested is not allowed.
[Method: POST, Route: notifications/mark_read/6]
in SYSTEMPATH\Security\Security.php on line 262.
 1 SYSTEMPATH\Security\Security.php(262): CodeIgniter\Security\Exceptions\SecurityException::forDisallowedAction()
 2 SYSTEMPATH\Filters\CSRF.php(52): CodeIgniter\Security\Security->verify(Object(CodeIgniter\HTTP\IncomingRequest))
 3 SYSTEMPATH\Filters\Filters.php(241): CodeIgniter\Filters\CSRF->before(Object(CodeIgniter\HTTP\IncomingRequest), null)
 4 SYSTEMPATH\Filters\Filters.php(221): CodeIgniter\Filters\Filters->runBefore([...])
 5 SYSTEMPATH\CodeIgniter.php(479): CodeIgniter\Filters\Filters->run('notifications/mark_read/6', 'before')
 6 SYSTEMPATH\CodeIgniter.php(354): CodeIgniter\CodeIgniter->handleRequest(null, Object(Config\Cache), false)
 7 SYSTEMPATH\Boot.php(363): CodeIgniter\CodeIgniter->run()
 8 SYSTEMPATH\Boot.php(68): CodeIgniter\Boot::runCodeIgniter(Object(CodeIgniter\CodeIgniter))
 9 FCPATH\index.php(59): CodeIgniter\Boot::bootWeb(Object(Config\Paths))
10 SYSTEMPATH\rewrite.php(44): require_once('C:\\xampp\\htdocs\\ITE311-CASTILLO\\public\\index.php')
CRITICAL - 2025-10-23 17:51:58 --> CodeIgniter\Security\Exceptions\SecurityException: The action you requested is not allowed.
[Method: POST, Route: notifications/mark_read/6]
in SYSTEMPATH\Security\Security.php on line 262.
 1 SYSTEMPATH\Security\Security.php(262): CodeIgniter\Security\Exceptions\SecurityException::forDisallowedAction()
 2 SYSTEMPATH\Filters\CSRF.php(52): CodeIgniter\Security\Security->verify(Object(CodeIgniter\HTTP\IncomingRequest))
 3 SYSTEMPATH\Filters\Filters.php(241): CodeIgniter\Filters\CSRF->before(Object(CodeIgniter\HTTP\IncomingRequest), null)
 4 SYSTEMPATH\Filters\Filters.php(221): CodeIgniter\Filters\Filters->runBefore([...])
 5 SYSTEMPATH\CodeIgniter.php(479): CodeIgniter\Filters\Filters->run('notifications/mark_read/6', 'before')
 6 SYSTEMPATH\CodeIgniter.php(354): CodeIgniter\CodeIgniter->handleRequest(null, Object(Config\Cache), false)
 7 SYSTEMPATH\Boot.php(363): CodeIgniter\CodeIgniter->run()
 8 SYSTEMPATH\Boot.php(68): CodeIgniter\Boot::runCodeIgniter(Object(CodeIgniter\CodeIgniter))
 9 FCPATH\index.php(59): CodeIgniter\Boot::bootWeb(Object(Config\Paths))
10 SYSTEMPATH\rewrite.php(44): require_once('C:\\xampp\\htdocs\\ITE311-CASTILLO\\public\\index.php')
CRITICAL - 2025-10-23 17:52:01 --> CodeIgniter\Security\Exceptions\SecurityException: The action you requested is not allowed.
[Method: POST, Route: notifications/mark_read/6]
in SYSTEMPATH\Security\Security.php on line 262.
 1 SYSTEMPATH\Security\Security.php(262): CodeIgniter\Security\Exceptions\SecurityException::forDisallowedAction()
 2 SYSTEMPATH\Filters\CSRF.php(52): CodeIgniter\Security\Security->verify(Object(CodeIgniter\HTTP\IncomingRequest))
 3 SYSTEMPATH\Filters\Filters.php(241): CodeIgniter\Filters\CSRF->before(Object(CodeIgniter\HTTP\IncomingRequest), null)
 4 SYSTEMPATH\Filters\Filters.php(221): CodeIgniter\Filters\Filters->runBefore([...])
 5 SYSTEMPATH\CodeIgniter.php(479): CodeIgniter\Filters\Filters->run('notifications/mark_read/6', 'before')
 6 SYSTEMPATH\CodeIgniter.php(354): CodeIgniter\CodeIgniter->handleRequest(null, Object(Config\Cache), false)
 7 SYSTEMPATH\Boot.php(363): CodeIgniter\CodeIgniter->run()
 8 SYSTEMPATH\Boot.php(68): CodeIgniter\Boot::runCodeIgniter(Object(CodeIgniter\CodeIgniter))
 9 FCPATH\index.php(59): CodeIgniter\Boot::bootWeb(Object(Config\Paths))
10 SYSTEMPATH\rewrite.php(44): require_once('C:\\xampp\\htdocs\\ITE311-CASTILLO\\public\\index.php')
CRITICAL - 2025-10-23 17:52:03 --> CodeIgniter\Security\Exceptions\SecurityException: The action you requested is not allowed.
[Method: POST, Route: notifications/mark_read/8]
in SYSTEMPATH\Security\Security.php on line 262.
 1 SYSTEMPATH\Security\Security.php(262): CodeIgniter\Security\Exceptions\SecurityException::forDisallowedAction()
 2 SYSTEMPATH\Filters\CSRF.php(52): CodeIgniter\Security\Security->verify(Object(CodeIgniter\HTTP\IncomingRequest))
 3 SYSTEMPATH\Filters\Filters.php(241): CodeIgniter\Filters\CSRF->before(Object(CodeIgniter\HTTP\IncomingRequest), null)
 4 SYSTEMPATH\Filters\Filters.php(221): CodeIgniter\Filters\Filters->runBefore([...])
 5 SYSTEMPATH\CodeIgniter.php(479): CodeIgniter\Filters\Filters->run('notifications/mark_read/8', 'before')
 6 SYSTEMPATH\CodeIgniter.php(354): CodeIgniter\CodeIgniter->handleRequest(null, Object(Config\Cache), false)
 7 SYSTEMPATH\Boot.php(363): CodeIgniter\CodeIgniter->run()
 8 SYSTEMPATH\Boot.php(68): CodeIgniter\Boot::runCodeIgniter(Object(CodeIgniter\CodeIgniter))
 9 FCPATH\index.php(59): CodeIgniter\Boot::bootWeb(Object(Config\Paths))
10 SYSTEMPATH\rewrite.php(44): require_once('C:\\xampp\\htdocs\\ITE311-CASTILLO\\public\\index.php')
CRITICAL - 2025-10-23 17:52:05 --> CodeIgniter\Security\Exceptions\SecurityException: The action you requested is not allowed.
[Method: POST, Route: notifications/mark_read/4]
in SYSTEMPATH\Security\Security.php on line 262.
 1 SYSTEMPATH\Security\Security.php(262): CodeIgniter\Security\Exceptions\SecurityException::forDisallowedAction()
 2 SYSTEMPATH\Filters\CSRF.php(52): CodeIgniter\Security\Security->verify(Object(CodeIgniter\HTTP\IncomingRequest))
 3 SYSTEMPATH\Filters\Filters.php(241): CodeIgniter\Filters\CSRF->before(Object(CodeIgniter\HTTP\IncomingRequest), null)
 4 SYSTEMPATH\Filters\Filters.php(221): CodeIgniter\Filters\Filters->runBefore([...])
 5 SYSTEMPATH\CodeIgniter.php(479): CodeIgniter\Filters\Filters->run('notifications/mark_read/4', 'before')
 6 SYSTEMPATH\CodeIgniter.php(354): CodeIgniter\CodeIgniter->handleRequest(null, Object(Config\Cache), false)
 7 SYSTEMPATH\Boot.php(363): CodeIgniter\CodeIgniter->run()
 8 SYSTEMPATH\Boot.php(68): CodeIgniter\Boot::runCodeIgniter(Object(CodeIgniter\CodeIgniter))
 9 FCPATH\index.php(59): CodeIgniter\Boot::bootWeb(Object(Config\Paths))
10 SYSTEMPATH\rewrite.php(44): require_once('C:\\xampp\\htdocs\\ITE311-CASTILLO\\public\\index.php')
CRITICAL - 2025-10-23 17:53:49 --> CodeIgniter\Security\Exceptions\SecurityException: The action you requested is not allowed.
[Method: POST, Route: notifications/mark_read/5]
in SYSTEMPATH\Security\Security.php on line 262.
 1 SYSTEMPATH\Security\Security.php(262): CodeIgniter\Security\Exceptions\SecurityException::forDisallowedAction()
 2 SYSTEMPATH\Filters\CSRF.php(52): CodeIgniter\Security\Security->verify(Object(CodeIgniter\HTTP\IncomingRequest))
 3 SYSTEMPATH\Filters\Filters.php(241): CodeIgniter\Filters\CSRF->before(Object(CodeIgniter\HTTP\IncomingRequest), null)
 4 SYSTEMPATH\Filters\Filters.php(221): CodeIgniter\Filters\Filters->runBefore([...])
 5 SYSTEMPATH\CodeIgniter.php(479): CodeIgniter\Filters\Filters->run('notifications/mark_read/5', 'before')
 6 SYSTEMPATH\CodeIgniter.php(354): CodeIgniter\CodeIgniter->handleRequest(null, Object(Config\Cache), false)
 7 SYSTEMPATH\Boot.php(363): CodeIgniter\CodeIgniter->run()
 8 SYSTEMPATH\Boot.php(68): CodeIgniter\Boot::runCodeIgniter(Object(CodeIgniter\CodeIgniter))
 9 FCPATH\index.php(59): CodeIgniter\Boot::bootWeb(Object(Config\Paths))
10 SYSTEMPATH\rewrite.php(44): require_once('C:\\xampp\\htdocs\\ITE311-CASTILLO\\public\\index.php')
CRITICAL - 2025-10-23 17:53:51 --> CodeIgniter\Security\Exceptions\SecurityException: The action you requested is not allowed.
[Method: POST, Route: notifications/mark_read/4]
in SYSTEMPATH\Security\Security.php on line 262.
 1 SYSTEMPATH\Security\Security.php(262): CodeIgniter\Security\Exceptions\SecurityException::forDisallowedAction()
 2 SYSTEMPATH\Filters\CSRF.php(52): CodeIgniter\Security\Security->verify(Object(CodeIgniter\HTTP\IncomingRequest))
 3 SYSTEMPATH\Filters\Filters.php(241): CodeIgniter\Filters\CSRF->before(Object(CodeIgniter\HTTP\IncomingRequest), null)
 4 SYSTEMPATH\Filters\Filters.php(221): CodeIgniter\Filters\Filters->runBefore([...])
 5 SYSTEMPATH\CodeIgniter.php(479): CodeIgniter\Filters\Filters->run('notifications/mark_read/4', 'before')
 6 SYSTEMPATH\CodeIgniter.php(354): CodeIgniter\CodeIgniter->handleRequest(null, Object(Config\Cache), false)
 7 SYSTEMPATH\Boot.php(363): CodeIgniter\CodeIgniter->run()
 8 SYSTEMPATH\Boot.php(68): CodeIgniter\Boot::runCodeIgniter(Object(CodeIgniter\CodeIgniter))
 9 FCPATH\index.php(59): CodeIgniter\Boot::bootWeb(Object(Config\Paths))
10 SYSTEMPATH\rewrite.php(44): require_once('C:\\xampp\\htdocs\\ITE311-CASTILLO\\public\\index.php')
CRITICAL - 2025-10-23 17:53:54 --> CodeIgniter\Security\Exceptions\SecurityException: The action you requested is not allowed.
[Method: POST, Route: notifications/mark_read/3]
in SYSTEMPATH\Security\Security.php on line 262.
 1 SYSTEMPATH\Security\Security.php(262): CodeIgniter\Security\Exceptions\SecurityException::forDisallowedAction()
 2 SYSTEMPATH\Filters\CSRF.php(52): CodeIgniter\Security\Security->verify(Object(CodeIgniter\HTTP\IncomingRequest))
 3 SYSTEMPATH\Filters\Filters.php(241): CodeIgniter\Filters\CSRF->before(Object(CodeIgniter\HTTP\IncomingRequest), null)
 4 SYSTEMPATH\Filters\Filters.php(221): CodeIgniter\Filters\Filters->runBefore([...])
 5 SYSTEMPATH\CodeIgniter.php(479): CodeIgniter\Filters\Filters->run('notifications/mark_read/3', 'before')
 6 SYSTEMPATH\CodeIgniter.php(354): CodeIgniter\CodeIgniter->handleRequest(null, Object(Config\Cache), false)
 7 SYSTEMPATH\Boot.php(363): CodeIgniter\CodeIgniter->run()
 8 SYSTEMPATH\Boot.php(68): CodeIgniter\Boot::runCodeIgniter(Object(CodeIgniter\CodeIgniter))
 9 FCPATH\index.php(59): CodeIgniter\Boot::bootWeb(Object(Config\Paths))
10 SYSTEMPATH\rewrite.php(44): require_once('C:\\xampp\\htdocs\\ITE311-CASTILLO\\public\\index.php')
CRITICAL - 2025-10-23 17:53:55 --> CodeIgniter\Security\Exceptions\SecurityException: The action you requested is not allowed.
[Method: POST, Route: notifications/mark_read/2]
in SYSTEMPATH\Security\Security.php on line 262.
 1 SYSTEMPATH\Security\Security.php(262): CodeIgniter\Security\Exceptions\SecurityException::forDisallowedAction()
 2 SYSTEMPATH\Filters\CSRF.php(52): CodeIgniter\Security\Security->verify(Object(CodeIgniter\HTTP\IncomingRequest))
 3 SYSTEMPATH\Filters\Filters.php(241): CodeIgniter\Filters\CSRF->before(Object(CodeIgniter\HTTP\IncomingRequest), null)
 4 SYSTEMPATH\Filters\Filters.php(221): CodeIgniter\Filters\Filters->runBefore([...])
 5 SYSTEMPATH\CodeIgniter.php(479): CodeIgniter\Filters\Filters->run('notifications/mark_read/2', 'before')
 6 SYSTEMPATH\CodeIgniter.php(354): CodeIgniter\CodeIgniter->handleRequest(null, Object(Config\Cache), false)
 7 SYSTEMPATH\Boot.php(363): CodeIgniter\CodeIgniter->run()
 8 SYSTEMPATH\Boot.php(68): CodeIgniter\Boot::runCodeIgniter(Object(CodeIgniter\CodeIgniter))
 9 FCPATH\index.php(59): CodeIgniter\Boot::bootWeb(Object(Config\Paths))
10 SYSTEMPATH\rewrite.php(44): require_once('C:\\xampp\\htdocs\\ITE311-CASTILLO\\public\\index.php')
CRITICAL - 2025-10-23 17:53:57 --> CodeIgniter\Security\Exceptions\SecurityException: The action you requested is not allowed.
[Method: POST, Route: notifications/mark_read/6]
in SYSTEMPATH\Security\Security.php on line 262.
 1 SYSTEMPATH\Security\Security.php(262): CodeIgniter\Security\Exceptions\SecurityException::forDisallowedAction()
 2 SYSTEMPATH\Filters\CSRF.php(52): CodeIgniter\Security\Security->verify(Object(CodeIgniter\HTTP\IncomingRequest))
 3 SYSTEMPATH\Filters\Filters.php(241): CodeIgniter\Filters\CSRF->before(Object(CodeIgniter\HTTP\IncomingRequest), null)
 4 SYSTEMPATH\Filters\Filters.php(221): CodeIgniter\Filters\Filters->runBefore([...])
 5 SYSTEMPATH\CodeIgniter.php(479): CodeIgniter\Filters\Filters->run('notifications/mark_read/6', 'before')
 6 SYSTEMPATH\CodeIgniter.php(354): CodeIgniter\CodeIgniter->handleRequest(null, Object(Config\Cache), false)
 7 SYSTEMPATH\Boot.php(363): CodeIgniter\CodeIgniter->run()
 8 SYSTEMPATH\Boot.php(68): CodeIgniter\Boot::runCodeIgniter(Object(CodeIgniter\CodeIgniter))
 9 FCPATH\index.php(59): CodeIgniter\Boot::bootWeb(Object(Config\Paths))
10 SYSTEMPATH\rewrite.php(44): require_once('C:\\xampp\\htdocs\\ITE311-CASTILLO\\public\\index.php')
CRITICAL - 2025-10-23 17:53:59 --> CodeIgniter\Security\Exceptions\SecurityException: The action you requested is not allowed.
[Method: POST, Route: notifications/mark_read/10]
in SYSTEMPATH\Security\Security.php on line 262.
 1 SYSTEMPATH\Security\Security.php(262): CodeIgniter\Security\Exceptions\SecurityException::forDisallowedAction()
 2 SYSTEMPATH\Filters\CSRF.php(52): CodeIgniter\Security\Security->verify(Object(CodeIgniter\HTTP\IncomingRequest))
 3 SYSTEMPATH\Filters\Filters.php(241): CodeIgniter\Filters\CSRF->before(Object(CodeIgniter\HTTP\IncomingRequest), null)
 4 SYSTEMPATH\Filters\Filters.php(221): CodeIgniter\Filters\Filters->runBefore([...])
 5 SYSTEMPATH\CodeIgniter.php(479): CodeIgniter\Filters\Filters->run('notifications/mark_read/10', 'before')
 6 SYSTEMPATH\CodeIgniter.php(354): CodeIgniter\CodeIgniter->handleRequest(null, Object(Config\Cache), false)
 7 SYSTEMPATH\Boot.php(363): CodeIgniter\CodeIgniter->run()
 8 SYSTEMPATH\Boot.php(68): CodeIgniter\Boot::runCodeIgniter(Object(CodeIgniter\CodeIgniter))
 9 FCPATH\index.php(59): CodeIgniter\Boot::bootWeb(Object(Config\Paths))
10 SYSTEMPATH\rewrite.php(44): require_once('C:\\xampp\\htdocs\\ITE311-CASTILLO\\public\\index.php')
CRITICAL - 2025-10-23 17:54:01 --> CodeIgniter\Security\Exceptions\SecurityException: The action you requested is not allowed.
[Method: POST, Route: notifications/mark_read/9]
in SYSTEMPATH\Security\Security.php on line 262.
 1 SYSTEMPATH\Security\Security.php(262): CodeIgniter\Security\Exceptions\SecurityException::forDisallowedAction()
 2 SYSTEMPATH\Filters\CSRF.php(52): CodeIgniter\Security\Security->verify(Object(CodeIgniter\HTTP\IncomingRequest))
 3 SYSTEMPATH\Filters\Filters.php(241): CodeIgniter\Filters\CSRF->before(Object(CodeIgniter\HTTP\IncomingRequest), null)
 4 SYSTEMPATH\Filters\Filters.php(221): CodeIgniter\Filters\Filters->runBefore([...])
 5 SYSTEMPATH\CodeIgniter.php(479): CodeIgniter\Filters\Filters->run('notifications/mark_read/9', 'before')
 6 SYSTEMPATH\CodeIgniter.php(354): CodeIgniter\CodeIgniter->handleRequest(null, Object(Config\Cache), false)
 7 SYSTEMPATH\Boot.php(363): CodeIgniter\CodeIgniter->run()
 8 SYSTEMPATH\Boot.php(68): CodeIgniter\Boot::runCodeIgniter(Object(CodeIgniter\CodeIgniter))
 9 FCPATH\index.php(59): CodeIgniter\Boot::bootWeb(Object(Config\Paths))
10 SYSTEMPATH\rewrite.php(44): require_once('C:\\xampp\\htdocs\\ITE311-CASTILLO\\public\\index.php')
CRITICAL - 2025-10-23 17:54:03 --> CodeIgniter\Security\Exceptions\SecurityException: The action you requested is not allowed.
[Method: POST, Route: notifications/mark_read/4]
in SYSTEMPATH\Security\Security.php on line 262.
 1 SYSTEMPATH\Security\Security.php(262): CodeIgniter\Security\Exceptions\SecurityException::forDisallowedAction()
 2 SYSTEMPATH\Filters\CSRF.php(52): CodeIgniter\Security\Security->verify(Object(CodeIgniter\HTTP\IncomingRequest))
 3 SYSTEMPATH\Filters\Filters.php(241): CodeIgniter\Filters\CSRF->before(Object(CodeIgniter\HTTP\IncomingRequest), null)
 4 SYSTEMPATH\Filters\Filters.php(221): CodeIgniter\Filters\Filters->runBefore([...])
 5 SYSTEMPATH\CodeIgniter.php(479): CodeIgniter\Filters\Filters->run('notifications/mark_read/4', 'before')
 6 SYSTEMPATH\CodeIgniter.php(354): CodeIgniter\CodeIgniter->handleRequest(null, Object(Config\Cache), false)
 7 SYSTEMPATH\Boot.php(363): CodeIgniter\CodeIgniter->run()
 8 SYSTEMPATH\Boot.php(68): CodeIgniter\Boot::runCodeIgniter(Object(CodeIgniter\CodeIgniter))
 9 FCPATH\index.php(59): CodeIgniter\Boot::bootWeb(Object(Config\Paths))
10 SYSTEMPATH\rewrite.php(44): require_once('C:\\xampp\\htdocs\\ITE311-CASTILLO\\public\\index.php')
CRITICAL - 2025-10-23 17:54:04 --> CodeIgniter\Security\Exceptions\SecurityException: The action you requested is not allowed.
[Method: POST, Route: notifications/mark_read/5]
in SYSTEMPATH\Security\Security.php on line 262.
 1 SYSTEMPATH\Security\Security.php(262): CodeIgniter\Security\Exceptions\SecurityException::forDisallowedAction()
 2 SYSTEMPATH\Filters\CSRF.php(52): CodeIgniter\Security\Security->verify(Object(CodeIgniter\HTTP\IncomingRequest))
 3 SYSTEMPATH\Filters\Filters.php(241): CodeIgniter\Filters\CSRF->before(Object(CodeIgniter\HTTP\IncomingRequest), null)
 4 SYSTEMPATH\Filters\Filters.php(221): CodeIgniter\Filters\Filters->runBefore([...])
 5 SYSTEMPATH\CodeIgniter.php(479): CodeIgniter\Filters\Filters->run('notifications/mark_read/5', 'before')
 6 SYSTEMPATH\CodeIgniter.php(354): CodeIgniter\CodeIgniter->handleRequest(null, Object(Config\Cache), false)
 7 SYSTEMPATH\Boot.php(363): CodeIgniter\CodeIgniter->run()
 8 SYSTEMPATH\Boot.php(68): CodeIgniter\Boot::runCodeIgniter(Object(CodeIgniter\CodeIgniter))
 9 FCPATH\index.php(59): CodeIgniter\Boot::bootWeb(Object(Config\Paths))
10 SYSTEMPATH\rewrite.php(44): require_once('C:\\xampp\\htdocs\\ITE311-CASTILLO\\public\\index.php')
CRITICAL - 2025-10-23 17:54:16 --> CodeIgniter\Security\Exceptions\SecurityException: The action you requested is not allowed.
[Method: POST, Route: notifications/mark_read/2]
in SYSTEMPATH\Security\Security.php on line 262.
 1 SYSTEMPATH\Security\Security.php(262): CodeIgniter\Security\Exceptions\SecurityException::forDisallowedAction()
 2 SYSTEMPATH\Filters\CSRF.php(52): CodeIgniter\Security\Security->verify(Object(CodeIgniter\HTTP\IncomingRequest))
 3 SYSTEMPATH\Filters\Filters.php(241): CodeIgniter\Filters\CSRF->before(Object(CodeIgniter\HTTP\IncomingRequest), null)
 4 SYSTEMPATH\Filters\Filters.php(221): CodeIgniter\Filters\Filters->runBefore([...])
 5 SYSTEMPATH\CodeIgniter.php(479): CodeIgniter\Filters\Filters->run('notifications/mark_read/2', 'before')
 6 SYSTEMPATH\CodeIgniter.php(354): CodeIgniter\CodeIgniter->handleRequest(null, Object(Config\Cache), false)
 7 SYSTEMPATH\Boot.php(363): CodeIgniter\CodeIgniter->run()
 8 SYSTEMPATH\Boot.php(68): CodeIgniter\Boot::runCodeIgniter(Object(CodeIgniter\CodeIgniter))
 9 FCPATH\index.php(59): CodeIgniter\Boot::bootWeb(Object(Config\Paths))
10 SYSTEMPATH\rewrite.php(44): require_once('C:\\xampp\\htdocs\\ITE311-CASTILLO\\public\\index.php')
CRITICAL - 2025-10-23 17:54:18 --> CodeIgniter\Security\Exceptions\SecurityException: The action you requested is not allowed.
[Method: POST, Route: notifications/mark_read/6]
in SYSTEMPATH\Security\Security.php on line 262.
 1 SYSTEMPATH\Security\Security.php(262): CodeIgniter\Security\Exceptions\SecurityException::forDisallowedAction()
 2 SYSTEMPATH\Filters\CSRF.php(52): CodeIgniter\Security\Security->verify(Object(CodeIgniter\HTTP\IncomingRequest))
 3 SYSTEMPATH\Filters\Filters.php(241): CodeIgniter\Filters\CSRF->before(Object(CodeIgniter\HTTP\IncomingRequest), null)
 4 SYSTEMPATH\Filters\Filters.php(221): CodeIgniter\Filters\Filters->runBefore([...])
 5 SYSTEMPATH\CodeIgniter.php(479): CodeIgniter\Filters\Filters->run('notifications/mark_read/6', 'before')
 6 SYSTEMPATH\CodeIgniter.php(354): CodeIgniter\CodeIgniter->handleRequest(null, Object(Config\Cache), false)
 7 SYSTEMPATH\Boot.php(363): CodeIgniter\CodeIgniter->run()
 8 SYSTEMPATH\Boot.php(68): CodeIgniter\Boot::runCodeIgniter(Object(CodeIgniter\CodeIgniter))
 9 FCPATH\index.php(59): CodeIgniter\Boot::bootWeb(Object(Config\Paths))
10 SYSTEMPATH\rewrite.php(44): require_once('C:\\xampp\\htdocs\\ITE311-CASTILLO\\public\\index.php')
CRITICAL - 2025-10-23 17:54:20 --> CodeIgniter\Security\Exceptions\SecurityException: The action you requested is not allowed.
[Method: POST, Route: notifications/mark_read/10]
in SYSTEMPATH\Security\Security.php on line 262.
 1 SYSTEMPATH\Security\Security.php(262): CodeIgniter\Security\Exceptions\SecurityException::forDisallowedAction()
 2 SYSTEMPATH\Filters\CSRF.php(52): CodeIgniter\Security\Security->verify(Object(CodeIgniter\HTTP\IncomingRequest))
 3 SYSTEMPATH\Filters\Filters.php(241): CodeIgniter\Filters\CSRF->before(Object(CodeIgniter\HTTP\IncomingRequest), null)
 4 SYSTEMPATH\Filters\Filters.php(221): CodeIgniter\Filters\Filters->runBefore([...])
 5 SYSTEMPATH\CodeIgniter.php(479): CodeIgniter\Filters\Filters->run('notifications/mark_read/10', 'before')
 6 SYSTEMPATH\CodeIgniter.php(354): CodeIgniter\CodeIgniter->handleRequest(null, Object(Config\Cache), false)
 7 SYSTEMPATH\Boot.php(363): CodeIgniter\CodeIgniter->run()
 8 SYSTEMPATH\Boot.php(68): CodeIgniter\Boot::runCodeIgniter(Object(CodeIgniter\CodeIgniter))
 9 FCPATH\index.php(59): CodeIgniter\Boot::bootWeb(Object(Config\Paths))
10 SYSTEMPATH\rewrite.php(44): require_once('C:\\xampp\\htdocs\\ITE311-CASTILLO\\public\\index.php')
CRITICAL - 2025-10-23 17:54:21 --> CodeIgniter\Security\Exceptions\SecurityException: The action you requested is not allowed.
[Method: POST, Route: notifications/mark_read/9]
in SYSTEMPATH\Security\Security.php on line 262.
 1 SYSTEMPATH\Security\Security.php(262): CodeIgniter\Security\Exceptions\SecurityException::forDisallowedAction()
 2 SYSTEMPATH\Filters\CSRF.php(52): CodeIgniter\Security\Security->verify(Object(CodeIgniter\HTTP\IncomingRequest))
 3 SYSTEMPATH\Filters\Filters.php(241): CodeIgniter\Filters\CSRF->before(Object(CodeIgniter\HTTP\IncomingRequest), null)
 4 SYSTEMPATH\Filters\Filters.php(221): CodeIgniter\Filters\Filters->runBefore([...])
 5 SYSTEMPATH\CodeIgniter.php(479): CodeIgniter\Filters\Filters->run('notifications/mark_read/9', 'before')
 6 SYSTEMPATH\CodeIgniter.php(354): CodeIgniter\CodeIgniter->handleRequest(null, Object(Config\Cache), false)
 7 SYSTEMPATH\Boot.php(363): CodeIgniter\CodeIgniter->run()
 8 SYSTEMPATH\Boot.php(68): CodeIgniter\Boot::runCodeIgniter(Object(CodeIgniter\CodeIgniter))
 9 FCPATH\index.php(59): CodeIgniter\Boot::bootWeb(Object(Config\Paths))
10 SYSTEMPATH\rewrite.php(44): require_once('C:\\xampp\\htdocs\\ITE311-CASTILLO\\public\\index.php')
CRITICAL - 2025-10-23 17:54:23 --> CodeIgniter\Security\Exceptions\SecurityException: The action you requested is not allowed.
[Method: POST, Route: notifications/mark_read/5]
in SYSTEMPATH\Security\Security.php on line 262.
 1 SYSTEMPATH\Security\Security.php(262): CodeIgniter\Security\Exceptions\SecurityException::forDisallowedAction()
 2 SYSTEMPATH\Filters\CSRF.php(52): CodeIgniter\Security\Security->verify(Object(CodeIgniter\HTTP\IncomingRequest))
 3 SYSTEMPATH\Filters\Filters.php(241): CodeIgniter\Filters\CSRF->before(Object(CodeIgniter\HTTP\IncomingRequest), null)
 4 SYSTEMPATH\Filters\Filters.php(221): CodeIgniter\Filters\Filters->runBefore([...])
 5 SYSTEMPATH\CodeIgniter.php(479): CodeIgniter\Filters\Filters->run('notifications/mark_read/5', 'before')
 6 SYSTEMPATH\CodeIgniter.php(354): CodeIgniter\CodeIgniter->handleRequest(null, Object(Config\Cache), false)
 7 SYSTEMPATH\Boot.php(363): CodeIgniter\CodeIgniter->run()
 8 SYSTEMPATH\Boot.php(68): CodeIgniter\Boot::runCodeIgniter(Object(CodeIgniter\CodeIgniter))
 9 FCPATH\index.php(59): CodeIgniter\Boot::bootWeb(Object(Config\Paths))
10 SYSTEMPATH\rewrite.php(44): require_once('C:\\xampp\\htdocs\\ITE311-CASTILLO\\public\\index.php')
CRITICAL - 2025-10-23 17:54:25 --> CodeIgniter\Security\Exceptions\SecurityException: The action you requested is not allowed.
[Method: POST, Route: notifications/mark_read/4]
in SYSTEMPATH\Security\Security.php on line 262.
 1 SYSTEMPATH\Security\Security.php(262): CodeIgniter\Security\Exceptions\SecurityException::forDisallowedAction()
 2 SYSTEMPATH\Filters\CSRF.php(52): CodeIgniter\Security\Security->verify(Object(CodeIgniter\HTTP\IncomingRequest))
 3 SYSTEMPATH\Filters\Filters.php(241): CodeIgniter\Filters\CSRF->before(Object(CodeIgniter\HTTP\IncomingRequest), null)
 4 SYSTEMPATH\Filters\Filters.php(221): CodeIgniter\Filters\Filters->runBefore([...])
 5 SYSTEMPATH\CodeIgniter.php(479): CodeIgniter\Filters\Filters->run('notifications/mark_read/4', 'before')
 6 SYSTEMPATH\CodeIgniter.php(354): CodeIgniter\CodeIgniter->handleRequest(null, Object(Config\Cache), false)
 7 SYSTEMPATH\Boot.php(363): CodeIgniter\CodeIgniter->run()
 8 SYSTEMPATH\Boot.php(68): CodeIgniter\Boot::runCodeIgniter(Object(CodeIgniter\CodeIgniter))
 9 FCPATH\index.php(59): CodeIgniter\Boot::bootWeb(Object(Config\Paths))
10 SYSTEMPATH\rewrite.php(44): require_once('C:\\xampp\\htdocs\\ITE311-CASTILLO\\public\\index.php')
CRITICAL - 2025-10-23 17:55:54 --> CodeIgniter\Security\Exceptions\SecurityException: The action you requested is not allowed.
[Method: POST, Route: notifications/mark_read/2]
in SYSTEMPATH\Security\Security.php on line 262.
 1 SYSTEMPATH\Security\Security.php(262): CodeIgniter\Security\Exceptions\SecurityException::forDisallowedAction()
 2 SYSTEMPATH\Filters\CSRF.php(52): CodeIgniter\Security\Security->verify(Object(CodeIgniter\HTTP\IncomingRequest))
 3 SYSTEMPATH\Filters\Filters.php(241): CodeIgniter\Filters\CSRF->before(Object(CodeIgniter\HTTP\IncomingRequest), null)
 4 SYSTEMPATH\Filters\Filters.php(221): CodeIgniter\Filters\Filters->runBefore([...])
 5 SYSTEMPATH\CodeIgniter.php(479): CodeIgniter\Filters\Filters->run('notifications/mark_read/2', 'before')
 6 SYSTEMPATH\CodeIgniter.php(354): CodeIgniter\CodeIgniter->handleRequest(null, Object(Config\Cache), false)
 7 SYSTEMPATH\Boot.php(363): CodeIgniter\CodeIgniter->run()
 8 SYSTEMPATH\Boot.php(68): CodeIgniter\Boot::runCodeIgniter(Object(CodeIgniter\CodeIgniter))
 9 FCPATH\index.php(59): CodeIgniter\Boot::bootWeb(Object(Config\Paths))
10 SYSTEMPATH\rewrite.php(44): require_once('C:\\xampp\\htdocs\\ITE311-CASTILLO\\public\\index.php')
CRITICAL - 2025-10-23 17:55:56 --> CodeIgniter\Security\Exceptions\SecurityException: The action you requested is not allowed.
[Method: POST, Route: notifications/mark_read/2]
in SYSTEMPATH\Security\Security.php on line 262.
 1 SYSTEMPATH\Security\Security.php(262): CodeIgniter\Security\Exceptions\SecurityException::forDisallowedAction()
 2 SYSTEMPATH\Filters\CSRF.php(52): CodeIgniter\Security\Security->verify(Object(CodeIgniter\HTTP\IncomingRequest))
 3 SYSTEMPATH\Filters\Filters.php(241): CodeIgniter\Filters\CSRF->before(Object(CodeIgniter\HTTP\IncomingRequest), null)
 4 SYSTEMPATH\Filters\Filters.php(221): CodeIgniter\Filters\Filters->runBefore([...])
 5 SYSTEMPATH\CodeIgniter.php(479): CodeIgniter\Filters\Filters->run('notifications/mark_read/2', 'before')
 6 SYSTEMPATH\CodeIgniter.php(354): CodeIgniter\CodeIgniter->handleRequest(null, Object(Config\Cache), false)
 7 SYSTEMPATH\Boot.php(363): CodeIgniter\CodeIgniter->run()
 8 SYSTEMPATH\Boot.php(68): CodeIgniter\Boot::runCodeIgniter(Object(CodeIgniter\CodeIgniter))
 9 FCPATH\index.php(59): CodeIgniter\Boot::bootWeb(Object(Config\Paths))
10 SYSTEMPATH\rewrite.php(44): require_once('C:\\xampp\\htdocs\\ITE311-CASTILLO\\public\\index.php')
CRITICAL - 2025-10-23 17:55:58 --> CodeIgniter\Security\Exceptions\SecurityException: The action you requested is not allowed.
[Method: POST, Route: notifications/mark_read/6]
in SYSTEMPATH\Security\Security.php on line 262.
 1 SYSTEMPATH\Security\Security.php(262): CodeIgniter\Security\Exceptions\SecurityException::forDisallowedAction()
 2 SYSTEMPATH\Filters\CSRF.php(52): CodeIgniter\Security\Security->verify(Object(CodeIgniter\HTTP\IncomingRequest))
 3 SYSTEMPATH\Filters\Filters.php(241): CodeIgniter\Filters\CSRF->before(Object(CodeIgniter\HTTP\IncomingRequest), null)
 4 SYSTEMPATH\Filters\Filters.php(221): CodeIgniter\Filters\Filters->runBefore([...])
 5 SYSTEMPATH\CodeIgniter.php(479): CodeIgniter\Filters\Filters->run('notifications/mark_read/6', 'before')
 6 SYSTEMPATH\CodeIgniter.php(354): CodeIgniter\CodeIgniter->handleRequest(null, Object(Config\Cache), false)
 7 SYSTEMPATH\Boot.php(363): CodeIgniter\CodeIgniter->run()
 8 SYSTEMPATH\Boot.php(68): CodeIgniter\Boot::runCodeIgniter(Object(CodeIgniter\CodeIgniter))
 9 FCPATH\index.php(59): CodeIgniter\Boot::bootWeb(Object(Config\Paths))
10 SYSTEMPATH\rewrite.php(44): require_once('C:\\xampp\\htdocs\\ITE311-CASTILLO\\public\\index.php')
CRITICAL - 2025-10-23 17:56:21 --> CodeIgniter\Security\Exceptions\SecurityException: The action you requested is not allowed.
[Method: POST, Route: notifications/mark_read/6]
in SYSTEMPATH\Security\Security.php on line 262.
 1 SYSTEMPATH\Security\Security.php(262): CodeIgniter\Security\Exceptions\SecurityException::forDisallowedAction()
 2 SYSTEMPATH\Filters\CSRF.php(52): CodeIgniter\Security\Security->verify(Object(CodeIgniter\HTTP\IncomingRequest))
 3 SYSTEMPATH\Filters\Filters.php(241): CodeIgniter\Filters\CSRF->before(Object(CodeIgniter\HTTP\IncomingRequest), null)
 4 SYSTEMPATH\Filters\Filters.php(221): CodeIgniter\Filters\Filters->runBefore([...])
 5 SYSTEMPATH\CodeIgniter.php(479): CodeIgniter\Filters\Filters->run('notifications/mark_read/6', 'before')
 6 SYSTEMPATH\CodeIgniter.php(354): CodeIgniter\CodeIgniter->handleRequest(null, Object(Config\Cache), false)
 7 SYSTEMPATH\Boot.php(363): CodeIgniter\CodeIgniter->run()
 8 SYSTEMPATH\Boot.php(68): CodeIgniter\Boot::runCodeIgniter(Object(CodeIgniter\CodeIgniter))
 9 FCPATH\index.php(59): CodeIgniter\Boot::bootWeb(Object(Config\Paths))
10 SYSTEMPATH\rewrite.php(44): require_once('C:\\xampp\\htdocs\\ITE311-CASTILLO\\public\\index.php')
CRITICAL - 2025-10-23 17:56:23 --> CodeIgniter\Security\Exceptions\SecurityException: The action you requested is not allowed.
[Method: POST, Route: notifications/mark_read/6]
in SYSTEMPATH\Security\Security.php on line 262.
 1 SYSTEMPATH\Security\Security.php(262): CodeIgniter\Security\Exceptions\SecurityException::forDisallowedAction()
 2 SYSTEMPATH\Filters\CSRF.php(52): CodeIgniter\Security\Security->verify(Object(CodeIgniter\HTTP\IncomingRequest))
 3 SYSTEMPATH\Filters\Filters.php(241): CodeIgniter\Filters\CSRF->before(Object(CodeIgniter\HTTP\IncomingRequest), null)
 4 SYSTEMPATH\Filters\Filters.php(221): CodeIgniter\Filters\Filters->runBefore([...])
 5 SYSTEMPATH\CodeIgniter.php(479): CodeIgniter\Filters\Filters->run('notifications/mark_read/6', 'before')
 6 SYSTEMPATH\CodeIgniter.php(354): CodeIgniter\CodeIgniter->handleRequest(null, Object(Config\Cache), false)
 7 SYSTEMPATH\Boot.php(363): CodeIgniter\CodeIgniter->run()
 8 SYSTEMPATH\Boot.php(68): CodeIgniter\Boot::runCodeIgniter(Object(CodeIgniter\CodeIgniter))
 9 FCPATH\index.php(59): CodeIgniter\Boot::bootWeb(Object(Config\Paths))
10 SYSTEMPATH\rewrite.php(44): require_once('C:\\xampp\\htdocs\\ITE311-CASTILLO\\public\\index.php')
CRITICAL - 2025-10-23 17:57:06 --> CodeIgniter\Security\Exceptions\SecurityException: The action you requested is not allowed.
[Method: POST, Route: notifications/mark_read/4]
in SYSTEMPATH\Security\Security.php on line 262.
 1 SYSTEMPATH\Security\Security.php(262): CodeIgniter\Security\Exceptions\SecurityException::forDisallowedAction()
 2 SYSTEMPATH\Filters\CSRF.php(52): CodeIgniter\Security\Security->verify(Object(CodeIgniter\HTTP\IncomingRequest))
 3 SYSTEMPATH\Filters\Filters.php(241): CodeIgniter\Filters\CSRF->before(Object(CodeIgniter\HTTP\IncomingRequest), null)
 4 SYSTEMPATH\Filters\Filters.php(221): CodeIgniter\Filters\Filters->runBefore([...])
 5 SYSTEMPATH\CodeIgniter.php(479): CodeIgniter\Filters\Filters->run('notifications/mark_read/4', 'before')
 6 SYSTEMPATH\CodeIgniter.php(354): CodeIgniter\CodeIgniter->handleRequest(null, Object(Config\Cache), false)
 7 SYSTEMPATH\Boot.php(363): CodeIgniter\CodeIgniter->run()
 8 SYSTEMPATH\Boot.php(68): CodeIgniter\Boot::runCodeIgniter(Object(CodeIgniter\CodeIgniter))
 9 FCPATH\index.php(59): CodeIgniter\Boot::bootWeb(Object(Config\Paths))
10 SYSTEMPATH\rewrite.php(44): require_once('C:\\xampp\\htdocs\\ITE311-CASTILLO\\public\\index.php')
CRITICAL - 2025-10-23 17:57:08 --> CodeIgniter\Security\Exceptions\SecurityException: The action you requested is not allowed.
[Method: POST, Route: notifications/mark_read/5]
in SYSTEMPATH\Security\Security.php on line 262.
 1 SYSTEMPATH\Security\Security.php(262): CodeIgniter\Security\Exceptions\SecurityException::forDisallowedAction()
 2 SYSTEMPATH\Filters\CSRF.php(52): CodeIgniter\Security\Security->verify(Object(CodeIgniter\HTTP\IncomingRequest))
 3 SYSTEMPATH\Filters\Filters.php(241): CodeIgniter\Filters\CSRF->before(Object(CodeIgniter\HTTP\IncomingRequest), null)
 4 SYSTEMPATH\Filters\Filters.php(221): CodeIgniter\Filters\Filters->runBefore([...])
 5 SYSTEMPATH\CodeIgniter.php(479): CodeIgniter\Filters\Filters->run('notifications/mark_read/5', 'before')
 6 SYSTEMPATH\CodeIgniter.php(354): CodeIgniter\CodeIgniter->handleRequest(null, Object(Config\Cache), false)
 7 SYSTEMPATH\Boot.php(363): CodeIgniter\CodeIgniter->run()
 8 SYSTEMPATH\Boot.php(68): CodeIgniter\Boot::runCodeIgniter(Object(CodeIgniter\CodeIgniter))
 9 FCPATH\index.php(59): CodeIgniter\Boot::bootWeb(Object(Config\Paths))
10 SYSTEMPATH\rewrite.php(44): require_once('C:\\xampp\\htdocs\\ITE311-CASTILLO\\public\\index.php')
CRITICAL - 2025-10-23 17:59:15 --> CodeIgniter\Security\Exceptions\SecurityException: The action you requested is not allowed.
[Method: POST, Route: notifications/mark_read/9]
in SYSTEMPATH\Security\Security.php on line 262.
 1 SYSTEMPATH\Security\Security.php(262): CodeIgniter\Security\Exceptions\SecurityException::forDisallowedAction()
 2 SYSTEMPATH\Filters\CSRF.php(52): CodeIgniter\Security\Security->verify(Object(CodeIgniter\HTTP\IncomingRequest))
 3 SYSTEMPATH\Filters\Filters.php(241): CodeIgniter\Filters\CSRF->before(Object(CodeIgniter\HTTP\IncomingRequest), null)
 4 SYSTEMPATH\Filters\Filters.php(221): CodeIgniter\Filters\Filters->runBefore([...])
 5 SYSTEMPATH\CodeIgniter.php(479): CodeIgniter\Filters\Filters->run('notifications/mark_read/9', 'before')
 6 SYSTEMPATH\CodeIgniter.php(354): CodeIgniter\CodeIgniter->handleRequest(null, Object(Config\Cache), false)
 7 SYSTEMPATH\Boot.php(363): CodeIgniter\CodeIgniter->run()
 8 SYSTEMPATH\Boot.php(68): CodeIgniter\Boot::runCodeIgniter(Object(CodeIgniter\CodeIgniter))
 9 FCPATH\index.php(59): CodeIgniter\Boot::bootWeb(Object(Config\Paths))
10 SYSTEMPATH\rewrite.php(44): require_once('C:\\xampp\\htdocs\\ITE311-CASTILLO\\public\\index.php')
CRITICAL - 2025-10-23 17:59:16 --> CodeIgniter\Security\Exceptions\SecurityException: The action you requested is not allowed.
[Method: POST, Route: notifications/mark_read/9]
in SYSTEMPATH\Security\Security.php on line 262.
 1 SYSTEMPATH\Security\Security.php(262): CodeIgniter\Security\Exceptions\SecurityException::forDisallowedAction()
 2 SYSTEMPATH\Filters\CSRF.php(52): CodeIgniter\Security\Security->verify(Object(CodeIgniter\HTTP\IncomingRequest))
 3 SYSTEMPATH\Filters\Filters.php(241): CodeIgniter\Filters\CSRF->before(Object(CodeIgniter\HTTP\IncomingRequest), null)
 4 SYSTEMPATH\Filters\Filters.php(221): CodeIgniter\Filters\Filters->runBefore([...])
 5 SYSTEMPATH\CodeIgniter.php(479): CodeIgniter\Filters\Filters->run('notifications/mark_read/9', 'before')
 6 SYSTEMPATH\CodeIgniter.php(354): CodeIgniter\CodeIgniter->handleRequest(null, Object(Config\Cache), false)
 7 SYSTEMPATH\Boot.php(363): CodeIgniter\CodeIgniter->run()
 8 SYSTEMPATH\Boot.php(68): CodeIgniter\Boot::runCodeIgniter(Object(CodeIgniter\CodeIgniter))
 9 FCPATH\index.php(59): CodeIgniter\Boot::bootWeb(Object(Config\Paths))
10 SYSTEMPATH\rewrite.php(44): require_once('C:\\xampp\\htdocs\\ITE311-CASTILLO\\public\\index.php')
CRITICAL - 2025-10-23 17:59:19 --> CodeIgniter\Security\Exceptions\SecurityException: The action you requested is not allowed.
[Method: POST, Route: notifications/mark_read/9]
in SYSTEMPATH\Security\Security.php on line 262.
 1 SYSTEMPATH\Security\Security.php(262): CodeIgniter\Security\Exceptions\SecurityException::forDisallowedAction()
 2 SYSTEMPATH\Filters\CSRF.php(52): CodeIgniter\Security\Security->verify(Object(CodeIgniter\HTTP\IncomingRequest))
 3 SYSTEMPATH\Filters\Filters.php(241): CodeIgniter\Filters\CSRF->before(Object(CodeIgniter\HTTP\IncomingRequest), null)
 4 SYSTEMPATH\Filters\Filters.php(221): CodeIgniter\Filters\Filters->runBefore([...])
 5 SYSTEMPATH\CodeIgniter.php(479): CodeIgniter\Filters\Filters->run('notifications/mark_read/9', 'before')
 6 SYSTEMPATH\CodeIgniter.php(354): CodeIgniter\CodeIgniter->handleRequest(null, Object(Config\Cache), false)
 7 SYSTEMPATH\Boot.php(363): CodeIgniter\CodeIgniter->run()
 8 SYSTEMPATH\Boot.php(68): CodeIgniter\Boot::runCodeIgniter(Object(CodeIgniter\CodeIgniter))
 9 FCPATH\index.php(59): CodeIgniter\Boot::bootWeb(Object(Config\Paths))
10 SYSTEMPATH\rewrite.php(44): require_once('C:\\xampp\\htdocs\\ITE311-CASTILLO\\public\\index.php')
CRITICAL - 2025-10-23 17:59:21 --> CodeIgniter\Security\Exceptions\SecurityException: The action you requested is not allowed.
[Method: POST, Route: notifications/mark_read/4]
in SYSTEMPATH\Security\Security.php on line 262.
 1 SYSTEMPATH\Security\Security.php(262): CodeIgniter\Security\Exceptions\SecurityException::forDisallowedAction()
 2 SYSTEMPATH\Filters\CSRF.php(52): CodeIgniter\Security\Security->verify(Object(CodeIgniter\HTTP\IncomingRequest))
 3 SYSTEMPATH\Filters\Filters.php(241): CodeIgniter\Filters\CSRF->before(Object(CodeIgniter\HTTP\IncomingRequest), null)
 4 SYSTEMPATH\Filters\Filters.php(221): CodeIgniter\Filters\Filters->runBefore([...])
 5 SYSTEMPATH\CodeIgniter.php(479): CodeIgniter\Filters\Filters->run('notifications/mark_read/4', 'before')
 6 SYSTEMPATH\CodeIgniter.php(354): CodeIgniter\CodeIgniter->handleRequest(null, Object(Config\Cache), false)
 7 SYSTEMPATH\Boot.php(363): CodeIgniter\CodeIgniter->run()
 8 SYSTEMPATH\Boot.php(68): CodeIgniter\Boot::runCodeIgniter(Object(CodeIgniter\CodeIgniter))
 9 FCPATH\index.php(59): CodeIgniter\Boot::bootWeb(Object(Config\Paths))
10 SYSTEMPATH\rewrite.php(44): require_once('C:\\xampp\\htdocs\\ITE311-CASTILLO\\public\\index.php')
CRITICAL - 2025-10-23 17:59:23 --> CodeIgniter\Security\Exceptions\SecurityException: The action you requested is not allowed.
[Method: POST, Route: notifications/mark_read/5]
in SYSTEMPATH\Security\Security.php on line 262.
 1 SYSTEMPATH\Security\Security.php(262): CodeIgniter\Security\Exceptions\SecurityException::forDisallowedAction()
 2 SYSTEMPATH\Filters\CSRF.php(52): CodeIgniter\Security\Security->verify(Object(CodeIgniter\HTTP\IncomingRequest))
 3 SYSTEMPATH\Filters\Filters.php(241): CodeIgniter\Filters\CSRF->before(Object(CodeIgniter\HTTP\IncomingRequest), null)
 4 SYSTEMPATH\Filters\Filters.php(221): CodeIgniter\Filters\Filters->runBefore([...])
 5 SYSTEMPATH\CodeIgniter.php(479): CodeIgniter\Filters\Filters->run('notifications/mark_read/5', 'before')
 6 SYSTEMPATH\CodeIgniter.php(354): CodeIgniter\CodeIgniter->handleRequest(null, Object(Config\Cache), false)
 7 SYSTEMPATH\Boot.php(363): CodeIgniter\CodeIgniter->run()
 8 SYSTEMPATH\Boot.php(68): CodeIgniter\Boot::runCodeIgniter(Object(CodeIgniter\CodeIgniter))
 9 FCPATH\index.php(59): CodeIgniter\Boot::bootWeb(Object(Config\Paths))
10 SYSTEMPATH\rewrite.php(44): require_once('C:\\xampp\\htdocs\\ITE311-CASTILLO\\public\\index.php')
CRITICAL - 2025-10-23 17:59:24 --> CodeIgniter\Security\Exceptions\SecurityException: The action you requested is not allowed.
[Method: POST, Route: notifications/mark_read/5]
in SYSTEMPATH\Security\Security.php on line 262.
 1 SYSTEMPATH\Security\Security.php(262): CodeIgniter\Security\Exceptions\SecurityException::forDisallowedAction()
 2 SYSTEMPATH\Filters\CSRF.php(52): CodeIgniter\Security\Security->verify(Object(CodeIgniter\HTTP\IncomingRequest))
 3 SYSTEMPATH\Filters\Filters.php(241): CodeIgniter\Filters\CSRF->before(Object(CodeIgniter\HTTP\IncomingRequest), null)
 4 SYSTEMPATH\Filters\Filters.php(221): CodeIgniter\Filters\Filters->runBefore([...])
 5 SYSTEMPATH\CodeIgniter.php(479): CodeIgniter\Filters\Filters->run('notifications/mark_read/5', 'before')
 6 SYSTEMPATH\CodeIgniter.php(354): CodeIgniter\CodeIgniter->handleRequest(null, Object(Config\Cache), false)
 7 SYSTEMPATH\Boot.php(363): CodeIgniter\CodeIgniter->run()
 8 SYSTEMPATH\Boot.php(68): CodeIgniter\Boot::runCodeIgniter(Object(CodeIgniter\CodeIgniter))
 9 FCPATH\index.php(59): CodeIgniter\Boot::bootWeb(Object(Config\Paths))
10 SYSTEMPATH\rewrite.php(44): require_once('C:\\xampp\\htdocs\\ITE311-CASTILLO\\public\\index.php')
CRITICAL - 2025-10-23 17:59:26 --> CodeIgniter\Security\Exceptions\SecurityException: The action you requested is not allowed.
[Method: POST, Route: course/enroll]
in SYSTEMPATH\Security\Security.php on line 262.
 1 SYSTEMPATH\Security\Security.php(262): CodeIgniter\Security\Exceptions\SecurityException::forDisallowedAction()
 2 SYSTEMPATH\Filters\CSRF.php(52): CodeIgniter\Security\Security->verify(Object(CodeIgniter\HTTP\IncomingRequest))
 3 SYSTEMPATH\Filters\Filters.php(241): CodeIgniter\Filters\CSRF->before(Object(CodeIgniter\HTTP\IncomingRequest), null)
 4 SYSTEMPATH\Filters\Filters.php(221): CodeIgniter\Filters\Filters->runBefore([...])
 5 SYSTEMPATH\CodeIgniter.php(479): CodeIgniter\Filters\Filters->run('course/enroll', 'before')
 6 SYSTEMPATH\CodeIgniter.php(354): CodeIgniter\CodeIgniter->handleRequest(null, Object(Config\Cache), false)
 7 SYSTEMPATH\Boot.php(363): CodeIgniter\CodeIgniter->run()
 8 SYSTEMPATH\Boot.php(68): CodeIgniter\Boot::runCodeIgniter(Object(CodeIgniter\CodeIgniter))
 9 FCPATH\index.php(59): CodeIgniter\Boot::bootWeb(Object(Config\Paths))
10 SYSTEMPATH\rewrite.php(44): require_once('C:\\xampp\\htdocs\\ITE311-CASTILLO\\public\\index.php')
CRITICAL - 2025-10-23 17:59:28 --> CodeIgniter\Security\Exceptions\SecurityException: The action you requested is not allowed.
[Method: POST, Route: course/enroll]
in SYSTEMPATH\Security\Security.php on line 262.
 1 SYSTEMPATH\Security\Security.php(262): CodeIgniter\Security\Exceptions\SecurityException::forDisallowedAction()
 2 SYSTEMPATH\Filters\CSRF.php(52): CodeIgniter\Security\Security->verify(Object(CodeIgniter\HTTP\IncomingRequest))
 3 SYSTEMPATH\Filters\Filters.php(241): CodeIgniter\Filters\CSRF->before(Object(CodeIgniter\HTTP\IncomingRequest), null)
 4 SYSTEMPATH\Filters\Filters.php(221): CodeIgniter\Filters\Filters->runBefore([...])
 5 SYSTEMPATH\CodeIgniter.php(479): CodeIgniter\Filters\Filters->run('course/enroll', 'before')
 6 SYSTEMPATH\CodeIgniter.php(354): CodeIgniter\CodeIgniter->handleRequest(null, Object(Config\Cache), false)
 7 SYSTEMPATH\Boot.php(363): CodeIgniter\CodeIgniter->run()
 8 SYSTEMPATH\Boot.php(68): CodeIgniter\Boot::runCodeIgniter(Object(CodeIgniter\CodeIgniter))
 9 FCPATH\index.php(59): CodeIgniter\Boot::bootWeb(Object(Config\Paths))
10 SYSTEMPATH\rewrite.php(44): require_once('C:\\xampp\\htdocs\\ITE311-CASTILLO\\public\\index.php')
CRITICAL - 2025-10-23 18:00:17 --> CodeIgniter\Security\Exceptions\SecurityException: The action you requested is not allowed.
[Method: POST, Route: notifications/mark_read/11]
in SYSTEMPATH\Security\Security.php on line 262.
 1 SYSTEMPATH\Security\Security.php(262): CodeIgniter\Security\Exceptions\SecurityException::forDisallowedAction()
 2 SYSTEMPATH\Filters\CSRF.php(52): CodeIgniter\Security\Security->verify(Object(CodeIgniter\HTTP\IncomingRequest))
 3 SYSTEMPATH\Filters\Filters.php(241): CodeIgniter\Filters\CSRF->before(Object(CodeIgniter\HTTP\IncomingRequest), null)
 4 SYSTEMPATH\Filters\Filters.php(221): CodeIgniter\Filters\Filters->runBefore([...])
 5 SYSTEMPATH\CodeIgniter.php(479): CodeIgniter\Filters\Filters->run('notifications/mark_read/11', 'before')
 6 SYSTEMPATH\CodeIgniter.php(354): CodeIgniter\CodeIgniter->handleRequest(null, Object(Config\Cache), false)
 7 SYSTEMPATH\Boot.php(363): CodeIgniter\CodeIgniter->run()
 8 SYSTEMPATH\Boot.php(68): CodeIgniter\Boot::runCodeIgniter(Object(CodeIgniter\CodeIgniter))
 9 FCPATH\index.php(59): CodeIgniter\Boot::bootWeb(Object(Config\Paths))
10 SYSTEMPATH\rewrite.php(44): require_once('C:\\xampp\\htdocs\\ITE311-CASTILLO\\public\\index.php')
CRITICAL - 2025-10-23 18:00:40 --> CodeIgniter\Security\Exceptions\SecurityException: The action you requested is not allowed.
[Method: POST, Route: notifications/mark_read/14]
in SYSTEMPATH\Security\Security.php on line 262.
 1 SYSTEMPATH\Security\Security.php(262): CodeIgniter\Security\Exceptions\SecurityException::forDisallowedAction()
 2 SYSTEMPATH\Filters\CSRF.php(52): CodeIgniter\Security\Security->verify(Object(CodeIgniter\HTTP\IncomingRequest))
 3 SYSTEMPATH\Filters\Filters.php(241): CodeIgniter\Filters\CSRF->before(Object(CodeIgniter\HTTP\IncomingRequest), null)
 4 SYSTEMPATH\Filters\Filters.php(221): CodeIgniter\Filters\Filters->runBefore([...])
 5 SYSTEMPATH\CodeIgniter.php(479): CodeIgniter\Filters\Filters->run('notifications/mark_read/14', 'before')
 6 SYSTEMPATH\CodeIgniter.php(354): CodeIgniter\CodeIgniter->handleRequest(null, Object(Config\Cache), false)
 7 SYSTEMPATH\Boot.php(363): CodeIgniter\CodeIgniter->run()
 8 SYSTEMPATH\Boot.php(68): CodeIgniter\Boot::runCodeIgniter(Object(CodeIgniter\CodeIgniter))
 9 FCPATH\index.php(59): CodeIgniter\Boot::bootWeb(Object(Config\Paths))
10 SYSTEMPATH\rewrite.php(44): require_once('C:\\xampp\\htdocs\\ITE311-CASTILLO\\public\\index.php')
CRITICAL - 2025-10-23 18:00:43 --> CodeIgniter\Security\Exceptions\SecurityException: The action you requested is not allowed.
[Method: POST, Route: notifications/mark_read/11]
in SYSTEMPATH\Security\Security.php on line 262.
 1 SYSTEMPATH\Security\Security.php(262): CodeIgniter\Security\Exceptions\SecurityException::forDisallowedAction()
 2 SYSTEMPATH\Filters\CSRF.php(52): CodeIgniter\Security\Security->verify(Object(CodeIgniter\HTTP\IncomingRequest))
 3 SYSTEMPATH\Filters\Filters.php(241): CodeIgniter\Filters\CSRF->before(Object(CodeIgniter\HTTP\IncomingRequest), null)
 4 SYSTEMPATH\Filters\Filters.php(221): CodeIgniter\Filters\Filters->runBefore([...])
 5 SYSTEMPATH\CodeIgniter.php(479): CodeIgniter\Filters\Filters->run('notifications/mark_read/11', 'before')
 6 SYSTEMPATH\CodeIgniter.php(354): CodeIgniter\CodeIgniter->handleRequest(null, Object(Config\Cache), false)
 7 SYSTEMPATH\Boot.php(363): CodeIgniter\CodeIgniter->run()
 8 SYSTEMPATH\Boot.php(68): CodeIgniter\Boot::runCodeIgniter(Object(CodeIgniter\CodeIgniter))
 9 FCPATH\index.php(59): CodeIgniter\Boot::bootWeb(Object(Config\Paths))
10 SYSTEMPATH\rewrite.php(44): require_once('C:\\xampp\\htdocs\\ITE311-CASTILLO\\public\\index.php')
CRITICAL - 2025-10-23 18:02:01 --> CodeIgniter\Security\Exceptions\SecurityException: The action you requested is not allowed.
[Method: POST, Route: notifications/mark_read/13]
in SYSTEMPATH\Security\Security.php on line 262.
 1 SYSTEMPATH\Security\Security.php(262): CodeIgniter\Security\Exceptions\SecurityException::forDisallowedAction()
 2 SYSTEMPATH\Filters\CSRF.php(52): CodeIgniter\Security\Security->verify(Object(CodeIgniter\HTTP\IncomingRequest))
 3 SYSTEMPATH\Filters\Filters.php(241): CodeIgniter\Filters\CSRF->before(Object(CodeIgniter\HTTP\IncomingRequest), null)
 4 SYSTEMPATH\Filters\Filters.php(221): CodeIgniter\Filters\Filters->runBefore([...])
 5 SYSTEMPATH\CodeIgniter.php(479): CodeIgniter\Filters\Filters->run('notifications/mark_read/13', 'before')
 6 SYSTEMPATH\CodeIgniter.php(354): CodeIgniter\CodeIgniter->handleRequest(null, Object(Config\Cache), false)
 7 SYSTEMPATH\Boot.php(363): CodeIgniter\CodeIgniter->run()
 8 SYSTEMPATH\Boot.php(68): CodeIgniter\Boot::runCodeIgniter(Object(CodeIgniter\CodeIgniter))
 9 FCPATH\index.php(59): CodeIgniter\Boot::bootWeb(Object(Config\Paths))
10 SYSTEMPATH\rewrite.php(44): require_once('C:\\xampp\\htdocs\\ITE311-CASTILLO\\public\\index.php')
CRITICAL - 2025-10-23 18:02:04 --> CodeIgniter\Security\Exceptions\SecurityException: The action you requested is not allowed.
[Method: POST, Route: notifications/mark_read/12]
in SYSTEMPATH\Security\Security.php on line 262.
 1 SYSTEMPATH\Security\Security.php(262): CodeIgniter\Security\Exceptions\SecurityException::forDisallowedAction()
 2 SYSTEMPATH\Filters\CSRF.php(52): CodeIgniter\Security\Security->verify(Object(CodeIgniter\HTTP\IncomingRequest))
 3 SYSTEMPATH\Filters\Filters.php(241): CodeIgniter\Filters\CSRF->before(Object(CodeIgniter\HTTP\IncomingRequest), null)
 4 SYSTEMPATH\Filters\Filters.php(221): CodeIgniter\Filters\Filters->runBefore([...])
 5 SYSTEMPATH\CodeIgniter.php(479): CodeIgniter\Filters\Filters->run('notifications/mark_read/12', 'before')
 6 SYSTEMPATH\CodeIgniter.php(354): CodeIgniter\CodeIgniter->handleRequest(null, Object(Config\Cache), false)
 7 SYSTEMPATH\Boot.php(363): CodeIgniter\CodeIgniter->run()
 8 SYSTEMPATH\Boot.php(68): CodeIgniter\Boot::runCodeIgniter(Object(CodeIgniter\CodeIgniter))
 9 FCPATH\index.php(59): CodeIgniter\Boot::bootWeb(Object(Config\Paths))
10 SYSTEMPATH\rewrite.php(44): require_once('C:\\xampp\\htdocs\\ITE311-CASTILLO\\public\\index.php')
CRITICAL - 2025-10-23 18:02:05 --> CodeIgniter\Security\Exceptions\SecurityException: The action you requested is not allowed.
[Method: POST, Route: notifications/mark_read/11]
in SYSTEMPATH\Security\Security.php on line 262.
 1 SYSTEMPATH\Security\Security.php(262): CodeIgniter\Security\Exceptions\SecurityException::forDisallowedAction()
 2 SYSTEMPATH\Filters\CSRF.php(52): CodeIgniter\Security\Security->verify(Object(CodeIgniter\HTTP\IncomingRequest))
 3 SYSTEMPATH\Filters\Filters.php(241): CodeIgniter\Filters\CSRF->before(Object(CodeIgniter\HTTP\IncomingRequest), null)
 4 SYSTEMPATH\Filters\Filters.php(221): CodeIgniter\Filters\Filters->runBefore([...])
 5 SYSTEMPATH\CodeIgniter.php(479): CodeIgniter\Filters\Filters->run('notifications/mark_read/11', 'before')
 6 SYSTEMPATH\CodeIgniter.php(354): CodeIgniter\CodeIgniter->handleRequest(null, Object(Config\Cache), false)
 7 SYSTEMPATH\Boot.php(363): CodeIgniter\CodeIgniter->run()
 8 SYSTEMPATH\Boot.php(68): CodeIgniter\Boot::runCodeIgniter(Object(CodeIgniter\CodeIgniter))
 9 FCPATH\index.php(59): CodeIgniter\Boot::bootWeb(Object(Config\Paths))
10 SYSTEMPATH\rewrite.php(44): require_once('C:\\xampp\\htdocs\\ITE311-CASTILLO\\public\\index.php')
CRITICAL - 2025-10-23 18:37:22 --> ErrorException: fwrite(): Write of 65 bytes failed with errno=22 Invalid argument
[Method: CLI, Route: serve]
in SYSTEMPATH\CLI\InputOutput.php on line 78.
 1 [internal function]: CodeIgniter\Debug\Exceptions->errorHandler(8, 'fwrite(): Write of 65 bytes failed with errno=22 Invalid argument', 'C:\\xampp\\htdocs\\ITE311-CASTILLO\\system\\CLI\\InputOutput.php', 78)
 2 SYSTEMPATH\CLI\InputOutput.php(78): fwrite(resource (stream), 'CodeIgniter development server started on http://localhost:8081
')
 3 SYSTEMPATH\CLI\CLI.php(1130): CodeIgniter\CLI\InputOutput->fwrite(resource (stream), 'CodeIgniter development server started on http://localhost:8081
')
 4 SYSTEMPATH\CLI\CLI.php(469): CodeIgniter\CLI\CLI::fwrite(resource (stream), 'CodeIgniter development server started on http://localhost:8081
')
 5 SYSTEMPATH\Commands\Server\Serve.php(99): CodeIgniter\CLI\CLI::write('CodeIgniter development server started on http://localhost:8081', 'green')
 6 SYSTEMPATH\Commands\Server\Serve.php(116): CodeIgniter\Commands\Server\Serve->run([])
 7 SYSTEMPATH\CLI\Commands.php(74): CodeIgniter\Commands\Server\Serve->run([])
 8 SYSTEMPATH\CLI\Console.php(47): CodeIgniter\CLI\Commands->run('serve', [])
 9 SYSTEMPATH\Boot.php(388): CodeIgniter\CLI\Console->run()
10 SYSTEMPATH\Boot.php(133): CodeIgniter\Boot::runCommand(Object(CodeIgniter\CLI\Console))
11 ROOTPATH\spark(87): CodeIgniter\Boot::bootSpark(Object(Config\Paths))
CRITICAL - 2025-10-23 18:37:22 --> ErrorException: Uncaught ErrorException: fwrite(): Write of 18 bytes failed with errno=22 Invalid argument in C:\xampp\htdocs\ITE311-CASTILLO\system\CLI\InputOutput.php:78
Stack trace:
#0 [internal function]: CodeIgniter\Debug\Exceptions->errorHandler(8, 'fwrite(): Write...', 'C:\\xampp\\htdocs...', 78)
#1 C:\xampp\htdocs\ITE311-CASTILLO\system\CLI\InputOutput.php(78): fwrite(Resource id #2, '[ErrorException...')
#2 C:\xampp\htdocs\ITE311-CASTILLO\system\CLI\CLI.php(1130): CodeIgniter\CLI\InputOutput->fwrite(Resource id #2, '[ErrorException...')
#3 C:\xampp\htdocs\ITE311-CASTILLO\system\CLI\CLI.php(469): CodeIgniter\CLI\CLI::fwrite(Resource id #2, '[ErrorException...')
#4 C:\xampp\htdocs\ITE311-CASTILLO\app\Views\errors\cli\error_exception.php(6): CodeIgniter\CLI\CLI::write('[ErrorException...', 'light_gray', 'red')
#5 C:\xampp\htdocs\ITE311-CASTILLO\app\Views\errors\cli\production.php(5): include('C:\\xampp\\htdocs...')
#6 C:\xampp\htdocs\ITE311-CASTILLO\system\Debug\BaseExceptionHandler.php(266): include('C:\\xampp\\htdocs...')
#7 C:\xampp\htdocs\ITE311-CASTILLO\system\Debug\BaseExceptionHandler.php(269): CodeIgniter\Debug\BaseExceptionHandler->CodeIgniter\Debug\{closure}()
#8 C:\xampp\htdocs\ITE311-CASTILLO\system\Debug\ExceptionHandler.php(116): CodeIgniter\Debug\BaseExceptionHandler->render(Object(ErrorException), 500, 'C:\\xampp\\htdocs...')
#9 C:\xampp\htdocs\ITE311-CASTILLO\system\Debug\Exceptions.php(162): CodeIgniter\Debug\ExceptionHandler->handle(Object(ErrorException), Object(CodeIgniter\HTTP\CLIRequest), Object(CodeIgniter\HTTP\Response), 500, 1)
#10 [internal function]: CodeIgniter\Debug\Exceptions->exceptionHandler(Object(ErrorException))
#11 {main}
  thrown
【Previous Exception】
ErrorException
fwrite(): Write of 65 bytes failed with errno=22 Invalid argument
#0 [internal function]: CodeIgniter\Debug\Exceptions->errorHandler(8, 'fwrite(): Write...', 'C:\\xampp\\htdocs...', 78)
#1 C:\xampp\htdocs\ITE311-CASTILLO\system\CLI\InputOutput.php(78): fwrite(Resource id #2, 'CodeIgniter dev...')
#2 C:\xampp\htdocs\ITE311-CASTILLO\system\CLI\CLI.php(1130): CodeIgniter\CLI\InputOutput->fwrite(Resource id #2, 'CodeIgniter dev...')
#3 C:\xampp\htdocs\ITE311-CASTILLO\system\CLI\CLI.php(469): CodeIgniter\CLI\CLI::fwrite(Resource id #2, 'CodeIgniter dev...')
#4 C:\xampp\htdocs\ITE311-CASTILLO\system\Commands\Server\Serve.php(99): CodeIgniter\CLI\CLI::write('CodeIgniter dev...', 'green')
#5 C:\xampp\htdocs\ITE311-CASTILLO\system\Commands\Server\Serve.php(116): CodeIgniter\Commands\Server\Serve->run(Array)
#6 C:\xampp\htdocs\ITE311-CASTILLO\system\CLI\Commands.php(74): CodeIgniter\Commands\Server\Serve->run(Array)
#7 C:\xampp\htdocs\ITE311-CASTILLO\system\CLI\Console.php(47): CodeIgniter\CLI\Commands->run('serve', Array)
#8 C:\xampp\htdocs\ITE311-CASTILLO\system\Boot.php(388): CodeIgniter\CLI\Console->run()
#9 C:\xampp\htdocs\ITE311-CASTILLO\system\Boot.php(133): CodeIgniter\Boot::runCommand(Object(CodeIgniter\CLI\Console))
#10 C:\xampp\htdocs\ITE311-CASTILLO\spark(87): CodeIgniter\Boot::bootSpark(Object(Config\Paths))
#11 {main}
[Method: CLI, Route: serve]
in SYSTEMPATH\CLI\InputOutput.php on line 78.
 1 [internal function]: CodeIgniter\Debug\Exceptions->shutdownHandler()
