CRITICAL - 2025-12-05 01:16:00 --> CodeIgniter\View\Exceptions\ViewException: Invalid file: "teacher/quizzes/create.php"
[Method: GET, Route: teacher/quizzes/create]
in SYSTEMPATH\Exceptions\FrameworkException.php on line 39.
 1 SYSTEMPATH\View\View.php(214): CodeIgniter\Exceptions\FrameworkException::forInvalidFile('teacher/quizzes/create.php')
 2 SYSTEMPATH\Common.php(1167): CodeIgniter\View\View->render('teacher/quizzes/create', [], true)
 3 APPPATH\Controllers\Teacher\Quizzes.php(77): view('teacher/quizzes/create', [...])
 4 SYSTEMPATH\CodeIgniter.php(933): App\Controllers\Teacher\Quizzes->create()
 5 SYSTEMPATH\CodeIgniter.php(507): CodeIgniter\CodeIgniter->runController(Object(App\Controllers\Teacher\Quizzes))
 6 SYSTEMPATH\CodeIgniter.php(354): CodeIgniter\CodeIgniter->handleRequest(null, Object(Config\Cache), false)
 7 SYSTEMPATH\Boot.php(363): CodeIgniter\CodeIgniter->run()
 8 SYSTEMPATH\Boot.php(68): CodeIgniter\Boot::runCodeIgniter(Object(CodeIgniter\CodeIgniter))
 9 FCPATH\index.php(70): CodeIgniter\Boot::bootWeb(Object(Config\Paths))
10 SYSTEMPATH\rewrite.php(44): require_once('C:\\xampp\\htdocs\\ITE311-CASTILLO\\public\\index.php')
CRITICAL - 2025-12-05 01:16:01 --> CodeIgniter\View\Exceptions\ViewException: Invalid file: "teacher/quizzes/create.php"
[Method: GET, Route: teacher/quizzes/create]
in SYSTEMPATH\Exceptions\FrameworkException.php on line 39.
 1 SYSTEMPATH\View\View.php(214): CodeIgniter\Exceptions\FrameworkException::forInvalidFile('teacher/quizzes/create.php')
 2 SYSTEMPATH\Common.php(1167): CodeIgniter\View\View->render('teacher/quizzes/create', [], true)
 3 APPPATH\Controllers\Teacher\Quizzes.php(77): view('teacher/quizzes/create', [...])
 4 SYSTEMPATH\CodeIgniter.php(933): App\Controllers\Teacher\Quizzes->create()
 5 SYSTEMPATH\CodeIgniter.php(507): CodeIgniter\CodeIgniter->runController(Object(App\Controllers\Teacher\Quizzes))
 6 SYSTEMPATH\CodeIgniter.php(354): CodeIgniter\CodeIgniter->handleRequest(null, Object(Config\Cache), false)
 7 SYSTEMPATH\Boot.php(363): CodeIgniter\CodeIgniter->run()
 8 SYSTEMPATH\Boot.php(68): CodeIgniter\Boot::runCodeIgniter(Object(CodeIgniter\CodeIgniter))
 9 FCPATH\index.php(70): CodeIgniter\Boot::bootWeb(Object(Config\Paths))
10 SYSTEMPATH\rewrite.php(44): require_once('C:\\xampp\\htdocs\\ITE311-CASTILLO\\public\\index.php')
ERROR - 2025-12-05 02:15:03 --> mysqli_sql_exception: Unknown column 'q.title' in 'field list' in C:\xampp\htdocs\ITE311-CASTILLO\system\Database\MySQLi\Connection.php:327
Stack trace:
#0 C:\xampp\htdocs\ITE311-CASTILLO\system\Database\MySQLi\Connection.php(327): mysqli->query('SELECT `q`.`id`...', 0)
#1 C:\xampp\htdocs\ITE311-CASTILLO\system\Database\BaseConnection.php(729): CodeIgniter\Database\MySQLi\Connection->execute('SELECT `q`.`id`...')
#2 C:\xampp\htdocs\ITE311-CASTILLO\system\Database\BaseConnection.php(646): CodeIgniter\Database\BaseConnection->simpleQuery('SELECT `q`.`id`...')
#3 C:\xampp\htdocs\ITE311-CASTILLO\system\Database\BaseBuilder.php(1649): CodeIgniter\Database\BaseConnection->query('SELECT `q`.`id`...', Array, false)
#4 C:\xampp\htdocs\ITE311-CASTILLO\app\Controllers\Teacher\Quizzes.php(44): CodeIgniter\Database\BaseBuilder->get()
#5 C:\xampp\htdocs\ITE311-CASTILLO\system\CodeIgniter.php(933): App\Controllers\Teacher\Quizzes->index()
#6 C:\xampp\htdocs\ITE311-CASTILLO\system\CodeIgniter.php(507): CodeIgniter\CodeIgniter->runController(Object(App\Controllers\Teacher\Quizzes))
#7 C:\xampp\htdocs\ITE311-CASTILLO\system\CodeIgniter.php(354): CodeIgniter\CodeIgniter->handleRequest(NULL, Object(Config\Cache), false)
#8 C:\xampp\htdocs\ITE311-CASTILLO\system\Boot.php(363): CodeIgniter\CodeIgniter->run()
#9 C:\xampp\htdocs\ITE311-CASTILLO\system\Boot.php(68): CodeIgniter\Boot::runCodeIgniter(Object(CodeIgniter\CodeIgniter))
#10 C:\xampp\htdocs\ITE311-CASTILLO\public\index.php(70): CodeIgniter\Boot::bootWeb(Object(Config\Paths))
#11 C:\xampp\htdocs\ITE311-CASTILLO\system\rewrite.php(44): require_once('C:\\xampp\\htdocs...')
#12 {main}
CRITICAL - 2025-12-05 02:15:03 --> CodeIgniter\Database\Exceptions\DatabaseException: Unknown column 'q.title' in 'field list'
[Method: GET, Route: teacher/quizzes]
in SYSTEMPATH\Database\BaseConnection.php on line 684.
 1 SYSTEMPATH\Database\BaseBuilder.php(1649): CodeIgniter\Database\BaseConnection->query('SELECT `q`.`id`, `q`.`title`, `q`.`question`, `l`.`title` AS `lesson_title`, `c`.`title` AS `course_title`
FROM `quizzes` `q`
JOIN `lessons` `l` ON `l`.`id` = `q`.`lesson_id`
JOIN `courses` `c` ON `c`.`id` = `l`.`course_id`
WHERE `c`.`teacher_id` = :c.teacher_id:
ORDER BY `q`.`created_at` DESC', [...], false)
 2 APPPATH\Controllers\Teacher\Quizzes.php(44): CodeIgniter\Database\BaseBuilder->get()
 3 SYSTEMPATH\CodeIgniter.php(933): App\Controllers\Teacher\Quizzes->index()
 4 SYSTEMPATH\CodeIgniter.php(507): CodeIgniter\CodeIgniter->runController(Object(App\Controllers\Teacher\Quizzes))
 5 SYSTEMPATH\CodeIgniter.php(354): CodeIgniter\CodeIgniter->handleRequest(null, Object(Config\Cache), false)
 6 SYSTEMPATH\Boot.php(363): CodeIgniter\CodeIgniter->run()
 7 SYSTEMPATH\Boot.php(68): CodeIgniter\Boot::runCodeIgniter(Object(CodeIgniter\CodeIgniter))
 8 FCPATH\index.php(70): CodeIgniter\Boot::bootWeb(Object(Config\Paths))
 9 SYSTEMPATH\rewrite.php(44): require_once('C:\\xampp\\htdocs\\ITE311-CASTILLO\\public\\index.php')
CRITICAL - 2025-12-05 02:15:03 --> [Caused by] CodeIgniter\Database\Exceptions\DatabaseException: Unknown column 'q.title' in 'field list'
in SYSTEMPATH\Database\MySQLi\Connection.php on line 332.
 1 SYSTEMPATH\Database\BaseConnection.php(729): CodeIgniter\Database\MySQLi\Connection->execute('SELECT `q`.`id`, `q`.`title`, `q`.`question`, `l`.`title` AS `lesson_title`, `c`.`title` AS `course_title`
FROM `quizzes` `q`
JOIN `lessons` `l` ON `l`.`id` = `q`.`lesson_id`
JOIN `courses` `c` ON `c`.`id` = `l`.`course_id`
WHERE `c`.`teacher_id` = 33
ORDER BY `q`.`created_at` DESC')
 2 SYSTEMPATH\Database\BaseConnection.php(646): CodeIgniter\Database\BaseConnection->simpleQuery('SELECT `q`.`id`, `q`.`title`, `q`.`question`, `l`.`title` AS `lesson_title`, `c`.`title` AS `course_title`
FROM `quizzes` `q`
JOIN `lessons` `l` ON `l`.`id` = `q`.`lesson_id`
JOIN `courses` `c` ON `c`.`id` = `l`.`course_id`
WHERE `c`.`teacher_id` = 33
ORDER BY `q`.`created_at` DESC')
 3 SYSTEMPATH\Database\BaseBuilder.php(1649): CodeIgniter\Database\BaseConnection->query('SELECT `q`.`id`, `q`.`title`, `q`.`question`, `l`.`title` AS `lesson_title`, `c`.`title` AS `course_title`
FROM `quizzes` `q`
JOIN `lessons` `l` ON `l`.`id` = `q`.`lesson_id`
JOIN `courses` `c` ON `c`.`id` = `l`.`course_id`
WHERE `c`.`teacher_id` = :c.teacher_id:
ORDER BY `q`.`created_at` DESC', [...], false)
 4 APPPATH\Controllers\Teacher\Quizzes.php(44): CodeIgniter\Database\BaseBuilder->get()
 5 SYSTEMPATH\CodeIgniter.php(933): App\Controllers\Teacher\Quizzes->index()
 6 SYSTEMPATH\CodeIgniter.php(507): CodeIgniter\CodeIgniter->runController(Object(App\Controllers\Teacher\Quizzes))
 7 SYSTEMPATH\CodeIgniter.php(354): CodeIgniter\CodeIgniter->handleRequest(null, Object(Config\Cache), false)
 8 SYSTEMPATH\Boot.php(363): CodeIgniter\CodeIgniter->run()
 9 SYSTEMPATH\Boot.php(68): CodeIgniter\Boot::runCodeIgniter(Object(CodeIgniter\CodeIgniter))
10 FCPATH\index.php(70): CodeIgniter\Boot::bootWeb(Object(Config\Paths))
11 SYSTEMPATH\rewrite.php(44): require_once('C:\\xampp\\htdocs\\ITE311-CASTILLO\\public\\index.php')
CRITICAL - 2025-12-05 02:15:03 --> [Caused by] mysqli_sql_exception: Unknown column 'q.title' in 'field list'
in SYSTEMPATH\Database\MySQLi\Connection.php on line 327.
 1 SYSTEMPATH\Database\MySQLi\Connection.php(327): mysqli->query('SELECT `q`.`id`, `q`.`title`, `q`.`question`, `l`.`title` AS `lesson_title`, `c`.`title` AS `course_title`
FROM `quizzes` `q`
JOIN `lessons` `l` ON `l`.`id` = `q`.`lesson_id`
JOIN `courses` `c` ON `c`.`id` = `l`.`course_id`
WHERE `c`.`teacher_id` = 33
ORDER BY `q`.`created_at` DESC', 0)
 2 SYSTEMPATH\Database\BaseConnection.php(729): CodeIgniter\Database\MySQLi\Connection->execute('SELECT `q`.`id`, `q`.`title`, `q`.`question`, `l`.`title` AS `lesson_title`, `c`.`title` AS `course_title`
FROM `quizzes` `q`
JOIN `lessons` `l` ON `l`.`id` = `q`.`lesson_id`
JOIN `courses` `c` ON `c`.`id` = `l`.`course_id`
WHERE `c`.`teacher_id` = 33
ORDER BY `q`.`created_at` DESC')
 3 SYSTEMPATH\Database\BaseConnection.php(646): CodeIgniter\Database\BaseConnection->simpleQuery('SELECT `q`.`id`, `q`.`title`, `q`.`question`, `l`.`title` AS `lesson_title`, `c`.`title` AS `course_title`
FROM `quizzes` `q`
JOIN `lessons` `l` ON `l`.`id` = `q`.`lesson_id`
JOIN `courses` `c` ON `c`.`id` = `l`.`course_id`
WHERE `c`.`teacher_id` = 33
ORDER BY `q`.`created_at` DESC')
 4 SYSTEMPATH\Database\BaseBuilder.php(1649): CodeIgniter\Database\BaseConnection->query('SELECT `q`.`id`, `q`.`title`, `q`.`question`, `l`.`title` AS `lesson_title`, `c`.`title` AS `course_title`
FROM `quizzes` `q`
JOIN `lessons` `l` ON `l`.`id` = `q`.`lesson_id`
JOIN `courses` `c` ON `c`.`id` = `l`.`course_id`
WHERE `c`.`teacher_id` = :c.teacher_id:
ORDER BY `q`.`created_at` DESC', [...], false)
 5 APPPATH\Controllers\Teacher\Quizzes.php(44): CodeIgniter\Database\BaseBuilder->get()
 6 SYSTEMPATH\CodeIgniter.php(933): App\Controllers\Teacher\Quizzes->index()
 7 SYSTEMPATH\CodeIgniter.php(507): CodeIgniter\CodeIgniter->runController(Object(App\Controllers\Teacher\Quizzes))
 8 SYSTEMPATH\CodeIgniter.php(354): CodeIgniter\CodeIgniter->handleRequest(null, Object(Config\Cache), false)
 9 SYSTEMPATH\Boot.php(363): CodeIgniter\CodeIgniter->run()
10 SYSTEMPATH\Boot.php(68): CodeIgniter\Boot::runCodeIgniter(Object(CodeIgniter\CodeIgniter))
11 FCPATH\index.php(70): CodeIgniter\Boot::bootWeb(Object(Config\Paths))
12 SYSTEMPATH\rewrite.php(44): require_once('C:\\xampp\\htdocs\\ITE311-CASTILLO\\public\\index.php')
ERROR - 2025-12-05 02:15:05 --> mysqli_sql_exception: Unknown column 'q.title' in 'field list' in C:\xampp\htdocs\ITE311-CASTILLO\system\Database\MySQLi\Connection.php:327
Stack trace:
#0 C:\xampp\htdocs\ITE311-CASTILLO\system\Database\MySQLi\Connection.php(327): mysqli->query('SELECT `q`.`id`...', 0)
#1 C:\xampp\htdocs\ITE311-CASTILLO\system\Database\BaseConnection.php(729): CodeIgniter\Database\MySQLi\Connection->execute('SELECT `q`.`id`...')
#2 C:\xampp\htdocs\ITE311-CASTILLO\system\Database\BaseConnection.php(646): CodeIgniter\Database\BaseConnection->simpleQuery('SELECT `q`.`id`...')
#3 C:\xampp\htdocs\ITE311-CASTILLO\system\Database\BaseBuilder.php(1649): CodeIgniter\Database\BaseConnection->query('SELECT `q`.`id`...', Array, false)
#4 C:\xampp\htdocs\ITE311-CASTILLO\app\Controllers\Teacher\Quizzes.php(44): CodeIgniter\Database\BaseBuilder->get()
#5 C:\xampp\htdocs\ITE311-CASTILLO\system\CodeIgniter.php(933): App\Controllers\Teacher\Quizzes->index()
#6 C:\xampp\htdocs\ITE311-CASTILLO\system\CodeIgniter.php(507): CodeIgniter\CodeIgniter->runController(Object(App\Controllers\Teacher\Quizzes))
#7 C:\xampp\htdocs\ITE311-CASTILLO\system\CodeIgniter.php(354): CodeIgniter\CodeIgniter->handleRequest(NULL, Object(Config\Cache), false)
#8 C:\xampp\htdocs\ITE311-CASTILLO\system\Boot.php(363): CodeIgniter\CodeIgniter->run()
#9 C:\xampp\htdocs\ITE311-CASTILLO\system\Boot.php(68): CodeIgniter\Boot::runCodeIgniter(Object(CodeIgniter\CodeIgniter))
#10 C:\xampp\htdocs\ITE311-CASTILLO\public\index.php(70): CodeIgniter\Boot::bootWeb(Object(Config\Paths))
#11 C:\xampp\htdocs\ITE311-CASTILLO\system\rewrite.php(44): require_once('C:\\xampp\\htdocs...')
#12 {main}
CRITICAL - 2025-12-05 02:15:05 --> CodeIgniter\Database\Exceptions\DatabaseException: Unknown column 'q.title' in 'field list'
[Method: GET, Route: teacher/quizzes]
in SYSTEMPATH\Database\BaseConnection.php on line 684.
 1 SYSTEMPATH\Database\BaseBuilder.php(1649): CodeIgniter\Database\BaseConnection->query('SELECT `q`.`id`, `q`.`title`, `q`.`question`, `l`.`title` AS `lesson_title`, `c`.`title` AS `course_title`
FROM `quizzes` `q`
JOIN `lessons` `l` ON `l`.`id` = `q`.`lesson_id`
JOIN `courses` `c` ON `c`.`id` = `l`.`course_id`
WHERE `c`.`teacher_id` = :c.teacher_id:
ORDER BY `q`.`created_at` DESC', [...], false)
 2 APPPATH\Controllers\Teacher\Quizzes.php(44): CodeIgniter\Database\BaseBuilder->get()
 3 SYSTEMPATH\CodeIgniter.php(933): App\Controllers\Teacher\Quizzes->index()
 4 SYSTEMPATH\CodeIgniter.php(507): CodeIgniter\CodeIgniter->runController(Object(App\Controllers\Teacher\Quizzes))
 5 SYSTEMPATH\CodeIgniter.php(354): CodeIgniter\CodeIgniter->handleRequest(null, Object(Config\Cache), false)
 6 SYSTEMPATH\Boot.php(363): CodeIgniter\CodeIgniter->run()
 7 SYSTEMPATH\Boot.php(68): CodeIgniter\Boot::runCodeIgniter(Object(CodeIgniter\CodeIgniter))
 8 FCPATH\index.php(70): CodeIgniter\Boot::bootWeb(Object(Config\Paths))
 9 SYSTEMPATH\rewrite.php(44): require_once('C:\\xampp\\htdocs\\ITE311-CASTILLO\\public\\index.php')
CRITICAL - 2025-12-05 02:15:05 --> [Caused by] CodeIgniter\Database\Exceptions\DatabaseException: Unknown column 'q.title' in 'field list'
in SYSTEMPATH\Database\MySQLi\Connection.php on line 332.
 1 SYSTEMPATH\Database\BaseConnection.php(729): CodeIgniter\Database\MySQLi\Connection->execute('SELECT `q`.`id`, `q`.`title`, `q`.`question`, `l`.`title` AS `lesson_title`, `c`.`title` AS `course_title`
FROM `quizzes` `q`
JOIN `lessons` `l` ON `l`.`id` = `q`.`lesson_id`
JOIN `courses` `c` ON `c`.`id` = `l`.`course_id`
WHERE `c`.`teacher_id` = 33
ORDER BY `q`.`created_at` DESC')
 2 SYSTEMPATH\Database\BaseConnection.php(646): CodeIgniter\Database\BaseConnection->simpleQuery('SELECT `q`.`id`, `q`.`title`, `q`.`question`, `l`.`title` AS `lesson_title`, `c`.`title` AS `course_title`
FROM `quizzes` `q`
JOIN `lessons` `l` ON `l`.`id` = `q`.`lesson_id`
JOIN `courses` `c` ON `c`.`id` = `l`.`course_id`
WHERE `c`.`teacher_id` = 33
ORDER BY `q`.`created_at` DESC')
 3 SYSTEMPATH\Database\BaseBuilder.php(1649): CodeIgniter\Database\BaseConnection->query('SELECT `q`.`id`, `q`.`title`, `q`.`question`, `l`.`title` AS `lesson_title`, `c`.`title` AS `course_title`
FROM `quizzes` `q`
JOIN `lessons` `l` ON `l`.`id` = `q`.`lesson_id`
JOIN `courses` `c` ON `c`.`id` = `l`.`course_id`
WHERE `c`.`teacher_id` = :c.teacher_id:
ORDER BY `q`.`created_at` DESC', [...], false)
 4 APPPATH\Controllers\Teacher\Quizzes.php(44): CodeIgniter\Database\BaseBuilder->get()
 5 SYSTEMPATH\CodeIgniter.php(933): App\Controllers\Teacher\Quizzes->index()
 6 SYSTEMPATH\CodeIgniter.php(507): CodeIgniter\CodeIgniter->runController(Object(App\Controllers\Teacher\Quizzes))
 7 SYSTEMPATH\CodeIgniter.php(354): CodeIgniter\CodeIgniter->handleRequest(null, Object(Config\Cache), false)
 8 SYSTEMPATH\Boot.php(363): CodeIgniter\CodeIgniter->run()
 9 SYSTEMPATH\Boot.php(68): CodeIgniter\Boot::runCodeIgniter(Object(CodeIgniter\CodeIgniter))
10 FCPATH\index.php(70): CodeIgniter\Boot::bootWeb(Object(Config\Paths))
11 SYSTEMPATH\rewrite.php(44): require_once('C:\\xampp\\htdocs\\ITE311-CASTILLO\\public\\index.php')
CRITICAL - 2025-12-05 02:15:05 --> [Caused by] mysqli_sql_exception: Unknown column 'q.title' in 'field list'
in SYSTEMPATH\Database\MySQLi\Connection.php on line 327.
 1 SYSTEMPATH\Database\MySQLi\Connection.php(327): mysqli->query('SELECT `q`.`id`, `q`.`title`, `q`.`question`, `l`.`title` AS `lesson_title`, `c`.`title` AS `course_title`
FROM `quizzes` `q`
JOIN `lessons` `l` ON `l`.`id` = `q`.`lesson_id`
JOIN `courses` `c` ON `c`.`id` = `l`.`course_id`
WHERE `c`.`teacher_id` = 33
ORDER BY `q`.`created_at` DESC', 0)
 2 SYSTEMPATH\Database\BaseConnection.php(729): CodeIgniter\Database\MySQLi\Connection->execute('SELECT `q`.`id`, `q`.`title`, `q`.`question`, `l`.`title` AS `lesson_title`, `c`.`title` AS `course_title`
FROM `quizzes` `q`
JOIN `lessons` `l` ON `l`.`id` = `q`.`lesson_id`
JOIN `courses` `c` ON `c`.`id` = `l`.`course_id`
WHERE `c`.`teacher_id` = 33
ORDER BY `q`.`created_at` DESC')
 3 SYSTEMPATH\Database\BaseConnection.php(646): CodeIgniter\Database\BaseConnection->simpleQuery('SELECT `q`.`id`, `q`.`title`, `q`.`question`, `l`.`title` AS `lesson_title`, `c`.`title` AS `course_title`
FROM `quizzes` `q`
JOIN `lessons` `l` ON `l`.`id` = `q`.`lesson_id`
JOIN `courses` `c` ON `c`.`id` = `l`.`course_id`
WHERE `c`.`teacher_id` = 33
ORDER BY `q`.`created_at` DESC')
 4 SYSTEMPATH\Database\BaseBuilder.php(1649): CodeIgniter\Database\BaseConnection->query('SELECT `q`.`id`, `q`.`title`, `q`.`question`, `l`.`title` AS `lesson_title`, `c`.`title` AS `course_title`
FROM `quizzes` `q`
JOIN `lessons` `l` ON `l`.`id` = `q`.`lesson_id`
JOIN `courses` `c` ON `c`.`id` = `l`.`course_id`
WHERE `c`.`teacher_id` = :c.teacher_id:
ORDER BY `q`.`created_at` DESC', [...], false)
 5 APPPATH\Controllers\Teacher\Quizzes.php(44): CodeIgniter\Database\BaseBuilder->get()
 6 SYSTEMPATH\CodeIgniter.php(933): App\Controllers\Teacher\Quizzes->index()
 7 SYSTEMPATH\CodeIgniter.php(507): CodeIgniter\CodeIgniter->runController(Object(App\Controllers\Teacher\Quizzes))
 8 SYSTEMPATH\CodeIgniter.php(354): CodeIgniter\CodeIgniter->handleRequest(null, Object(Config\Cache), false)
 9 SYSTEMPATH\Boot.php(363): CodeIgniter\CodeIgniter->run()
10 SYSTEMPATH\Boot.php(68): CodeIgniter\Boot::runCodeIgniter(Object(CodeIgniter\CodeIgniter))
11 FCPATH\index.php(70): CodeIgniter\Boot::bootWeb(Object(Config\Paths))
12 SYSTEMPATH\rewrite.php(44): require_once('C:\\xampp\\htdocs\\ITE311-CASTILLO\\public\\index.php')
ERROR - 2025-12-05 02:15:11 --> mysqli_sql_exception: Unknown column 'q.title' in 'field list' in C:\xampp\htdocs\ITE311-CASTILLO\system\Database\MySQLi\Connection.php:327
Stack trace:
#0 C:\xampp\htdocs\ITE311-CASTILLO\system\Database\MySQLi\Connection.php(327): mysqli->query('SELECT `q`.`id`...', 0)
#1 C:\xampp\htdocs\ITE311-CASTILLO\system\Database\BaseConnection.php(729): CodeIgniter\Database\MySQLi\Connection->execute('SELECT `q`.`id`...')
#2 C:\xampp\htdocs\ITE311-CASTILLO\system\Database\BaseConnection.php(646): CodeIgniter\Database\BaseConnection->simpleQuery('SELECT `q`.`id`...')
#3 C:\xampp\htdocs\ITE311-CASTILLO\system\Database\BaseBuilder.php(1649): CodeIgniter\Database\BaseConnection->query('SELECT `q`.`id`...', Array, false)
#4 C:\xampp\htdocs\ITE311-CASTILLO\app\Controllers\Teacher\Quizzes.php(44): CodeIgniter\Database\BaseBuilder->get()
#5 C:\xampp\htdocs\ITE311-CASTILLO\system\CodeIgniter.php(933): App\Controllers\Teacher\Quizzes->index()
#6 C:\xampp\htdocs\ITE311-CASTILLO\system\CodeIgniter.php(507): CodeIgniter\CodeIgniter->runController(Object(App\Controllers\Teacher\Quizzes))
#7 C:\xampp\htdocs\ITE311-CASTILLO\system\CodeIgniter.php(354): CodeIgniter\CodeIgniter->handleRequest(NULL, Object(Config\Cache), false)
#8 C:\xampp\htdocs\ITE311-CASTILLO\system\Boot.php(363): CodeIgniter\CodeIgniter->run()
#9 C:\xampp\htdocs\ITE311-CASTILLO\system\Boot.php(68): CodeIgniter\Boot::runCodeIgniter(Object(CodeIgniter\CodeIgniter))
#10 C:\xampp\htdocs\ITE311-CASTILLO\public\index.php(70): CodeIgniter\Boot::bootWeb(Object(Config\Paths))
#11 C:\xampp\htdocs\ITE311-CASTILLO\system\rewrite.php(44): require_once('C:\\xampp\\htdocs...')
#12 {main}
CRITICAL - 2025-12-05 02:15:11 --> CodeIgniter\Database\Exceptions\DatabaseException: Unknown column 'q.title' in 'field list'
[Method: GET, Route: teacher/quizzes]
in SYSTEMPATH\Database\BaseConnection.php on line 684.
 1 SYSTEMPATH\Database\BaseBuilder.php(1649): CodeIgniter\Database\BaseConnection->query('SELECT `q`.`id`, `q`.`title`, `q`.`question`, `l`.`title` AS `lesson_title`, `c`.`title` AS `course_title`
FROM `quizzes` `q`
JOIN `lessons` `l` ON `l`.`id` = `q`.`lesson_id`
JOIN `courses` `c` ON `c`.`id` = `l`.`course_id`
WHERE `c`.`teacher_id` = :c.teacher_id:
ORDER BY `q`.`created_at` DESC', [...], false)
 2 APPPATH\Controllers\Teacher\Quizzes.php(44): CodeIgniter\Database\BaseBuilder->get()
 3 SYSTEMPATH\CodeIgniter.php(933): App\Controllers\Teacher\Quizzes->index()
 4 SYSTEMPATH\CodeIgniter.php(507): CodeIgniter\CodeIgniter->runController(Object(App\Controllers\Teacher\Quizzes))
 5 SYSTEMPATH\CodeIgniter.php(354): CodeIgniter\CodeIgniter->handleRequest(null, Object(Config\Cache), false)
 6 SYSTEMPATH\Boot.php(363): CodeIgniter\CodeIgniter->run()
 7 SYSTEMPATH\Boot.php(68): CodeIgniter\Boot::runCodeIgniter(Object(CodeIgniter\CodeIgniter))
 8 FCPATH\index.php(70): CodeIgniter\Boot::bootWeb(Object(Config\Paths))
 9 SYSTEMPATH\rewrite.php(44): require_once('C:\\xampp\\htdocs\\ITE311-CASTILLO\\public\\index.php')
CRITICAL - 2025-12-05 02:15:11 --> [Caused by] CodeIgniter\Database\Exceptions\DatabaseException: Unknown column 'q.title' in 'field list'
in SYSTEMPATH\Database\MySQLi\Connection.php on line 332.
 1 SYSTEMPATH\Database\BaseConnection.php(729): CodeIgniter\Database\MySQLi\Connection->execute('SELECT `q`.`id`, `q`.`title`, `q`.`question`, `l`.`title` AS `lesson_title`, `c`.`title` AS `course_title`
FROM `quizzes` `q`
JOIN `lessons` `l` ON `l`.`id` = `q`.`lesson_id`
JOIN `courses` `c` ON `c`.`id` = `l`.`course_id`
WHERE `c`.`teacher_id` = 33
ORDER BY `q`.`created_at` DESC')
 2 SYSTEMPATH\Database\BaseConnection.php(646): CodeIgniter\Database\BaseConnection->simpleQuery('SELECT `q`.`id`, `q`.`title`, `q`.`question`, `l`.`title` AS `lesson_title`, `c`.`title` AS `course_title`
FROM `quizzes` `q`
JOIN `lessons` `l` ON `l`.`id` = `q`.`lesson_id`
JOIN `courses` `c` ON `c`.`id` = `l`.`course_id`
WHERE `c`.`teacher_id` = 33
ORDER BY `q`.`created_at` DESC')
 3 SYSTEMPATH\Database\BaseBuilder.php(1649): CodeIgniter\Database\BaseConnection->query('SELECT `q`.`id`, `q`.`title`, `q`.`question`, `l`.`title` AS `lesson_title`, `c`.`title` AS `course_title`
FROM `quizzes` `q`
JOIN `lessons` `l` ON `l`.`id` = `q`.`lesson_id`
JOIN `courses` `c` ON `c`.`id` = `l`.`course_id`
WHERE `c`.`teacher_id` = :c.teacher_id:
ORDER BY `q`.`created_at` DESC', [...], false)
 4 APPPATH\Controllers\Teacher\Quizzes.php(44): CodeIgniter\Database\BaseBuilder->get()
 5 SYSTEMPATH\CodeIgniter.php(933): App\Controllers\Teacher\Quizzes->index()
 6 SYSTEMPATH\CodeIgniter.php(507): CodeIgniter\CodeIgniter->runController(Object(App\Controllers\Teacher\Quizzes))
 7 SYSTEMPATH\CodeIgniter.php(354): CodeIgniter\CodeIgniter->handleRequest(null, Object(Config\Cache), false)
 8 SYSTEMPATH\Boot.php(363): CodeIgniter\CodeIgniter->run()
 9 SYSTEMPATH\Boot.php(68): CodeIgniter\Boot::runCodeIgniter(Object(CodeIgniter\CodeIgniter))
10 FCPATH\index.php(70): CodeIgniter\Boot::bootWeb(Object(Config\Paths))
11 SYSTEMPATH\rewrite.php(44): require_once('C:\\xampp\\htdocs\\ITE311-CASTILLO\\public\\index.php')
CRITICAL - 2025-12-05 02:15:11 --> [Caused by] mysqli_sql_exception: Unknown column 'q.title' in 'field list'
in SYSTEMPATH\Database\MySQLi\Connection.php on line 327.
 1 SYSTEMPATH\Database\MySQLi\Connection.php(327): mysqli->query('SELECT `q`.`id`, `q`.`title`, `q`.`question`, `l`.`title` AS `lesson_title`, `c`.`title` AS `course_title`
FROM `quizzes` `q`
JOIN `lessons` `l` ON `l`.`id` = `q`.`lesson_id`
JOIN `courses` `c` ON `c`.`id` = `l`.`course_id`
WHERE `c`.`teacher_id` = 33
ORDER BY `q`.`created_at` DESC', 0)
 2 SYSTEMPATH\Database\BaseConnection.php(729): CodeIgniter\Database\MySQLi\Connection->execute('SELECT `q`.`id`, `q`.`title`, `q`.`question`, `l`.`title` AS `lesson_title`, `c`.`title` AS `course_title`
FROM `quizzes` `q`
JOIN `lessons` `l` ON `l`.`id` = `q`.`lesson_id`
JOIN `courses` `c` ON `c`.`id` = `l`.`course_id`
WHERE `c`.`teacher_id` = 33
ORDER BY `q`.`created_at` DESC')
 3 SYSTEMPATH\Database\BaseConnection.php(646): CodeIgniter\Database\BaseConnection->simpleQuery('SELECT `q`.`id`, `q`.`title`, `q`.`question`, `l`.`title` AS `lesson_title`, `c`.`title` AS `course_title`
FROM `quizzes` `q`
JOIN `lessons` `l` ON `l`.`id` = `q`.`lesson_id`
JOIN `courses` `c` ON `c`.`id` = `l`.`course_id`
WHERE `c`.`teacher_id` = 33
ORDER BY `q`.`created_at` DESC')
 4 SYSTEMPATH\Database\BaseBuilder.php(1649): CodeIgniter\Database\BaseConnection->query('SELECT `q`.`id`, `q`.`title`, `q`.`question`, `l`.`title` AS `lesson_title`, `c`.`title` AS `course_title`
FROM `quizzes` `q`
JOIN `lessons` `l` ON `l`.`id` = `q`.`lesson_id`
JOIN `courses` `c` ON `c`.`id` = `l`.`course_id`
WHERE `c`.`teacher_id` = :c.teacher_id:
ORDER BY `q`.`created_at` DESC', [...], false)
 5 APPPATH\Controllers\Teacher\Quizzes.php(44): CodeIgniter\Database\BaseBuilder->get()
 6 SYSTEMPATH\CodeIgniter.php(933): App\Controllers\Teacher\Quizzes->index()
 7 SYSTEMPATH\CodeIgniter.php(507): CodeIgniter\CodeIgniter->runController(Object(App\Controllers\Teacher\Quizzes))
 8 SYSTEMPATH\CodeIgniter.php(354): CodeIgniter\CodeIgniter->handleRequest(null, Object(Config\Cache), false)
 9 SYSTEMPATH\Boot.php(363): CodeIgniter\CodeIgniter->run()
10 SYSTEMPATH\Boot.php(68): CodeIgniter\Boot::runCodeIgniter(Object(CodeIgniter\CodeIgniter))
11 FCPATH\index.php(70): CodeIgniter\Boot::bootWeb(Object(Config\Paths))
12 SYSTEMPATH\rewrite.php(44): require_once('C:\\xampp\\htdocs\\ITE311-CASTILLO\\public\\index.php')
ERROR - 2025-12-05 02:15:44 --> mysqli_sql_exception: Unknown column 'q.title' in 'field list' in C:\xampp\htdocs\ITE311-CASTILLO\system\Database\MySQLi\Connection.php:327
Stack trace:
#0 C:\xampp\htdocs\ITE311-CASTILLO\system\Database\MySQLi\Connection.php(327): mysqli->query('SELECT `q`.`id`...', 0)
#1 C:\xampp\htdocs\ITE311-CASTILLO\system\Database\BaseConnection.php(729): CodeIgniter\Database\MySQLi\Connection->execute('SELECT `q`.`id`...')
#2 C:\xampp\htdocs\ITE311-CASTILLO\system\Database\BaseConnection.php(646): CodeIgniter\Database\BaseConnection->simpleQuery('SELECT `q`.`id`...')
#3 C:\xampp\htdocs\ITE311-CASTILLO\system\Database\BaseBuilder.php(1649): CodeIgniter\Database\BaseConnection->query('SELECT `q`.`id`...', Array, false)
#4 C:\xampp\htdocs\ITE311-CASTILLO\app\Controllers\Teacher\Quizzes.php(44): CodeIgniter\Database\BaseBuilder->get()
#5 C:\xampp\htdocs\ITE311-CASTILLO\system\CodeIgniter.php(933): App\Controllers\Teacher\Quizzes->index()
#6 C:\xampp\htdocs\ITE311-CASTILLO\system\CodeIgniter.php(507): CodeIgniter\CodeIgniter->runController(Object(App\Controllers\Teacher\Quizzes))
#7 C:\xampp\htdocs\ITE311-CASTILLO\system\CodeIgniter.php(354): CodeIgniter\CodeIgniter->handleRequest(NULL, Object(Config\Cache), false)
#8 C:\xampp\htdocs\ITE311-CASTILLO\system\Boot.php(363): CodeIgniter\CodeIgniter->run()
#9 C:\xampp\htdocs\ITE311-CASTILLO\system\Boot.php(68): CodeIgniter\Boot::runCodeIgniter(Object(CodeIgniter\CodeIgniter))
#10 C:\xampp\htdocs\ITE311-CASTILLO\public\index.php(70): CodeIgniter\Boot::bootWeb(Object(Config\Paths))
#11 C:\xampp\htdocs\ITE311-CASTILLO\system\rewrite.php(44): require_once('C:\\xampp\\htdocs...')
#12 {main}
CRITICAL - 2025-12-05 02:15:44 --> CodeIgniter\Database\Exceptions\DatabaseException: Unknown column 'q.title' in 'field list'
[Method: GET, Route: teacher/quizzes]
in SYSTEMPATH\Database\BaseConnection.php on line 684.
 1 SYSTEMPATH\Database\BaseBuilder.php(1649): CodeIgniter\Database\BaseConnection->query('SELECT `q`.`id`, `q`.`title`, `q`.`question`, `l`.`title` AS `lesson_title`, `c`.`title` AS `course_title`
FROM `quizzes` `q`
JOIN `lessons` `l` ON `l`.`id` = `q`.`lesson_id`
JOIN `courses` `c` ON `c`.`id` = `l`.`course_id`
WHERE `c`.`teacher_id` = :c.teacher_id:
ORDER BY `q`.`created_at` DESC', [...], false)
 2 APPPATH\Controllers\Teacher\Quizzes.php(44): CodeIgniter\Database\BaseBuilder->get()
 3 SYSTEMPATH\CodeIgniter.php(933): App\Controllers\Teacher\Quizzes->index()
 4 SYSTEMPATH\CodeIgniter.php(507): CodeIgniter\CodeIgniter->runController(Object(App\Controllers\Teacher\Quizzes))
 5 SYSTEMPATH\CodeIgniter.php(354): CodeIgniter\CodeIgniter->handleRequest(null, Object(Config\Cache), false)
 6 SYSTEMPATH\Boot.php(363): CodeIgniter\CodeIgniter->run()
 7 SYSTEMPATH\Boot.php(68): CodeIgniter\Boot::runCodeIgniter(Object(CodeIgniter\CodeIgniter))
 8 FCPATH\index.php(70): CodeIgniter\Boot::bootWeb(Object(Config\Paths))
 9 SYSTEMPATH\rewrite.php(44): require_once('C:\\xampp\\htdocs\\ITE311-CASTILLO\\public\\index.php')
CRITICAL - 2025-12-05 02:15:44 --> [Caused by] CodeIgniter\Database\Exceptions\DatabaseException: Unknown column 'q.title' in 'field list'
in SYSTEMPATH\Database\MySQLi\Connection.php on line 332.
 1 SYSTEMPATH\Database\BaseConnection.php(729): CodeIgniter\Database\MySQLi\Connection->execute('SELECT `q`.`id`, `q`.`title`, `q`.`question`, `l`.`title` AS `lesson_title`, `c`.`title` AS `course_title`
FROM `quizzes` `q`
JOIN `lessons` `l` ON `l`.`id` = `q`.`lesson_id`
JOIN `courses` `c` ON `c`.`id` = `l`.`course_id`
WHERE `c`.`teacher_id` = 33
ORDER BY `q`.`created_at` DESC')
 2 SYSTEMPATH\Database\BaseConnection.php(646): CodeIgniter\Database\BaseConnection->simpleQuery('SELECT `q`.`id`, `q`.`title`, `q`.`question`, `l`.`title` AS `lesson_title`, `c`.`title` AS `course_title`
FROM `quizzes` `q`
JOIN `lessons` `l` ON `l`.`id` = `q`.`lesson_id`
JOIN `courses` `c` ON `c`.`id` = `l`.`course_id`
WHERE `c`.`teacher_id` = 33
ORDER BY `q`.`created_at` DESC')
 3 SYSTEMPATH\Database\BaseBuilder.php(1649): CodeIgniter\Database\BaseConnection->query('SELECT `q`.`id`, `q`.`title`, `q`.`question`, `l`.`title` AS `lesson_title`, `c`.`title` AS `course_title`
FROM `quizzes` `q`
JOIN `lessons` `l` ON `l`.`id` = `q`.`lesson_id`
JOIN `courses` `c` ON `c`.`id` = `l`.`course_id`
WHERE `c`.`teacher_id` = :c.teacher_id:
ORDER BY `q`.`created_at` DESC', [...], false)
 4 APPPATH\Controllers\Teacher\Quizzes.php(44): CodeIgniter\Database\BaseBuilder->get()
 5 SYSTEMPATH\CodeIgniter.php(933): App\Controllers\Teacher\Quizzes->index()
 6 SYSTEMPATH\CodeIgniter.php(507): CodeIgniter\CodeIgniter->runController(Object(App\Controllers\Teacher\Quizzes))
 7 SYSTEMPATH\CodeIgniter.php(354): CodeIgniter\CodeIgniter->handleRequest(null, Object(Config\Cache), false)
 8 SYSTEMPATH\Boot.php(363): CodeIgniter\CodeIgniter->run()
 9 SYSTEMPATH\Boot.php(68): CodeIgniter\Boot::runCodeIgniter(Object(CodeIgniter\CodeIgniter))
10 FCPATH\index.php(70): CodeIgniter\Boot::bootWeb(Object(Config\Paths))
11 SYSTEMPATH\rewrite.php(44): require_once('C:\\xampp\\htdocs\\ITE311-CASTILLO\\public\\index.php')
CRITICAL - 2025-12-05 02:15:44 --> [Caused by] mysqli_sql_exception: Unknown column 'q.title' in 'field list'
in SYSTEMPATH\Database\MySQLi\Connection.php on line 327.
 1 SYSTEMPATH\Database\MySQLi\Connection.php(327): mysqli->query('SELECT `q`.`id`, `q`.`title`, `q`.`question`, `l`.`title` AS `lesson_title`, `c`.`title` AS `course_title`
FROM `quizzes` `q`
JOIN `lessons` `l` ON `l`.`id` = `q`.`lesson_id`
JOIN `courses` `c` ON `c`.`id` = `l`.`course_id`
WHERE `c`.`teacher_id` = 33
ORDER BY `q`.`created_at` DESC', 0)
 2 SYSTEMPATH\Database\BaseConnection.php(729): CodeIgniter\Database\MySQLi\Connection->execute('SELECT `q`.`id`, `q`.`title`, `q`.`question`, `l`.`title` AS `lesson_title`, `c`.`title` AS `course_title`
FROM `quizzes` `q`
JOIN `lessons` `l` ON `l`.`id` = `q`.`lesson_id`
JOIN `courses` `c` ON `c`.`id` = `l`.`course_id`
WHERE `c`.`teacher_id` = 33
ORDER BY `q`.`created_at` DESC')
 3 SYSTEMPATH\Database\BaseConnection.php(646): CodeIgniter\Database\BaseConnection->simpleQuery('SELECT `q`.`id`, `q`.`title`, `q`.`question`, `l`.`title` AS `lesson_title`, `c`.`title` AS `course_title`
FROM `quizzes` `q`
JOIN `lessons` `l` ON `l`.`id` = `q`.`lesson_id`
JOIN `courses` `c` ON `c`.`id` = `l`.`course_id`
WHERE `c`.`teacher_id` = 33
ORDER BY `q`.`created_at` DESC')
 4 SYSTEMPATH\Database\BaseBuilder.php(1649): CodeIgniter\Database\BaseConnection->query('SELECT `q`.`id`, `q`.`title`, `q`.`question`, `l`.`title` AS `lesson_title`, `c`.`title` AS `course_title`
FROM `quizzes` `q`
JOIN `lessons` `l` ON `l`.`id` = `q`.`lesson_id`
JOIN `courses` `c` ON `c`.`id` = `l`.`course_id`
WHERE `c`.`teacher_id` = :c.teacher_id:
ORDER BY `q`.`created_at` DESC', [...], false)
 5 APPPATH\Controllers\Teacher\Quizzes.php(44): CodeIgniter\Database\BaseBuilder->get()
 6 SYSTEMPATH\CodeIgniter.php(933): App\Controllers\Teacher\Quizzes->index()
 7 SYSTEMPATH\CodeIgniter.php(507): CodeIgniter\CodeIgniter->runController(Object(App\Controllers\Teacher\Quizzes))
 8 SYSTEMPATH\CodeIgniter.php(354): CodeIgniter\CodeIgniter->handleRequest(null, Object(Config\Cache), false)
 9 SYSTEMPATH\Boot.php(363): CodeIgniter\CodeIgniter->run()
10 SYSTEMPATH\Boot.php(68): CodeIgniter\Boot::runCodeIgniter(Object(CodeIgniter\CodeIgniter))
11 FCPATH\index.php(70): CodeIgniter\Boot::bootWeb(Object(Config\Paths))
12 SYSTEMPATH\rewrite.php(44): require_once('C:\\xampp\\htdocs\\ITE311-CASTILLO\\public\\index.php')
ERROR - 2025-12-05 02:15:51 --> mysqli_sql_exception: Unknown column 'q.title' in 'field list' in C:\xampp\htdocs\ITE311-CASTILLO\system\Database\MySQLi\Connection.php:327
Stack trace:
#0 C:\xampp\htdocs\ITE311-CASTILLO\system\Database\MySQLi\Connection.php(327): mysqli->query('SELECT `q`.`id`...', 0)
#1 C:\xampp\htdocs\ITE311-CASTILLO\system\Database\BaseConnection.php(729): CodeIgniter\Database\MySQLi\Connection->execute('SELECT `q`.`id`...')
#2 C:\xampp\htdocs\ITE311-CASTILLO\system\Database\BaseConnection.php(646): CodeIgniter\Database\BaseConnection->simpleQuery('SELECT `q`.`id`...')
#3 C:\xampp\htdocs\ITE311-CASTILLO\system\Database\BaseBuilder.php(1649): CodeIgniter\Database\BaseConnection->query('SELECT `q`.`id`...', Array, false)
#4 C:\xampp\htdocs\ITE311-CASTILLO\app\Controllers\Teacher\Quizzes.php(44): CodeIgniter\Database\BaseBuilder->get()
#5 C:\xampp\htdocs\ITE311-CASTILLO\system\CodeIgniter.php(933): App\Controllers\Teacher\Quizzes->index()
#6 C:\xampp\htdocs\ITE311-CASTILLO\system\CodeIgniter.php(507): CodeIgniter\CodeIgniter->runController(Object(App\Controllers\Teacher\Quizzes))
#7 C:\xampp\htdocs\ITE311-CASTILLO\system\CodeIgniter.php(354): CodeIgniter\CodeIgniter->handleRequest(NULL, Object(Config\Cache), false)
#8 C:\xampp\htdocs\ITE311-CASTILLO\system\Boot.php(363): CodeIgniter\CodeIgniter->run()
#9 C:\xampp\htdocs\ITE311-CASTILLO\system\Boot.php(68): CodeIgniter\Boot::runCodeIgniter(Object(CodeIgniter\CodeIgniter))
#10 C:\xampp\htdocs\ITE311-CASTILLO\public\index.php(70): CodeIgniter\Boot::bootWeb(Object(Config\Paths))
#11 C:\xampp\htdocs\ITE311-CASTILLO\system\rewrite.php(44): require_once('C:\\xampp\\htdocs...')
#12 {main}
CRITICAL - 2025-12-05 02:15:51 --> CodeIgniter\Database\Exceptions\DatabaseException: Unknown column 'q.title' in 'field list'
[Method: GET, Route: teacher/quizzes]
in SYSTEMPATH\Database\BaseConnection.php on line 684.
 1 SYSTEMPATH\Database\BaseBuilder.php(1649): CodeIgniter\Database\BaseConnection->query('SELECT `q`.`id`, `q`.`title`, `q`.`question`, `l`.`title` AS `lesson_title`, `c`.`title` AS `course_title`
FROM `quizzes` `q`
JOIN `lessons` `l` ON `l`.`id` = `q`.`lesson_id`
JOIN `courses` `c` ON `c`.`id` = `l`.`course_id`
WHERE `c`.`teacher_id` = :c.teacher_id:
ORDER BY `q`.`created_at` DESC', [...], false)
 2 APPPATH\Controllers\Teacher\Quizzes.php(44): CodeIgniter\Database\BaseBuilder->get()
 3 SYSTEMPATH\CodeIgniter.php(933): App\Controllers\Teacher\Quizzes->index()
 4 SYSTEMPATH\CodeIgniter.php(507): CodeIgniter\CodeIgniter->runController(Object(App\Controllers\Teacher\Quizzes))
 5 SYSTEMPATH\CodeIgniter.php(354): CodeIgniter\CodeIgniter->handleRequest(null, Object(Config\Cache), false)
 6 SYSTEMPATH\Boot.php(363): CodeIgniter\CodeIgniter->run()
 7 SYSTEMPATH\Boot.php(68): CodeIgniter\Boot::runCodeIgniter(Object(CodeIgniter\CodeIgniter))
 8 FCPATH\index.php(70): CodeIgniter\Boot::bootWeb(Object(Config\Paths))
 9 SYSTEMPATH\rewrite.php(44): require_once('C:\\xampp\\htdocs\\ITE311-CASTILLO\\public\\index.php')
CRITICAL - 2025-12-05 02:15:51 --> [Caused by] CodeIgniter\Database\Exceptions\DatabaseException: Unknown column 'q.title' in 'field list'
in SYSTEMPATH\Database\MySQLi\Connection.php on line 332.
 1 SYSTEMPATH\Database\BaseConnection.php(729): CodeIgniter\Database\MySQLi\Connection->execute('SELECT `q`.`id`, `q`.`title`, `q`.`question`, `l`.`title` AS `lesson_title`, `c`.`title` AS `course_title`
FROM `quizzes` `q`
JOIN `lessons` `l` ON `l`.`id` = `q`.`lesson_id`
JOIN `courses` `c` ON `c`.`id` = `l`.`course_id`
WHERE `c`.`teacher_id` = 33
ORDER BY `q`.`created_at` DESC')
 2 SYSTEMPATH\Database\BaseConnection.php(646): CodeIgniter\Database\BaseConnection->simpleQuery('SELECT `q`.`id`, `q`.`title`, `q`.`question`, `l`.`title` AS `lesson_title`, `c`.`title` AS `course_title`
FROM `quizzes` `q`
JOIN `lessons` `l` ON `l`.`id` = `q`.`lesson_id`
JOIN `courses` `c` ON `c`.`id` = `l`.`course_id`
WHERE `c`.`teacher_id` = 33
ORDER BY `q`.`created_at` DESC')
 3 SYSTEMPATH\Database\BaseBuilder.php(1649): CodeIgniter\Database\BaseConnection->query('SELECT `q`.`id`, `q`.`title`, `q`.`question`, `l`.`title` AS `lesson_title`, `c`.`title` AS `course_title`
FROM `quizzes` `q`
JOIN `lessons` `l` ON `l`.`id` = `q`.`lesson_id`
JOIN `courses` `c` ON `c`.`id` = `l`.`course_id`
WHERE `c`.`teacher_id` = :c.teacher_id:
ORDER BY `q`.`created_at` DESC', [...], false)
 4 APPPATH\Controllers\Teacher\Quizzes.php(44): CodeIgniter\Database\BaseBuilder->get()
 5 SYSTEMPATH\CodeIgniter.php(933): App\Controllers\Teacher\Quizzes->index()
 6 SYSTEMPATH\CodeIgniter.php(507): CodeIgniter\CodeIgniter->runController(Object(App\Controllers\Teacher\Quizzes))
 7 SYSTEMPATH\CodeIgniter.php(354): CodeIgniter\CodeIgniter->handleRequest(null, Object(Config\Cache), false)
 8 SYSTEMPATH\Boot.php(363): CodeIgniter\CodeIgniter->run()
 9 SYSTEMPATH\Boot.php(68): CodeIgniter\Boot::runCodeIgniter(Object(CodeIgniter\CodeIgniter))
10 FCPATH\index.php(70): CodeIgniter\Boot::bootWeb(Object(Config\Paths))
11 SYSTEMPATH\rewrite.php(44): require_once('C:\\xampp\\htdocs\\ITE311-CASTILLO\\public\\index.php')
CRITICAL - 2025-12-05 02:15:51 --> [Caused by] mysqli_sql_exception: Unknown column 'q.title' in 'field list'
in SYSTEMPATH\Database\MySQLi\Connection.php on line 327.
 1 SYSTEMPATH\Database\MySQLi\Connection.php(327): mysqli->query('SELECT `q`.`id`, `q`.`title`, `q`.`question`, `l`.`title` AS `lesson_title`, `c`.`title` AS `course_title`
FROM `quizzes` `q`
JOIN `lessons` `l` ON `l`.`id` = `q`.`lesson_id`
JOIN `courses` `c` ON `c`.`id` = `l`.`course_id`
WHERE `c`.`teacher_id` = 33
ORDER BY `q`.`created_at` DESC', 0)
 2 SYSTEMPATH\Database\BaseConnection.php(729): CodeIgniter\Database\MySQLi\Connection->execute('SELECT `q`.`id`, `q`.`title`, `q`.`question`, `l`.`title` AS `lesson_title`, `c`.`title` AS `course_title`
FROM `quizzes` `q`
JOIN `lessons` `l` ON `l`.`id` = `q`.`lesson_id`
JOIN `courses` `c` ON `c`.`id` = `l`.`course_id`
WHERE `c`.`teacher_id` = 33
ORDER BY `q`.`created_at` DESC')
 3 SYSTEMPATH\Database\BaseConnection.php(646): CodeIgniter\Database\BaseConnection->simpleQuery('SELECT `q`.`id`, `q`.`title`, `q`.`question`, `l`.`title` AS `lesson_title`, `c`.`title` AS `course_title`
FROM `quizzes` `q`
JOIN `lessons` `l` ON `l`.`id` = `q`.`lesson_id`
JOIN `courses` `c` ON `c`.`id` = `l`.`course_id`
WHERE `c`.`teacher_id` = 33
ORDER BY `q`.`created_at` DESC')
 4 SYSTEMPATH\Database\BaseBuilder.php(1649): CodeIgniter\Database\BaseConnection->query('SELECT `q`.`id`, `q`.`title`, `q`.`question`, `l`.`title` AS `lesson_title`, `c`.`title` AS `course_title`
FROM `quizzes` `q`
JOIN `lessons` `l` ON `l`.`id` = `q`.`lesson_id`
JOIN `courses` `c` ON `c`.`id` = `l`.`course_id`
WHERE `c`.`teacher_id` = :c.teacher_id:
ORDER BY `q`.`created_at` DESC', [...], false)
 5 APPPATH\Controllers\Teacher\Quizzes.php(44): CodeIgniter\Database\BaseBuilder->get()
 6 SYSTEMPATH\CodeIgniter.php(933): App\Controllers\Teacher\Quizzes->index()
 7 SYSTEMPATH\CodeIgniter.php(507): CodeIgniter\CodeIgniter->runController(Object(App\Controllers\Teacher\Quizzes))
 8 SYSTEMPATH\CodeIgniter.php(354): CodeIgniter\CodeIgniter->handleRequest(null, Object(Config\Cache), false)
 9 SYSTEMPATH\Boot.php(363): CodeIgniter\CodeIgniter->run()
10 SYSTEMPATH\Boot.php(68): CodeIgniter\Boot::runCodeIgniter(Object(CodeIgniter\CodeIgniter))
11 FCPATH\index.php(70): CodeIgniter\Boot::bootWeb(Object(Config\Paths))
12 SYSTEMPATH\rewrite.php(44): require_once('C:\\xampp\\htdocs\\ITE311-CASTILLO\\public\\index.php')
ERROR - 2025-12-05 02:16:26 --> mysqli_sql_exception: Unknown column 'q.title' in 'field list' in C:\xampp\htdocs\ITE311-CASTILLO\system\Database\MySQLi\Connection.php:327
Stack trace:
#0 C:\xampp\htdocs\ITE311-CASTILLO\system\Database\MySQLi\Connection.php(327): mysqli->query('SELECT `q`.`id`...', 0)
#1 C:\xampp\htdocs\ITE311-CASTILLO\system\Database\BaseConnection.php(729): CodeIgniter\Database\MySQLi\Connection->execute('SELECT `q`.`id`...')
#2 C:\xampp\htdocs\ITE311-CASTILLO\system\Database\BaseConnection.php(646): CodeIgniter\Database\BaseConnection->simpleQuery('SELECT `q`.`id`...')
#3 C:\xampp\htdocs\ITE311-CASTILLO\system\Database\BaseBuilder.php(1649): CodeIgniter\Database\BaseConnection->query('SELECT `q`.`id`...', Array, false)
#4 C:\xampp\htdocs\ITE311-CASTILLO\app\Controllers\Teacher\Quizzes.php(44): CodeIgniter\Database\BaseBuilder->get()
#5 C:\xampp\htdocs\ITE311-CASTILLO\system\CodeIgniter.php(933): App\Controllers\Teacher\Quizzes->index()
#6 C:\xampp\htdocs\ITE311-CASTILLO\system\CodeIgniter.php(507): CodeIgniter\CodeIgniter->runController(Object(App\Controllers\Teacher\Quizzes))
#7 C:\xampp\htdocs\ITE311-CASTILLO\system\CodeIgniter.php(354): CodeIgniter\CodeIgniter->handleRequest(NULL, Object(Config\Cache), false)
#8 C:\xampp\htdocs\ITE311-CASTILLO\system\Boot.php(363): CodeIgniter\CodeIgniter->run()
#9 C:\xampp\htdocs\ITE311-CASTILLO\system\Boot.php(68): CodeIgniter\Boot::runCodeIgniter(Object(CodeIgniter\CodeIgniter))
#10 C:\xampp\htdocs\ITE311-CASTILLO\public\index.php(70): CodeIgniter\Boot::bootWeb(Object(Config\Paths))
#11 C:\xampp\htdocs\ITE311-CASTILLO\system\rewrite.php(44): require_once('C:\\xampp\\htdocs...')
#12 {main}
CRITICAL - 2025-12-05 02:16:26 --> CodeIgniter\Database\Exceptions\DatabaseException: Unknown column 'q.title' in 'field list'
[Method: GET, Route: teacher/quizzes]
in SYSTEMPATH\Database\BaseConnection.php on line 684.
 1 SYSTEMPATH\Database\BaseBuilder.php(1649): CodeIgniter\Database\BaseConnection->query('SELECT `q`.`id`, `q`.`title`, `q`.`question`, `l`.`title` AS `lesson_title`, `c`.`title` AS `course_title`
FROM `quizzes` `q`
JOIN `lessons` `l` ON `l`.`id` = `q`.`lesson_id`
JOIN `courses` `c` ON `c`.`id` = `l`.`course_id`
WHERE `c`.`teacher_id` = :c.teacher_id:
ORDER BY `q`.`created_at` DESC', [...], false)
 2 APPPATH\Controllers\Teacher\Quizzes.php(44): CodeIgniter\Database\BaseBuilder->get()
 3 SYSTEMPATH\CodeIgniter.php(933): App\Controllers\Teacher\Quizzes->index()
 4 SYSTEMPATH\CodeIgniter.php(507): CodeIgniter\CodeIgniter->runController(Object(App\Controllers\Teacher\Quizzes))
 5 SYSTEMPATH\CodeIgniter.php(354): CodeIgniter\CodeIgniter->handleRequest(null, Object(Config\Cache), false)
 6 SYSTEMPATH\Boot.php(363): CodeIgniter\CodeIgniter->run()
 7 SYSTEMPATH\Boot.php(68): CodeIgniter\Boot::runCodeIgniter(Object(CodeIgniter\CodeIgniter))
 8 FCPATH\index.php(70): CodeIgniter\Boot::bootWeb(Object(Config\Paths))
 9 SYSTEMPATH\rewrite.php(44): require_once('C:\\xampp\\htdocs\\ITE311-CASTILLO\\public\\index.php')
CRITICAL - 2025-12-05 02:16:26 --> [Caused by] CodeIgniter\Database\Exceptions\DatabaseException: Unknown column 'q.title' in 'field list'
in SYSTEMPATH\Database\MySQLi\Connection.php on line 332.
 1 SYSTEMPATH\Database\BaseConnection.php(729): CodeIgniter\Database\MySQLi\Connection->execute('SELECT `q`.`id`, `q`.`title`, `q`.`question`, `l`.`title` AS `lesson_title`, `c`.`title` AS `course_title`
FROM `quizzes` `q`
JOIN `lessons` `l` ON `l`.`id` = `q`.`lesson_id`
JOIN `courses` `c` ON `c`.`id` = `l`.`course_id`
WHERE `c`.`teacher_id` = 33
ORDER BY `q`.`created_at` DESC')
 2 SYSTEMPATH\Database\BaseConnection.php(646): CodeIgniter\Database\BaseConnection->simpleQuery('SELECT `q`.`id`, `q`.`title`, `q`.`question`, `l`.`title` AS `lesson_title`, `c`.`title` AS `course_title`
FROM `quizzes` `q`
JOIN `lessons` `l` ON `l`.`id` = `q`.`lesson_id`
JOIN `courses` `c` ON `c`.`id` = `l`.`course_id`
WHERE `c`.`teacher_id` = 33
ORDER BY `q`.`created_at` DESC')
 3 SYSTEMPATH\Database\BaseBuilder.php(1649): CodeIgniter\Database\BaseConnection->query('SELECT `q`.`id`, `q`.`title`, `q`.`question`, `l`.`title` AS `lesson_title`, `c`.`title` AS `course_title`
FROM `quizzes` `q`
JOIN `lessons` `l` ON `l`.`id` = `q`.`lesson_id`
JOIN `courses` `c` ON `c`.`id` = `l`.`course_id`
WHERE `c`.`teacher_id` = :c.teacher_id:
ORDER BY `q`.`created_at` DESC', [...], false)
 4 APPPATH\Controllers\Teacher\Quizzes.php(44): CodeIgniter\Database\BaseBuilder->get()
 5 SYSTEMPATH\CodeIgniter.php(933): App\Controllers\Teacher\Quizzes->index()
 6 SYSTEMPATH\CodeIgniter.php(507): CodeIgniter\CodeIgniter->runController(Object(App\Controllers\Teacher\Quizzes))
 7 SYSTEMPATH\CodeIgniter.php(354): CodeIgniter\CodeIgniter->handleRequest(null, Object(Config\Cache), false)
 8 SYSTEMPATH\Boot.php(363): CodeIgniter\CodeIgniter->run()
 9 SYSTEMPATH\Boot.php(68): CodeIgniter\Boot::runCodeIgniter(Object(CodeIgniter\CodeIgniter))
10 FCPATH\index.php(70): CodeIgniter\Boot::bootWeb(Object(Config\Paths))
11 SYSTEMPATH\rewrite.php(44): require_once('C:\\xampp\\htdocs\\ITE311-CASTILLO\\public\\index.php')
CRITICAL - 2025-12-05 02:16:26 --> [Caused by] mysqli_sql_exception: Unknown column 'q.title' in 'field list'
in SYSTEMPATH\Database\MySQLi\Connection.php on line 327.
 1 SYSTEMPATH\Database\MySQLi\Connection.php(327): mysqli->query('SELECT `q`.`id`, `q`.`title`, `q`.`question`, `l`.`title` AS `lesson_title`, `c`.`title` AS `course_title`
FROM `quizzes` `q`
JOIN `lessons` `l` ON `l`.`id` = `q`.`lesson_id`
JOIN `courses` `c` ON `c`.`id` = `l`.`course_id`
WHERE `c`.`teacher_id` = 33
ORDER BY `q`.`created_at` DESC', 0)
 2 SYSTEMPATH\Database\BaseConnection.php(729): CodeIgniter\Database\MySQLi\Connection->execute('SELECT `q`.`id`, `q`.`title`, `q`.`question`, `l`.`title` AS `lesson_title`, `c`.`title` AS `course_title`
FROM `quizzes` `q`
JOIN `lessons` `l` ON `l`.`id` = `q`.`lesson_id`
JOIN `courses` `c` ON `c`.`id` = `l`.`course_id`
WHERE `c`.`teacher_id` = 33
ORDER BY `q`.`created_at` DESC')
 3 SYSTEMPATH\Database\BaseConnection.php(646): CodeIgniter\Database\BaseConnection->simpleQuery('SELECT `q`.`id`, `q`.`title`, `q`.`question`, `l`.`title` AS `lesson_title`, `c`.`title` AS `course_title`
FROM `quizzes` `q`
JOIN `lessons` `l` ON `l`.`id` = `q`.`lesson_id`
JOIN `courses` `c` ON `c`.`id` = `l`.`course_id`
WHERE `c`.`teacher_id` = 33
ORDER BY `q`.`created_at` DESC')
 4 SYSTEMPATH\Database\BaseBuilder.php(1649): CodeIgniter\Database\BaseConnection->query('SELECT `q`.`id`, `q`.`title`, `q`.`question`, `l`.`title` AS `lesson_title`, `c`.`title` AS `course_title`
FROM `quizzes` `q`
JOIN `lessons` `l` ON `l`.`id` = `q`.`lesson_id`
JOIN `courses` `c` ON `c`.`id` = `l`.`course_id`
WHERE `c`.`teacher_id` = :c.teacher_id:
ORDER BY `q`.`created_at` DESC', [...], false)
 5 APPPATH\Controllers\Teacher\Quizzes.php(44): CodeIgniter\Database\BaseBuilder->get()
 6 SYSTEMPATH\CodeIgniter.php(933): App\Controllers\Teacher\Quizzes->index()
 7 SYSTEMPATH\CodeIgniter.php(507): CodeIgniter\CodeIgniter->runController(Object(App\Controllers\Teacher\Quizzes))
 8 SYSTEMPATH\CodeIgniter.php(354): CodeIgniter\CodeIgniter->handleRequest(null, Object(Config\Cache), false)
 9 SYSTEMPATH\Boot.php(363): CodeIgniter\CodeIgniter->run()
10 SYSTEMPATH\Boot.php(68): CodeIgniter\Boot::runCodeIgniter(Object(CodeIgniter\CodeIgniter))
11 FCPATH\index.php(70): CodeIgniter\Boot::bootWeb(Object(Config\Paths))
12 SYSTEMPATH\rewrite.php(44): require_once('C:\\xampp\\htdocs\\ITE311-CASTILLO\\public\\index.php')
CRITICAL - 2025-12-05 03:06:14 --> ErrorException: Undefined array key "course_title"
[Method: GET, Route: teacher/quizzes/edit/12]
in APPPATH\Views\teacher\quizzes\edit.php on line 38.
 1 APPPATH\Views\teacher\quizzes\edit.php(38): CodeIgniter\Debug\Exceptions->errorHandler(2, 'Undefined array key "course_title"', 'C:\\xampp\\htdocs\\ITE311-CASTILLO\\app\\Views\\teacher\\quizzes\\edit.php', 38)
 2 SYSTEMPATH\View\View.php(226): include('C:\\xampp\\htdocs\\ITE311-CASTILLO\\app\\Views\\teacher\\quizzes\\edit.php')
 3 SYSTEMPATH\View\View.php(229): CodeIgniter\View\View->CodeIgniter\View\{closure}()
 4 SYSTEMPATH\Common.php(1167): CodeIgniter\View\View->render('teacher/quizzes/edit', [], true)
 5 APPPATH\Controllers\Teacher\Quizzes.php(237): view('teacher/quizzes/edit', [...])
 6 SYSTEMPATH\CodeIgniter.php(933): App\Controllers\Teacher\Quizzes->edit('12')
 7 SYSTEMPATH\CodeIgniter.php(507): CodeIgniter\CodeIgniter->runController(Object(App\Controllers\Teacher\Quizzes))
 8 SYSTEMPATH\CodeIgniter.php(354): CodeIgniter\CodeIgniter->handleRequest(null, Object(Config\Cache), false)
 9 SYSTEMPATH\Boot.php(363): CodeIgniter\CodeIgniter->run()
10 SYSTEMPATH\Boot.php(68): CodeIgniter\Boot::runCodeIgniter(Object(CodeIgniter\CodeIgniter))
11 FCPATH\index.php(70): CodeIgniter\Boot::bootWeb(Object(Config\Paths))
12 SYSTEMPATH\rewrite.php(44): require_once('C:\\xampp\\htdocs\\ITE311-CASTILLO\\public\\index.php')
CRITICAL - 2025-12-05 03:15:29 --> ErrorException: Undefined array key "course_title"
[Method: GET, Route: teacher/quizzes/edit/17]
in APPPATH\Views\teacher\quizzes\edit.php on line 38.
 1 APPPATH\Views\teacher\quizzes\edit.php(38): CodeIgniter\Debug\Exceptions->errorHandler(2, 'Undefined array key "course_title"', 'C:\\xampp\\htdocs\\ITE311-CASTILLO\\app\\Views\\teacher\\quizzes\\edit.php', 38)
 2 SYSTEMPATH\View\View.php(226): include('C:\\xampp\\htdocs\\ITE311-CASTILLO\\app\\Views\\teacher\\quizzes\\edit.php')
 3 SYSTEMPATH\View\View.php(229): CodeIgniter\View\View->CodeIgniter\View\{closure}()
 4 SYSTEMPATH\Common.php(1167): CodeIgniter\View\View->render('teacher/quizzes/edit', [], true)
 5 APPPATH\Controllers\Teacher\Quizzes.php(250): view('teacher/quizzes/edit', [...])
 6 SYSTEMPATH\CodeIgniter.php(933): App\Controllers\Teacher\Quizzes->edit('17')
 7 SYSTEMPATH\CodeIgniter.php(507): CodeIgniter\CodeIgniter->runController(Object(App\Controllers\Teacher\Quizzes))
 8 SYSTEMPATH\CodeIgniter.php(354): CodeIgniter\CodeIgniter->handleRequest(null, Object(Config\Cache), false)
 9 SYSTEMPATH\Boot.php(363): CodeIgniter\CodeIgniter->run()
10 SYSTEMPATH\Boot.php(68): CodeIgniter\Boot::runCodeIgniter(Object(CodeIgniter\CodeIgniter))
11 FCPATH\index.php(70): CodeIgniter\Boot::bootWeb(Object(Config\Paths))
12 SYSTEMPATH\rewrite.php(44): require_once('C:\\xampp\\htdocs\\ITE311-CASTILLO\\public\\index.php')
CRITICAL - 2025-12-05 03:15:42 --> ErrorException: Undefined array key "course_title"
[Method: GET, Route: teacher/quizzes/edit/17]
in APPPATH\Views\teacher\quizzes\edit.php on line 38.
 1 APPPATH\Views\teacher\quizzes\edit.php(38): CodeIgniter\Debug\Exceptions->errorHandler(2, 'Undefined array key "course_title"', 'C:\\xampp\\htdocs\\ITE311-CASTILLO\\app\\Views\\teacher\\quizzes\\edit.php', 38)
 2 SYSTEMPATH\View\View.php(226): include('C:\\xampp\\htdocs\\ITE311-CASTILLO\\app\\Views\\teacher\\quizzes\\edit.php')
 3 SYSTEMPATH\View\View.php(229): CodeIgniter\View\View->CodeIgniter\View\{closure}()
 4 SYSTEMPATH\Common.php(1167): CodeIgniter\View\View->render('teacher/quizzes/edit', [], true)
 5 APPPATH\Controllers\Teacher\Quizzes.php(250): view('teacher/quizzes/edit', [...])
 6 SYSTEMPATH\CodeIgniter.php(933): App\Controllers\Teacher\Quizzes->edit('17')
 7 SYSTEMPATH\CodeIgniter.php(507): CodeIgniter\CodeIgniter->runController(Object(App\Controllers\Teacher\Quizzes))
 8 SYSTEMPATH\CodeIgniter.php(354): CodeIgniter\CodeIgniter->handleRequest(null, Object(Config\Cache), false)
 9 SYSTEMPATH\Boot.php(363): CodeIgniter\CodeIgniter->run()
10 SYSTEMPATH\Boot.php(68): CodeIgniter\Boot::runCodeIgniter(Object(CodeIgniter\CodeIgniter))
11 FCPATH\index.php(70): CodeIgniter\Boot::bootWeb(Object(Config\Paths))
12 SYSTEMPATH\rewrite.php(44): require_once('C:\\xampp\\htdocs\\ITE311-CASTILLO\\public\\index.php')
CRITICAL - 2025-12-05 03:37:49 --> ErrorException: Undefined variable $action
[Method: POST, Route: teacher/quizzes/update/21]
in APPPATH\Controllers\Teacher\Quizzes.php on line 359.
 1 APPPATH\Controllers\Teacher\Quizzes.php(359): CodeIgniter\Debug\Exceptions->errorHandler(2, 'Undefined variable $action', 'C:\\xampp\\htdocs\\ITE311-CASTILLO\\app\\Controllers\\Teacher\\Quizzes.php', 359)
 2 SYSTEMPATH\CodeIgniter.php(933): App\Controllers\Teacher\Quizzes->update('21')
 3 SYSTEMPATH\CodeIgniter.php(507): CodeIgniter\CodeIgniter->runController(Object(App\Controllers\Teacher\Quizzes))
 4 SYSTEMPATH\CodeIgniter.php(354): CodeIgniter\CodeIgniter->handleRequest(null, Object(Config\Cache), false)
 5 SYSTEMPATH\Boot.php(363): CodeIgniter\CodeIgniter->run()
 6 SYSTEMPATH\Boot.php(68): CodeIgniter\Boot::runCodeIgniter(Object(CodeIgniter\CodeIgniter))
 7 FCPATH\index.php(70): CodeIgniter\Boot::bootWeb(Object(Config\Paths))
 8 SYSTEMPATH\rewrite.php(44): require_once('C:\\xampp\\htdocs\\ITE311-CASTILLO\\public\\index.php')
CRITICAL - 2025-12-05 04:06:03 --> ErrorException: Undefined variable $action
[Method: POST, Route: teacher/quizzes/update/21]
in APPPATH\Controllers\Teacher\Quizzes.php on line 359.
 1 APPPATH\Controllers\Teacher\Quizzes.php(359): CodeIgniter\Debug\Exceptions->errorHandler(2, 'Undefined variable $action', 'C:\\xampp\\htdocs\\ITE311-CASTILLO\\app\\Controllers\\Teacher\\Quizzes.php', 359)
 2 SYSTEMPATH\CodeIgniter.php(933): App\Controllers\Teacher\Quizzes->update('21')
 3 SYSTEMPATH\CodeIgniter.php(507): CodeIgniter\CodeIgniter->runController(Object(App\Controllers\Teacher\Quizzes))
 4 SYSTEMPATH\CodeIgniter.php(354): CodeIgniter\CodeIgniter->handleRequest(null, Object(Config\Cache), false)
 5 SYSTEMPATH\Boot.php(363): CodeIgniter\CodeIgniter->run()
 6 SYSTEMPATH\Boot.php(68): CodeIgniter\Boot::runCodeIgniter(Object(CodeIgniter\CodeIgniter))
 7 FCPATH\index.php(70): CodeIgniter\Boot::bootWeb(Object(Config\Paths))
 8 SYSTEMPATH\rewrite.php(44): require_once('C:\\xampp\\htdocs\\ITE311-CASTILLO\\public\\index.php')
CRITICAL - 2025-12-05 04:08:01 --> ErrorException: Undefined variable $action
[Method: POST, Route: teacher/quizzes/update/21]
in APPPATH\Controllers\Teacher\Quizzes.php on line 359.
 1 APPPATH\Controllers\Teacher\Quizzes.php(359): CodeIgniter\Debug\Exceptions->errorHandler(2, 'Undefined variable $action', 'C:\\xampp\\htdocs\\ITE311-CASTILLO\\app\\Controllers\\Teacher\\Quizzes.php', 359)
 2 SYSTEMPATH\CodeIgniter.php(933): App\Controllers\Teacher\Quizzes->update('21')
 3 SYSTEMPATH\CodeIgniter.php(507): CodeIgniter\CodeIgniter->runController(Object(App\Controllers\Teacher\Quizzes))
 4 SYSTEMPATH\CodeIgniter.php(354): CodeIgniter\CodeIgniter->handleRequest(null, Object(Config\Cache), false)
 5 SYSTEMPATH\Boot.php(363): CodeIgniter\CodeIgniter->run()
 6 SYSTEMPATH\Boot.php(68): CodeIgniter\Boot::runCodeIgniter(Object(CodeIgniter\CodeIgniter))
 7 FCPATH\index.php(70): CodeIgniter\Boot::bootWeb(Object(Config\Paths))
 8 SYSTEMPATH\rewrite.php(44): require_once('C:\\xampp\\htdocs\\ITE311-CASTILLO\\public\\index.php')
CRITICAL - 2025-12-05 04:08:05 --> ErrorException: Undefined variable $action
[Method: POST, Route: teacher/quizzes/update/21]
in APPPATH\Controllers\Teacher\Quizzes.php on line 359.
 1 APPPATH\Controllers\Teacher\Quizzes.php(359): CodeIgniter\Debug\Exceptions->errorHandler(2, 'Undefined variable $action', 'C:\\xampp\\htdocs\\ITE311-CASTILLO\\app\\Controllers\\Teacher\\Quizzes.php', 359)
 2 SYSTEMPATH\CodeIgniter.php(933): App\Controllers\Teacher\Quizzes->update('21')
 3 SYSTEMPATH\CodeIgniter.php(507): CodeIgniter\CodeIgniter->runController(Object(App\Controllers\Teacher\Quizzes))
 4 SYSTEMPATH\CodeIgniter.php(354): CodeIgniter\CodeIgniter->handleRequest(null, Object(Config\Cache), false)
 5 SYSTEMPATH\Boot.php(363): CodeIgniter\CodeIgniter->run()
 6 SYSTEMPATH\Boot.php(68): CodeIgniter\Boot::runCodeIgniter(Object(CodeIgniter\CodeIgniter))
 7 FCPATH\index.php(70): CodeIgniter\Boot::bootWeb(Object(Config\Paths))
 8 SYSTEMPATH\rewrite.php(44): require_once('C:\\xampp\\htdocs\\ITE311-CASTILLO\\public\\index.php')
CRITICAL - 2025-12-05 04:08:08 --> ErrorException: Undefined variable $action
[Method: POST, Route: teacher/quizzes/update/21]
in APPPATH\Controllers\Teacher\Quizzes.php on line 359.
 1 APPPATH\Controllers\Teacher\Quizzes.php(359): CodeIgniter\Debug\Exceptions->errorHandler(2, 'Undefined variable $action', 'C:\\xampp\\htdocs\\ITE311-CASTILLO\\app\\Controllers\\Teacher\\Quizzes.php', 359)
 2 SYSTEMPATH\CodeIgniter.php(933): App\Controllers\Teacher\Quizzes->update('21')
 3 SYSTEMPATH\CodeIgniter.php(507): CodeIgniter\CodeIgniter->runController(Object(App\Controllers\Teacher\Quizzes))
 4 SYSTEMPATH\CodeIgniter.php(354): CodeIgniter\CodeIgniter->handleRequest(null, Object(Config\Cache), false)
 5 SYSTEMPATH\Boot.php(363): CodeIgniter\CodeIgniter->run()
 6 SYSTEMPATH\Boot.php(68): CodeIgniter\Boot::runCodeIgniter(Object(CodeIgniter\CodeIgniter))
 7 FCPATH\index.php(70): CodeIgniter\Boot::bootWeb(Object(Config\Paths))
 8 SYSTEMPATH\rewrite.php(44): require_once('C:\\xampp\\htdocs\\ITE311-CASTILLO\\public\\index.php')
CRITICAL - 2025-12-05 04:08:13 --> ErrorException: Undefined variable $action
[Method: POST, Route: teacher/quizzes/update/21]
in APPPATH\Controllers\Teacher\Quizzes.php on line 359.
 1 APPPATH\Controllers\Teacher\Quizzes.php(359): CodeIgniter\Debug\Exceptions->errorHandler(2, 'Undefined variable $action', 'C:\\xampp\\htdocs\\ITE311-CASTILLO\\app\\Controllers\\Teacher\\Quizzes.php', 359)
 2 SYSTEMPATH\CodeIgniter.php(933): App\Controllers\Teacher\Quizzes->update('21')
 3 SYSTEMPATH\CodeIgniter.php(507): CodeIgniter\CodeIgniter->runController(Object(App\Controllers\Teacher\Quizzes))
 4 SYSTEMPATH\CodeIgniter.php(354): CodeIgniter\CodeIgniter->handleRequest(null, Object(Config\Cache), false)
 5 SYSTEMPATH\Boot.php(363): CodeIgniter\CodeIgniter->run()
 6 SYSTEMPATH\Boot.php(68): CodeIgniter\Boot::runCodeIgniter(Object(CodeIgniter\CodeIgniter))
 7 FCPATH\index.php(70): CodeIgniter\Boot::bootWeb(Object(Config\Paths))
 8 SYSTEMPATH\rewrite.php(44): require_once('C:\\xampp\\htdocs\\ITE311-CASTILLO\\public\\index.php')
CRITICAL - 2025-12-05 04:08:21 --> ErrorException: Undefined variable $action
[Method: POST, Route: teacher/quizzes/update/21]
in APPPATH\Controllers\Teacher\Quizzes.php on line 359.
 1 APPPATH\Controllers\Teacher\Quizzes.php(359): CodeIgniter\Debug\Exceptions->errorHandler(2, 'Undefined variable $action', 'C:\\xampp\\htdocs\\ITE311-CASTILLO\\app\\Controllers\\Teacher\\Quizzes.php', 359)
 2 SYSTEMPATH\CodeIgniter.php(933): App\Controllers\Teacher\Quizzes->update('21')
 3 SYSTEMPATH\CodeIgniter.php(507): CodeIgniter\CodeIgniter->runController(Object(App\Controllers\Teacher\Quizzes))
 4 SYSTEMPATH\CodeIgniter.php(354): CodeIgniter\CodeIgniter->handleRequest(null, Object(Config\Cache), false)
 5 SYSTEMPATH\Boot.php(363): CodeIgniter\CodeIgniter->run()
 6 SYSTEMPATH\Boot.php(68): CodeIgniter\Boot::runCodeIgniter(Object(CodeIgniter\CodeIgniter))
 7 FCPATH\index.php(70): CodeIgniter\Boot::bootWeb(Object(Config\Paths))
 8 SYSTEMPATH\rewrite.php(44): require_once('C:\\xampp\\htdocs\\ITE311-CASTILLO\\public\\index.php')
CRITICAL - 2025-12-05 04:09:53 --> ParseError: syntax error, unexpected token "public"
[Method: GET, Route: teacher/quizzes/edit/21]
in APPPATH\Controllers\Teacher\Quizzes.php on line 290.
 1 SYSTEMPATH\Autoloader\Autoloader.php(295): CodeIgniter\Autoloader\Autoloader->includeFile('C:\\xampp\\htdocs\\ITE311-CASTILLO\\app\\Controllers\\Teacher\\Quizzes.php')
 2 SYSTEMPATH\Autoloader\Autoloader.php(271): CodeIgniter\Autoloader\Autoloader->loadInNamespace('App\\Controllers\\Teacher\\Quizzes')
 3 [internal function]: CodeIgniter\Autoloader\Autoloader->loadClass('App\\Controllers\\Teacher\\Quizzes')
 4 SYSTEMPATH\CodeIgniter.php(885): class_exists('\\App\\Controllers\\Teacher\\Quizzes', true)
 5 SYSTEMPATH\CodeIgniter.php(494): CodeIgniter\CodeIgniter->startController()
 6 SYSTEMPATH\CodeIgniter.php(354): CodeIgniter\CodeIgniter->handleRequest(null, Object(Config\Cache), false)
 7 SYSTEMPATH\Boot.php(363): CodeIgniter\CodeIgniter->run()
 8 SYSTEMPATH\Boot.php(68): CodeIgniter\Boot::runCodeIgniter(Object(CodeIgniter\CodeIgniter))
 9 FCPATH\index.php(70): CodeIgniter\Boot::bootWeb(Object(Config\Paths))
10 SYSTEMPATH\rewrite.php(44): require_once('C:\\xampp\\htdocs\\ITE311-CASTILLO\\public\\index.php')
CRITICAL - 2025-12-05 04:09:54 --> ParseError: syntax error, unexpected token "public"
[Method: GET, Route: teacher/quizzes/edit/21]
in APPPATH\Controllers\Teacher\Quizzes.php on line 290.
 1 SYSTEMPATH\Autoloader\Autoloader.php(295): CodeIgniter\Autoloader\Autoloader->includeFile('C:\\xampp\\htdocs\\ITE311-CASTILLO\\app\\Controllers\\Teacher\\Quizzes.php')
 2 SYSTEMPATH\Autoloader\Autoloader.php(271): CodeIgniter\Autoloader\Autoloader->loadInNamespace('App\\Controllers\\Teacher\\Quizzes')
 3 [internal function]: CodeIgniter\Autoloader\Autoloader->loadClass('App\\Controllers\\Teacher\\Quizzes')
 4 SYSTEMPATH\CodeIgniter.php(885): class_exists('\\App\\Controllers\\Teacher\\Quizzes', true)
 5 SYSTEMPATH\CodeIgniter.php(494): CodeIgniter\CodeIgniter->startController()
 6 SYSTEMPATH\CodeIgniter.php(354): CodeIgniter\CodeIgniter->handleRequest(null, Object(Config\Cache), false)
 7 SYSTEMPATH\Boot.php(363): CodeIgniter\CodeIgniter->run()
 8 SYSTEMPATH\Boot.php(68): CodeIgniter\Boot::runCodeIgniter(Object(CodeIgniter\CodeIgniter))
 9 FCPATH\index.php(70): CodeIgniter\Boot::bootWeb(Object(Config\Paths))
10 SYSTEMPATH\rewrite.php(44): require_once('C:\\xampp\\htdocs\\ITE311-CASTILLO\\public\\index.php')
CRITICAL - 2025-12-05 04:09:57 --> ParseError: syntax error, unexpected token "public"
[Method: GET, Route: teacher/quizzes/edit/21]
in APPPATH\Controllers\Teacher\Quizzes.php on line 290.
 1 SYSTEMPATH\Autoloader\Autoloader.php(295): CodeIgniter\Autoloader\Autoloader->includeFile('C:\\xampp\\htdocs\\ITE311-CASTILLO\\app\\Controllers\\Teacher\\Quizzes.php')
 2 SYSTEMPATH\Autoloader\Autoloader.php(271): CodeIgniter\Autoloader\Autoloader->loadInNamespace('App\\Controllers\\Teacher\\Quizzes')
 3 [internal function]: CodeIgniter\Autoloader\Autoloader->loadClass('App\\Controllers\\Teacher\\Quizzes')
 4 SYSTEMPATH\CodeIgniter.php(885): class_exists('\\App\\Controllers\\Teacher\\Quizzes', true)
 5 SYSTEMPATH\CodeIgniter.php(494): CodeIgniter\CodeIgniter->startController()
 6 SYSTEMPATH\CodeIgniter.php(354): CodeIgniter\CodeIgniter->handleRequest(null, Object(Config\Cache), false)
 7 SYSTEMPATH\Boot.php(363): CodeIgniter\CodeIgniter->run()
 8 SYSTEMPATH\Boot.php(68): CodeIgniter\Boot::runCodeIgniter(Object(CodeIgniter\CodeIgniter))
 9 FCPATH\index.php(70): CodeIgniter\Boot::bootWeb(Object(Config\Paths))
10 SYSTEMPATH\rewrite.php(44): require_once('C:\\xampp\\htdocs\\ITE311-CASTILLO\\public\\index.php')
CRITICAL - 2025-12-05 04:09:58 --> ParseError: syntax error, unexpected token "public"
[Method: GET, Route: teacher/quizzes/edit/21]
in APPPATH\Controllers\Teacher\Quizzes.php on line 290.
 1 SYSTEMPATH\Autoloader\Autoloader.php(295): CodeIgniter\Autoloader\Autoloader->includeFile('C:\\xampp\\htdocs\\ITE311-CASTILLO\\app\\Controllers\\Teacher\\Quizzes.php')
 2 SYSTEMPATH\Autoloader\Autoloader.php(271): CodeIgniter\Autoloader\Autoloader->loadInNamespace('App\\Controllers\\Teacher\\Quizzes')
 3 [internal function]: CodeIgniter\Autoloader\Autoloader->loadClass('App\\Controllers\\Teacher\\Quizzes')
 4 SYSTEMPATH\CodeIgniter.php(885): class_exists('\\App\\Controllers\\Teacher\\Quizzes', true)
 5 SYSTEMPATH\CodeIgniter.php(494): CodeIgniter\CodeIgniter->startController()
 6 SYSTEMPATH\CodeIgniter.php(354): CodeIgniter\CodeIgniter->handleRequest(null, Object(Config\Cache), false)
 7 SYSTEMPATH\Boot.php(363): CodeIgniter\CodeIgniter->run()
 8 SYSTEMPATH\Boot.php(68): CodeIgniter\Boot::runCodeIgniter(Object(CodeIgniter\CodeIgniter))
 9 FCPATH\index.php(70): CodeIgniter\Boot::bootWeb(Object(Config\Paths))
10 SYSTEMPATH\rewrite.php(44): require_once('C:\\xampp\\htdocs\\ITE311-CASTILLO\\public\\index.php')
CRITICAL - 2025-12-05 04:09:58 --> ParseError: syntax error, unexpected token "public"
[Method: GET, Route: teacher/quizzes/edit/21]
in APPPATH\Controllers\Teacher\Quizzes.php on line 290.
 1 SYSTEMPATH\Autoloader\Autoloader.php(295): CodeIgniter\Autoloader\Autoloader->includeFile('C:\\xampp\\htdocs\\ITE311-CASTILLO\\app\\Controllers\\Teacher\\Quizzes.php')
 2 SYSTEMPATH\Autoloader\Autoloader.php(271): CodeIgniter\Autoloader\Autoloader->loadInNamespace('App\\Controllers\\Teacher\\Quizzes')
 3 [internal function]: CodeIgniter\Autoloader\Autoloader->loadClass('App\\Controllers\\Teacher\\Quizzes')
 4 SYSTEMPATH\CodeIgniter.php(885): class_exists('\\App\\Controllers\\Teacher\\Quizzes', true)
 5 SYSTEMPATH\CodeIgniter.php(494): CodeIgniter\CodeIgniter->startController()
 6 SYSTEMPATH\CodeIgniter.php(354): CodeIgniter\CodeIgniter->handleRequest(null, Object(Config\Cache), false)
 7 SYSTEMPATH\Boot.php(363): CodeIgniter\CodeIgniter->run()
 8 SYSTEMPATH\Boot.php(68): CodeIgniter\Boot::runCodeIgniter(Object(CodeIgniter\CodeIgniter))
 9 FCPATH\index.php(70): CodeIgniter\Boot::bootWeb(Object(Config\Paths))
10 SYSTEMPATH\rewrite.php(44): require_once('C:\\xampp\\htdocs\\ITE311-CASTILLO\\public\\index.php')
CRITICAL - 2025-12-05 04:09:58 --> ParseError: syntax error, unexpected token "public"
[Method: GET, Route: teacher/quizzes/edit/21]
in APPPATH\Controllers\Teacher\Quizzes.php on line 290.
 1 SYSTEMPATH\Autoloader\Autoloader.php(295): CodeIgniter\Autoloader\Autoloader->includeFile('C:\\xampp\\htdocs\\ITE311-CASTILLO\\app\\Controllers\\Teacher\\Quizzes.php')
 2 SYSTEMPATH\Autoloader\Autoloader.php(271): CodeIgniter\Autoloader\Autoloader->loadInNamespace('App\\Controllers\\Teacher\\Quizzes')
 3 [internal function]: CodeIgniter\Autoloader\Autoloader->loadClass('App\\Controllers\\Teacher\\Quizzes')
 4 SYSTEMPATH\CodeIgniter.php(885): class_exists('\\App\\Controllers\\Teacher\\Quizzes', true)
 5 SYSTEMPATH\CodeIgniter.php(494): CodeIgniter\CodeIgniter->startController()
 6 SYSTEMPATH\CodeIgniter.php(354): CodeIgniter\CodeIgniter->handleRequest(null, Object(Config\Cache), false)
 7 SYSTEMPATH\Boot.php(363): CodeIgniter\CodeIgniter->run()
 8 SYSTEMPATH\Boot.php(68): CodeIgniter\Boot::runCodeIgniter(Object(CodeIgniter\CodeIgniter))
 9 FCPATH\index.php(70): CodeIgniter\Boot::bootWeb(Object(Config\Paths))
10 SYSTEMPATH\rewrite.php(44): require_once('C:\\xampp\\htdocs\\ITE311-CASTILLO\\public\\index.php')
CRITICAL - 2025-12-05 04:09:58 --> ParseError: syntax error, unexpected token "public"
[Method: GET, Route: teacher/quizzes/edit/21]
in APPPATH\Controllers\Teacher\Quizzes.php on line 290.
 1 SYSTEMPATH\Autoloader\Autoloader.php(295): CodeIgniter\Autoloader\Autoloader->includeFile('C:\\xampp\\htdocs\\ITE311-CASTILLO\\app\\Controllers\\Teacher\\Quizzes.php')
 2 SYSTEMPATH\Autoloader\Autoloader.php(271): CodeIgniter\Autoloader\Autoloader->loadInNamespace('App\\Controllers\\Teacher\\Quizzes')
 3 [internal function]: CodeIgniter\Autoloader\Autoloader->loadClass('App\\Controllers\\Teacher\\Quizzes')
 4 SYSTEMPATH\CodeIgniter.php(885): class_exists('\\App\\Controllers\\Teacher\\Quizzes', true)
 5 SYSTEMPATH\CodeIgniter.php(494): CodeIgniter\CodeIgniter->startController()
 6 SYSTEMPATH\CodeIgniter.php(354): CodeIgniter\CodeIgniter->handleRequest(null, Object(Config\Cache), false)
 7 SYSTEMPATH\Boot.php(363): CodeIgniter\CodeIgniter->run()
 8 SYSTEMPATH\Boot.php(68): CodeIgniter\Boot::runCodeIgniter(Object(CodeIgniter\CodeIgniter))
 9 FCPATH\index.php(70): CodeIgniter\Boot::bootWeb(Object(Config\Paths))
10 SYSTEMPATH\rewrite.php(44): require_once('C:\\xampp\\htdocs\\ITE311-CASTILLO\\public\\index.php')
CRITICAL - 2025-12-05 04:09:58 --> ParseError: syntax error, unexpected token "public"
[Method: GET, Route: teacher/quizzes/edit/21]
in APPPATH\Controllers\Teacher\Quizzes.php on line 290.
 1 SYSTEMPATH\Autoloader\Autoloader.php(295): CodeIgniter\Autoloader\Autoloader->includeFile('C:\\xampp\\htdocs\\ITE311-CASTILLO\\app\\Controllers\\Teacher\\Quizzes.php')
 2 SYSTEMPATH\Autoloader\Autoloader.php(271): CodeIgniter\Autoloader\Autoloader->loadInNamespace('App\\Controllers\\Teacher\\Quizzes')
 3 [internal function]: CodeIgniter\Autoloader\Autoloader->loadClass('App\\Controllers\\Teacher\\Quizzes')
 4 SYSTEMPATH\CodeIgniter.php(885): class_exists('\\App\\Controllers\\Teacher\\Quizzes', true)
 5 SYSTEMPATH\CodeIgniter.php(494): CodeIgniter\CodeIgniter->startController()
 6 SYSTEMPATH\CodeIgniter.php(354): CodeIgniter\CodeIgniter->handleRequest(null, Object(Config\Cache), false)
 7 SYSTEMPATH\Boot.php(363): CodeIgniter\CodeIgniter->run()
 8 SYSTEMPATH\Boot.php(68): CodeIgniter\Boot::runCodeIgniter(Object(CodeIgniter\CodeIgniter))
 9 FCPATH\index.php(70): CodeIgniter\Boot::bootWeb(Object(Config\Paths))
10 SYSTEMPATH\rewrite.php(44): require_once('C:\\xampp\\htdocs\\ITE311-CASTILLO\\public\\index.php')
CRITICAL - 2025-12-05 04:09:59 --> ParseError: syntax error, unexpected token "public"
[Method: GET, Route: teacher/quizzes/edit/21]
in APPPATH\Controllers\Teacher\Quizzes.php on line 290.
 1 SYSTEMPATH\Autoloader\Autoloader.php(295): CodeIgniter\Autoloader\Autoloader->includeFile('C:\\xampp\\htdocs\\ITE311-CASTILLO\\app\\Controllers\\Teacher\\Quizzes.php')
 2 SYSTEMPATH\Autoloader\Autoloader.php(271): CodeIgniter\Autoloader\Autoloader->loadInNamespace('App\\Controllers\\Teacher\\Quizzes')
 3 [internal function]: CodeIgniter\Autoloader\Autoloader->loadClass('App\\Controllers\\Teacher\\Quizzes')
 4 SYSTEMPATH\CodeIgniter.php(885): class_exists('\\App\\Controllers\\Teacher\\Quizzes', true)
 5 SYSTEMPATH\CodeIgniter.php(494): CodeIgniter\CodeIgniter->startController()
 6 SYSTEMPATH\CodeIgniter.php(354): CodeIgniter\CodeIgniter->handleRequest(null, Object(Config\Cache), false)
 7 SYSTEMPATH\Boot.php(363): CodeIgniter\CodeIgniter->run()
 8 SYSTEMPATH\Boot.php(68): CodeIgniter\Boot::runCodeIgniter(Object(CodeIgniter\CodeIgniter))
 9 FCPATH\index.php(70): CodeIgniter\Boot::bootWeb(Object(Config\Paths))
10 SYSTEMPATH\rewrite.php(44): require_once('C:\\xampp\\htdocs\\ITE311-CASTILLO\\public\\index.php')
CRITICAL - 2025-12-05 04:09:59 --> ParseError: syntax error, unexpected token "public"
[Method: GET, Route: teacher/quizzes/edit/21]
in APPPATH\Controllers\Teacher\Quizzes.php on line 290.
 1 SYSTEMPATH\Autoloader\Autoloader.php(295): CodeIgniter\Autoloader\Autoloader->includeFile('C:\\xampp\\htdocs\\ITE311-CASTILLO\\app\\Controllers\\Teacher\\Quizzes.php')
 2 SYSTEMPATH\Autoloader\Autoloader.php(271): CodeIgniter\Autoloader\Autoloader->loadInNamespace('App\\Controllers\\Teacher\\Quizzes')
 3 [internal function]: CodeIgniter\Autoloader\Autoloader->loadClass('App\\Controllers\\Teacher\\Quizzes')
 4 SYSTEMPATH\CodeIgniter.php(885): class_exists('\\App\\Controllers\\Teacher\\Quizzes', true)
 5 SYSTEMPATH\CodeIgniter.php(494): CodeIgniter\CodeIgniter->startController()
 6 SYSTEMPATH\CodeIgniter.php(354): CodeIgniter\CodeIgniter->handleRequest(null, Object(Config\Cache), false)
 7 SYSTEMPATH\Boot.php(363): CodeIgniter\CodeIgniter->run()
 8 SYSTEMPATH\Boot.php(68): CodeIgniter\Boot::runCodeIgniter(Object(CodeIgniter\CodeIgniter))
 9 FCPATH\index.php(70): CodeIgniter\Boot::bootWeb(Object(Config\Paths))
10 SYSTEMPATH\rewrite.php(44): require_once('C:\\xampp\\htdocs\\ITE311-CASTILLO\\public\\index.php')
CRITICAL - 2025-12-05 04:10:00 --> ParseError: syntax error, unexpected token "public"
[Method: GET, Route: teacher/quizzes]
in APPPATH\Controllers\Teacher\Quizzes.php on line 290.
 1 SYSTEMPATH\Autoloader\Autoloader.php(295): CodeIgniter\Autoloader\Autoloader->includeFile('C:\\xampp\\htdocs\\ITE311-CASTILLO\\app\\Controllers\\Teacher\\Quizzes.php')
 2 SYSTEMPATH\Autoloader\Autoloader.php(271): CodeIgniter\Autoloader\Autoloader->loadInNamespace('App\\Controllers\\Teacher\\Quizzes')
 3 [internal function]: CodeIgniter\Autoloader\Autoloader->loadClass('App\\Controllers\\Teacher\\Quizzes')
 4 SYSTEMPATH\CodeIgniter.php(885): class_exists('\\App\\Controllers\\Teacher\\Quizzes', true)
 5 SYSTEMPATH\CodeIgniter.php(494): CodeIgniter\CodeIgniter->startController()
 6 SYSTEMPATH\CodeIgniter.php(354): CodeIgniter\CodeIgniter->handleRequest(null, Object(Config\Cache), false)
 7 SYSTEMPATH\Boot.php(363): CodeIgniter\CodeIgniter->run()
 8 SYSTEMPATH\Boot.php(68): CodeIgniter\Boot::runCodeIgniter(Object(CodeIgniter\CodeIgniter))
 9 FCPATH\index.php(70): CodeIgniter\Boot::bootWeb(Object(Config\Paths))
10 SYSTEMPATH\rewrite.php(44): require_once('C:\\xampp\\htdocs\\ITE311-CASTILLO\\public\\index.php')
CRITICAL - 2025-12-05 04:10:04 --> ParseError: syntax error, unexpected token "public"
[Method: GET, Route: teacher/quizzes]
in APPPATH\Controllers\Teacher\Quizzes.php on line 290.
 1 SYSTEMPATH\Autoloader\Autoloader.php(295): CodeIgniter\Autoloader\Autoloader->includeFile('C:\\xampp\\htdocs\\ITE311-CASTILLO\\app\\Controllers\\Teacher\\Quizzes.php')
 2 SYSTEMPATH\Autoloader\Autoloader.php(271): CodeIgniter\Autoloader\Autoloader->loadInNamespace('App\\Controllers\\Teacher\\Quizzes')
 3 [internal function]: CodeIgniter\Autoloader\Autoloader->loadClass('App\\Controllers\\Teacher\\Quizzes')
 4 SYSTEMPATH\CodeIgniter.php(885): class_exists('\\App\\Controllers\\Teacher\\Quizzes', true)
 5 SYSTEMPATH\CodeIgniter.php(494): CodeIgniter\CodeIgniter->startController()
 6 SYSTEMPATH\CodeIgniter.php(354): CodeIgniter\CodeIgniter->handleRequest(null, Object(Config\Cache), false)
 7 SYSTEMPATH\Boot.php(363): CodeIgniter\CodeIgniter->run()
 8 SYSTEMPATH\Boot.php(68): CodeIgniter\Boot::runCodeIgniter(Object(CodeIgniter\CodeIgniter))
 9 FCPATH\index.php(70): CodeIgniter\Boot::bootWeb(Object(Config\Paths))
10 SYSTEMPATH\rewrite.php(44): require_once('C:\\xampp\\htdocs\\ITE311-CASTILLO\\public\\index.php')
CRITICAL - 2025-12-05 04:10:11 --> ParseError: syntax error, unexpected token "public"
[Method: GET, Route: teacher/quizzes]
in APPPATH\Controllers\Teacher\Quizzes.php on line 290.
 1 SYSTEMPATH\Autoloader\Autoloader.php(295): CodeIgniter\Autoloader\Autoloader->includeFile('C:\\xampp\\htdocs\\ITE311-CASTILLO\\app\\Controllers\\Teacher\\Quizzes.php')
 2 SYSTEMPATH\Autoloader\Autoloader.php(271): CodeIgniter\Autoloader\Autoloader->loadInNamespace('App\\Controllers\\Teacher\\Quizzes')
 3 [internal function]: CodeIgniter\Autoloader\Autoloader->loadClass('App\\Controllers\\Teacher\\Quizzes')
 4 SYSTEMPATH\CodeIgniter.php(885): class_exists('\\App\\Controllers\\Teacher\\Quizzes', true)
 5 SYSTEMPATH\CodeIgniter.php(494): CodeIgniter\CodeIgniter->startController()
 6 SYSTEMPATH\CodeIgniter.php(354): CodeIgniter\CodeIgniter->handleRequest(null, Object(Config\Cache), false)
 7 SYSTEMPATH\Boot.php(363): CodeIgniter\CodeIgniter->run()
 8 SYSTEMPATH\Boot.php(68): CodeIgniter\Boot::runCodeIgniter(Object(CodeIgniter\CodeIgniter))
 9 FCPATH\index.php(70): CodeIgniter\Boot::bootWeb(Object(Config\Paths))
10 SYSTEMPATH\rewrite.php(44): require_once('C:\\xampp\\htdocs\\ITE311-CASTILLO\\public\\index.php')
CRITICAL - 2025-12-05 04:10:22 --> ParseError: syntax error, unexpected token "public"
[Method: GET, Route: teacher/quizzes]
in APPPATH\Controllers\Teacher\Quizzes.php on line 290.
 1 SYSTEMPATH\Autoloader\Autoloader.php(295): CodeIgniter\Autoloader\Autoloader->includeFile('C:\\xampp\\htdocs\\ITE311-CASTILLO\\app\\Controllers\\Teacher\\Quizzes.php')
 2 SYSTEMPATH\Autoloader\Autoloader.php(271): CodeIgniter\Autoloader\Autoloader->loadInNamespace('App\\Controllers\\Teacher\\Quizzes')
 3 [internal function]: CodeIgniter\Autoloader\Autoloader->loadClass('App\\Controllers\\Teacher\\Quizzes')
 4 SYSTEMPATH\CodeIgniter.php(885): class_exists('\\App\\Controllers\\Teacher\\Quizzes', true)
 5 SYSTEMPATH\CodeIgniter.php(494): CodeIgniter\CodeIgniter->startController()
 6 SYSTEMPATH\CodeIgniter.php(354): CodeIgniter\CodeIgniter->handleRequest(null, Object(Config\Cache), false)
 7 SYSTEMPATH\Boot.php(363): CodeIgniter\CodeIgniter->run()
 8 SYSTEMPATH\Boot.php(68): CodeIgniter\Boot::runCodeIgniter(Object(CodeIgniter\CodeIgniter))
 9 FCPATH\index.php(70): CodeIgniter\Boot::bootWeb(Object(Config\Paths))
10 SYSTEMPATH\rewrite.php(44): require_once('C:\\xampp\\htdocs\\ITE311-CASTILLO\\public\\index.php')
CRITICAL - 2025-12-05 04:12:00 --> ParseError: syntax error, unexpected token "public"
[Method: GET, Route: teacher/quizzes]
in APPPATH\Controllers\Teacher\Quizzes.php on line 290.
 1 SYSTEMPATH\Autoloader\Autoloader.php(295): CodeIgniter\Autoloader\Autoloader->includeFile('C:\\xampp\\htdocs\\ITE311-CASTILLO\\app\\Controllers\\Teacher\\Quizzes.php')
 2 SYSTEMPATH\Autoloader\Autoloader.php(271): CodeIgniter\Autoloader\Autoloader->loadInNamespace('App\\Controllers\\Teacher\\Quizzes')
 3 [internal function]: CodeIgniter\Autoloader\Autoloader->loadClass('App\\Controllers\\Teacher\\Quizzes')
 4 SYSTEMPATH\CodeIgniter.php(885): class_exists('\\App\\Controllers\\Teacher\\Quizzes', true)
 5 SYSTEMPATH\CodeIgniter.php(494): CodeIgniter\CodeIgniter->startController()
 6 SYSTEMPATH\CodeIgniter.php(354): CodeIgniter\CodeIgniter->handleRequest(null, Object(Config\Cache), false)
 7 SYSTEMPATH\Boot.php(363): CodeIgniter\CodeIgniter->run()
 8 SYSTEMPATH\Boot.php(68): CodeIgniter\Boot::runCodeIgniter(Object(CodeIgniter\CodeIgniter))
 9 FCPATH\index.php(70): CodeIgniter\Boot::bootWeb(Object(Config\Paths))
10 SYSTEMPATH\rewrite.php(44): require_once('C:\\xampp\\htdocs\\ITE311-CASTILLO\\public\\index.php')
CRITICAL - 2025-12-05 04:27:04 --> ErrorException: Undefined array key "course_title"
[Method: GET, Route: teacher/quizzes/edit/21]
in APPPATH\Views\teacher\quizzes\edit.php on line 38.
 1 APPPATH\Views\teacher\quizzes\edit.php(38): CodeIgniter\Debug\Exceptions->errorHandler(2, 'Undefined array key "course_title"', 'C:\\xampp\\htdocs\\ITE311-CASTILLO\\app\\Views\\teacher\\quizzes\\edit.php', 38)
 2 SYSTEMPATH\View\View.php(226): include('C:\\xampp\\htdocs\\ITE311-CASTILLO\\app\\Views\\teacher\\quizzes\\edit.php')
 3 SYSTEMPATH\View\View.php(229): CodeIgniter\View\View->CodeIgniter\View\{closure}()
 4 SYSTEMPATH\Common.php(1167): CodeIgniter\View\View->render('teacher/quizzes/edit', [], true)
 5 APPPATH\Controllers\Teacher\Quizzes.php(228): view('teacher/quizzes/edit', [...])
 6 SYSTEMPATH\CodeIgniter.php(933): App\Controllers\Teacher\Quizzes->edit('21')
 7 SYSTEMPATH\CodeIgniter.php(507): CodeIgniter\CodeIgniter->runController(Object(App\Controllers\Teacher\Quizzes))
 8 SYSTEMPATH\CodeIgniter.php(354): CodeIgniter\CodeIgniter->handleRequest(null, Object(Config\Cache), false)
 9 SYSTEMPATH\Boot.php(363): CodeIgniter\CodeIgniter->run()
10 SYSTEMPATH\Boot.php(68): CodeIgniter\Boot::runCodeIgniter(Object(CodeIgniter\CodeIgniter))
11 FCPATH\index.php(70): CodeIgniter\Boot::bootWeb(Object(Config\Paths))
12 SYSTEMPATH\rewrite.php(44): require_once('C:\\xampp\\htdocs\\ITE311-CASTILLO\\public\\index.php')
CRITICAL - 2025-12-05 04:27:05 --> ErrorException: Undefined array key "course_title"
[Method: GET, Route: teacher/quizzes/edit/21]
in APPPATH\Views\teacher\quizzes\edit.php on line 38.
 1 APPPATH\Views\teacher\quizzes\edit.php(38): CodeIgniter\Debug\Exceptions->errorHandler(2, 'Undefined array key "course_title"', 'C:\\xampp\\htdocs\\ITE311-CASTILLO\\app\\Views\\teacher\\quizzes\\edit.php', 38)
 2 SYSTEMPATH\View\View.php(226): include('C:\\xampp\\htdocs\\ITE311-CASTILLO\\app\\Views\\teacher\\quizzes\\edit.php')
 3 SYSTEMPATH\View\View.php(229): CodeIgniter\View\View->CodeIgniter\View\{closure}()
 4 SYSTEMPATH\Common.php(1167): CodeIgniter\View\View->render('teacher/quizzes/edit', [], true)
 5 APPPATH\Controllers\Teacher\Quizzes.php(228): view('teacher/quizzes/edit', [...])
 6 SYSTEMPATH\CodeIgniter.php(933): App\Controllers\Teacher\Quizzes->edit('21')
 7 SYSTEMPATH\CodeIgniter.php(507): CodeIgniter\CodeIgniter->runController(Object(App\Controllers\Teacher\Quizzes))
 8 SYSTEMPATH\CodeIgniter.php(354): CodeIgniter\CodeIgniter->handleRequest(null, Object(Config\Cache), false)
 9 SYSTEMPATH\Boot.php(363): CodeIgniter\CodeIgniter->run()
10 SYSTEMPATH\Boot.php(68): CodeIgniter\Boot::runCodeIgniter(Object(CodeIgniter\CodeIgniter))
11 FCPATH\index.php(70): CodeIgniter\Boot::bootWeb(Object(Config\Paths))
12 SYSTEMPATH\rewrite.php(44): require_once('C:\\xampp\\htdocs\\ITE311-CASTILLO\\public\\index.php')
CRITICAL - 2025-12-05 04:27:06 --> ErrorException: Undefined array key "course_title"
[Method: GET, Route: teacher/quizzes/edit/21]
in APPPATH\Views\teacher\quizzes\edit.php on line 38.
 1 APPPATH\Views\teacher\quizzes\edit.php(38): CodeIgniter\Debug\Exceptions->errorHandler(2, 'Undefined array key "course_title"', 'C:\\xampp\\htdocs\\ITE311-CASTILLO\\app\\Views\\teacher\\quizzes\\edit.php', 38)
 2 SYSTEMPATH\View\View.php(226): include('C:\\xampp\\htdocs\\ITE311-CASTILLO\\app\\Views\\teacher\\quizzes\\edit.php')
 3 SYSTEMPATH\View\View.php(229): CodeIgniter\View\View->CodeIgniter\View\{closure}()
 4 SYSTEMPATH\Common.php(1167): CodeIgniter\View\View->render('teacher/quizzes/edit', [], true)
 5 APPPATH\Controllers\Teacher\Quizzes.php(228): view('teacher/quizzes/edit', [...])
 6 SYSTEMPATH\CodeIgniter.php(933): App\Controllers\Teacher\Quizzes->edit('21')
 7 SYSTEMPATH\CodeIgniter.php(507): CodeIgniter\CodeIgniter->runController(Object(App\Controllers\Teacher\Quizzes))
 8 SYSTEMPATH\CodeIgniter.php(354): CodeIgniter\CodeIgniter->handleRequest(null, Object(Config\Cache), false)
 9 SYSTEMPATH\Boot.php(363): CodeIgniter\CodeIgniter->run()
10 SYSTEMPATH\Boot.php(68): CodeIgniter\Boot::runCodeIgniter(Object(CodeIgniter\CodeIgniter))
11 FCPATH\index.php(70): CodeIgniter\Boot::bootWeb(Object(Config\Paths))
12 SYSTEMPATH\rewrite.php(44): require_once('C:\\xampp\\htdocs\\ITE311-CASTILLO\\public\\index.php')
CRITICAL - 2025-12-05 04:27:20 --> ErrorException: Undefined array key "course_title"
[Method: GET, Route: teacher/quizzes/edit/21]
in APPPATH\Views\teacher\quizzes\edit.php on line 38.
 1 APPPATH\Views\teacher\quizzes\edit.php(38): CodeIgniter\Debug\Exceptions->errorHandler(2, 'Undefined array key "course_title"', 'C:\\xampp\\htdocs\\ITE311-CASTILLO\\app\\Views\\teacher\\quizzes\\edit.php', 38)
 2 SYSTEMPATH\View\View.php(226): include('C:\\xampp\\htdocs\\ITE311-CASTILLO\\app\\Views\\teacher\\quizzes\\edit.php')
 3 SYSTEMPATH\View\View.php(229): CodeIgniter\View\View->CodeIgniter\View\{closure}()
 4 SYSTEMPATH\Common.php(1167): CodeIgniter\View\View->render('teacher/quizzes/edit', [], true)
 5 APPPATH\Controllers\Teacher\Quizzes.php(228): view('teacher/quizzes/edit', [...])
 6 SYSTEMPATH\CodeIgniter.php(933): App\Controllers\Teacher\Quizzes->edit('21')
 7 SYSTEMPATH\CodeIgniter.php(507): CodeIgniter\CodeIgniter->runController(Object(App\Controllers\Teacher\Quizzes))
 8 SYSTEMPATH\CodeIgniter.php(354): CodeIgniter\CodeIgniter->handleRequest(null, Object(Config\Cache), false)
 9 SYSTEMPATH\Boot.php(363): CodeIgniter\CodeIgniter->run()
10 SYSTEMPATH\Boot.php(68): CodeIgniter\Boot::runCodeIgniter(Object(CodeIgniter\CodeIgniter))
11 FCPATH\index.php(70): CodeIgniter\Boot::bootWeb(Object(Config\Paths))
12 SYSTEMPATH\rewrite.php(44): require_once('C:\\xampp\\htdocs\\ITE311-CASTILLO\\public\\index.php')
CRITICAL - 2025-12-05 04:27:21 --> ErrorException: Undefined array key "course_title"
[Method: GET, Route: teacher/quizzes/edit/21]
in APPPATH\Views\teacher\quizzes\edit.php on line 38.
 1 APPPATH\Views\teacher\quizzes\edit.php(38): CodeIgniter\Debug\Exceptions->errorHandler(2, 'Undefined array key "course_title"', 'C:\\xampp\\htdocs\\ITE311-CASTILLO\\app\\Views\\teacher\\quizzes\\edit.php', 38)
 2 SYSTEMPATH\View\View.php(226): include('C:\\xampp\\htdocs\\ITE311-CASTILLO\\app\\Views\\teacher\\quizzes\\edit.php')
 3 SYSTEMPATH\View\View.php(229): CodeIgniter\View\View->CodeIgniter\View\{closure}()
 4 SYSTEMPATH\Common.php(1167): CodeIgniter\View\View->render('teacher/quizzes/edit', [], true)
 5 APPPATH\Controllers\Teacher\Quizzes.php(228): view('teacher/quizzes/edit', [...])
 6 SYSTEMPATH\CodeIgniter.php(933): App\Controllers\Teacher\Quizzes->edit('21')
 7 SYSTEMPATH\CodeIgniter.php(507): CodeIgniter\CodeIgniter->runController(Object(App\Controllers\Teacher\Quizzes))
 8 SYSTEMPATH\CodeIgniter.php(354): CodeIgniter\CodeIgniter->handleRequest(null, Object(Config\Cache), false)
 9 SYSTEMPATH\Boot.php(363): CodeIgniter\CodeIgniter->run()
10 SYSTEMPATH\Boot.php(68): CodeIgniter\Boot::runCodeIgniter(Object(CodeIgniter\CodeIgniter))
11 FCPATH\index.php(70): CodeIgniter\Boot::bootWeb(Object(Config\Paths))
12 SYSTEMPATH\rewrite.php(44): require_once('C:\\xampp\\htdocs\\ITE311-CASTILLO\\public\\index.php')
CRITICAL - 2025-12-05 04:29:47 --> ErrorException: Undefined array key "course_title"
[Method: GET, Route: teacher/quizzes/edit/21]
in APPPATH\Views\teacher\quizzes\edit.php on line 38.
 1 APPPATH\Views\teacher\quizzes\edit.php(38): CodeIgniter\Debug\Exceptions->errorHandler(2, 'Undefined array key "course_title"', 'C:\\xampp\\htdocs\\ITE311-CASTILLO\\app\\Views\\teacher\\quizzes\\edit.php', 38)
 2 SYSTEMPATH\View\View.php(226): include('C:\\xampp\\htdocs\\ITE311-CASTILLO\\app\\Views\\teacher\\quizzes\\edit.php')
 3 SYSTEMPATH\View\View.php(229): CodeIgniter\View\View->CodeIgniter\View\{closure}()
 4 SYSTEMPATH\Common.php(1167): CodeIgniter\View\View->render('teacher/quizzes/edit', [], true)
 5 APPPATH\Controllers\Teacher\Quizzes.php(228): view('teacher/quizzes/edit', [...])
 6 SYSTEMPATH\CodeIgniter.php(933): App\Controllers\Teacher\Quizzes->edit('21')
 7 SYSTEMPATH\CodeIgniter.php(507): CodeIgniter\CodeIgniter->runController(Object(App\Controllers\Teacher\Quizzes))
 8 SYSTEMPATH\CodeIgniter.php(354): CodeIgniter\CodeIgniter->handleRequest(null, Object(Config\Cache), false)
 9 SYSTEMPATH\Boot.php(363): CodeIgniter\CodeIgniter->run()
10 SYSTEMPATH\Boot.php(68): CodeIgniter\Boot::runCodeIgniter(Object(CodeIgniter\CodeIgniter))
11 FCPATH\index.php(70): CodeIgniter\Boot::bootWeb(Object(Config\Paths))
12 SYSTEMPATH\rewrite.php(44): require_once('C:\\xampp\\htdocs\\ITE311-CASTILLO\\public\\index.php')
CRITICAL - 2025-12-05 04:39:00 --> ErrorException: Undefined array key "course_title"
[Method: GET, Route: teacher/quizzes/edit/21]
in APPPATH\Views\teacher\quizzes\edit.php on line 38.
 1 APPPATH\Views\teacher\quizzes\edit.php(38): CodeIgniter\Debug\Exceptions->errorHandler(2, 'Undefined array key "course_title"', 'C:\\xampp\\htdocs\\ITE311-CASTILLO\\app\\Views\\teacher\\quizzes\\edit.php', 38)
 2 SYSTEMPATH\View\View.php(226): include('C:\\xampp\\htdocs\\ITE311-CASTILLO\\app\\Views\\teacher\\quizzes\\edit.php')
 3 SYSTEMPATH\View\View.php(229): CodeIgniter\View\View->CodeIgniter\View\{closure}()
 4 SYSTEMPATH\Common.php(1167): CodeIgniter\View\View->render('teacher/quizzes/edit', [], true)
 5 APPPATH\Controllers\Teacher\Quizzes.php(231): view('teacher/quizzes/edit', [...])
 6 SYSTEMPATH\CodeIgniter.php(933): App\Controllers\Teacher\Quizzes->edit('21')
 7 SYSTEMPATH\CodeIgniter.php(507): CodeIgniter\CodeIgniter->runController(Object(App\Controllers\Teacher\Quizzes))
 8 SYSTEMPATH\CodeIgniter.php(354): CodeIgniter\CodeIgniter->handleRequest(null, Object(Config\Cache), false)
 9 SYSTEMPATH\Boot.php(363): CodeIgniter\CodeIgniter->run()
10 SYSTEMPATH\Boot.php(68): CodeIgniter\Boot::runCodeIgniter(Object(CodeIgniter\CodeIgniter))
11 FCPATH\index.php(70): CodeIgniter\Boot::bootWeb(Object(Config\Paths))
12 SYSTEMPATH\rewrite.php(44): require_once('C:\\xampp\\htdocs\\ITE311-CASTILLO\\public\\index.php')
CRITICAL - 2025-12-05 04:39:53 --> ErrorException: Undefined array key "course_title"
[Method: GET, Route: teacher/quizzes/edit/21]
in APPPATH\Views\teacher\quizzes\edit.php on line 38.
 1 APPPATH\Views\teacher\quizzes\edit.php(38): CodeIgniter\Debug\Exceptions->errorHandler(2, 'Undefined array key "course_title"', 'C:\\xampp\\htdocs\\ITE311-CASTILLO\\app\\Views\\teacher\\quizzes\\edit.php', 38)
 2 SYSTEMPATH\View\View.php(226): include('C:\\xampp\\htdocs\\ITE311-CASTILLO\\app\\Views\\teacher\\quizzes\\edit.php')
 3 SYSTEMPATH\View\View.php(229): CodeIgniter\View\View->CodeIgniter\View\{closure}()
 4 SYSTEMPATH\Common.php(1167): CodeIgniter\View\View->render('teacher/quizzes/edit', [], true)
 5 APPPATH\Controllers\Teacher\Quizzes.php(231): view('teacher/quizzes/edit', [...])
 6 SYSTEMPATH\CodeIgniter.php(933): App\Controllers\Teacher\Quizzes->edit('21')
 7 SYSTEMPATH\CodeIgniter.php(507): CodeIgniter\CodeIgniter->runController(Object(App\Controllers\Teacher\Quizzes))
 8 SYSTEMPATH\CodeIgniter.php(354): CodeIgniter\CodeIgniter->handleRequest(null, Object(Config\Cache), false)
 9 SYSTEMPATH\Boot.php(363): CodeIgniter\CodeIgniter->run()
10 SYSTEMPATH\Boot.php(68): CodeIgniter\Boot::runCodeIgniter(Object(CodeIgniter\CodeIgniter))
11 FCPATH\index.php(70): CodeIgniter\Boot::bootWeb(Object(Config\Paths))
12 SYSTEMPATH\rewrite.php(44): require_once('C:\\xampp\\htdocs\\ITE311-CASTILLO\\public\\index.php')
CRITICAL - 2025-12-05 04:39:53 --> ErrorException: Undefined array key "course_title"
[Method: GET, Route: teacher/quizzes/edit/21]
in APPPATH\Views\teacher\quizzes\edit.php on line 38.
 1 APPPATH\Views\teacher\quizzes\edit.php(38): CodeIgniter\Debug\Exceptions->errorHandler(2, 'Undefined array key "course_title"', 'C:\\xampp\\htdocs\\ITE311-CASTILLO\\app\\Views\\teacher\\quizzes\\edit.php', 38)
 2 SYSTEMPATH\View\View.php(226): include('C:\\xampp\\htdocs\\ITE311-CASTILLO\\app\\Views\\teacher\\quizzes\\edit.php')
 3 SYSTEMPATH\View\View.php(229): CodeIgniter\View\View->CodeIgniter\View\{closure}()
 4 SYSTEMPATH\Common.php(1167): CodeIgniter\View\View->render('teacher/quizzes/edit', [], true)
 5 APPPATH\Controllers\Teacher\Quizzes.php(231): view('teacher/quizzes/edit', [...])
 6 SYSTEMPATH\CodeIgniter.php(933): App\Controllers\Teacher\Quizzes->edit('21')
 7 SYSTEMPATH\CodeIgniter.php(507): CodeIgniter\CodeIgniter->runController(Object(App\Controllers\Teacher\Quizzes))
 8 SYSTEMPATH\CodeIgniter.php(354): CodeIgniter\CodeIgniter->handleRequest(null, Object(Config\Cache), false)
 9 SYSTEMPATH\Boot.php(363): CodeIgniter\CodeIgniter->run()
10 SYSTEMPATH\Boot.php(68): CodeIgniter\Boot::runCodeIgniter(Object(CodeIgniter\CodeIgniter))
11 FCPATH\index.php(70): CodeIgniter\Boot::bootWeb(Object(Config\Paths))
12 SYSTEMPATH\rewrite.php(44): require_once('C:\\xampp\\htdocs\\ITE311-CASTILLO\\public\\index.php')
CRITICAL - 2025-12-05 04:39:54 --> ErrorException: Undefined array key "course_title"
[Method: GET, Route: teacher/quizzes/edit/21]
in APPPATH\Views\teacher\quizzes\edit.php on line 38.
 1 APPPATH\Views\teacher\quizzes\edit.php(38): CodeIgniter\Debug\Exceptions->errorHandler(2, 'Undefined array key "course_title"', 'C:\\xampp\\htdocs\\ITE311-CASTILLO\\app\\Views\\teacher\\quizzes\\edit.php', 38)
 2 SYSTEMPATH\View\View.php(226): include('C:\\xampp\\htdocs\\ITE311-CASTILLO\\app\\Views\\teacher\\quizzes\\edit.php')
 3 SYSTEMPATH\View\View.php(229): CodeIgniter\View\View->CodeIgniter\View\{closure}()
 4 SYSTEMPATH\Common.php(1167): CodeIgniter\View\View->render('teacher/quizzes/edit', [], true)
 5 APPPATH\Controllers\Teacher\Quizzes.php(231): view('teacher/quizzes/edit', [...])
 6 SYSTEMPATH\CodeIgniter.php(933): App\Controllers\Teacher\Quizzes->edit('21')
 7 SYSTEMPATH\CodeIgniter.php(507): CodeIgniter\CodeIgniter->runController(Object(App\Controllers\Teacher\Quizzes))
 8 SYSTEMPATH\CodeIgniter.php(354): CodeIgniter\CodeIgniter->handleRequest(null, Object(Config\Cache), false)
 9 SYSTEMPATH\Boot.php(363): CodeIgniter\CodeIgniter->run()
10 SYSTEMPATH\Boot.php(68): CodeIgniter\Boot::runCodeIgniter(Object(CodeIgniter\CodeIgniter))
11 FCPATH\index.php(70): CodeIgniter\Boot::bootWeb(Object(Config\Paths))
12 SYSTEMPATH\rewrite.php(44): require_once('C:\\xampp\\htdocs\\ITE311-CASTILLO\\public\\index.php')
CRITICAL - 2025-12-05 04:39:54 --> ErrorException: Undefined array key "course_title"
[Method: GET, Route: teacher/quizzes/edit/21]
in APPPATH\Views\teacher\quizzes\edit.php on line 38.
 1 APPPATH\Views\teacher\quizzes\edit.php(38): CodeIgniter\Debug\Exceptions->errorHandler(2, 'Undefined array key "course_title"', 'C:\\xampp\\htdocs\\ITE311-CASTILLO\\app\\Views\\teacher\\quizzes\\edit.php', 38)
 2 SYSTEMPATH\View\View.php(226): include('C:\\xampp\\htdocs\\ITE311-CASTILLO\\app\\Views\\teacher\\quizzes\\edit.php')
 3 SYSTEMPATH\View\View.php(229): CodeIgniter\View\View->CodeIgniter\View\{closure}()
 4 SYSTEMPATH\Common.php(1167): CodeIgniter\View\View->render('teacher/quizzes/edit', [], true)
 5 APPPATH\Controllers\Teacher\Quizzes.php(231): view('teacher/quizzes/edit', [...])
 6 SYSTEMPATH\CodeIgniter.php(933): App\Controllers\Teacher\Quizzes->edit('21')
 7 SYSTEMPATH\CodeIgniter.php(507): CodeIgniter\CodeIgniter->runController(Object(App\Controllers\Teacher\Quizzes))
 8 SYSTEMPATH\CodeIgniter.php(354): CodeIgniter\CodeIgniter->handleRequest(null, Object(Config\Cache), false)
 9 SYSTEMPATH\Boot.php(363): CodeIgniter\CodeIgniter->run()
10 SYSTEMPATH\Boot.php(68): CodeIgniter\Boot::runCodeIgniter(Object(CodeIgniter\CodeIgniter))
11 FCPATH\index.php(70): CodeIgniter\Boot::bootWeb(Object(Config\Paths))
12 SYSTEMPATH\rewrite.php(44): require_once('C:\\xampp\\htdocs\\ITE311-CASTILLO\\public\\index.php')
CRITICAL - 2025-12-05 04:39:54 --> ErrorException: Undefined array key "course_title"
[Method: GET, Route: teacher/quizzes/edit/21]
in APPPATH\Views\teacher\quizzes\edit.php on line 38.
 1 APPPATH\Views\teacher\quizzes\edit.php(38): CodeIgniter\Debug\Exceptions->errorHandler(2, 'Undefined array key "course_title"', 'C:\\xampp\\htdocs\\ITE311-CASTILLO\\app\\Views\\teacher\\quizzes\\edit.php', 38)
 2 SYSTEMPATH\View\View.php(226): include('C:\\xampp\\htdocs\\ITE311-CASTILLO\\app\\Views\\teacher\\quizzes\\edit.php')
 3 SYSTEMPATH\View\View.php(229): CodeIgniter\View\View->CodeIgniter\View\{closure}()
 4 SYSTEMPATH\Common.php(1167): CodeIgniter\View\View->render('teacher/quizzes/edit', [], true)
 5 APPPATH\Controllers\Teacher\Quizzes.php(231): view('teacher/quizzes/edit', [...])
 6 SYSTEMPATH\CodeIgniter.php(933): App\Controllers\Teacher\Quizzes->edit('21')
 7 SYSTEMPATH\CodeIgniter.php(507): CodeIgniter\CodeIgniter->runController(Object(App\Controllers\Teacher\Quizzes))
 8 SYSTEMPATH\CodeIgniter.php(354): CodeIgniter\CodeIgniter->handleRequest(null, Object(Config\Cache), false)
 9 SYSTEMPATH\Boot.php(363): CodeIgniter\CodeIgniter->run()
10 SYSTEMPATH\Boot.php(68): CodeIgniter\Boot::runCodeIgniter(Object(CodeIgniter\CodeIgniter))
11 FCPATH\index.php(70): CodeIgniter\Boot::bootWeb(Object(Config\Paths))
12 SYSTEMPATH\rewrite.php(44): require_once('C:\\xampp\\htdocs\\ITE311-CASTILLO\\public\\index.php')
CRITICAL - 2025-12-05 04:39:54 --> ErrorException: Undefined array key "course_title"
[Method: GET, Route: teacher/quizzes/edit/21]
in APPPATH\Views\teacher\quizzes\edit.php on line 38.
 1 APPPATH\Views\teacher\quizzes\edit.php(38): CodeIgniter\Debug\Exceptions->errorHandler(2, 'Undefined array key "course_title"', 'C:\\xampp\\htdocs\\ITE311-CASTILLO\\app\\Views\\teacher\\quizzes\\edit.php', 38)
 2 SYSTEMPATH\View\View.php(226): include('C:\\xampp\\htdocs\\ITE311-CASTILLO\\app\\Views\\teacher\\quizzes\\edit.php')
 3 SYSTEMPATH\View\View.php(229): CodeIgniter\View\View->CodeIgniter\View\{closure}()
 4 SYSTEMPATH\Common.php(1167): CodeIgniter\View\View->render('teacher/quizzes/edit', [], true)
 5 APPPATH\Controllers\Teacher\Quizzes.php(231): view('teacher/quizzes/edit', [...])
 6 SYSTEMPATH\CodeIgniter.php(933): App\Controllers\Teacher\Quizzes->edit('21')
 7 SYSTEMPATH\CodeIgniter.php(507): CodeIgniter\CodeIgniter->runController(Object(App\Controllers\Teacher\Quizzes))
 8 SYSTEMPATH\CodeIgniter.php(354): CodeIgniter\CodeIgniter->handleRequest(null, Object(Config\Cache), false)
 9 SYSTEMPATH\Boot.php(363): CodeIgniter\CodeIgniter->run()
10 SYSTEMPATH\Boot.php(68): CodeIgniter\Boot::runCodeIgniter(Object(CodeIgniter\CodeIgniter))
11 FCPATH\index.php(70): CodeIgniter\Boot::bootWeb(Object(Config\Paths))
12 SYSTEMPATH\rewrite.php(44): require_once('C:\\xampp\\htdocs\\ITE311-CASTILLO\\public\\index.php')
CRITICAL - 2025-12-05 04:39:54 --> ErrorException: Undefined array key "course_title"
[Method: GET, Route: teacher/quizzes/edit/21]
in APPPATH\Views\teacher\quizzes\edit.php on line 38.
 1 APPPATH\Views\teacher\quizzes\edit.php(38): CodeIgniter\Debug\Exceptions->errorHandler(2, 'Undefined array key "course_title"', 'C:\\xampp\\htdocs\\ITE311-CASTILLO\\app\\Views\\teacher\\quizzes\\edit.php', 38)
 2 SYSTEMPATH\View\View.php(226): include('C:\\xampp\\htdocs\\ITE311-CASTILLO\\app\\Views\\teacher\\quizzes\\edit.php')
 3 SYSTEMPATH\View\View.php(229): CodeIgniter\View\View->CodeIgniter\View\{closure}()
 4 SYSTEMPATH\Common.php(1167): CodeIgniter\View\View->render('teacher/quizzes/edit', [], true)
 5 APPPATH\Controllers\Teacher\Quizzes.php(231): view('teacher/quizzes/edit', [...])
 6 SYSTEMPATH\CodeIgniter.php(933): App\Controllers\Teacher\Quizzes->edit('21')
 7 SYSTEMPATH\CodeIgniter.php(507): CodeIgniter\CodeIgniter->runController(Object(App\Controllers\Teacher\Quizzes))
 8 SYSTEMPATH\CodeIgniter.php(354): CodeIgniter\CodeIgniter->handleRequest(null, Object(Config\Cache), false)
 9 SYSTEMPATH\Boot.php(363): CodeIgniter\CodeIgniter->run()
10 SYSTEMPATH\Boot.php(68): CodeIgniter\Boot::runCodeIgniter(Object(CodeIgniter\CodeIgniter))
11 FCPATH\index.php(70): CodeIgniter\Boot::bootWeb(Object(Config\Paths))
12 SYSTEMPATH\rewrite.php(44): require_once('C:\\xampp\\htdocs\\ITE311-CASTILLO\\public\\index.php')
CRITICAL - 2025-12-05 04:40:18 --> ErrorException: Undefined array key "course_title"
[Method: GET, Route: teacher/quizzes/edit/21]
in APPPATH\Views\teacher\quizzes\edit.php on line 38.
 1 APPPATH\Views\teacher\quizzes\edit.php(38): CodeIgniter\Debug\Exceptions->errorHandler(2, 'Undefined array key "course_title"', 'C:\\xampp\\htdocs\\ITE311-CASTILLO\\app\\Views\\teacher\\quizzes\\edit.php', 38)
 2 SYSTEMPATH\View\View.php(226): include('C:\\xampp\\htdocs\\ITE311-CASTILLO\\app\\Views\\teacher\\quizzes\\edit.php')
 3 SYSTEMPATH\View\View.php(229): CodeIgniter\View\View->CodeIgniter\View\{closure}()
 4 SYSTEMPATH\Common.php(1167): CodeIgniter\View\View->render('teacher/quizzes/edit', [], true)
 5 APPPATH\Controllers\Teacher\Quizzes.php(231): view('teacher/quizzes/edit', [...])
 6 SYSTEMPATH\CodeIgniter.php(933): App\Controllers\Teacher\Quizzes->edit('21')
 7 SYSTEMPATH\CodeIgniter.php(507): CodeIgniter\CodeIgniter->runController(Object(App\Controllers\Teacher\Quizzes))
 8 SYSTEMPATH\CodeIgniter.php(354): CodeIgniter\CodeIgniter->handleRequest(null, Object(Config\Cache), false)
 9 SYSTEMPATH\Boot.php(363): CodeIgniter\CodeIgniter->run()
10 SYSTEMPATH\Boot.php(68): CodeIgniter\Boot::runCodeIgniter(Object(CodeIgniter\CodeIgniter))
11 FCPATH\index.php(70): CodeIgniter\Boot::bootWeb(Object(Config\Paths))
12 SYSTEMPATH\rewrite.php(44): require_once('C:\\xampp\\htdocs\\ITE311-CASTILLO\\public\\index.php')
CRITICAL - 2025-12-05 04:40:18 --> ErrorException: Undefined array key "course_title"
[Method: GET, Route: teacher/quizzes/edit/21]
in APPPATH\Views\teacher\quizzes\edit.php on line 38.
 1 APPPATH\Views\teacher\quizzes\edit.php(38): CodeIgniter\Debug\Exceptions->errorHandler(2, 'Undefined array key "course_title"', 'C:\\xampp\\htdocs\\ITE311-CASTILLO\\app\\Views\\teacher\\quizzes\\edit.php', 38)
 2 SYSTEMPATH\View\View.php(226): include('C:\\xampp\\htdocs\\ITE311-CASTILLO\\app\\Views\\teacher\\quizzes\\edit.php')
 3 SYSTEMPATH\View\View.php(229): CodeIgniter\View\View->CodeIgniter\View\{closure}()
 4 SYSTEMPATH\Common.php(1167): CodeIgniter\View\View->render('teacher/quizzes/edit', [], true)
 5 APPPATH\Controllers\Teacher\Quizzes.php(231): view('teacher/quizzes/edit', [...])
 6 SYSTEMPATH\CodeIgniter.php(933): App\Controllers\Teacher\Quizzes->edit('21')
 7 SYSTEMPATH\CodeIgniter.php(507): CodeIgniter\CodeIgniter->runController(Object(App\Controllers\Teacher\Quizzes))
 8 SYSTEMPATH\CodeIgniter.php(354): CodeIgniter\CodeIgniter->handleRequest(null, Object(Config\Cache), false)
 9 SYSTEMPATH\Boot.php(363): CodeIgniter\CodeIgniter->run()
10 SYSTEMPATH\Boot.php(68): CodeIgniter\Boot::runCodeIgniter(Object(CodeIgniter\CodeIgniter))
11 FCPATH\index.php(70): CodeIgniter\Boot::bootWeb(Object(Config\Paths))
12 SYSTEMPATH\rewrite.php(44): require_once('C:\\xampp\\htdocs\\ITE311-CASTILLO\\public\\index.php')
CRITICAL - 2025-12-05 04:40:18 --> ErrorException: Undefined array key "course_title"
[Method: GET, Route: teacher/quizzes/edit/21]
in APPPATH\Views\teacher\quizzes\edit.php on line 38.
 1 APPPATH\Views\teacher\quizzes\edit.php(38): CodeIgniter\Debug\Exceptions->errorHandler(2, 'Undefined array key "course_title"', 'C:\\xampp\\htdocs\\ITE311-CASTILLO\\app\\Views\\teacher\\quizzes\\edit.php', 38)
 2 SYSTEMPATH\View\View.php(226): include('C:\\xampp\\htdocs\\ITE311-CASTILLO\\app\\Views\\teacher\\quizzes\\edit.php')
 3 SYSTEMPATH\View\View.php(229): CodeIgniter\View\View->CodeIgniter\View\{closure}()
 4 SYSTEMPATH\Common.php(1167): CodeIgniter\View\View->render('teacher/quizzes/edit', [], true)
 5 APPPATH\Controllers\Teacher\Quizzes.php(231): view('teacher/quizzes/edit', [...])
 6 SYSTEMPATH\CodeIgniter.php(933): App\Controllers\Teacher\Quizzes->edit('21')
 7 SYSTEMPATH\CodeIgniter.php(507): CodeIgniter\CodeIgniter->runController(Object(App\Controllers\Teacher\Quizzes))
 8 SYSTEMPATH\CodeIgniter.php(354): CodeIgniter\CodeIgniter->handleRequest(null, Object(Config\Cache), false)
 9 SYSTEMPATH\Boot.php(363): CodeIgniter\CodeIgniter->run()
10 SYSTEMPATH\Boot.php(68): CodeIgniter\Boot::runCodeIgniter(Object(CodeIgniter\CodeIgniter))
11 FCPATH\index.php(70): CodeIgniter\Boot::bootWeb(Object(Config\Paths))
12 SYSTEMPATH\rewrite.php(44): require_once('C:\\xampp\\htdocs\\ITE311-CASTILLO\\public\\index.php')
CRITICAL - 2025-12-05 04:40:18 --> ErrorException: Undefined array key "course_title"
[Method: GET, Route: teacher/quizzes/edit/21]
in APPPATH\Views\teacher\quizzes\edit.php on line 38.
 1 APPPATH\Views\teacher\quizzes\edit.php(38): CodeIgniter\Debug\Exceptions->errorHandler(2, 'Undefined array key "course_title"', 'C:\\xampp\\htdocs\\ITE311-CASTILLO\\app\\Views\\teacher\\quizzes\\edit.php', 38)
 2 SYSTEMPATH\View\View.php(226): include('C:\\xampp\\htdocs\\ITE311-CASTILLO\\app\\Views\\teacher\\quizzes\\edit.php')
 3 SYSTEMPATH\View\View.php(229): CodeIgniter\View\View->CodeIgniter\View\{closure}()
 4 SYSTEMPATH\Common.php(1167): CodeIgniter\View\View->render('teacher/quizzes/edit', [], true)
 5 APPPATH\Controllers\Teacher\Quizzes.php(231): view('teacher/quizzes/edit', [...])
 6 SYSTEMPATH\CodeIgniter.php(933): App\Controllers\Teacher\Quizzes->edit('21')
 7 SYSTEMPATH\CodeIgniter.php(507): CodeIgniter\CodeIgniter->runController(Object(App\Controllers\Teacher\Quizzes))
 8 SYSTEMPATH\CodeIgniter.php(354): CodeIgniter\CodeIgniter->handleRequest(null, Object(Config\Cache), false)
 9 SYSTEMPATH\Boot.php(363): CodeIgniter\CodeIgniter->run()
10 SYSTEMPATH\Boot.php(68): CodeIgniter\Boot::runCodeIgniter(Object(CodeIgniter\CodeIgniter))
11 FCPATH\index.php(70): CodeIgniter\Boot::bootWeb(Object(Config\Paths))
12 SYSTEMPATH\rewrite.php(44): require_once('C:\\xampp\\htdocs\\ITE311-CASTILLO\\public\\index.php')
CRITICAL - 2025-12-05 04:40:19 --> ErrorException: Undefined array key "course_title"
[Method: GET, Route: teacher/quizzes/edit/21]
in APPPATH\Views\teacher\quizzes\edit.php on line 38.
 1 APPPATH\Views\teacher\quizzes\edit.php(38): CodeIgniter\Debug\Exceptions->errorHandler(2, 'Undefined array key "course_title"', 'C:\\xampp\\htdocs\\ITE311-CASTILLO\\app\\Views\\teacher\\quizzes\\edit.php', 38)
 2 SYSTEMPATH\View\View.php(226): include('C:\\xampp\\htdocs\\ITE311-CASTILLO\\app\\Views\\teacher\\quizzes\\edit.php')
 3 SYSTEMPATH\View\View.php(229): CodeIgniter\View\View->CodeIgniter\View\{closure}()
 4 SYSTEMPATH\Common.php(1167): CodeIgniter\View\View->render('teacher/quizzes/edit', [], true)
 5 APPPATH\Controllers\Teacher\Quizzes.php(231): view('teacher/quizzes/edit', [...])
 6 SYSTEMPATH\CodeIgniter.php(933): App\Controllers\Teacher\Quizzes->edit('21')
 7 SYSTEMPATH\CodeIgniter.php(507): CodeIgniter\CodeIgniter->runController(Object(App\Controllers\Teacher\Quizzes))
 8 SYSTEMPATH\CodeIgniter.php(354): CodeIgniter\CodeIgniter->handleRequest(null, Object(Config\Cache), false)
 9 SYSTEMPATH\Boot.php(363): CodeIgniter\CodeIgniter->run()
10 SYSTEMPATH\Boot.php(68): CodeIgniter\Boot::runCodeIgniter(Object(CodeIgniter\CodeIgniter))
11 FCPATH\index.php(70): CodeIgniter\Boot::bootWeb(Object(Config\Paths))
12 SYSTEMPATH\rewrite.php(44): require_once('C:\\xampp\\htdocs\\ITE311-CASTILLO\\public\\index.php')
CRITICAL - 2025-12-05 04:40:19 --> ErrorException: Undefined array key "course_title"
[Method: GET, Route: teacher/quizzes/edit/21]
in APPPATH\Views\teacher\quizzes\edit.php on line 38.
 1 APPPATH\Views\teacher\quizzes\edit.php(38): CodeIgniter\Debug\Exceptions->errorHandler(2, 'Undefined array key "course_title"', 'C:\\xampp\\htdocs\\ITE311-CASTILLO\\app\\Views\\teacher\\quizzes\\edit.php', 38)
 2 SYSTEMPATH\View\View.php(226): include('C:\\xampp\\htdocs\\ITE311-CASTILLO\\app\\Views\\teacher\\quizzes\\edit.php')
 3 SYSTEMPATH\View\View.php(229): CodeIgniter\View\View->CodeIgniter\View\{closure}()
 4 SYSTEMPATH\Common.php(1167): CodeIgniter\View\View->render('teacher/quizzes/edit', [], true)
 5 APPPATH\Controllers\Teacher\Quizzes.php(231): view('teacher/quizzes/edit', [...])
 6 SYSTEMPATH\CodeIgniter.php(933): App\Controllers\Teacher\Quizzes->edit('21')
 7 SYSTEMPATH\CodeIgniter.php(507): CodeIgniter\CodeIgniter->runController(Object(App\Controllers\Teacher\Quizzes))
 8 SYSTEMPATH\CodeIgniter.php(354): CodeIgniter\CodeIgniter->handleRequest(null, Object(Config\Cache), false)
 9 SYSTEMPATH\Boot.php(363): CodeIgniter\CodeIgniter->run()
10 SYSTEMPATH\Boot.php(68): CodeIgniter\Boot::runCodeIgniter(Object(CodeIgniter\CodeIgniter))
11 FCPATH\index.php(70): CodeIgniter\Boot::bootWeb(Object(Config\Paths))
12 SYSTEMPATH\rewrite.php(44): require_once('C:\\xampp\\htdocs\\ITE311-CASTILLO\\public\\index.php')
CRITICAL - 2025-12-05 04:40:19 --> ErrorException: Undefined array key "course_title"
[Method: GET, Route: teacher/quizzes/edit/21]
in APPPATH\Views\teacher\quizzes\edit.php on line 38.
 1 APPPATH\Views\teacher\quizzes\edit.php(38): CodeIgniter\Debug\Exceptions->errorHandler(2, 'Undefined array key "course_title"', 'C:\\xampp\\htdocs\\ITE311-CASTILLO\\app\\Views\\teacher\\quizzes\\edit.php', 38)
 2 SYSTEMPATH\View\View.php(226): include('C:\\xampp\\htdocs\\ITE311-CASTILLO\\app\\Views\\teacher\\quizzes\\edit.php')
 3 SYSTEMPATH\View\View.php(229): CodeIgniter\View\View->CodeIgniter\View\{closure}()
 4 SYSTEMPATH\Common.php(1167): CodeIgniter\View\View->render('teacher/quizzes/edit', [], true)
 5 APPPATH\Controllers\Teacher\Quizzes.php(231): view('teacher/quizzes/edit', [...])
 6 SYSTEMPATH\CodeIgniter.php(933): App\Controllers\Teacher\Quizzes->edit('21')
 7 SYSTEMPATH\CodeIgniter.php(507): CodeIgniter\CodeIgniter->runController(Object(App\Controllers\Teacher\Quizzes))
 8 SYSTEMPATH\CodeIgniter.php(354): CodeIgniter\CodeIgniter->handleRequest(null, Object(Config\Cache), false)
 9 SYSTEMPATH\Boot.php(363): CodeIgniter\CodeIgniter->run()
10 SYSTEMPATH\Boot.php(68): CodeIgniter\Boot::runCodeIgniter(Object(CodeIgniter\CodeIgniter))
11 FCPATH\index.php(70): CodeIgniter\Boot::bootWeb(Object(Config\Paths))
12 SYSTEMPATH\rewrite.php(44): require_once('C:\\xampp\\htdocs\\ITE311-CASTILLO\\public\\index.php')
CRITICAL - 2025-12-05 04:40:19 --> ErrorException: Undefined array key "course_title"
[Method: GET, Route: teacher/quizzes/edit/21]
in APPPATH\Views\teacher\quizzes\edit.php on line 38.
 1 APPPATH\Views\teacher\quizzes\edit.php(38): CodeIgniter\Debug\Exceptions->errorHandler(2, 'Undefined array key "course_title"', 'C:\\xampp\\htdocs\\ITE311-CASTILLO\\app\\Views\\teacher\\quizzes\\edit.php', 38)
 2 SYSTEMPATH\View\View.php(226): include('C:\\xampp\\htdocs\\ITE311-CASTILLO\\app\\Views\\teacher\\quizzes\\edit.php')
 3 SYSTEMPATH\View\View.php(229): CodeIgniter\View\View->CodeIgniter\View\{closure}()
 4 SYSTEMPATH\Common.php(1167): CodeIgniter\View\View->render('teacher/quizzes/edit', [], true)
 5 APPPATH\Controllers\Teacher\Quizzes.php(231): view('teacher/quizzes/edit', [...])
 6 SYSTEMPATH\CodeIgniter.php(933): App\Controllers\Teacher\Quizzes->edit('21')
 7 SYSTEMPATH\CodeIgniter.php(507): CodeIgniter\CodeIgniter->runController(Object(App\Controllers\Teacher\Quizzes))
 8 SYSTEMPATH\CodeIgniter.php(354): CodeIgniter\CodeIgniter->handleRequest(null, Object(Config\Cache), false)
 9 SYSTEMPATH\Boot.php(363): CodeIgniter\CodeIgniter->run()
10 SYSTEMPATH\Boot.php(68): CodeIgniter\Boot::runCodeIgniter(Object(CodeIgniter\CodeIgniter))
11 FCPATH\index.php(70): CodeIgniter\Boot::bootWeb(Object(Config\Paths))
12 SYSTEMPATH\rewrite.php(44): require_once('C:\\xampp\\htdocs\\ITE311-CASTILLO\\public\\index.php')
CRITICAL - 2025-12-05 04:40:19 --> ErrorException: Undefined array key "course_title"
[Method: GET, Route: teacher/quizzes/edit/21]
in APPPATH\Views\teacher\quizzes\edit.php on line 38.
 1 APPPATH\Views\teacher\quizzes\edit.php(38): CodeIgniter\Debug\Exceptions->errorHandler(2, 'Undefined array key "course_title"', 'C:\\xampp\\htdocs\\ITE311-CASTILLO\\app\\Views\\teacher\\quizzes\\edit.php', 38)
 2 SYSTEMPATH\View\View.php(226): include('C:\\xampp\\htdocs\\ITE311-CASTILLO\\app\\Views\\teacher\\quizzes\\edit.php')
 3 SYSTEMPATH\View\View.php(229): CodeIgniter\View\View->CodeIgniter\View\{closure}()
 4 SYSTEMPATH\Common.php(1167): CodeIgniter\View\View->render('teacher/quizzes/edit', [], true)
 5 APPPATH\Controllers\Teacher\Quizzes.php(231): view('teacher/quizzes/edit', [...])
 6 SYSTEMPATH\CodeIgniter.php(933): App\Controllers\Teacher\Quizzes->edit('21')
 7 SYSTEMPATH\CodeIgniter.php(507): CodeIgniter\CodeIgniter->runController(Object(App\Controllers\Teacher\Quizzes))
 8 SYSTEMPATH\CodeIgniter.php(354): CodeIgniter\CodeIgniter->handleRequest(null, Object(Config\Cache), false)
 9 SYSTEMPATH\Boot.php(363): CodeIgniter\CodeIgniter->run()
10 SYSTEMPATH\Boot.php(68): CodeIgniter\Boot::runCodeIgniter(Object(CodeIgniter\CodeIgniter))
11 FCPATH\index.php(70): CodeIgniter\Boot::bootWeb(Object(Config\Paths))
12 SYSTEMPATH\rewrite.php(44): require_once('C:\\xampp\\htdocs\\ITE311-CASTILLO\\public\\index.php')
CRITICAL - 2025-12-05 04:40:20 --> ErrorException: Undefined array key "course_title"
[Method: GET, Route: teacher/quizzes/edit/21]
in APPPATH\Views\teacher\quizzes\edit.php on line 38.
 1 APPPATH\Views\teacher\quizzes\edit.php(38): CodeIgniter\Debug\Exceptions->errorHandler(2, 'Undefined array key "course_title"', 'C:\\xampp\\htdocs\\ITE311-CASTILLO\\app\\Views\\teacher\\quizzes\\edit.php', 38)
 2 SYSTEMPATH\View\View.php(226): include('C:\\xampp\\htdocs\\ITE311-CASTILLO\\app\\Views\\teacher\\quizzes\\edit.php')
 3 SYSTEMPATH\View\View.php(229): CodeIgniter\View\View->CodeIgniter\View\{closure}()
 4 SYSTEMPATH\Common.php(1167): CodeIgniter\View\View->render('teacher/quizzes/edit', [], true)
 5 APPPATH\Controllers\Teacher\Quizzes.php(231): view('teacher/quizzes/edit', [...])
 6 SYSTEMPATH\CodeIgniter.php(933): App\Controllers\Teacher\Quizzes->edit('21')
 7 SYSTEMPATH\CodeIgniter.php(507): CodeIgniter\CodeIgniter->runController(Object(App\Controllers\Teacher\Quizzes))
 8 SYSTEMPATH\CodeIgniter.php(354): CodeIgniter\CodeIgniter->handleRequest(null, Object(Config\Cache), false)
 9 SYSTEMPATH\Boot.php(363): CodeIgniter\CodeIgniter->run()
10 SYSTEMPATH\Boot.php(68): CodeIgniter\Boot::runCodeIgniter(Object(CodeIgniter\CodeIgniter))
11 FCPATH\index.php(70): CodeIgniter\Boot::bootWeb(Object(Config\Paths))
12 SYSTEMPATH\rewrite.php(44): require_once('C:\\xampp\\htdocs\\ITE311-CASTILLO\\public\\index.php')
CRITICAL - 2025-12-05 04:40:33 --> ErrorException: Undefined array key "course_title"
[Method: GET, Route: teacher/quizzes/edit/21]
in APPPATH\Views\teacher\quizzes\edit.php on line 38.
 1 APPPATH\Views\teacher\quizzes\edit.php(38): CodeIgniter\Debug\Exceptions->errorHandler(2, 'Undefined array key "course_title"', 'C:\\xampp\\htdocs\\ITE311-CASTILLO\\app\\Views\\teacher\\quizzes\\edit.php', 38)
 2 SYSTEMPATH\View\View.php(226): include('C:\\xampp\\htdocs\\ITE311-CASTILLO\\app\\Views\\teacher\\quizzes\\edit.php')
 3 SYSTEMPATH\View\View.php(229): CodeIgniter\View\View->CodeIgniter\View\{closure}()
 4 SYSTEMPATH\Common.php(1167): CodeIgniter\View\View->render('teacher/quizzes/edit', [], true)
 5 APPPATH\Controllers\Teacher\Quizzes.php(231): view('teacher/quizzes/edit', [...])
 6 SYSTEMPATH\CodeIgniter.php(933): App\Controllers\Teacher\Quizzes->edit('21')
 7 SYSTEMPATH\CodeIgniter.php(507): CodeIgniter\CodeIgniter->runController(Object(App\Controllers\Teacher\Quizzes))
 8 SYSTEMPATH\CodeIgniter.php(354): CodeIgniter\CodeIgniter->handleRequest(null, Object(Config\Cache), false)
 9 SYSTEMPATH\Boot.php(363): CodeIgniter\CodeIgniter->run()
10 SYSTEMPATH\Boot.php(68): CodeIgniter\Boot::runCodeIgniter(Object(CodeIgniter\CodeIgniter))
11 FCPATH\index.php(70): CodeIgniter\Boot::bootWeb(Object(Config\Paths))
12 SYSTEMPATH\rewrite.php(44): require_once('C:\\xampp\\htdocs\\ITE311-CASTILLO\\public\\index.php')
CRITICAL - 2025-12-05 04:40:34 --> ErrorException: Undefined array key "course_title"
[Method: GET, Route: teacher/quizzes/edit/21]
in APPPATH\Views\teacher\quizzes\edit.php on line 38.
 1 APPPATH\Views\teacher\quizzes\edit.php(38): CodeIgniter\Debug\Exceptions->errorHandler(2, 'Undefined array key "course_title"', 'C:\\xampp\\htdocs\\ITE311-CASTILLO\\app\\Views\\teacher\\quizzes\\edit.php', 38)
 2 SYSTEMPATH\View\View.php(226): include('C:\\xampp\\htdocs\\ITE311-CASTILLO\\app\\Views\\teacher\\quizzes\\edit.php')
 3 SYSTEMPATH\View\View.php(229): CodeIgniter\View\View->CodeIgniter\View\{closure}()
 4 SYSTEMPATH\Common.php(1167): CodeIgniter\View\View->render('teacher/quizzes/edit', [], true)
 5 APPPATH\Controllers\Teacher\Quizzes.php(231): view('teacher/quizzes/edit', [...])
 6 SYSTEMPATH\CodeIgniter.php(933): App\Controllers\Teacher\Quizzes->edit('21')
 7 SYSTEMPATH\CodeIgniter.php(507): CodeIgniter\CodeIgniter->runController(Object(App\Controllers\Teacher\Quizzes))
 8 SYSTEMPATH\CodeIgniter.php(354): CodeIgniter\CodeIgniter->handleRequest(null, Object(Config\Cache), false)
 9 SYSTEMPATH\Boot.php(363): CodeIgniter\CodeIgniter->run()
10 SYSTEMPATH\Boot.php(68): CodeIgniter\Boot::runCodeIgniter(Object(CodeIgniter\CodeIgniter))
11 FCPATH\index.php(70): CodeIgniter\Boot::bootWeb(Object(Config\Paths))
12 SYSTEMPATH\rewrite.php(44): require_once('C:\\xampp\\htdocs\\ITE311-CASTILLO\\public\\index.php')
CRITICAL - 2025-12-05 04:40:34 --> ErrorException: Undefined array key "course_title"
[Method: GET, Route: teacher/quizzes/edit/21]
in APPPATH\Views\teacher\quizzes\edit.php on line 38.
 1 APPPATH\Views\teacher\quizzes\edit.php(38): CodeIgniter\Debug\Exceptions->errorHandler(2, 'Undefined array key "course_title"', 'C:\\xampp\\htdocs\\ITE311-CASTILLO\\app\\Views\\teacher\\quizzes\\edit.php', 38)
 2 SYSTEMPATH\View\View.php(226): include('C:\\xampp\\htdocs\\ITE311-CASTILLO\\app\\Views\\teacher\\quizzes\\edit.php')
 3 SYSTEMPATH\View\View.php(229): CodeIgniter\View\View->CodeIgniter\View\{closure}()
 4 SYSTEMPATH\Common.php(1167): CodeIgniter\View\View->render('teacher/quizzes/edit', [], true)
 5 APPPATH\Controllers\Teacher\Quizzes.php(231): view('teacher/quizzes/edit', [...])
 6 SYSTEMPATH\CodeIgniter.php(933): App\Controllers\Teacher\Quizzes->edit('21')
 7 SYSTEMPATH\CodeIgniter.php(507): CodeIgniter\CodeIgniter->runController(Object(App\Controllers\Teacher\Quizzes))
 8 SYSTEMPATH\CodeIgniter.php(354): CodeIgniter\CodeIgniter->handleRequest(null, Object(Config\Cache), false)
 9 SYSTEMPATH\Boot.php(363): CodeIgniter\CodeIgniter->run()
10 SYSTEMPATH\Boot.php(68): CodeIgniter\Boot::runCodeIgniter(Object(CodeIgniter\CodeIgniter))
11 FCPATH\index.php(70): CodeIgniter\Boot::bootWeb(Object(Config\Paths))
12 SYSTEMPATH\rewrite.php(44): require_once('C:\\xampp\\htdocs\\ITE311-CASTILLO\\public\\index.php')
CRITICAL - 2025-12-05 04:40:34 --> ErrorException: Undefined array key "course_title"
[Method: GET, Route: teacher/quizzes/edit/21]
in APPPATH\Views\teacher\quizzes\edit.php on line 38.
 1 APPPATH\Views\teacher\quizzes\edit.php(38): CodeIgniter\Debug\Exceptions->errorHandler(2, 'Undefined array key "course_title"', 'C:\\xampp\\htdocs\\ITE311-CASTILLO\\app\\Views\\teacher\\quizzes\\edit.php', 38)
 2 SYSTEMPATH\View\View.php(226): include('C:\\xampp\\htdocs\\ITE311-CASTILLO\\app\\Views\\teacher\\quizzes\\edit.php')
 3 SYSTEMPATH\View\View.php(229): CodeIgniter\View\View->CodeIgniter\View\{closure}()
 4 SYSTEMPATH\Common.php(1167): CodeIgniter\View\View->render('teacher/quizzes/edit', [], true)
 5 APPPATH\Controllers\Teacher\Quizzes.php(231): view('teacher/quizzes/edit', [...])
 6 SYSTEMPATH\CodeIgniter.php(933): App\Controllers\Teacher\Quizzes->edit('21')
 7 SYSTEMPATH\CodeIgniter.php(507): CodeIgniter\CodeIgniter->runController(Object(App\Controllers\Teacher\Quizzes))
 8 SYSTEMPATH\CodeIgniter.php(354): CodeIgniter\CodeIgniter->handleRequest(null, Object(Config\Cache), false)
 9 SYSTEMPATH\Boot.php(363): CodeIgniter\CodeIgniter->run()
10 SYSTEMPATH\Boot.php(68): CodeIgniter\Boot::runCodeIgniter(Object(CodeIgniter\CodeIgniter))
11 FCPATH\index.php(70): CodeIgniter\Boot::bootWeb(Object(Config\Paths))
12 SYSTEMPATH\rewrite.php(44): require_once('C:\\xampp\\htdocs\\ITE311-CASTILLO\\public\\index.php')
CRITICAL - 2025-12-05 04:40:35 --> ErrorException: Undefined array key "course_title"
[Method: GET, Route: teacher/quizzes/edit/21]
in APPPATH\Views\teacher\quizzes\edit.php on line 38.
 1 APPPATH\Views\teacher\quizzes\edit.php(38): CodeIgniter\Debug\Exceptions->errorHandler(2, 'Undefined array key "course_title"', 'C:\\xampp\\htdocs\\ITE311-CASTILLO\\app\\Views\\teacher\\quizzes\\edit.php', 38)
 2 SYSTEMPATH\View\View.php(226): include('C:\\xampp\\htdocs\\ITE311-CASTILLO\\app\\Views\\teacher\\quizzes\\edit.php')
 3 SYSTEMPATH\View\View.php(229): CodeIgniter\View\View->CodeIgniter\View\{closure}()
 4 SYSTEMPATH\Common.php(1167): CodeIgniter\View\View->render('teacher/quizzes/edit', [], true)
 5 APPPATH\Controllers\Teacher\Quizzes.php(231): view('teacher/quizzes/edit', [...])
 6 SYSTEMPATH\CodeIgniter.php(933): App\Controllers\Teacher\Quizzes->edit('21')
 7 SYSTEMPATH\CodeIgniter.php(507): CodeIgniter\CodeIgniter->runController(Object(App\Controllers\Teacher\Quizzes))
 8 SYSTEMPATH\CodeIgniter.php(354): CodeIgniter\CodeIgniter->handleRequest(null, Object(Config\Cache), false)
 9 SYSTEMPATH\Boot.php(363): CodeIgniter\CodeIgniter->run()
10 SYSTEMPATH\Boot.php(68): CodeIgniter\Boot::runCodeIgniter(Object(CodeIgniter\CodeIgniter))
11 FCPATH\index.php(70): CodeIgniter\Boot::bootWeb(Object(Config\Paths))
12 SYSTEMPATH\rewrite.php(44): require_once('C:\\xampp\\htdocs\\ITE311-CASTILLO\\public\\index.php')
CRITICAL - 2025-12-05 04:40:35 --> ErrorException: Undefined array key "course_title"
[Method: GET, Route: teacher/quizzes/edit/21]
in APPPATH\Views\teacher\quizzes\edit.php on line 38.
 1 APPPATH\Views\teacher\quizzes\edit.php(38): CodeIgniter\Debug\Exceptions->errorHandler(2, 'Undefined array key "course_title"', 'C:\\xampp\\htdocs\\ITE311-CASTILLO\\app\\Views\\teacher\\quizzes\\edit.php', 38)
 2 SYSTEMPATH\View\View.php(226): include('C:\\xampp\\htdocs\\ITE311-CASTILLO\\app\\Views\\teacher\\quizzes\\edit.php')
 3 SYSTEMPATH\View\View.php(229): CodeIgniter\View\View->CodeIgniter\View\{closure}()
 4 SYSTEMPATH\Common.php(1167): CodeIgniter\View\View->render('teacher/quizzes/edit', [], true)
 5 APPPATH\Controllers\Teacher\Quizzes.php(231): view('teacher/quizzes/edit', [...])
 6 SYSTEMPATH\CodeIgniter.php(933): App\Controllers\Teacher\Quizzes->edit('21')
 7 SYSTEMPATH\CodeIgniter.php(507): CodeIgniter\CodeIgniter->runController(Object(App\Controllers\Teacher\Quizzes))
 8 SYSTEMPATH\CodeIgniter.php(354): CodeIgniter\CodeIgniter->handleRequest(null, Object(Config\Cache), false)
 9 SYSTEMPATH\Boot.php(363): CodeIgniter\CodeIgniter->run()
10 SYSTEMPATH\Boot.php(68): CodeIgniter\Boot::runCodeIgniter(Object(CodeIgniter\CodeIgniter))
11 FCPATH\index.php(70): CodeIgniter\Boot::bootWeb(Object(Config\Paths))
12 SYSTEMPATH\rewrite.php(44): require_once('C:\\xampp\\htdocs\\ITE311-CASTILLO\\public\\index.php')
CRITICAL - 2025-12-05 04:40:35 --> ErrorException: Undefined array key "course_title"
[Method: GET, Route: teacher/quizzes/edit/21]
in APPPATH\Views\teacher\quizzes\edit.php on line 38.
 1 APPPATH\Views\teacher\quizzes\edit.php(38): CodeIgniter\Debug\Exceptions->errorHandler(2, 'Undefined array key "course_title"', 'C:\\xampp\\htdocs\\ITE311-CASTILLO\\app\\Views\\teacher\\quizzes\\edit.php', 38)
 2 SYSTEMPATH\View\View.php(226): include('C:\\xampp\\htdocs\\ITE311-CASTILLO\\app\\Views\\teacher\\quizzes\\edit.php')
 3 SYSTEMPATH\View\View.php(229): CodeIgniter\View\View->CodeIgniter\View\{closure}()
 4 SYSTEMPATH\Common.php(1167): CodeIgniter\View\View->render('teacher/quizzes/edit', [], true)
 5 APPPATH\Controllers\Teacher\Quizzes.php(231): view('teacher/quizzes/edit', [...])
 6 SYSTEMPATH\CodeIgniter.php(933): App\Controllers\Teacher\Quizzes->edit('21')
 7 SYSTEMPATH\CodeIgniter.php(507): CodeIgniter\CodeIgniter->runController(Object(App\Controllers\Teacher\Quizzes))
 8 SYSTEMPATH\CodeIgniter.php(354): CodeIgniter\CodeIgniter->handleRequest(null, Object(Config\Cache), false)
 9 SYSTEMPATH\Boot.php(363): CodeIgniter\CodeIgniter->run()
10 SYSTEMPATH\Boot.php(68): CodeIgniter\Boot::runCodeIgniter(Object(CodeIgniter\CodeIgniter))
11 FCPATH\index.php(70): CodeIgniter\Boot::bootWeb(Object(Config\Paths))
12 SYSTEMPATH\rewrite.php(44): require_once('C:\\xampp\\htdocs\\ITE311-CASTILLO\\public\\index.php')
CRITICAL - 2025-12-05 04:40:35 --> ErrorException: Undefined array key "course_title"
[Method: GET, Route: teacher/quizzes/edit/21]
in APPPATH\Views\teacher\quizzes\edit.php on line 38.
 1 APPPATH\Views\teacher\quizzes\edit.php(38): CodeIgniter\Debug\Exceptions->errorHandler(2, 'Undefined array key "course_title"', 'C:\\xampp\\htdocs\\ITE311-CASTILLO\\app\\Views\\teacher\\quizzes\\edit.php', 38)
 2 SYSTEMPATH\View\View.php(226): include('C:\\xampp\\htdocs\\ITE311-CASTILLO\\app\\Views\\teacher\\quizzes\\edit.php')
 3 SYSTEMPATH\View\View.php(229): CodeIgniter\View\View->CodeIgniter\View\{closure}()
 4 SYSTEMPATH\Common.php(1167): CodeIgniter\View\View->render('teacher/quizzes/edit', [], true)
 5 APPPATH\Controllers\Teacher\Quizzes.php(231): view('teacher/quizzes/edit', [...])
 6 SYSTEMPATH\CodeIgniter.php(933): App\Controllers\Teacher\Quizzes->edit('21')
 7 SYSTEMPATH\CodeIgniter.php(507): CodeIgniter\CodeIgniter->runController(Object(App\Controllers\Teacher\Quizzes))
 8 SYSTEMPATH\CodeIgniter.php(354): CodeIgniter\CodeIgniter->handleRequest(null, Object(Config\Cache), false)
 9 SYSTEMPATH\Boot.php(363): CodeIgniter\CodeIgniter->run()
10 SYSTEMPATH\Boot.php(68): CodeIgniter\Boot::runCodeIgniter(Object(CodeIgniter\CodeIgniter))
11 FCPATH\index.php(70): CodeIgniter\Boot::bootWeb(Object(Config\Paths))
12 SYSTEMPATH\rewrite.php(44): require_once('C:\\xampp\\htdocs\\ITE311-CASTILLO\\public\\index.php')
CRITICAL - 2025-12-05 04:40:55 --> ErrorException: Undefined array key "course_title"
[Method: GET, Route: teacher/quizzes/edit/21]
in APPPATH\Views\teacher\quizzes\edit.php on line 38.
 1 APPPATH\Views\teacher\quizzes\edit.php(38): CodeIgniter\Debug\Exceptions->errorHandler(2, 'Undefined array key "course_title"', 'C:\\xampp\\htdocs\\ITE311-CASTILLO\\app\\Views\\teacher\\quizzes\\edit.php', 38)
 2 SYSTEMPATH\View\View.php(226): include('C:\\xampp\\htdocs\\ITE311-CASTILLO\\app\\Views\\teacher\\quizzes\\edit.php')
 3 SYSTEMPATH\View\View.php(229): CodeIgniter\View\View->CodeIgniter\View\{closure}()
 4 SYSTEMPATH\Common.php(1167): CodeIgniter\View\View->render('teacher/quizzes/edit', [], true)
 5 APPPATH\Controllers\Teacher\Quizzes.php(231): view('teacher/quizzes/edit', [...])
 6 SYSTEMPATH\CodeIgniter.php(933): App\Controllers\Teacher\Quizzes->edit('21')
 7 SYSTEMPATH\CodeIgniter.php(507): CodeIgniter\CodeIgniter->runController(Object(App\Controllers\Teacher\Quizzes))
 8 SYSTEMPATH\CodeIgniter.php(354): CodeIgniter\CodeIgniter->handleRequest(null, Object(Config\Cache), false)
 9 SYSTEMPATH\Boot.php(363): CodeIgniter\CodeIgniter->run()
10 SYSTEMPATH\Boot.php(68): CodeIgniter\Boot::runCodeIgniter(Object(CodeIgniter\CodeIgniter))
11 FCPATH\index.php(70): CodeIgniter\Boot::bootWeb(Object(Config\Paths))
12 SYSTEMPATH\rewrite.php(44): require_once('C:\\xampp\\htdocs\\ITE311-CASTILLO\\public\\index.php')
CRITICAL - 2025-12-05 04:41:02 --> ErrorException: Undefined array key "course_title"
[Method: GET, Route: teacher/quizzes/edit/21]
in APPPATH\Views\teacher\quizzes\edit.php on line 38.
 1 APPPATH\Views\teacher\quizzes\edit.php(38): CodeIgniter\Debug\Exceptions->errorHandler(2, 'Undefined array key "course_title"', 'C:\\xampp\\htdocs\\ITE311-CASTILLO\\app\\Views\\teacher\\quizzes\\edit.php', 38)
 2 SYSTEMPATH\View\View.php(226): include('C:\\xampp\\htdocs\\ITE311-CASTILLO\\app\\Views\\teacher\\quizzes\\edit.php')
 3 SYSTEMPATH\View\View.php(229): CodeIgniter\View\View->CodeIgniter\View\{closure}()
 4 SYSTEMPATH\Common.php(1167): CodeIgniter\View\View->render('teacher/quizzes/edit', [], true)
 5 APPPATH\Controllers\Teacher\Quizzes.php(231): view('teacher/quizzes/edit', [...])
 6 SYSTEMPATH\CodeIgniter.php(933): App\Controllers\Teacher\Quizzes->edit('21')
 7 SYSTEMPATH\CodeIgniter.php(507): CodeIgniter\CodeIgniter->runController(Object(App\Controllers\Teacher\Quizzes))
 8 SYSTEMPATH\CodeIgniter.php(354): CodeIgniter\CodeIgniter->handleRequest(null, Object(Config\Cache), false)
 9 SYSTEMPATH\Boot.php(363): CodeIgniter\CodeIgniter->run()
10 SYSTEMPATH\Boot.php(68): CodeIgniter\Boot::runCodeIgniter(Object(CodeIgniter\CodeIgniter))
11 FCPATH\index.php(70): CodeIgniter\Boot::bootWeb(Object(Config\Paths))
12 SYSTEMPATH\rewrite.php(44): require_once('C:\\xampp\\htdocs\\ITE311-CASTILLO\\public\\index.php')
CRITICAL - 2025-12-05 04:41:21 --> ErrorException: Undefined array key "course_title"
[Method: GET, Route: teacher/quizzes/edit/21]
in APPPATH\Views\teacher\quizzes\edit.php on line 38.
 1 APPPATH\Views\teacher\quizzes\edit.php(38): CodeIgniter\Debug\Exceptions->errorHandler(2, 'Undefined array key "course_title"', 'C:\\xampp\\htdocs\\ITE311-CASTILLO\\app\\Views\\teacher\\quizzes\\edit.php', 38)
 2 SYSTEMPATH\View\View.php(226): include('C:\\xampp\\htdocs\\ITE311-CASTILLO\\app\\Views\\teacher\\quizzes\\edit.php')
 3 SYSTEMPATH\View\View.php(229): CodeIgniter\View\View->CodeIgniter\View\{closure}()
 4 SYSTEMPATH\Common.php(1167): CodeIgniter\View\View->render('teacher/quizzes/edit', [], true)
 5 APPPATH\Controllers\Teacher\Quizzes.php(231): view('teacher/quizzes/edit', [...])
 6 SYSTEMPATH\CodeIgniter.php(933): App\Controllers\Teacher\Quizzes->edit('21')
 7 SYSTEMPATH\CodeIgniter.php(507): CodeIgniter\CodeIgniter->runController(Object(App\Controllers\Teacher\Quizzes))
 8 SYSTEMPATH\CodeIgniter.php(354): CodeIgniter\CodeIgniter->handleRequest(null, Object(Config\Cache), false)
 9 SYSTEMPATH\Boot.php(363): CodeIgniter\CodeIgniter->run()
10 SYSTEMPATH\Boot.php(68): CodeIgniter\Boot::runCodeIgniter(Object(CodeIgniter\CodeIgniter))
11 FCPATH\index.php(70): CodeIgniter\Boot::bootWeb(Object(Config\Paths))
12 SYSTEMPATH\rewrite.php(44): require_once('C:\\xampp\\htdocs\\ITE311-CASTILLO\\public\\index.php')
CRITICAL - 2025-12-05 04:43:52 --> ErrorException: Undefined array key "course_title"
[Method: GET, Route: teacher/quizzes/edit/21]
in APPPATH\Views\teacher\quizzes\edit.php on line 38.
 1 APPPATH\Views\teacher\quizzes\edit.php(38): CodeIgniter\Debug\Exceptions->errorHandler(2, 'Undefined array key "course_title"', 'C:\\xampp\\htdocs\\ITE311-CASTILLO\\app\\Views\\teacher\\quizzes\\edit.php', 38)
 2 SYSTEMPATH\View\View.php(226): include('C:\\xampp\\htdocs\\ITE311-CASTILLO\\app\\Views\\teacher\\quizzes\\edit.php')
 3 SYSTEMPATH\View\View.php(229): CodeIgniter\View\View->CodeIgniter\View\{closure}()
 4 SYSTEMPATH\Common.php(1167): CodeIgniter\View\View->render('teacher/quizzes/edit', [], true)
 5 APPPATH\Controllers\Teacher\Quizzes.php(231): view('teacher/quizzes/edit', [...])
 6 SYSTEMPATH\CodeIgniter.php(933): App\Controllers\Teacher\Quizzes->edit('21')
 7 SYSTEMPATH\CodeIgniter.php(507): CodeIgniter\CodeIgniter->runController(Object(App\Controllers\Teacher\Quizzes))
 8 SYSTEMPATH\CodeIgniter.php(354): CodeIgniter\CodeIgniter->handleRequest(null, Object(Config\Cache), false)
 9 SYSTEMPATH\Boot.php(363): CodeIgniter\CodeIgniter->run()
10 SYSTEMPATH\Boot.php(68): CodeIgniter\Boot::runCodeIgniter(Object(CodeIgniter\CodeIgniter))
11 FCPATH\index.php(70): CodeIgniter\Boot::bootWeb(Object(Config\Paths))
12 SYSTEMPATH\rewrite.php(44): require_once('C:\\xampp\\htdocs\\ITE311-CASTILLO\\public\\index.php')
CRITICAL - 2025-12-05 05:08:31 --> ErrorException: Undefined array key "question"
[Method: GET, Route: student/quizzes]
in APPPATH\Views\student\quizzes\index.php on line 31.
 1 APPPATH\Views\student\quizzes\index.php(31): CodeIgniter\Debug\Exceptions->errorHandler(2, 'Undefined array key "question"', 'C:\\xampp\\htdocs\\ITE311-CASTILLO\\app\\Views\\student\\quizzes\\index.php', 31)
 2 SYSTEMPATH\View\View.php(226): include('C:\\xampp\\htdocs\\ITE311-CASTILLO\\app\\Views\\student\\quizzes\\index.php')
 3 SYSTEMPATH\View\View.php(229): CodeIgniter\View\View->CodeIgniter\View\{closure}()
 4 SYSTEMPATH\Common.php(1167): CodeIgniter\View\View->render('student/quizzes/index', [], true)
 5 APPPATH\Controllers\Student\Quizzes.php(55): view('student/quizzes/index', [...])
 6 SYSTEMPATH\CodeIgniter.php(933): App\Controllers\Student\Quizzes->index()
 7 SYSTEMPATH\CodeIgniter.php(507): CodeIgniter\CodeIgniter->runController(Object(App\Controllers\Student\Quizzes))
 8 SYSTEMPATH\CodeIgniter.php(354): CodeIgniter\CodeIgniter->handleRequest(null, Object(Config\Cache), false)
 9 SYSTEMPATH\Boot.php(363): CodeIgniter\CodeIgniter->run()
10 SYSTEMPATH\Boot.php(68): CodeIgniter\Boot::runCodeIgniter(Object(CodeIgniter\CodeIgniter))
11 FCPATH\index.php(70): CodeIgniter\Boot::bootWeb(Object(Config\Paths))
12 SYSTEMPATH\rewrite.php(44): require_once('C:\\xampp\\htdocs\\ITE311-CASTILLO\\public\\index.php')
CRITICAL - 2025-12-05 05:08:38 --> ErrorException: Undefined array key "question"
[Method: GET, Route: student/quizzes]
in APPPATH\Views\student\quizzes\index.php on line 31.
 1 APPPATH\Views\student\quizzes\index.php(31): CodeIgniter\Debug\Exceptions->errorHandler(2, 'Undefined array key "question"', 'C:\\xampp\\htdocs\\ITE311-CASTILLO\\app\\Views\\student\\quizzes\\index.php', 31)
 2 SYSTEMPATH\View\View.php(226): include('C:\\xampp\\htdocs\\ITE311-CASTILLO\\app\\Views\\student\\quizzes\\index.php')
 3 SYSTEMPATH\View\View.php(229): CodeIgniter\View\View->CodeIgniter\View\{closure}()
 4 SYSTEMPATH\Common.php(1167): CodeIgniter\View\View->render('student/quizzes/index', [], true)
 5 APPPATH\Controllers\Student\Quizzes.php(55): view('student/quizzes/index', [...])
 6 SYSTEMPATH\CodeIgniter.php(933): App\Controllers\Student\Quizzes->index()
 7 SYSTEMPATH\CodeIgniter.php(507): CodeIgniter\CodeIgniter->runController(Object(App\Controllers\Student\Quizzes))
 8 SYSTEMPATH\CodeIgniter.php(354): CodeIgniter\CodeIgniter->handleRequest(null, Object(Config\Cache), false)
 9 SYSTEMPATH\Boot.php(363): CodeIgniter\CodeIgniter->run()
10 SYSTEMPATH\Boot.php(68): CodeIgniter\Boot::runCodeIgniter(Object(CodeIgniter\CodeIgniter))
11 FCPATH\index.php(70): CodeIgniter\Boot::bootWeb(Object(Config\Paths))
12 SYSTEMPATH\rewrite.php(44): require_once('C:\\xampp\\htdocs\\ITE311-CASTILLO\\public\\index.php')
CRITICAL - 2025-12-05 05:09:27 --> ErrorException: Undefined array key "question"
[Method: GET, Route: student/quizzes]
in APPPATH\Views\student\quizzes\index.php on line 31.
 1 APPPATH\Views\student\quizzes\index.php(31): CodeIgniter\Debug\Exceptions->errorHandler(2, 'Undefined array key "question"', 'C:\\xampp\\htdocs\\ITE311-CASTILLO\\app\\Views\\student\\quizzes\\index.php', 31)
 2 SYSTEMPATH\View\View.php(226): include('C:\\xampp\\htdocs\\ITE311-CASTILLO\\app\\Views\\student\\quizzes\\index.php')
 3 SYSTEMPATH\View\View.php(229): CodeIgniter\View\View->CodeIgniter\View\{closure}()
 4 SYSTEMPATH\Common.php(1167): CodeIgniter\View\View->render('student/quizzes/index', [], true)
 5 APPPATH\Controllers\Student\Quizzes.php(55): view('student/quizzes/index', [...])
 6 SYSTEMPATH\CodeIgniter.php(933): App\Controllers\Student\Quizzes->index()
 7 SYSTEMPATH\CodeIgniter.php(507): CodeIgniter\CodeIgniter->runController(Object(App\Controllers\Student\Quizzes))
 8 SYSTEMPATH\CodeIgniter.php(354): CodeIgniter\CodeIgniter->handleRequest(null, Object(Config\Cache), false)
 9 SYSTEMPATH\Boot.php(363): CodeIgniter\CodeIgniter->run()
10 SYSTEMPATH\Boot.php(68): CodeIgniter\Boot::runCodeIgniter(Object(CodeIgniter\CodeIgniter))
11 FCPATH\index.php(70): CodeIgniter\Boot::bootWeb(Object(Config\Paths))
12 SYSTEMPATH\rewrite.php(44): require_once('C:\\xampp\\htdocs\\ITE311-CASTILLO\\public\\index.php')
CRITICAL - 2025-12-05 05:09:27 --> ErrorException: Undefined array key "question"
[Method: GET, Route: student/quizzes]
in APPPATH\Views\student\quizzes\index.php on line 31.
 1 APPPATH\Views\student\quizzes\index.php(31): CodeIgniter\Debug\Exceptions->errorHandler(2, 'Undefined array key "question"', 'C:\\xampp\\htdocs\\ITE311-CASTILLO\\app\\Views\\student\\quizzes\\index.php', 31)
 2 SYSTEMPATH\View\View.php(226): include('C:\\xampp\\htdocs\\ITE311-CASTILLO\\app\\Views\\student\\quizzes\\index.php')
 3 SYSTEMPATH\View\View.php(229): CodeIgniter\View\View->CodeIgniter\View\{closure}()
 4 SYSTEMPATH\Common.php(1167): CodeIgniter\View\View->render('student/quizzes/index', [], true)
 5 APPPATH\Controllers\Student\Quizzes.php(55): view('student/quizzes/index', [...])
 6 SYSTEMPATH\CodeIgniter.php(933): App\Controllers\Student\Quizzes->index()
 7 SYSTEMPATH\CodeIgniter.php(507): CodeIgniter\CodeIgniter->runController(Object(App\Controllers\Student\Quizzes))
 8 SYSTEMPATH\CodeIgniter.php(354): CodeIgniter\CodeIgniter->handleRequest(null, Object(Config\Cache), false)
 9 SYSTEMPATH\Boot.php(363): CodeIgniter\CodeIgniter->run()
10 SYSTEMPATH\Boot.php(68): CodeIgniter\Boot::runCodeIgniter(Object(CodeIgniter\CodeIgniter))
11 FCPATH\index.php(70): CodeIgniter\Boot::bootWeb(Object(Config\Paths))
12 SYSTEMPATH\rewrite.php(44): require_once('C:\\xampp\\htdocs\\ITE311-CASTILLO\\public\\index.php')
CRITICAL - 2025-12-05 05:09:43 --> ErrorException: Undefined array key "question"
[Method: GET, Route: student/quizzes]
in APPPATH\Views\student\quizzes\index.php on line 31.
 1 APPPATH\Views\student\quizzes\index.php(31): CodeIgniter\Debug\Exceptions->errorHandler(2, 'Undefined array key "question"', 'C:\\xampp\\htdocs\\ITE311-CASTILLO\\app\\Views\\student\\quizzes\\index.php', 31)
 2 SYSTEMPATH\View\View.php(226): include('C:\\xampp\\htdocs\\ITE311-CASTILLO\\app\\Views\\student\\quizzes\\index.php')
 3 SYSTEMPATH\View\View.php(229): CodeIgniter\View\View->CodeIgniter\View\{closure}()
 4 SYSTEMPATH\Common.php(1167): CodeIgniter\View\View->render('student/quizzes/index', [], true)
 5 APPPATH\Controllers\Student\Quizzes.php(55): view('student/quizzes/index', [...])
 6 SYSTEMPATH\CodeIgniter.php(933): App\Controllers\Student\Quizzes->index()
 7 SYSTEMPATH\CodeIgniter.php(507): CodeIgniter\CodeIgniter->runController(Object(App\Controllers\Student\Quizzes))
 8 SYSTEMPATH\CodeIgniter.php(354): CodeIgniter\CodeIgniter->handleRequest(null, Object(Config\Cache), false)
 9 SYSTEMPATH\Boot.php(363): CodeIgniter\CodeIgniter->run()
10 SYSTEMPATH\Boot.php(68): CodeIgniter\Boot::runCodeIgniter(Object(CodeIgniter\CodeIgniter))
11 FCPATH\index.php(70): CodeIgniter\Boot::bootWeb(Object(Config\Paths))
12 SYSTEMPATH\rewrite.php(44): require_once('C:\\xampp\\htdocs\\ITE311-CASTILLO\\public\\index.php')
CRITICAL - 2025-12-05 05:09:43 --> ErrorException: Undefined array key "question"
[Method: GET, Route: student/quizzes]
in APPPATH\Views\student\quizzes\index.php on line 31.
 1 APPPATH\Views\student\quizzes\index.php(31): CodeIgniter\Debug\Exceptions->errorHandler(2, 'Undefined array key "question"', 'C:\\xampp\\htdocs\\ITE311-CASTILLO\\app\\Views\\student\\quizzes\\index.php', 31)
 2 SYSTEMPATH\View\View.php(226): include('C:\\xampp\\htdocs\\ITE311-CASTILLO\\app\\Views\\student\\quizzes\\index.php')
 3 SYSTEMPATH\View\View.php(229): CodeIgniter\View\View->CodeIgniter\View\{closure}()
 4 SYSTEMPATH\Common.php(1167): CodeIgniter\View\View->render('student/quizzes/index', [], true)
 5 APPPATH\Controllers\Student\Quizzes.php(55): view('student/quizzes/index', [...])
 6 SYSTEMPATH\CodeIgniter.php(933): App\Controllers\Student\Quizzes->index()
 7 SYSTEMPATH\CodeIgniter.php(507): CodeIgniter\CodeIgniter->runController(Object(App\Controllers\Student\Quizzes))
 8 SYSTEMPATH\CodeIgniter.php(354): CodeIgniter\CodeIgniter->handleRequest(null, Object(Config\Cache), false)
 9 SYSTEMPATH\Boot.php(363): CodeIgniter\CodeIgniter->run()
10 SYSTEMPATH\Boot.php(68): CodeIgniter\Boot::runCodeIgniter(Object(CodeIgniter\CodeIgniter))
11 FCPATH\index.php(70): CodeIgniter\Boot::bootWeb(Object(Config\Paths))
12 SYSTEMPATH\rewrite.php(44): require_once('C:\\xampp\\htdocs\\ITE311-CASTILLO\\public\\index.php')
CRITICAL - 2025-12-05 05:09:43 --> ErrorException: Undefined array key "question"
[Method: GET, Route: student/quizzes]
in APPPATH\Views\student\quizzes\index.php on line 31.
 1 APPPATH\Views\student\quizzes\index.php(31): CodeIgniter\Debug\Exceptions->errorHandler(2, 'Undefined array key "question"', 'C:\\xampp\\htdocs\\ITE311-CASTILLO\\app\\Views\\student\\quizzes\\index.php', 31)
 2 SYSTEMPATH\View\View.php(226): include('C:\\xampp\\htdocs\\ITE311-CASTILLO\\app\\Views\\student\\quizzes\\index.php')
 3 SYSTEMPATH\View\View.php(229): CodeIgniter\View\View->CodeIgniter\View\{closure}()
 4 SYSTEMPATH\Common.php(1167): CodeIgniter\View\View->render('student/quizzes/index', [], true)
 5 APPPATH\Controllers\Student\Quizzes.php(55): view('student/quizzes/index', [...])
 6 SYSTEMPATH\CodeIgniter.php(933): App\Controllers\Student\Quizzes->index()
 7 SYSTEMPATH\CodeIgniter.php(507): CodeIgniter\CodeIgniter->runController(Object(App\Controllers\Student\Quizzes))
 8 SYSTEMPATH\CodeIgniter.php(354): CodeIgniter\CodeIgniter->handleRequest(null, Object(Config\Cache), false)
 9 SYSTEMPATH\Boot.php(363): CodeIgniter\CodeIgniter->run()
10 SYSTEMPATH\Boot.php(68): CodeIgniter\Boot::runCodeIgniter(Object(CodeIgniter\CodeIgniter))
11 FCPATH\index.php(70): CodeIgniter\Boot::bootWeb(Object(Config\Paths))
12 SYSTEMPATH\rewrite.php(44): require_once('C:\\xampp\\htdocs\\ITE311-CASTILLO\\public\\index.php')
ERROR - 2025-12-05 14:26:55 --> mysqli_sql_exception: Unknown column 'enrollments.status' in 'where clause' in C:\xampp\htdocs\ITE311-CASTILLO\system\Database\MySQLi\Connection.php:327
Stack trace:
#0 C:\xampp\htdocs\ITE311-CASTILLO\system\Database\MySQLi\Connection.php(327): mysqli->query('SELECT `enrollm...', 0)
#1 C:\xampp\htdocs\ITE311-CASTILLO\system\Database\BaseConnection.php(729): CodeIgniter\Database\MySQLi\Connection->execute('SELECT `enrollm...')
#2 C:\xampp\htdocs\ITE311-CASTILLO\system\Database\BaseConnection.php(646): CodeIgniter\Database\BaseConnection->simpleQuery('SELECT `enrollm...')
#3 C:\xampp\htdocs\ITE311-CASTILLO\system\Database\BaseBuilder.php(1649): CodeIgniter\Database\BaseConnection->query('SELECT `enrollm...', Array, false)
#4 C:\xampp\htdocs\ITE311-CASTILLO\system\Model.php(286): CodeIgniter\Database\BaseBuilder->get()
#5 C:\xampp\htdocs\ITE311-CASTILLO\system\BaseModel.php(677): CodeIgniter\Model->doFindAll(0, 0)
#6 C:\xampp\htdocs\ITE311-CASTILLO\app\Models\EnrollmentModel.php(47): CodeIgniter\BaseModel->findAll()
#7 C:\xampp\htdocs\ITE311-CASTILLO\app\Controllers\Student\Enrollments.php(24): App\Models\EnrollmentModel->getUserEnrollments(35)
#8 C:\xampp\htdocs\ITE311-CASTILLO\system\CodeIgniter.php(933): App\Controllers\Student\Enrollments->index()
#9 C:\xampp\htdocs\ITE311-CASTILLO\system\CodeIgniter.php(507): CodeIgniter\CodeIgniter->runController(Object(App\Controllers\Student\Enrollments))
#10 C:\xampp\htdocs\ITE311-CASTILLO\system\CodeIgniter.php(354): CodeIgniter\CodeIgniter->handleRequest(NULL, Object(Config\Cache), false)
#11 C:\xampp\htdocs\ITE311-CASTILLO\system\Boot.php(363): CodeIgniter\CodeIgniter->run()
#12 C:\xampp\htdocs\ITE311-CASTILLO\system\Boot.php(68): CodeIgniter\Boot::runCodeIgniter(Object(CodeIgniter\CodeIgniter))
#13 C:\xampp\htdocs\ITE311-CASTILLO\public\index.php(70): CodeIgniter\Boot::bootWeb(Object(Config\Paths))
#14 C:\xampp\htdocs\ITE311-CASTILLO\system\rewrite.php(44): require_once('C:\\xampp\\htdocs...')
#15 {main}
CRITICAL - 2025-12-05 14:26:55 --> CodeIgniter\Database\Exceptions\DatabaseException: Unknown column 'enrollments.status' in 'where clause'
[Method: GET, Route: student/enrollments]
in SYSTEMPATH\Database\BaseConnection.php on line 684.
 1 SYSTEMPATH\Database\BaseBuilder.php(1649): CodeIgniter\Database\BaseConnection->query('SELECT `enrollments`.*, `courses`.`id` as `course_id`, `courses`.`title`, `courses`.`description`, `courses`.`course_number`, `enrollments`.`enrollment_date`
FROM `enrollments`
INNER JOIN `courses` ON `courses`.`id` = `enrollments`.`course_id`
WHERE `enrollments`.`user_id` = :enrollments.user_id:
AND `enrollments`.`status` = :enrollments.status:
AND `enrollment_date` >= :enrollment_date:
ORDER BY `enrollment_date` DESC', [...], false)
 2 SYSTEMPATH\Model.php(286): CodeIgniter\Database\BaseBuilder->get()
 3 SYSTEMPATH\BaseModel.php(677): CodeIgniter\Model->doFindAll(0, 0)
 4 APPPATH\Models\EnrollmentModel.php(47): CodeIgniter\BaseModel->findAll()
 5 APPPATH\Controllers\Student\Enrollments.php(24): App\Models\EnrollmentModel->getUserEnrollments(35)
 6 SYSTEMPATH\CodeIgniter.php(933): App\Controllers\Student\Enrollments->index()
 7 SYSTEMPATH\CodeIgniter.php(507): CodeIgniter\CodeIgniter->runController(Object(App\Controllers\Student\Enrollments))
 8 SYSTEMPATH\CodeIgniter.php(354): CodeIgniter\CodeIgniter->handleRequest(null, Object(Config\Cache), false)
 9 SYSTEMPATH\Boot.php(363): CodeIgniter\CodeIgniter->run()
10 SYSTEMPATH\Boot.php(68): CodeIgniter\Boot::runCodeIgniter(Object(CodeIgniter\CodeIgniter))
11 FCPATH\index.php(70): CodeIgniter\Boot::bootWeb(Object(Config\Paths))
12 SYSTEMPATH\rewrite.php(44): require_once('C:\\xampp\\htdocs\\ITE311-CASTILLO\\public\\index.php')
CRITICAL - 2025-12-05 14:26:55 --> [Caused by] CodeIgniter\Database\Exceptions\DatabaseException: Unknown column 'enrollments.status' in 'where clause'
in SYSTEMPATH\Database\MySQLi\Connection.php on line 332.
 1 SYSTEMPATH\Database\BaseConnection.php(729): CodeIgniter\Database\MySQLi\Connection->execute('SELECT `enrollments`.*, `courses`.`id` as `course_id`, `courses`.`title`, `courses`.`description`, `courses`.`course_number`, `enrollments`.`enrollment_date`
FROM `enrollments`
INNER JOIN `courses` ON `courses`.`id` = `enrollments`.`course_id`
WHERE `enrollments`.`user_id` = 35
AND `enrollments`.`status` = \'approved\'
AND `enrollment_date` >= \'2025-08-05 14:26:55\'
ORDER BY `enrollment_date` DESC')
 2 SYSTEMPATH\Database\BaseConnection.php(646): CodeIgniter\Database\BaseConnection->simpleQuery('SELECT `enrollments`.*, `courses`.`id` as `course_id`, `courses`.`title`, `courses`.`description`, `courses`.`course_number`, `enrollments`.`enrollment_date`
FROM `enrollments`
INNER JOIN `courses` ON `courses`.`id` = `enrollments`.`course_id`
WHERE `enrollments`.`user_id` = 35
AND `enrollments`.`status` = \'approved\'
AND `enrollment_date` >= \'2025-08-05 14:26:55\'
ORDER BY `enrollment_date` DESC')
 3 SYSTEMPATH\Database\BaseBuilder.php(1649): CodeIgniter\Database\BaseConnection->query('SELECT `enrollments`.*, `courses`.`id` as `course_id`, `courses`.`title`, `courses`.`description`, `courses`.`course_number`, `enrollments`.`enrollment_date`
FROM `enrollments`
INNER JOIN `courses` ON `courses`.`id` = `enrollments`.`course_id`
WHERE `enrollments`.`user_id` = :enrollments.user_id:
AND `enrollments`.`status` = :enrollments.status:
AND `enrollment_date` >= :enrollment_date:
ORDER BY `enrollment_date` DESC', [...], false)
 4 SYSTEMPATH\Model.php(286): CodeIgniter\Database\BaseBuilder->get()
 5 SYSTEMPATH\BaseModel.php(677): CodeIgniter\Model->doFindAll(0, 0)
 6 APPPATH\Models\EnrollmentModel.php(47): CodeIgniter\BaseModel->findAll()
 7 APPPATH\Controllers\Student\Enrollments.php(24): App\Models\EnrollmentModel->getUserEnrollments(35)
 8 SYSTEMPATH\CodeIgniter.php(933): App\Controllers\Student\Enrollments->index()
 9 SYSTEMPATH\CodeIgniter.php(507): CodeIgniter\CodeIgniter->runController(Object(App\Controllers\Student\Enrollments))
10 SYSTEMPATH\CodeIgniter.php(354): CodeIgniter\CodeIgniter->handleRequest(null, Object(Config\Cache), false)
11 SYSTEMPATH\Boot.php(363): CodeIgniter\CodeIgniter->run()
12 SYSTEMPATH\Boot.php(68): CodeIgniter\Boot::runCodeIgniter(Object(CodeIgniter\CodeIgniter))
13 FCPATH\index.php(70): CodeIgniter\Boot::bootWeb(Object(Config\Paths))
14 SYSTEMPATH\rewrite.php(44): require_once('C:\\xampp\\htdocs\\ITE311-CASTILLO\\public\\index.php')
CRITICAL - 2025-12-05 14:26:55 --> [Caused by] mysqli_sql_exception: Unknown column 'enrollments.status' in 'where clause'
in SYSTEMPATH\Database\MySQLi\Connection.php on line 327.
 1 SYSTEMPATH\Database\MySQLi\Connection.php(327): mysqli->query('SELECT `enrollments`.*, `courses`.`id` as `course_id`, `courses`.`title`, `courses`.`description`, `courses`.`course_number`, `enrollments`.`enrollment_date`
FROM `enrollments`
INNER JOIN `courses` ON `courses`.`id` = `enrollments`.`course_id`
WHERE `enrollments`.`user_id` = 35
AND `enrollments`.`status` = \'approved\'
AND `enrollment_date` >= \'2025-08-05 14:26:55\'
ORDER BY `enrollment_date` DESC', 0)
 2 SYSTEMPATH\Database\BaseConnection.php(729): CodeIgniter\Database\MySQLi\Connection->execute('SELECT `enrollments`.*, `courses`.`id` as `course_id`, `courses`.`title`, `courses`.`description`, `courses`.`course_number`, `enrollments`.`enrollment_date`
FROM `enrollments`
INNER JOIN `courses` ON `courses`.`id` = `enrollments`.`course_id`
WHERE `enrollments`.`user_id` = 35
AND `enrollments`.`status` = \'approved\'
AND `enrollment_date` >= \'2025-08-05 14:26:55\'
ORDER BY `enrollment_date` DESC')
 3 SYSTEMPATH\Database\BaseConnection.php(646): CodeIgniter\Database\BaseConnection->simpleQuery('SELECT `enrollments`.*, `courses`.`id` as `course_id`, `courses`.`title`, `courses`.`description`, `courses`.`course_number`, `enrollments`.`enrollment_date`
FROM `enrollments`
INNER JOIN `courses` ON `courses`.`id` = `enrollments`.`course_id`
WHERE `enrollments`.`user_id` = 35
AND `enrollments`.`status` = \'approved\'
AND `enrollment_date` >= \'2025-08-05 14:26:55\'
ORDER BY `enrollment_date` DESC')
 4 SYSTEMPATH\Database\BaseBuilder.php(1649): CodeIgniter\Database\BaseConnection->query('SELECT `enrollments`.*, `courses`.`id` as `course_id`, `courses`.`title`, `courses`.`description`, `courses`.`course_number`, `enrollments`.`enrollment_date`
FROM `enrollments`
INNER JOIN `courses` ON `courses`.`id` = `enrollments`.`course_id`
WHERE `enrollments`.`user_id` = :enrollments.user_id:
AND `enrollments`.`status` = :enrollments.status:
AND `enrollment_date` >= :enrollment_date:
ORDER BY `enrollment_date` DESC', [...], false)
 5 SYSTEMPATH\Model.php(286): CodeIgniter\Database\BaseBuilder->get()
 6 SYSTEMPATH\BaseModel.php(677): CodeIgniter\Model->doFindAll(0, 0)
 7 APPPATH\Models\EnrollmentModel.php(47): CodeIgniter\BaseModel->findAll()
 8 APPPATH\Controllers\Student\Enrollments.php(24): App\Models\EnrollmentModel->getUserEnrollments(35)
 9 SYSTEMPATH\CodeIgniter.php(933): App\Controllers\Student\Enrollments->index()
10 SYSTEMPATH\CodeIgniter.php(507): CodeIgniter\CodeIgniter->runController(Object(App\Controllers\Student\Enrollments))
11 SYSTEMPATH\CodeIgniter.php(354): CodeIgniter\CodeIgniter->handleRequest(null, Object(Config\Cache), false)
12 SYSTEMPATH\Boot.php(363): CodeIgniter\CodeIgniter->run()
13 SYSTEMPATH\Boot.php(68): CodeIgniter\Boot::runCodeIgniter(Object(CodeIgniter\CodeIgniter))
14 FCPATH\index.php(70): CodeIgniter\Boot::bootWeb(Object(Config\Paths))
15 SYSTEMPATH\rewrite.php(44): require_once('C:\\xampp\\htdocs\\ITE311-CASTILLO\\public\\index.php')
ERROR - 2025-12-05 14:26:56 --> mysqli_sql_exception: Unknown column 'enrollments.status' in 'where clause' in C:\xampp\htdocs\ITE311-CASTILLO\system\Database\MySQLi\Connection.php:327
Stack trace:
#0 C:\xampp\htdocs\ITE311-CASTILLO\system\Database\MySQLi\Connection.php(327): mysqli->query('SELECT `enrollm...', 0)
#1 C:\xampp\htdocs\ITE311-CASTILLO\system\Database\BaseConnection.php(729): CodeIgniter\Database\MySQLi\Connection->execute('SELECT `enrollm...')
#2 C:\xampp\htdocs\ITE311-CASTILLO\system\Database\BaseConnection.php(646): CodeIgniter\Database\BaseConnection->simpleQuery('SELECT `enrollm...')
#3 C:\xampp\htdocs\ITE311-CASTILLO\system\Database\BaseBuilder.php(1649): CodeIgniter\Database\BaseConnection->query('SELECT `enrollm...', Array, false)
#4 C:\xampp\htdocs\ITE311-CASTILLO\system\Model.php(286): CodeIgniter\Database\BaseBuilder->get()
#5 C:\xampp\htdocs\ITE311-CASTILLO\system\BaseModel.php(677): CodeIgniter\Model->doFindAll(0, 0)
#6 C:\xampp\htdocs\ITE311-CASTILLO\app\Models\EnrollmentModel.php(47): CodeIgniter\BaseModel->findAll()
#7 C:\xampp\htdocs\ITE311-CASTILLO\app\Controllers\Student\Enrollments.php(24): App\Models\EnrollmentModel->getUserEnrollments(35)
#8 C:\xampp\htdocs\ITE311-CASTILLO\system\CodeIgniter.php(933): App\Controllers\Student\Enrollments->index()
#9 C:\xampp\htdocs\ITE311-CASTILLO\system\CodeIgniter.php(507): CodeIgniter\CodeIgniter->runController(Object(App\Controllers\Student\Enrollments))
#10 C:\xampp\htdocs\ITE311-CASTILLO\system\CodeIgniter.php(354): CodeIgniter\CodeIgniter->handleRequest(NULL, Object(Config\Cache), false)
#11 C:\xampp\htdocs\ITE311-CASTILLO\system\Boot.php(363): CodeIgniter\CodeIgniter->run()
#12 C:\xampp\htdocs\ITE311-CASTILLO\system\Boot.php(68): CodeIgniter\Boot::runCodeIgniter(Object(CodeIgniter\CodeIgniter))
#13 C:\xampp\htdocs\ITE311-CASTILLO\public\index.php(70): CodeIgniter\Boot::bootWeb(Object(Config\Paths))
#14 C:\xampp\htdocs\ITE311-CASTILLO\system\rewrite.php(44): require_once('C:\\xampp\\htdocs...')
#15 {main}
CRITICAL - 2025-12-05 14:26:56 --> CodeIgniter\Database\Exceptions\DatabaseException: Unknown column 'enrollments.status' in 'where clause'
[Method: GET, Route: student/enrollments]
in SYSTEMPATH\Database\BaseConnection.php on line 684.
 1 SYSTEMPATH\Database\BaseBuilder.php(1649): CodeIgniter\Database\BaseConnection->query('SELECT `enrollments`.*, `courses`.`id` as `course_id`, `courses`.`title`, `courses`.`description`, `courses`.`course_number`, `enrollments`.`enrollment_date`
FROM `enrollments`
INNER JOIN `courses` ON `courses`.`id` = `enrollments`.`course_id`
WHERE `enrollments`.`user_id` = :enrollments.user_id:
AND `enrollments`.`status` = :enrollments.status:
AND `enrollment_date` >= :enrollment_date:
ORDER BY `enrollment_date` DESC', [...], false)
 2 SYSTEMPATH\Model.php(286): CodeIgniter\Database\BaseBuilder->get()
 3 SYSTEMPATH\BaseModel.php(677): CodeIgniter\Model->doFindAll(0, 0)
 4 APPPATH\Models\EnrollmentModel.php(47): CodeIgniter\BaseModel->findAll()
 5 APPPATH\Controllers\Student\Enrollments.php(24): App\Models\EnrollmentModel->getUserEnrollments(35)
 6 SYSTEMPATH\CodeIgniter.php(933): App\Controllers\Student\Enrollments->index()
 7 SYSTEMPATH\CodeIgniter.php(507): CodeIgniter\CodeIgniter->runController(Object(App\Controllers\Student\Enrollments))
 8 SYSTEMPATH\CodeIgniter.php(354): CodeIgniter\CodeIgniter->handleRequest(null, Object(Config\Cache), false)
 9 SYSTEMPATH\Boot.php(363): CodeIgniter\CodeIgniter->run()
10 SYSTEMPATH\Boot.php(68): CodeIgniter\Boot::runCodeIgniter(Object(CodeIgniter\CodeIgniter))
11 FCPATH\index.php(70): CodeIgniter\Boot::bootWeb(Object(Config\Paths))
12 SYSTEMPATH\rewrite.php(44): require_once('C:\\xampp\\htdocs\\ITE311-CASTILLO\\public\\index.php')
CRITICAL - 2025-12-05 14:26:56 --> [Caused by] CodeIgniter\Database\Exceptions\DatabaseException: Unknown column 'enrollments.status' in 'where clause'
in SYSTEMPATH\Database\MySQLi\Connection.php on line 332.
 1 SYSTEMPATH\Database\BaseConnection.php(729): CodeIgniter\Database\MySQLi\Connection->execute('SELECT `enrollments`.*, `courses`.`id` as `course_id`, `courses`.`title`, `courses`.`description`, `courses`.`course_number`, `enrollments`.`enrollment_date`
FROM `enrollments`
INNER JOIN `courses` ON `courses`.`id` = `enrollments`.`course_id`
WHERE `enrollments`.`user_id` = 35
AND `enrollments`.`status` = \'approved\'
AND `enrollment_date` >= \'2025-08-05 14:26:56\'
ORDER BY `enrollment_date` DESC')
 2 SYSTEMPATH\Database\BaseConnection.php(646): CodeIgniter\Database\BaseConnection->simpleQuery('SELECT `enrollments`.*, `courses`.`id` as `course_id`, `courses`.`title`, `courses`.`description`, `courses`.`course_number`, `enrollments`.`enrollment_date`
FROM `enrollments`
INNER JOIN `courses` ON `courses`.`id` = `enrollments`.`course_id`
WHERE `enrollments`.`user_id` = 35
AND `enrollments`.`status` = \'approved\'
AND `enrollment_date` >= \'2025-08-05 14:26:56\'
ORDER BY `enrollment_date` DESC')
 3 SYSTEMPATH\Database\BaseBuilder.php(1649): CodeIgniter\Database\BaseConnection->query('SELECT `enrollments`.*, `courses`.`id` as `course_id`, `courses`.`title`, `courses`.`description`, `courses`.`course_number`, `enrollments`.`enrollment_date`
FROM `enrollments`
INNER JOIN `courses` ON `courses`.`id` = `enrollments`.`course_id`
WHERE `enrollments`.`user_id` = :enrollments.user_id:
AND `enrollments`.`status` = :enrollments.status:
AND `enrollment_date` >= :enrollment_date:
ORDER BY `enrollment_date` DESC', [...], false)
 4 SYSTEMPATH\Model.php(286): CodeIgniter\Database\BaseBuilder->get()
 5 SYSTEMPATH\BaseModel.php(677): CodeIgniter\Model->doFindAll(0, 0)
 6 APPPATH\Models\EnrollmentModel.php(47): CodeIgniter\BaseModel->findAll()
 7 APPPATH\Controllers\Student\Enrollments.php(24): App\Models\EnrollmentModel->getUserEnrollments(35)
 8 SYSTEMPATH\CodeIgniter.php(933): App\Controllers\Student\Enrollments->index()
 9 SYSTEMPATH\CodeIgniter.php(507): CodeIgniter\CodeIgniter->runController(Object(App\Controllers\Student\Enrollments))
10 SYSTEMPATH\CodeIgniter.php(354): CodeIgniter\CodeIgniter->handleRequest(null, Object(Config\Cache), false)
11 SYSTEMPATH\Boot.php(363): CodeIgniter\CodeIgniter->run()
12 SYSTEMPATH\Boot.php(68): CodeIgniter\Boot::runCodeIgniter(Object(CodeIgniter\CodeIgniter))
13 FCPATH\index.php(70): CodeIgniter\Boot::bootWeb(Object(Config\Paths))
14 SYSTEMPATH\rewrite.php(44): require_once('C:\\xampp\\htdocs\\ITE311-CASTILLO\\public\\index.php')
CRITICAL - 2025-12-05 14:26:56 --> [Caused by] mysqli_sql_exception: Unknown column 'enrollments.status' in 'where clause'
in SYSTEMPATH\Database\MySQLi\Connection.php on line 327.
 1 SYSTEMPATH\Database\MySQLi\Connection.php(327): mysqli->query('SELECT `enrollments`.*, `courses`.`id` as `course_id`, `courses`.`title`, `courses`.`description`, `courses`.`course_number`, `enrollments`.`enrollment_date`
FROM `enrollments`
INNER JOIN `courses` ON `courses`.`id` = `enrollments`.`course_id`
WHERE `enrollments`.`user_id` = 35
AND `enrollments`.`status` = \'approved\'
AND `enrollment_date` >= \'2025-08-05 14:26:56\'
ORDER BY `enrollment_date` DESC', 0)
 2 SYSTEMPATH\Database\BaseConnection.php(729): CodeIgniter\Database\MySQLi\Connection->execute('SELECT `enrollments`.*, `courses`.`id` as `course_id`, `courses`.`title`, `courses`.`description`, `courses`.`course_number`, `enrollments`.`enrollment_date`
FROM `enrollments`
INNER JOIN `courses` ON `courses`.`id` = `enrollments`.`course_id`
WHERE `enrollments`.`user_id` = 35
AND `enrollments`.`status` = \'approved\'
AND `enrollment_date` >= \'2025-08-05 14:26:56\'
ORDER BY `enrollment_date` DESC')
 3 SYSTEMPATH\Database\BaseConnection.php(646): CodeIgniter\Database\BaseConnection->simpleQuery('SELECT `enrollments`.*, `courses`.`id` as `course_id`, `courses`.`title`, `courses`.`description`, `courses`.`course_number`, `enrollments`.`enrollment_date`
FROM `enrollments`
INNER JOIN `courses` ON `courses`.`id` = `enrollments`.`course_id`
WHERE `enrollments`.`user_id` = 35
AND `enrollments`.`status` = \'approved\'
AND `enrollment_date` >= \'2025-08-05 14:26:56\'
ORDER BY `enrollment_date` DESC')
 4 SYSTEMPATH\Database\BaseBuilder.php(1649): CodeIgniter\Database\BaseConnection->query('SELECT `enrollments`.*, `courses`.`id` as `course_id`, `courses`.`title`, `courses`.`description`, `courses`.`course_number`, `enrollments`.`enrollment_date`
FROM `enrollments`
INNER JOIN `courses` ON `courses`.`id` = `enrollments`.`course_id`
WHERE `enrollments`.`user_id` = :enrollments.user_id:
AND `enrollments`.`status` = :enrollments.status:
AND `enrollment_date` >= :enrollment_date:
ORDER BY `enrollment_date` DESC', [...], false)
 5 SYSTEMPATH\Model.php(286): CodeIgniter\Database\BaseBuilder->get()
 6 SYSTEMPATH\BaseModel.php(677): CodeIgniter\Model->doFindAll(0, 0)
 7 APPPATH\Models\EnrollmentModel.php(47): CodeIgniter\BaseModel->findAll()
 8 APPPATH\Controllers\Student\Enrollments.php(24): App\Models\EnrollmentModel->getUserEnrollments(35)
 9 SYSTEMPATH\CodeIgniter.php(933): App\Controllers\Student\Enrollments->index()
10 SYSTEMPATH\CodeIgniter.php(507): CodeIgniter\CodeIgniter->runController(Object(App\Controllers\Student\Enrollments))
11 SYSTEMPATH\CodeIgniter.php(354): CodeIgniter\CodeIgniter->handleRequest(null, Object(Config\Cache), false)
12 SYSTEMPATH\Boot.php(363): CodeIgniter\CodeIgniter->run()
13 SYSTEMPATH\Boot.php(68): CodeIgniter\Boot::runCodeIgniter(Object(CodeIgniter\CodeIgniter))
14 FCPATH\index.php(70): CodeIgniter\Boot::bootWeb(Object(Config\Paths))
15 SYSTEMPATH\rewrite.php(44): require_once('C:\\xampp\\htdocs\\ITE311-CASTILLO\\public\\index.php')
ERROR - 2025-12-05 14:26:58 --> mysqli_sql_exception: Unknown column 'enrollments.status' in 'where clause' in C:\xampp\htdocs\ITE311-CASTILLO\system\Database\MySQLi\Connection.php:327
Stack trace:
#0 C:\xampp\htdocs\ITE311-CASTILLO\system\Database\MySQLi\Connection.php(327): mysqli->query('SELECT `enrollm...', 0)
#1 C:\xampp\htdocs\ITE311-CASTILLO\system\Database\BaseConnection.php(729): CodeIgniter\Database\MySQLi\Connection->execute('SELECT `enrollm...')
#2 C:\xampp\htdocs\ITE311-CASTILLO\system\Database\BaseConnection.php(646): CodeIgniter\Database\BaseConnection->simpleQuery('SELECT `enrollm...')
#3 C:\xampp\htdocs\ITE311-CASTILLO\system\Database\BaseBuilder.php(1649): CodeIgniter\Database\BaseConnection->query('SELECT `enrollm...', Array, false)
#4 C:\xampp\htdocs\ITE311-CASTILLO\system\Model.php(286): CodeIgniter\Database\BaseBuilder->get()
#5 C:\xampp\htdocs\ITE311-CASTILLO\system\BaseModel.php(677): CodeIgniter\Model->doFindAll(0, 0)
#6 C:\xampp\htdocs\ITE311-CASTILLO\app\Models\EnrollmentModel.php(47): CodeIgniter\BaseModel->findAll()
#7 C:\xampp\htdocs\ITE311-CASTILLO\app\Controllers\Student\Enrollments.php(24): App\Models\EnrollmentModel->getUserEnrollments(35)
#8 C:\xampp\htdocs\ITE311-CASTILLO\system\CodeIgniter.php(933): App\Controllers\Student\Enrollments->index()
#9 C:\xampp\htdocs\ITE311-CASTILLO\system\CodeIgniter.php(507): CodeIgniter\CodeIgniter->runController(Object(App\Controllers\Student\Enrollments))
#10 C:\xampp\htdocs\ITE311-CASTILLO\system\CodeIgniter.php(354): CodeIgniter\CodeIgniter->handleRequest(NULL, Object(Config\Cache), false)
#11 C:\xampp\htdocs\ITE311-CASTILLO\system\Boot.php(363): CodeIgniter\CodeIgniter->run()
#12 C:\xampp\htdocs\ITE311-CASTILLO\system\Boot.php(68): CodeIgniter\Boot::runCodeIgniter(Object(CodeIgniter\CodeIgniter))
#13 C:\xampp\htdocs\ITE311-CASTILLO\public\index.php(70): CodeIgniter\Boot::bootWeb(Object(Config\Paths))
#14 C:\xampp\htdocs\ITE311-CASTILLO\system\rewrite.php(44): require_once('C:\\xampp\\htdocs...')
#15 {main}
CRITICAL - 2025-12-05 14:26:58 --> CodeIgniter\Database\Exceptions\DatabaseException: Unknown column 'enrollments.status' in 'where clause'
[Method: GET, Route: student/enrollments]
in SYSTEMPATH\Database\BaseConnection.php on line 684.
 1 SYSTEMPATH\Database\BaseBuilder.php(1649): CodeIgniter\Database\BaseConnection->query('SELECT `enrollments`.*, `courses`.`id` as `course_id`, `courses`.`title`, `courses`.`description`, `courses`.`course_number`, `enrollments`.`enrollment_date`
FROM `enrollments`
INNER JOIN `courses` ON `courses`.`id` = `enrollments`.`course_id`
WHERE `enrollments`.`user_id` = :enrollments.user_id:
AND `enrollments`.`status` = :enrollments.status:
AND `enrollment_date` >= :enrollment_date:
ORDER BY `enrollment_date` DESC', [...], false)
 2 SYSTEMPATH\Model.php(286): CodeIgniter\Database\BaseBuilder->get()
 3 SYSTEMPATH\BaseModel.php(677): CodeIgniter\Model->doFindAll(0, 0)
 4 APPPATH\Models\EnrollmentModel.php(47): CodeIgniter\BaseModel->findAll()
 5 APPPATH\Controllers\Student\Enrollments.php(24): App\Models\EnrollmentModel->getUserEnrollments(35)
 6 SYSTEMPATH\CodeIgniter.php(933): App\Controllers\Student\Enrollments->index()
 7 SYSTEMPATH\CodeIgniter.php(507): CodeIgniter\CodeIgniter->runController(Object(App\Controllers\Student\Enrollments))
 8 SYSTEMPATH\CodeIgniter.php(354): CodeIgniter\CodeIgniter->handleRequest(null, Object(Config\Cache), false)
 9 SYSTEMPATH\Boot.php(363): CodeIgniter\CodeIgniter->run()
10 SYSTEMPATH\Boot.php(68): CodeIgniter\Boot::runCodeIgniter(Object(CodeIgniter\CodeIgniter))
11 FCPATH\index.php(70): CodeIgniter\Boot::bootWeb(Object(Config\Paths))
12 SYSTEMPATH\rewrite.php(44): require_once('C:\\xampp\\htdocs\\ITE311-CASTILLO\\public\\index.php')
CRITICAL - 2025-12-05 14:26:58 --> [Caused by] CodeIgniter\Database\Exceptions\DatabaseException: Unknown column 'enrollments.status' in 'where clause'
in SYSTEMPATH\Database\MySQLi\Connection.php on line 332.
 1 SYSTEMPATH\Database\BaseConnection.php(729): CodeIgniter\Database\MySQLi\Connection->execute('SELECT `enrollments`.*, `courses`.`id` as `course_id`, `courses`.`title`, `courses`.`description`, `courses`.`course_number`, `enrollments`.`enrollment_date`
FROM `enrollments`
INNER JOIN `courses` ON `courses`.`id` = `enrollments`.`course_id`
WHERE `enrollments`.`user_id` = 35
AND `enrollments`.`status` = \'approved\'
AND `enrollment_date` >= \'2025-08-05 14:26:58\'
ORDER BY `enrollment_date` DESC')
 2 SYSTEMPATH\Database\BaseConnection.php(646): CodeIgniter\Database\BaseConnection->simpleQuery('SELECT `enrollments`.*, `courses`.`id` as `course_id`, `courses`.`title`, `courses`.`description`, `courses`.`course_number`, `enrollments`.`enrollment_date`
FROM `enrollments`
INNER JOIN `courses` ON `courses`.`id` = `enrollments`.`course_id`
WHERE `enrollments`.`user_id` = 35
AND `enrollments`.`status` = \'approved\'
AND `enrollment_date` >= \'2025-08-05 14:26:58\'
ORDER BY `enrollment_date` DESC')
 3 SYSTEMPATH\Database\BaseBuilder.php(1649): CodeIgniter\Database\BaseConnection->query('SELECT `enrollments`.*, `courses`.`id` as `course_id`, `courses`.`title`, `courses`.`description`, `courses`.`course_number`, `enrollments`.`enrollment_date`
FROM `enrollments`
INNER JOIN `courses` ON `courses`.`id` = `enrollments`.`course_id`
WHERE `enrollments`.`user_id` = :enrollments.user_id:
AND `enrollments`.`status` = :enrollments.status:
AND `enrollment_date` >= :enrollment_date:
ORDER BY `enrollment_date` DESC', [...], false)
 4 SYSTEMPATH\Model.php(286): CodeIgniter\Database\BaseBuilder->get()
 5 SYSTEMPATH\BaseModel.php(677): CodeIgniter\Model->doFindAll(0, 0)
 6 APPPATH\Models\EnrollmentModel.php(47): CodeIgniter\BaseModel->findAll()
 7 APPPATH\Controllers\Student\Enrollments.php(24): App\Models\EnrollmentModel->getUserEnrollments(35)
 8 SYSTEMPATH\CodeIgniter.php(933): App\Controllers\Student\Enrollments->index()
 9 SYSTEMPATH\CodeIgniter.php(507): CodeIgniter\CodeIgniter->runController(Object(App\Controllers\Student\Enrollments))
10 SYSTEMPATH\CodeIgniter.php(354): CodeIgniter\CodeIgniter->handleRequest(null, Object(Config\Cache), false)
11 SYSTEMPATH\Boot.php(363): CodeIgniter\CodeIgniter->run()
12 SYSTEMPATH\Boot.php(68): CodeIgniter\Boot::runCodeIgniter(Object(CodeIgniter\CodeIgniter))
13 FCPATH\index.php(70): CodeIgniter\Boot::bootWeb(Object(Config\Paths))
14 SYSTEMPATH\rewrite.php(44): require_once('C:\\xampp\\htdocs\\ITE311-CASTILLO\\public\\index.php')
CRITICAL - 2025-12-05 14:26:58 --> [Caused by] mysqli_sql_exception: Unknown column 'enrollments.status' in 'where clause'
in SYSTEMPATH\Database\MySQLi\Connection.php on line 327.
 1 SYSTEMPATH\Database\MySQLi\Connection.php(327): mysqli->query('SELECT `enrollments`.*, `courses`.`id` as `course_id`, `courses`.`title`, `courses`.`description`, `courses`.`course_number`, `enrollments`.`enrollment_date`
FROM `enrollments`
INNER JOIN `courses` ON `courses`.`id` = `enrollments`.`course_id`
WHERE `enrollments`.`user_id` = 35
AND `enrollments`.`status` = \'approved\'
AND `enrollment_date` >= \'2025-08-05 14:26:58\'
ORDER BY `enrollment_date` DESC', 0)
 2 SYSTEMPATH\Database\BaseConnection.php(729): CodeIgniter\Database\MySQLi\Connection->execute('SELECT `enrollments`.*, `courses`.`id` as `course_id`, `courses`.`title`, `courses`.`description`, `courses`.`course_number`, `enrollments`.`enrollment_date`
FROM `enrollments`
INNER JOIN `courses` ON `courses`.`id` = `enrollments`.`course_id`
WHERE `enrollments`.`user_id` = 35
AND `enrollments`.`status` = \'approved\'
AND `enrollment_date` >= \'2025-08-05 14:26:58\'
ORDER BY `enrollment_date` DESC')
 3 SYSTEMPATH\Database\BaseConnection.php(646): CodeIgniter\Database\BaseConnection->simpleQuery('SELECT `enrollments`.*, `courses`.`id` as `course_id`, `courses`.`title`, `courses`.`description`, `courses`.`course_number`, `enrollments`.`enrollment_date`
FROM `enrollments`
INNER JOIN `courses` ON `courses`.`id` = `enrollments`.`course_id`
WHERE `enrollments`.`user_id` = 35
AND `enrollments`.`status` = \'approved\'
AND `enrollment_date` >= \'2025-08-05 14:26:58\'
ORDER BY `enrollment_date` DESC')
 4 SYSTEMPATH\Database\BaseBuilder.php(1649): CodeIgniter\Database\BaseConnection->query('SELECT `enrollments`.*, `courses`.`id` as `course_id`, `courses`.`title`, `courses`.`description`, `courses`.`course_number`, `enrollments`.`enrollment_date`
FROM `enrollments`
INNER JOIN `courses` ON `courses`.`id` = `enrollments`.`course_id`
WHERE `enrollments`.`user_id` = :enrollments.user_id:
AND `enrollments`.`status` = :enrollments.status:
AND `enrollment_date` >= :enrollment_date:
ORDER BY `enrollment_date` DESC', [...], false)
 5 SYSTEMPATH\Model.php(286): CodeIgniter\Database\BaseBuilder->get()
 6 SYSTEMPATH\BaseModel.php(677): CodeIgniter\Model->doFindAll(0, 0)
 7 APPPATH\Models\EnrollmentModel.php(47): CodeIgniter\BaseModel->findAll()
 8 APPPATH\Controllers\Student\Enrollments.php(24): App\Models\EnrollmentModel->getUserEnrollments(35)
 9 SYSTEMPATH\CodeIgniter.php(933): App\Controllers\Student\Enrollments->index()
10 SYSTEMPATH\CodeIgniter.php(507): CodeIgniter\CodeIgniter->runController(Object(App\Controllers\Student\Enrollments))
11 SYSTEMPATH\CodeIgniter.php(354): CodeIgniter\CodeIgniter->handleRequest(null, Object(Config\Cache), false)
12 SYSTEMPATH\Boot.php(363): CodeIgniter\CodeIgniter->run()
13 SYSTEMPATH\Boot.php(68): CodeIgniter\Boot::runCodeIgniter(Object(CodeIgniter\CodeIgniter))
14 FCPATH\index.php(70): CodeIgniter\Boot::bootWeb(Object(Config\Paths))
15 SYSTEMPATH\rewrite.php(44): require_once('C:\\xampp\\htdocs\\ITE311-CASTILLO\\public\\index.php')
ERROR - 2025-12-05 14:27:03 --> mysqli_sql_exception: Unknown column 'enrollments.status' in 'where clause' in C:\xampp\htdocs\ITE311-CASTILLO\system\Database\MySQLi\Connection.php:327
Stack trace:
#0 C:\xampp\htdocs\ITE311-CASTILLO\system\Database\MySQLi\Connection.php(327): mysqli->query('SELECT `enrollm...', 0)
#1 C:\xampp\htdocs\ITE311-CASTILLO\system\Database\BaseConnection.php(729): CodeIgniter\Database\MySQLi\Connection->execute('SELECT `enrollm...')
#2 C:\xampp\htdocs\ITE311-CASTILLO\system\Database\BaseConnection.php(646): CodeIgniter\Database\BaseConnection->simpleQuery('SELECT `enrollm...')
#3 C:\xampp\htdocs\ITE311-CASTILLO\system\Database\BaseBuilder.php(1649): CodeIgniter\Database\BaseConnection->query('SELECT `enrollm...', Array, false)
#4 C:\xampp\htdocs\ITE311-CASTILLO\system\Model.php(286): CodeIgniter\Database\BaseBuilder->get()
#5 C:\xampp\htdocs\ITE311-CASTILLO\system\BaseModel.php(677): CodeIgniter\Model->doFindAll(0, 0)
#6 C:\xampp\htdocs\ITE311-CASTILLO\app\Models\EnrollmentModel.php(47): CodeIgniter\BaseModel->findAll()
#7 C:\xampp\htdocs\ITE311-CASTILLO\app\Controllers\Student\Enrollments.php(24): App\Models\EnrollmentModel->getUserEnrollments(35)
#8 C:\xampp\htdocs\ITE311-CASTILLO\system\CodeIgniter.php(933): App\Controllers\Student\Enrollments->index()
#9 C:\xampp\htdocs\ITE311-CASTILLO\system\CodeIgniter.php(507): CodeIgniter\CodeIgniter->runController(Object(App\Controllers\Student\Enrollments))
#10 C:\xampp\htdocs\ITE311-CASTILLO\system\CodeIgniter.php(354): CodeIgniter\CodeIgniter->handleRequest(NULL, Object(Config\Cache), false)
#11 C:\xampp\htdocs\ITE311-CASTILLO\system\Boot.php(363): CodeIgniter\CodeIgniter->run()
#12 C:\xampp\htdocs\ITE311-CASTILLO\system\Boot.php(68): CodeIgniter\Boot::runCodeIgniter(Object(CodeIgniter\CodeIgniter))
#13 C:\xampp\htdocs\ITE311-CASTILLO\public\index.php(70): CodeIgniter\Boot::bootWeb(Object(Config\Paths))
#14 C:\xampp\htdocs\ITE311-CASTILLO\system\rewrite.php(44): require_once('C:\\xampp\\htdocs...')
#15 {main}
CRITICAL - 2025-12-05 14:27:03 --> CodeIgniter\Database\Exceptions\DatabaseException: Unknown column 'enrollments.status' in 'where clause'
[Method: GET, Route: student/enrollments]
in SYSTEMPATH\Database\BaseConnection.php on line 684.
 1 SYSTEMPATH\Database\BaseBuilder.php(1649): CodeIgniter\Database\BaseConnection->query('SELECT `enrollments`.*, `courses`.`id` as `course_id`, `courses`.`title`, `courses`.`description`, `courses`.`course_number`, `enrollments`.`enrollment_date`
FROM `enrollments`
INNER JOIN `courses` ON `courses`.`id` = `enrollments`.`course_id`
WHERE `enrollments`.`user_id` = :enrollments.user_id:
AND `enrollments`.`status` = :enrollments.status:
AND `enrollment_date` >= :enrollment_date:
ORDER BY `enrollment_date` DESC', [...], false)
 2 SYSTEMPATH\Model.php(286): CodeIgniter\Database\BaseBuilder->get()
 3 SYSTEMPATH\BaseModel.php(677): CodeIgniter\Model->doFindAll(0, 0)
 4 APPPATH\Models\EnrollmentModel.php(47): CodeIgniter\BaseModel->findAll()
 5 APPPATH\Controllers\Student\Enrollments.php(24): App\Models\EnrollmentModel->getUserEnrollments(35)
 6 SYSTEMPATH\CodeIgniter.php(933): App\Controllers\Student\Enrollments->index()
 7 SYSTEMPATH\CodeIgniter.php(507): CodeIgniter\CodeIgniter->runController(Object(App\Controllers\Student\Enrollments))
 8 SYSTEMPATH\CodeIgniter.php(354): CodeIgniter\CodeIgniter->handleRequest(null, Object(Config\Cache), false)
 9 SYSTEMPATH\Boot.php(363): CodeIgniter\CodeIgniter->run()
10 SYSTEMPATH\Boot.php(68): CodeIgniter\Boot::runCodeIgniter(Object(CodeIgniter\CodeIgniter))
11 FCPATH\index.php(70): CodeIgniter\Boot::bootWeb(Object(Config\Paths))
12 SYSTEMPATH\rewrite.php(44): require_once('C:\\xampp\\htdocs\\ITE311-CASTILLO\\public\\index.php')
CRITICAL - 2025-12-05 14:27:03 --> [Caused by] CodeIgniter\Database\Exceptions\DatabaseException: Unknown column 'enrollments.status' in 'where clause'
in SYSTEMPATH\Database\MySQLi\Connection.php on line 332.
 1 SYSTEMPATH\Database\BaseConnection.php(729): CodeIgniter\Database\MySQLi\Connection->execute('SELECT `enrollments`.*, `courses`.`id` as `course_id`, `courses`.`title`, `courses`.`description`, `courses`.`course_number`, `enrollments`.`enrollment_date`
FROM `enrollments`
INNER JOIN `courses` ON `courses`.`id` = `enrollments`.`course_id`
WHERE `enrollments`.`user_id` = 35
AND `enrollments`.`status` = \'approved\'
AND `enrollment_date` >= \'2025-08-05 14:27:03\'
ORDER BY `enrollment_date` DESC')
 2 SYSTEMPATH\Database\BaseConnection.php(646): CodeIgniter\Database\BaseConnection->simpleQuery('SELECT `enrollments`.*, `courses`.`id` as `course_id`, `courses`.`title`, `courses`.`description`, `courses`.`course_number`, `enrollments`.`enrollment_date`
FROM `enrollments`
INNER JOIN `courses` ON `courses`.`id` = `enrollments`.`course_id`
WHERE `enrollments`.`user_id` = 35
AND `enrollments`.`status` = \'approved\'
AND `enrollment_date` >= \'2025-08-05 14:27:03\'
ORDER BY `enrollment_date` DESC')
 3 SYSTEMPATH\Database\BaseBuilder.php(1649): CodeIgniter\Database\BaseConnection->query('SELECT `enrollments`.*, `courses`.`id` as `course_id`, `courses`.`title`, `courses`.`description`, `courses`.`course_number`, `enrollments`.`enrollment_date`
FROM `enrollments`
INNER JOIN `courses` ON `courses`.`id` = `enrollments`.`course_id`
WHERE `enrollments`.`user_id` = :enrollments.user_id:
AND `enrollments`.`status` = :enrollments.status:
AND `enrollment_date` >= :enrollment_date:
ORDER BY `enrollment_date` DESC', [...], false)
 4 SYSTEMPATH\Model.php(286): CodeIgniter\Database\BaseBuilder->get()
 5 SYSTEMPATH\BaseModel.php(677): CodeIgniter\Model->doFindAll(0, 0)
 6 APPPATH\Models\EnrollmentModel.php(47): CodeIgniter\BaseModel->findAll()
 7 APPPATH\Controllers\Student\Enrollments.php(24): App\Models\EnrollmentModel->getUserEnrollments(35)
 8 SYSTEMPATH\CodeIgniter.php(933): App\Controllers\Student\Enrollments->index()
 9 SYSTEMPATH\CodeIgniter.php(507): CodeIgniter\CodeIgniter->runController(Object(App\Controllers\Student\Enrollments))
10 SYSTEMPATH\CodeIgniter.php(354): CodeIgniter\CodeIgniter->handleRequest(null, Object(Config\Cache), false)
11 SYSTEMPATH\Boot.php(363): CodeIgniter\CodeIgniter->run()
12 SYSTEMPATH\Boot.php(68): CodeIgniter\Boot::runCodeIgniter(Object(CodeIgniter\CodeIgniter))
13 FCPATH\index.php(70): CodeIgniter\Boot::bootWeb(Object(Config\Paths))
14 SYSTEMPATH\rewrite.php(44): require_once('C:\\xampp\\htdocs\\ITE311-CASTILLO\\public\\index.php')
CRITICAL - 2025-12-05 14:27:03 --> [Caused by] mysqli_sql_exception: Unknown column 'enrollments.status' in 'where clause'
in SYSTEMPATH\Database\MySQLi\Connection.php on line 327.
 1 SYSTEMPATH\Database\MySQLi\Connection.php(327): mysqli->query('SELECT `enrollments`.*, `courses`.`id` as `course_id`, `courses`.`title`, `courses`.`description`, `courses`.`course_number`, `enrollments`.`enrollment_date`
FROM `enrollments`
INNER JOIN `courses` ON `courses`.`id` = `enrollments`.`course_id`
WHERE `enrollments`.`user_id` = 35
AND `enrollments`.`status` = \'approved\'
AND `enrollment_date` >= \'2025-08-05 14:27:03\'
ORDER BY `enrollment_date` DESC', 0)
 2 SYSTEMPATH\Database\BaseConnection.php(729): CodeIgniter\Database\MySQLi\Connection->execute('SELECT `enrollments`.*, `courses`.`id` as `course_id`, `courses`.`title`, `courses`.`description`, `courses`.`course_number`, `enrollments`.`enrollment_date`
FROM `enrollments`
INNER JOIN `courses` ON `courses`.`id` = `enrollments`.`course_id`
WHERE `enrollments`.`user_id` = 35
AND `enrollments`.`status` = \'approved\'
AND `enrollment_date` >= \'2025-08-05 14:27:03\'
ORDER BY `enrollment_date` DESC')
 3 SYSTEMPATH\Database\BaseConnection.php(646): CodeIgniter\Database\BaseConnection->simpleQuery('SELECT `enrollments`.*, `courses`.`id` as `course_id`, `courses`.`title`, `courses`.`description`, `courses`.`course_number`, `enrollments`.`enrollment_date`
FROM `enrollments`
INNER JOIN `courses` ON `courses`.`id` = `enrollments`.`course_id`
WHERE `enrollments`.`user_id` = 35
AND `enrollments`.`status` = \'approved\'
AND `enrollment_date` >= \'2025-08-05 14:27:03\'
ORDER BY `enrollment_date` DESC')
 4 SYSTEMPATH\Database\BaseBuilder.php(1649): CodeIgniter\Database\BaseConnection->query('SELECT `enrollments`.*, `courses`.`id` as `course_id`, `courses`.`title`, `courses`.`description`, `courses`.`course_number`, `enrollments`.`enrollment_date`
FROM `enrollments`
INNER JOIN `courses` ON `courses`.`id` = `enrollments`.`course_id`
WHERE `enrollments`.`user_id` = :enrollments.user_id:
AND `enrollments`.`status` = :enrollments.status:
AND `enrollment_date` >= :enrollment_date:
ORDER BY `enrollment_date` DESC', [...], false)
 5 SYSTEMPATH\Model.php(286): CodeIgniter\Database\BaseBuilder->get()
 6 SYSTEMPATH\BaseModel.php(677): CodeIgniter\Model->doFindAll(0, 0)
 7 APPPATH\Models\EnrollmentModel.php(47): CodeIgniter\BaseModel->findAll()
 8 APPPATH\Controllers\Student\Enrollments.php(24): App\Models\EnrollmentModel->getUserEnrollments(35)
 9 SYSTEMPATH\CodeIgniter.php(933): App\Controllers\Student\Enrollments->index()
10 SYSTEMPATH\CodeIgniter.php(507): CodeIgniter\CodeIgniter->runController(Object(App\Controllers\Student\Enrollments))
11 SYSTEMPATH\CodeIgniter.php(354): CodeIgniter\CodeIgniter->handleRequest(null, Object(Config\Cache), false)
12 SYSTEMPATH\Boot.php(363): CodeIgniter\CodeIgniter->run()
13 SYSTEMPATH\Boot.php(68): CodeIgniter\Boot::runCodeIgniter(Object(CodeIgniter\CodeIgniter))
14 FCPATH\index.php(70): CodeIgniter\Boot::bootWeb(Object(Config\Paths))
15 SYSTEMPATH\rewrite.php(44): require_once('C:\\xampp\\htdocs\\ITE311-CASTILLO\\public\\index.php')
ERROR - 2025-12-05 14:27:04 --> mysqli_sql_exception: Unknown column 'enrollments.status' in 'where clause' in C:\xampp\htdocs\ITE311-CASTILLO\system\Database\MySQLi\Connection.php:327
Stack trace:
#0 C:\xampp\htdocs\ITE311-CASTILLO\system\Database\MySQLi\Connection.php(327): mysqli->query('SELECT `enrollm...', 0)
#1 C:\xampp\htdocs\ITE311-CASTILLO\system\Database\BaseConnection.php(729): CodeIgniter\Database\MySQLi\Connection->execute('SELECT `enrollm...')
#2 C:\xampp\htdocs\ITE311-CASTILLO\system\Database\BaseConnection.php(646): CodeIgniter\Database\BaseConnection->simpleQuery('SELECT `enrollm...')
#3 C:\xampp\htdocs\ITE311-CASTILLO\system\Database\BaseBuilder.php(1649): CodeIgniter\Database\BaseConnection->query('SELECT `enrollm...', Array, false)
#4 C:\xampp\htdocs\ITE311-CASTILLO\system\Model.php(286): CodeIgniter\Database\BaseBuilder->get()
#5 C:\xampp\htdocs\ITE311-CASTILLO\system\BaseModel.php(677): CodeIgniter\Model->doFindAll(0, 0)
#6 C:\xampp\htdocs\ITE311-CASTILLO\app\Models\EnrollmentModel.php(47): CodeIgniter\BaseModel->findAll()
#7 C:\xampp\htdocs\ITE311-CASTILLO\app\Controllers\Student\Enrollments.php(24): App\Models\EnrollmentModel->getUserEnrollments(35)
#8 C:\xampp\htdocs\ITE311-CASTILLO\system\CodeIgniter.php(933): App\Controllers\Student\Enrollments->index()
#9 C:\xampp\htdocs\ITE311-CASTILLO\system\CodeIgniter.php(507): CodeIgniter\CodeIgniter->runController(Object(App\Controllers\Student\Enrollments))
#10 C:\xampp\htdocs\ITE311-CASTILLO\system\CodeIgniter.php(354): CodeIgniter\CodeIgniter->handleRequest(NULL, Object(Config\Cache), false)
#11 C:\xampp\htdocs\ITE311-CASTILLO\system\Boot.php(363): CodeIgniter\CodeIgniter->run()
#12 C:\xampp\htdocs\ITE311-CASTILLO\system\Boot.php(68): CodeIgniter\Boot::runCodeIgniter(Object(CodeIgniter\CodeIgniter))
#13 C:\xampp\htdocs\ITE311-CASTILLO\public\index.php(70): CodeIgniter\Boot::bootWeb(Object(Config\Paths))
#14 C:\xampp\htdocs\ITE311-CASTILLO\system\rewrite.php(44): require_once('C:\\xampp\\htdocs...')
#15 {main}
CRITICAL - 2025-12-05 14:27:04 --> CodeIgniter\Database\Exceptions\DatabaseException: Unknown column 'enrollments.status' in 'where clause'
[Method: GET, Route: student/enrollments]
in SYSTEMPATH\Database\BaseConnection.php on line 684.
 1 SYSTEMPATH\Database\BaseBuilder.php(1649): CodeIgniter\Database\BaseConnection->query('SELECT `enrollments`.*, `courses`.`id` as `course_id`, `courses`.`title`, `courses`.`description`, `courses`.`course_number`, `enrollments`.`enrollment_date`
FROM `enrollments`
INNER JOIN `courses` ON `courses`.`id` = `enrollments`.`course_id`
WHERE `enrollments`.`user_id` = :enrollments.user_id:
AND `enrollments`.`status` = :enrollments.status:
AND `enrollment_date` >= :enrollment_date:
ORDER BY `enrollment_date` DESC', [...], false)
 2 SYSTEMPATH\Model.php(286): CodeIgniter\Database\BaseBuilder->get()
 3 SYSTEMPATH\BaseModel.php(677): CodeIgniter\Model->doFindAll(0, 0)
 4 APPPATH\Models\EnrollmentModel.php(47): CodeIgniter\BaseModel->findAll()
 5 APPPATH\Controllers\Student\Enrollments.php(24): App\Models\EnrollmentModel->getUserEnrollments(35)
 6 SYSTEMPATH\CodeIgniter.php(933): App\Controllers\Student\Enrollments->index()
 7 SYSTEMPATH\CodeIgniter.php(507): CodeIgniter\CodeIgniter->runController(Object(App\Controllers\Student\Enrollments))
 8 SYSTEMPATH\CodeIgniter.php(354): CodeIgniter\CodeIgniter->handleRequest(null, Object(Config\Cache), false)
 9 SYSTEMPATH\Boot.php(363): CodeIgniter\CodeIgniter->run()
10 SYSTEMPATH\Boot.php(68): CodeIgniter\Boot::runCodeIgniter(Object(CodeIgniter\CodeIgniter))
11 FCPATH\index.php(70): CodeIgniter\Boot::bootWeb(Object(Config\Paths))
12 SYSTEMPATH\rewrite.php(44): require_once('C:\\xampp\\htdocs\\ITE311-CASTILLO\\public\\index.php')
CRITICAL - 2025-12-05 14:27:04 --> [Caused by] CodeIgniter\Database\Exceptions\DatabaseException: Unknown column 'enrollments.status' in 'where clause'
in SYSTEMPATH\Database\MySQLi\Connection.php on line 332.
 1 SYSTEMPATH\Database\BaseConnection.php(729): CodeIgniter\Database\MySQLi\Connection->execute('SELECT `enrollments`.*, `courses`.`id` as `course_id`, `courses`.`title`, `courses`.`description`, `courses`.`course_number`, `enrollments`.`enrollment_date`
FROM `enrollments`
INNER JOIN `courses` ON `courses`.`id` = `enrollments`.`course_id`
WHERE `enrollments`.`user_id` = 35
AND `enrollments`.`status` = \'approved\'
AND `enrollment_date` >= \'2025-08-05 14:27:04\'
ORDER BY `enrollment_date` DESC')
 2 SYSTEMPATH\Database\BaseConnection.php(646): CodeIgniter\Database\BaseConnection->simpleQuery('SELECT `enrollments`.*, `courses`.`id` as `course_id`, `courses`.`title`, `courses`.`description`, `courses`.`course_number`, `enrollments`.`enrollment_date`
FROM `enrollments`
INNER JOIN `courses` ON `courses`.`id` = `enrollments`.`course_id`
WHERE `enrollments`.`user_id` = 35
AND `enrollments`.`status` = \'approved\'
AND `enrollment_date` >= \'2025-08-05 14:27:04\'
ORDER BY `enrollment_date` DESC')
 3 SYSTEMPATH\Database\BaseBuilder.php(1649): CodeIgniter\Database\BaseConnection->query('SELECT `enrollments`.*, `courses`.`id` as `course_id`, `courses`.`title`, `courses`.`description`, `courses`.`course_number`, `enrollments`.`enrollment_date`
FROM `enrollments`
INNER JOIN `courses` ON `courses`.`id` = `enrollments`.`course_id`
WHERE `enrollments`.`user_id` = :enrollments.user_id:
AND `enrollments`.`status` = :enrollments.status:
AND `enrollment_date` >= :enrollment_date:
ORDER BY `enrollment_date` DESC', [...], false)
 4 SYSTEMPATH\Model.php(286): CodeIgniter\Database\BaseBuilder->get()
 5 SYSTEMPATH\BaseModel.php(677): CodeIgniter\Model->doFindAll(0, 0)
 6 APPPATH\Models\EnrollmentModel.php(47): CodeIgniter\BaseModel->findAll()
 7 APPPATH\Controllers\Student\Enrollments.php(24): App\Models\EnrollmentModel->getUserEnrollments(35)
 8 SYSTEMPATH\CodeIgniter.php(933): App\Controllers\Student\Enrollments->index()
 9 SYSTEMPATH\CodeIgniter.php(507): CodeIgniter\CodeIgniter->runController(Object(App\Controllers\Student\Enrollments))
10 SYSTEMPATH\CodeIgniter.php(354): CodeIgniter\CodeIgniter->handleRequest(null, Object(Config\Cache), false)
11 SYSTEMPATH\Boot.php(363): CodeIgniter\CodeIgniter->run()
12 SYSTEMPATH\Boot.php(68): CodeIgniter\Boot::runCodeIgniter(Object(CodeIgniter\CodeIgniter))
13 FCPATH\index.php(70): CodeIgniter\Boot::bootWeb(Object(Config\Paths))
14 SYSTEMPATH\rewrite.php(44): require_once('C:\\xampp\\htdocs\\ITE311-CASTILLO\\public\\index.php')
CRITICAL - 2025-12-05 14:27:04 --> [Caused by] mysqli_sql_exception: Unknown column 'enrollments.status' in 'where clause'
in SYSTEMPATH\Database\MySQLi\Connection.php on line 327.
 1 SYSTEMPATH\Database\MySQLi\Connection.php(327): mysqli->query('SELECT `enrollments`.*, `courses`.`id` as `course_id`, `courses`.`title`, `courses`.`description`, `courses`.`course_number`, `enrollments`.`enrollment_date`
FROM `enrollments`
INNER JOIN `courses` ON `courses`.`id` = `enrollments`.`course_id`
WHERE `enrollments`.`user_id` = 35
AND `enrollments`.`status` = \'approved\'
AND `enrollment_date` >= \'2025-08-05 14:27:04\'
ORDER BY `enrollment_date` DESC', 0)
 2 SYSTEMPATH\Database\BaseConnection.php(729): CodeIgniter\Database\MySQLi\Connection->execute('SELECT `enrollments`.*, `courses`.`id` as `course_id`, `courses`.`title`, `courses`.`description`, `courses`.`course_number`, `enrollments`.`enrollment_date`
FROM `enrollments`
INNER JOIN `courses` ON `courses`.`id` = `enrollments`.`course_id`
WHERE `enrollments`.`user_id` = 35
AND `enrollments`.`status` = \'approved\'
AND `enrollment_date` >= \'2025-08-05 14:27:04\'
ORDER BY `enrollment_date` DESC')
 3 SYSTEMPATH\Database\BaseConnection.php(646): CodeIgniter\Database\BaseConnection->simpleQuery('SELECT `enrollments`.*, `courses`.`id` as `course_id`, `courses`.`title`, `courses`.`description`, `courses`.`course_number`, `enrollments`.`enrollment_date`
FROM `enrollments`
INNER JOIN `courses` ON `courses`.`id` = `enrollments`.`course_id`
WHERE `enrollments`.`user_id` = 35
AND `enrollments`.`status` = \'approved\'
AND `enrollment_date` >= \'2025-08-05 14:27:04\'
ORDER BY `enrollment_date` DESC')
 4 SYSTEMPATH\Database\BaseBuilder.php(1649): CodeIgniter\Database\BaseConnection->query('SELECT `enrollments`.*, `courses`.`id` as `course_id`, `courses`.`title`, `courses`.`description`, `courses`.`course_number`, `enrollments`.`enrollment_date`
FROM `enrollments`
INNER JOIN `courses` ON `courses`.`id` = `enrollments`.`course_id`
WHERE `enrollments`.`user_id` = :enrollments.user_id:
AND `enrollments`.`status` = :enrollments.status:
AND `enrollment_date` >= :enrollment_date:
ORDER BY `enrollment_date` DESC', [...], false)
 5 SYSTEMPATH\Model.php(286): CodeIgniter\Database\BaseBuilder->get()
 6 SYSTEMPATH\BaseModel.php(677): CodeIgniter\Model->doFindAll(0, 0)
 7 APPPATH\Models\EnrollmentModel.php(47): CodeIgniter\BaseModel->findAll()
 8 APPPATH\Controllers\Student\Enrollments.php(24): App\Models\EnrollmentModel->getUserEnrollments(35)
 9 SYSTEMPATH\CodeIgniter.php(933): App\Controllers\Student\Enrollments->index()
10 SYSTEMPATH\CodeIgniter.php(507): CodeIgniter\CodeIgniter->runController(Object(App\Controllers\Student\Enrollments))
11 SYSTEMPATH\CodeIgniter.php(354): CodeIgniter\CodeIgniter->handleRequest(null, Object(Config\Cache), false)
12 SYSTEMPATH\Boot.php(363): CodeIgniter\CodeIgniter->run()
13 SYSTEMPATH\Boot.php(68): CodeIgniter\Boot::runCodeIgniter(Object(CodeIgniter\CodeIgniter))
14 FCPATH\index.php(70): CodeIgniter\Boot::bootWeb(Object(Config\Paths))
15 SYSTEMPATH\rewrite.php(44): require_once('C:\\xampp\\htdocs\\ITE311-CASTILLO\\public\\index.php')
ERROR - 2025-12-05 14:27:04 --> mysqli_sql_exception: Unknown column 'enrollments.status' in 'where clause' in C:\xampp\htdocs\ITE311-CASTILLO\system\Database\MySQLi\Connection.php:327
Stack trace:
#0 C:\xampp\htdocs\ITE311-CASTILLO\system\Database\MySQLi\Connection.php(327): mysqli->query('SELECT `enrollm...', 0)
#1 C:\xampp\htdocs\ITE311-CASTILLO\system\Database\BaseConnection.php(729): CodeIgniter\Database\MySQLi\Connection->execute('SELECT `enrollm...')
#2 C:\xampp\htdocs\ITE311-CASTILLO\system\Database\BaseConnection.php(646): CodeIgniter\Database\BaseConnection->simpleQuery('SELECT `enrollm...')
#3 C:\xampp\htdocs\ITE311-CASTILLO\system\Database\BaseBuilder.php(1649): CodeIgniter\Database\BaseConnection->query('SELECT `enrollm...', Array, false)
#4 C:\xampp\htdocs\ITE311-CASTILLO\system\Model.php(286): CodeIgniter\Database\BaseBuilder->get()
#5 C:\xampp\htdocs\ITE311-CASTILLO\system\BaseModel.php(677): CodeIgniter\Model->doFindAll(0, 0)
#6 C:\xampp\htdocs\ITE311-CASTILLO\app\Models\EnrollmentModel.php(47): CodeIgniter\BaseModel->findAll()
#7 C:\xampp\htdocs\ITE311-CASTILLO\app\Controllers\Student\Enrollments.php(24): App\Models\EnrollmentModel->getUserEnrollments(35)
#8 C:\xampp\htdocs\ITE311-CASTILLO\system\CodeIgniter.php(933): App\Controllers\Student\Enrollments->index()
#9 C:\xampp\htdocs\ITE311-CASTILLO\system\CodeIgniter.php(507): CodeIgniter\CodeIgniter->runController(Object(App\Controllers\Student\Enrollments))
#10 C:\xampp\htdocs\ITE311-CASTILLO\system\CodeIgniter.php(354): CodeIgniter\CodeIgniter->handleRequest(NULL, Object(Config\Cache), false)
#11 C:\xampp\htdocs\ITE311-CASTILLO\system\Boot.php(363): CodeIgniter\CodeIgniter->run()
#12 C:\xampp\htdocs\ITE311-CASTILLO\system\Boot.php(68): CodeIgniter\Boot::runCodeIgniter(Object(CodeIgniter\CodeIgniter))
#13 C:\xampp\htdocs\ITE311-CASTILLO\public\index.php(70): CodeIgniter\Boot::bootWeb(Object(Config\Paths))
#14 C:\xampp\htdocs\ITE311-CASTILLO\system\rewrite.php(44): require_once('C:\\xampp\\htdocs...')
#15 {main}
CRITICAL - 2025-12-05 14:27:04 --> CodeIgniter\Database\Exceptions\DatabaseException: Unknown column 'enrollments.status' in 'where clause'
[Method: GET, Route: student/enrollments]
in SYSTEMPATH\Database\BaseConnection.php on line 684.
 1 SYSTEMPATH\Database\BaseBuilder.php(1649): CodeIgniter\Database\BaseConnection->query('SELECT `enrollments`.*, `courses`.`id` as `course_id`, `courses`.`title`, `courses`.`description`, `courses`.`course_number`, `enrollments`.`enrollment_date`
FROM `enrollments`
INNER JOIN `courses` ON `courses`.`id` = `enrollments`.`course_id`
WHERE `enrollments`.`user_id` = :enrollments.user_id:
AND `enrollments`.`status` = :enrollments.status:
AND `enrollment_date` >= :enrollment_date:
ORDER BY `enrollment_date` DESC', [...], false)
 2 SYSTEMPATH\Model.php(286): CodeIgniter\Database\BaseBuilder->get()
 3 SYSTEMPATH\BaseModel.php(677): CodeIgniter\Model->doFindAll(0, 0)
 4 APPPATH\Models\EnrollmentModel.php(47): CodeIgniter\BaseModel->findAll()
 5 APPPATH\Controllers\Student\Enrollments.php(24): App\Models\EnrollmentModel->getUserEnrollments(35)
 6 SYSTEMPATH\CodeIgniter.php(933): App\Controllers\Student\Enrollments->index()
 7 SYSTEMPATH\CodeIgniter.php(507): CodeIgniter\CodeIgniter->runController(Object(App\Controllers\Student\Enrollments))
 8 SYSTEMPATH\CodeIgniter.php(354): CodeIgniter\CodeIgniter->handleRequest(null, Object(Config\Cache), false)
 9 SYSTEMPATH\Boot.php(363): CodeIgniter\CodeIgniter->run()
10 SYSTEMPATH\Boot.php(68): CodeIgniter\Boot::runCodeIgniter(Object(CodeIgniter\CodeIgniter))
11 FCPATH\index.php(70): CodeIgniter\Boot::bootWeb(Object(Config\Paths))
12 SYSTEMPATH\rewrite.php(44): require_once('C:\\xampp\\htdocs\\ITE311-CASTILLO\\public\\index.php')
CRITICAL - 2025-12-05 14:27:04 --> [Caused by] CodeIgniter\Database\Exceptions\DatabaseException: Unknown column 'enrollments.status' in 'where clause'
in SYSTEMPATH\Database\MySQLi\Connection.php on line 332.
 1 SYSTEMPATH\Database\BaseConnection.php(729): CodeIgniter\Database\MySQLi\Connection->execute('SELECT `enrollments`.*, `courses`.`id` as `course_id`, `courses`.`title`, `courses`.`description`, `courses`.`course_number`, `enrollments`.`enrollment_date`
FROM `enrollments`
INNER JOIN `courses` ON `courses`.`id` = `enrollments`.`course_id`
WHERE `enrollments`.`user_id` = 35
AND `enrollments`.`status` = \'approved\'
AND `enrollment_date` >= \'2025-08-05 14:27:04\'
ORDER BY `enrollment_date` DESC')
 2 SYSTEMPATH\Database\BaseConnection.php(646): CodeIgniter\Database\BaseConnection->simpleQuery('SELECT `enrollments`.*, `courses`.`id` as `course_id`, `courses`.`title`, `courses`.`description`, `courses`.`course_number`, `enrollments`.`enrollment_date`
FROM `enrollments`
INNER JOIN `courses` ON `courses`.`id` = `enrollments`.`course_id`
WHERE `enrollments`.`user_id` = 35
AND `enrollments`.`status` = \'approved\'
AND `enrollment_date` >= \'2025-08-05 14:27:04\'
ORDER BY `enrollment_date` DESC')
 3 SYSTEMPATH\Database\BaseBuilder.php(1649): CodeIgniter\Database\BaseConnection->query('SELECT `enrollments`.*, `courses`.`id` as `course_id`, `courses`.`title`, `courses`.`description`, `courses`.`course_number`, `enrollments`.`enrollment_date`
FROM `enrollments`
INNER JOIN `courses` ON `courses`.`id` = `enrollments`.`course_id`
WHERE `enrollments`.`user_id` = :enrollments.user_id:
AND `enrollments`.`status` = :enrollments.status:
AND `enrollment_date` >= :enrollment_date:
ORDER BY `enrollment_date` DESC', [...], false)
 4 SYSTEMPATH\Model.php(286): CodeIgniter\Database\BaseBuilder->get()
 5 SYSTEMPATH\BaseModel.php(677): CodeIgniter\Model->doFindAll(0, 0)
 6 APPPATH\Models\EnrollmentModel.php(47): CodeIgniter\BaseModel->findAll()
 7 APPPATH\Controllers\Student\Enrollments.php(24): App\Models\EnrollmentModel->getUserEnrollments(35)
 8 SYSTEMPATH\CodeIgniter.php(933): App\Controllers\Student\Enrollments->index()
 9 SYSTEMPATH\CodeIgniter.php(507): CodeIgniter\CodeIgniter->runController(Object(App\Controllers\Student\Enrollments))
10 SYSTEMPATH\CodeIgniter.php(354): CodeIgniter\CodeIgniter->handleRequest(null, Object(Config\Cache), false)
11 SYSTEMPATH\Boot.php(363): CodeIgniter\CodeIgniter->run()
12 SYSTEMPATH\Boot.php(68): CodeIgniter\Boot::runCodeIgniter(Object(CodeIgniter\CodeIgniter))
13 FCPATH\index.php(70): CodeIgniter\Boot::bootWeb(Object(Config\Paths))
14 SYSTEMPATH\rewrite.php(44): require_once('C:\\xampp\\htdocs\\ITE311-CASTILLO\\public\\index.php')
CRITICAL - 2025-12-05 14:27:04 --> [Caused by] mysqli_sql_exception: Unknown column 'enrollments.status' in 'where clause'
in SYSTEMPATH\Database\MySQLi\Connection.php on line 327.
 1 SYSTEMPATH\Database\MySQLi\Connection.php(327): mysqli->query('SELECT `enrollments`.*, `courses`.`id` as `course_id`, `courses`.`title`, `courses`.`description`, `courses`.`course_number`, `enrollments`.`enrollment_date`
FROM `enrollments`
INNER JOIN `courses` ON `courses`.`id` = `enrollments`.`course_id`
WHERE `enrollments`.`user_id` = 35
AND `enrollments`.`status` = \'approved\'
AND `enrollment_date` >= \'2025-08-05 14:27:04\'
ORDER BY `enrollment_date` DESC', 0)
 2 SYSTEMPATH\Database\BaseConnection.php(729): CodeIgniter\Database\MySQLi\Connection->execute('SELECT `enrollments`.*, `courses`.`id` as `course_id`, `courses`.`title`, `courses`.`description`, `courses`.`course_number`, `enrollments`.`enrollment_date`
FROM `enrollments`
INNER JOIN `courses` ON `courses`.`id` = `enrollments`.`course_id`
WHERE `enrollments`.`user_id` = 35
AND `enrollments`.`status` = \'approved\'
AND `enrollment_date` >= \'2025-08-05 14:27:04\'
ORDER BY `enrollment_date` DESC')
 3 SYSTEMPATH\Database\BaseConnection.php(646): CodeIgniter\Database\BaseConnection->simpleQuery('SELECT `enrollments`.*, `courses`.`id` as `course_id`, `courses`.`title`, `courses`.`description`, `courses`.`course_number`, `enrollments`.`enrollment_date`
FROM `enrollments`
INNER JOIN `courses` ON `courses`.`id` = `enrollments`.`course_id`
WHERE `enrollments`.`user_id` = 35
AND `enrollments`.`status` = \'approved\'
AND `enrollment_date` >= \'2025-08-05 14:27:04\'
ORDER BY `enrollment_date` DESC')
 4 SYSTEMPATH\Database\BaseBuilder.php(1649): CodeIgniter\Database\BaseConnection->query('SELECT `enrollments`.*, `courses`.`id` as `course_id`, `courses`.`title`, `courses`.`description`, `courses`.`course_number`, `enrollments`.`enrollment_date`
FROM `enrollments`
INNER JOIN `courses` ON `courses`.`id` = `enrollments`.`course_id`
WHERE `enrollments`.`user_id` = :enrollments.user_id:
AND `enrollments`.`status` = :enrollments.status:
AND `enrollment_date` >= :enrollment_date:
ORDER BY `enrollment_date` DESC', [...], false)
 5 SYSTEMPATH\Model.php(286): CodeIgniter\Database\BaseBuilder->get()
 6 SYSTEMPATH\BaseModel.php(677): CodeIgniter\Model->doFindAll(0, 0)
 7 APPPATH\Models\EnrollmentModel.php(47): CodeIgniter\BaseModel->findAll()
 8 APPPATH\Controllers\Student\Enrollments.php(24): App\Models\EnrollmentModel->getUserEnrollments(35)
 9 SYSTEMPATH\CodeIgniter.php(933): App\Controllers\Student\Enrollments->index()
10 SYSTEMPATH\CodeIgniter.php(507): CodeIgniter\CodeIgniter->runController(Object(App\Controllers\Student\Enrollments))
11 SYSTEMPATH\CodeIgniter.php(354): CodeIgniter\CodeIgniter->handleRequest(null, Object(Config\Cache), false)
12 SYSTEMPATH\Boot.php(363): CodeIgniter\CodeIgniter->run()
13 SYSTEMPATH\Boot.php(68): CodeIgniter\Boot::runCodeIgniter(Object(CodeIgniter\CodeIgniter))
14 FCPATH\index.php(70): CodeIgniter\Boot::bootWeb(Object(Config\Paths))
15 SYSTEMPATH\rewrite.php(44): require_once('C:\\xampp\\htdocs\\ITE311-CASTILLO\\public\\index.php')
ERROR - 2025-12-05 14:27:04 --> mysqli_sql_exception: Unknown column 'enrollments.status' in 'where clause' in C:\xampp\htdocs\ITE311-CASTILLO\system\Database\MySQLi\Connection.php:327
Stack trace:
#0 C:\xampp\htdocs\ITE311-CASTILLO\system\Database\MySQLi\Connection.php(327): mysqli->query('SELECT `enrollm...', 0)
#1 C:\xampp\htdocs\ITE311-CASTILLO\system\Database\BaseConnection.php(729): CodeIgniter\Database\MySQLi\Connection->execute('SELECT `enrollm...')
#2 C:\xampp\htdocs\ITE311-CASTILLO\system\Database\BaseConnection.php(646): CodeIgniter\Database\BaseConnection->simpleQuery('SELECT `enrollm...')
#3 C:\xampp\htdocs\ITE311-CASTILLO\system\Database\BaseBuilder.php(1649): CodeIgniter\Database\BaseConnection->query('SELECT `enrollm...', Array, false)
#4 C:\xampp\htdocs\ITE311-CASTILLO\system\Model.php(286): CodeIgniter\Database\BaseBuilder->get()
#5 C:\xampp\htdocs\ITE311-CASTILLO\system\BaseModel.php(677): CodeIgniter\Model->doFindAll(0, 0)
#6 C:\xampp\htdocs\ITE311-CASTILLO\app\Models\EnrollmentModel.php(47): CodeIgniter\BaseModel->findAll()
#7 C:\xampp\htdocs\ITE311-CASTILLO\app\Controllers\Student\Enrollments.php(24): App\Models\EnrollmentModel->getUserEnrollments(35)
#8 C:\xampp\htdocs\ITE311-CASTILLO\system\CodeIgniter.php(933): App\Controllers\Student\Enrollments->index()
#9 C:\xampp\htdocs\ITE311-CASTILLO\system\CodeIgniter.php(507): CodeIgniter\CodeIgniter->runController(Object(App\Controllers\Student\Enrollments))
#10 C:\xampp\htdocs\ITE311-CASTILLO\system\CodeIgniter.php(354): CodeIgniter\CodeIgniter->handleRequest(NULL, Object(Config\Cache), false)
#11 C:\xampp\htdocs\ITE311-CASTILLO\system\Boot.php(363): CodeIgniter\CodeIgniter->run()
#12 C:\xampp\htdocs\ITE311-CASTILLO\system\Boot.php(68): CodeIgniter\Boot::runCodeIgniter(Object(CodeIgniter\CodeIgniter))
#13 C:\xampp\htdocs\ITE311-CASTILLO\public\index.php(70): CodeIgniter\Boot::bootWeb(Object(Config\Paths))
#14 C:\xampp\htdocs\ITE311-CASTILLO\system\rewrite.php(44): require_once('C:\\xampp\\htdocs...')
#15 {main}
CRITICAL - 2025-12-05 14:27:04 --> CodeIgniter\Database\Exceptions\DatabaseException: Unknown column 'enrollments.status' in 'where clause'
[Method: GET, Route: student/enrollments]
in SYSTEMPATH\Database\BaseConnection.php on line 684.
 1 SYSTEMPATH\Database\BaseBuilder.php(1649): CodeIgniter\Database\BaseConnection->query('SELECT `enrollments`.*, `courses`.`id` as `course_id`, `courses`.`title`, `courses`.`description`, `courses`.`course_number`, `enrollments`.`enrollment_date`
FROM `enrollments`
INNER JOIN `courses` ON `courses`.`id` = `enrollments`.`course_id`
WHERE `enrollments`.`user_id` = :enrollments.user_id:
AND `enrollments`.`status` = :enrollments.status:
AND `enrollment_date` >= :enrollment_date:
ORDER BY `enrollment_date` DESC', [...], false)
 2 SYSTEMPATH\Model.php(286): CodeIgniter\Database\BaseBuilder->get()
 3 SYSTEMPATH\BaseModel.php(677): CodeIgniter\Model->doFindAll(0, 0)
 4 APPPATH\Models\EnrollmentModel.php(47): CodeIgniter\BaseModel->findAll()
 5 APPPATH\Controllers\Student\Enrollments.php(24): App\Models\EnrollmentModel->getUserEnrollments(35)
 6 SYSTEMPATH\CodeIgniter.php(933): App\Controllers\Student\Enrollments->index()
 7 SYSTEMPATH\CodeIgniter.php(507): CodeIgniter\CodeIgniter->runController(Object(App\Controllers\Student\Enrollments))
 8 SYSTEMPATH\CodeIgniter.php(354): CodeIgniter\CodeIgniter->handleRequest(null, Object(Config\Cache), false)
 9 SYSTEMPATH\Boot.php(363): CodeIgniter\CodeIgniter->run()
10 SYSTEMPATH\Boot.php(68): CodeIgniter\Boot::runCodeIgniter(Object(CodeIgniter\CodeIgniter))
11 FCPATH\index.php(70): CodeIgniter\Boot::bootWeb(Object(Config\Paths))
12 SYSTEMPATH\rewrite.php(44): require_once('C:\\xampp\\htdocs\\ITE311-CASTILLO\\public\\index.php')
CRITICAL - 2025-12-05 14:27:04 --> [Caused by] CodeIgniter\Database\Exceptions\DatabaseException: Unknown column 'enrollments.status' in 'where clause'
in SYSTEMPATH\Database\MySQLi\Connection.php on line 332.
 1 SYSTEMPATH\Database\BaseConnection.php(729): CodeIgniter\Database\MySQLi\Connection->execute('SELECT `enrollments`.*, `courses`.`id` as `course_id`, `courses`.`title`, `courses`.`description`, `courses`.`course_number`, `enrollments`.`enrollment_date`
FROM `enrollments`
INNER JOIN `courses` ON `courses`.`id` = `enrollments`.`course_id`
WHERE `enrollments`.`user_id` = 35
AND `enrollments`.`status` = \'approved\'
AND `enrollment_date` >= \'2025-08-05 14:27:04\'
ORDER BY `enrollment_date` DESC')
 2 SYSTEMPATH\Database\BaseConnection.php(646): CodeIgniter\Database\BaseConnection->simpleQuery('SELECT `enrollments`.*, `courses`.`id` as `course_id`, `courses`.`title`, `courses`.`description`, `courses`.`course_number`, `enrollments`.`enrollment_date`
FROM `enrollments`
INNER JOIN `courses` ON `courses`.`id` = `enrollments`.`course_id`
WHERE `enrollments`.`user_id` = 35
AND `enrollments`.`status` = \'approved\'
AND `enrollment_date` >= \'2025-08-05 14:27:04\'
ORDER BY `enrollment_date` DESC')
 3 SYSTEMPATH\Database\BaseBuilder.php(1649): CodeIgniter\Database\BaseConnection->query('SELECT `enrollments`.*, `courses`.`id` as `course_id`, `courses`.`title`, `courses`.`description`, `courses`.`course_number`, `enrollments`.`enrollment_date`
FROM `enrollments`
INNER JOIN `courses` ON `courses`.`id` = `enrollments`.`course_id`
WHERE `enrollments`.`user_id` = :enrollments.user_id:
AND `enrollments`.`status` = :enrollments.status:
AND `enrollment_date` >= :enrollment_date:
ORDER BY `enrollment_date` DESC', [...], false)
 4 SYSTEMPATH\Model.php(286): CodeIgniter\Database\BaseBuilder->get()
 5 SYSTEMPATH\BaseModel.php(677): CodeIgniter\Model->doFindAll(0, 0)
 6 APPPATH\Models\EnrollmentModel.php(47): CodeIgniter\BaseModel->findAll()
 7 APPPATH\Controllers\Student\Enrollments.php(24): App\Models\EnrollmentModel->getUserEnrollments(35)
 8 SYSTEMPATH\CodeIgniter.php(933): App\Controllers\Student\Enrollments->index()
 9 SYSTEMPATH\CodeIgniter.php(507): CodeIgniter\CodeIgniter->runController(Object(App\Controllers\Student\Enrollments))
10 SYSTEMPATH\CodeIgniter.php(354): CodeIgniter\CodeIgniter->handleRequest(null, Object(Config\Cache), false)
11 SYSTEMPATH\Boot.php(363): CodeIgniter\CodeIgniter->run()
12 SYSTEMPATH\Boot.php(68): CodeIgniter\Boot::runCodeIgniter(Object(CodeIgniter\CodeIgniter))
13 FCPATH\index.php(70): CodeIgniter\Boot::bootWeb(Object(Config\Paths))
14 SYSTEMPATH\rewrite.php(44): require_once('C:\\xampp\\htdocs\\ITE311-CASTILLO\\public\\index.php')
CRITICAL - 2025-12-05 14:27:04 --> [Caused by] mysqli_sql_exception: Unknown column 'enrollments.status' in 'where clause'
in SYSTEMPATH\Database\MySQLi\Connection.php on line 327.
 1 SYSTEMPATH\Database\MySQLi\Connection.php(327): mysqli->query('SELECT `enrollments`.*, `courses`.`id` as `course_id`, `courses`.`title`, `courses`.`description`, `courses`.`course_number`, `enrollments`.`enrollment_date`
FROM `enrollments`
INNER JOIN `courses` ON `courses`.`id` = `enrollments`.`course_id`
WHERE `enrollments`.`user_id` = 35
AND `enrollments`.`status` = \'approved\'
AND `enrollment_date` >= \'2025-08-05 14:27:04\'
ORDER BY `enrollment_date` DESC', 0)
 2 SYSTEMPATH\Database\BaseConnection.php(729): CodeIgniter\Database\MySQLi\Connection->execute('SELECT `enrollments`.*, `courses`.`id` as `course_id`, `courses`.`title`, `courses`.`description`, `courses`.`course_number`, `enrollments`.`enrollment_date`
FROM `enrollments`
INNER JOIN `courses` ON `courses`.`id` = `enrollments`.`course_id`
WHERE `enrollments`.`user_id` = 35
AND `enrollments`.`status` = \'approved\'
AND `enrollment_date` >= \'2025-08-05 14:27:04\'
ORDER BY `enrollment_date` DESC')
 3 SYSTEMPATH\Database\BaseConnection.php(646): CodeIgniter\Database\BaseConnection->simpleQuery('SELECT `enrollments`.*, `courses`.`id` as `course_id`, `courses`.`title`, `courses`.`description`, `courses`.`course_number`, `enrollments`.`enrollment_date`
FROM `enrollments`
INNER JOIN `courses` ON `courses`.`id` = `enrollments`.`course_id`
WHERE `enrollments`.`user_id` = 35
AND `enrollments`.`status` = \'approved\'
AND `enrollment_date` >= \'2025-08-05 14:27:04\'
ORDER BY `enrollment_date` DESC')
 4 SYSTEMPATH\Database\BaseBuilder.php(1649): CodeIgniter\Database\BaseConnection->query('SELECT `enrollments`.*, `courses`.`id` as `course_id`, `courses`.`title`, `courses`.`description`, `courses`.`course_number`, `enrollments`.`enrollment_date`
FROM `enrollments`
INNER JOIN `courses` ON `courses`.`id` = `enrollments`.`course_id`
WHERE `enrollments`.`user_id` = :enrollments.user_id:
AND `enrollments`.`status` = :enrollments.status:
AND `enrollment_date` >= :enrollment_date:
ORDER BY `enrollment_date` DESC', [...], false)
 5 SYSTEMPATH\Model.php(286): CodeIgniter\Database\BaseBuilder->get()
 6 SYSTEMPATH\BaseModel.php(677): CodeIgniter\Model->doFindAll(0, 0)
 7 APPPATH\Models\EnrollmentModel.php(47): CodeIgniter\BaseModel->findAll()
 8 APPPATH\Controllers\Student\Enrollments.php(24): App\Models\EnrollmentModel->getUserEnrollments(35)
 9 SYSTEMPATH\CodeIgniter.php(933): App\Controllers\Student\Enrollments->index()
10 SYSTEMPATH\CodeIgniter.php(507): CodeIgniter\CodeIgniter->runController(Object(App\Controllers\Student\Enrollments))
11 SYSTEMPATH\CodeIgniter.php(354): CodeIgniter\CodeIgniter->handleRequest(null, Object(Config\Cache), false)
12 SYSTEMPATH\Boot.php(363): CodeIgniter\CodeIgniter->run()
13 SYSTEMPATH\Boot.php(68): CodeIgniter\Boot::runCodeIgniter(Object(CodeIgniter\CodeIgniter))
14 FCPATH\index.php(70): CodeIgniter\Boot::bootWeb(Object(Config\Paths))
15 SYSTEMPATH\rewrite.php(44): require_once('C:\\xampp\\htdocs\\ITE311-CASTILLO\\public\\index.php')
ERROR - 2025-12-05 14:27:24 --> mysqli_sql_exception: Unknown column 'enrollments.status' in 'where clause' in C:\xampp\htdocs\ITE311-CASTILLO\system\Database\MySQLi\Connection.php:327
Stack trace:
#0 C:\xampp\htdocs\ITE311-CASTILLO\system\Database\MySQLi\Connection.php(327): mysqli->query('SELECT `enrollm...', 0)
#1 C:\xampp\htdocs\ITE311-CASTILLO\system\Database\BaseConnection.php(729): CodeIgniter\Database\MySQLi\Connection->execute('SELECT `enrollm...')
#2 C:\xampp\htdocs\ITE311-CASTILLO\system\Database\BaseConnection.php(646): CodeIgniter\Database\BaseConnection->simpleQuery('SELECT `enrollm...')
#3 C:\xampp\htdocs\ITE311-CASTILLO\system\Database\BaseBuilder.php(1649): CodeIgniter\Database\BaseConnection->query('SELECT `enrollm...', Array, false)
#4 C:\xampp\htdocs\ITE311-CASTILLO\system\Model.php(286): CodeIgniter\Database\BaseBuilder->get()
#5 C:\xampp\htdocs\ITE311-CASTILLO\system\BaseModel.php(677): CodeIgniter\Model->doFindAll(0, 0)
#6 C:\xampp\htdocs\ITE311-CASTILLO\app\Models\EnrollmentModel.php(47): CodeIgniter\BaseModel->findAll()
#7 C:\xampp\htdocs\ITE311-CASTILLO\app\Controllers\Student\Enrollments.php(24): App\Models\EnrollmentModel->getUserEnrollments(35)
#8 C:\xampp\htdocs\ITE311-CASTILLO\system\CodeIgniter.php(933): App\Controllers\Student\Enrollments->index()
#9 C:\xampp\htdocs\ITE311-CASTILLO\system\CodeIgniter.php(507): CodeIgniter\CodeIgniter->runController(Object(App\Controllers\Student\Enrollments))
#10 C:\xampp\htdocs\ITE311-CASTILLO\system\CodeIgniter.php(354): CodeIgniter\CodeIgniter->handleRequest(NULL, Object(Config\Cache), false)
#11 C:\xampp\htdocs\ITE311-CASTILLO\system\Boot.php(363): CodeIgniter\CodeIgniter->run()
#12 C:\xampp\htdocs\ITE311-CASTILLO\system\Boot.php(68): CodeIgniter\Boot::runCodeIgniter(Object(CodeIgniter\CodeIgniter))
#13 C:\xampp\htdocs\ITE311-CASTILLO\public\index.php(70): CodeIgniter\Boot::bootWeb(Object(Config\Paths))
#14 C:\xampp\htdocs\ITE311-CASTILLO\system\rewrite.php(44): require_once('C:\\xampp\\htdocs...')
#15 {main}
CRITICAL - 2025-12-05 14:27:24 --> CodeIgniter\Database\Exceptions\DatabaseException: Unknown column 'enrollments.status' in 'where clause'
[Method: GET, Route: student/enrollments]
in SYSTEMPATH\Database\BaseConnection.php on line 684.
 1 SYSTEMPATH\Database\BaseBuilder.php(1649): CodeIgniter\Database\BaseConnection->query('SELECT `enrollments`.*, `courses`.`id` as `course_id`, `courses`.`title`, `courses`.`description`, `courses`.`course_number`, `enrollments`.`enrollment_date`
FROM `enrollments`
INNER JOIN `courses` ON `courses`.`id` = `enrollments`.`course_id`
WHERE `enrollments`.`user_id` = :enrollments.user_id:
AND `enrollments`.`status` = :enrollments.status:
AND `enrollment_date` >= :enrollment_date:
ORDER BY `enrollment_date` DESC', [...], false)
 2 SYSTEMPATH\Model.php(286): CodeIgniter\Database\BaseBuilder->get()
 3 SYSTEMPATH\BaseModel.php(677): CodeIgniter\Model->doFindAll(0, 0)
 4 APPPATH\Models\EnrollmentModel.php(47): CodeIgniter\BaseModel->findAll()
 5 APPPATH\Controllers\Student\Enrollments.php(24): App\Models\EnrollmentModel->getUserEnrollments(35)
 6 SYSTEMPATH\CodeIgniter.php(933): App\Controllers\Student\Enrollments->index()
 7 SYSTEMPATH\CodeIgniter.php(507): CodeIgniter\CodeIgniter->runController(Object(App\Controllers\Student\Enrollments))
 8 SYSTEMPATH\CodeIgniter.php(354): CodeIgniter\CodeIgniter->handleRequest(null, Object(Config\Cache), false)
 9 SYSTEMPATH\Boot.php(363): CodeIgniter\CodeIgniter->run()
10 SYSTEMPATH\Boot.php(68): CodeIgniter\Boot::runCodeIgniter(Object(CodeIgniter\CodeIgniter))
11 FCPATH\index.php(70): CodeIgniter\Boot::bootWeb(Object(Config\Paths))
12 SYSTEMPATH\rewrite.php(44): require_once('C:\\xampp\\htdocs\\ITE311-CASTILLO\\public\\index.php')
CRITICAL - 2025-12-05 14:27:24 --> [Caused by] CodeIgniter\Database\Exceptions\DatabaseException: Unknown column 'enrollments.status' in 'where clause'
in SYSTEMPATH\Database\MySQLi\Connection.php on line 332.
 1 SYSTEMPATH\Database\BaseConnection.php(729): CodeIgniter\Database\MySQLi\Connection->execute('SELECT `enrollments`.*, `courses`.`id` as `course_id`, `courses`.`title`, `courses`.`description`, `courses`.`course_number`, `enrollments`.`enrollment_date`
FROM `enrollments`
INNER JOIN `courses` ON `courses`.`id` = `enrollments`.`course_id`
WHERE `enrollments`.`user_id` = 35
AND `enrollments`.`status` = \'approved\'
AND `enrollment_date` >= \'2025-08-05 14:27:24\'
ORDER BY `enrollment_date` DESC')
 2 SYSTEMPATH\Database\BaseConnection.php(646): CodeIgniter\Database\BaseConnection->simpleQuery('SELECT `enrollments`.*, `courses`.`id` as `course_id`, `courses`.`title`, `courses`.`description`, `courses`.`course_number`, `enrollments`.`enrollment_date`
FROM `enrollments`
INNER JOIN `courses` ON `courses`.`id` = `enrollments`.`course_id`
WHERE `enrollments`.`user_id` = 35
AND `enrollments`.`status` = \'approved\'
AND `enrollment_date` >= \'2025-08-05 14:27:24\'
ORDER BY `enrollment_date` DESC')
 3 SYSTEMPATH\Database\BaseBuilder.php(1649): CodeIgniter\Database\BaseConnection->query('SELECT `enrollments`.*, `courses`.`id` as `course_id`, `courses`.`title`, `courses`.`description`, `courses`.`course_number`, `enrollments`.`enrollment_date`
FROM `enrollments`
INNER JOIN `courses` ON `courses`.`id` = `enrollments`.`course_id`
WHERE `enrollments`.`user_id` = :enrollments.user_id:
AND `enrollments`.`status` = :enrollments.status:
AND `enrollment_date` >= :enrollment_date:
ORDER BY `enrollment_date` DESC', [...], false)
 4 SYSTEMPATH\Model.php(286): CodeIgniter\Database\BaseBuilder->get()
 5 SYSTEMPATH\BaseModel.php(677): CodeIgniter\Model->doFindAll(0, 0)
 6 APPPATH\Models\EnrollmentModel.php(47): CodeIgniter\BaseModel->findAll()
 7 APPPATH\Controllers\Student\Enrollments.php(24): App\Models\EnrollmentModel->getUserEnrollments(35)
 8 SYSTEMPATH\CodeIgniter.php(933): App\Controllers\Student\Enrollments->index()
 9 SYSTEMPATH\CodeIgniter.php(507): CodeIgniter\CodeIgniter->runController(Object(App\Controllers\Student\Enrollments))
10 SYSTEMPATH\CodeIgniter.php(354): CodeIgniter\CodeIgniter->handleRequest(null, Object(Config\Cache), false)
11 SYSTEMPATH\Boot.php(363): CodeIgniter\CodeIgniter->run()
12 SYSTEMPATH\Boot.php(68): CodeIgniter\Boot::runCodeIgniter(Object(CodeIgniter\CodeIgniter))
13 FCPATH\index.php(70): CodeIgniter\Boot::bootWeb(Object(Config\Paths))
14 SYSTEMPATH\rewrite.php(44): require_once('C:\\xampp\\htdocs\\ITE311-CASTILLO\\public\\index.php')
CRITICAL - 2025-12-05 14:27:24 --> [Caused by] mysqli_sql_exception: Unknown column 'enrollments.status' in 'where clause'
in SYSTEMPATH\Database\MySQLi\Connection.php on line 327.
 1 SYSTEMPATH\Database\MySQLi\Connection.php(327): mysqli->query('SELECT `enrollments`.*, `courses`.`id` as `course_id`, `courses`.`title`, `courses`.`description`, `courses`.`course_number`, `enrollments`.`enrollment_date`
FROM `enrollments`
INNER JOIN `courses` ON `courses`.`id` = `enrollments`.`course_id`
WHERE `enrollments`.`user_id` = 35
AND `enrollments`.`status` = \'approved\'
AND `enrollment_date` >= \'2025-08-05 14:27:24\'
ORDER BY `enrollment_date` DESC', 0)
 2 SYSTEMPATH\Database\BaseConnection.php(729): CodeIgniter\Database\MySQLi\Connection->execute('SELECT `enrollments`.*, `courses`.`id` as `course_id`, `courses`.`title`, `courses`.`description`, `courses`.`course_number`, `enrollments`.`enrollment_date`
FROM `enrollments`
INNER JOIN `courses` ON `courses`.`id` = `enrollments`.`course_id`
WHERE `enrollments`.`user_id` = 35
AND `enrollments`.`status` = \'approved\'
AND `enrollment_date` >= \'2025-08-05 14:27:24\'
ORDER BY `enrollment_date` DESC')
 3 SYSTEMPATH\Database\BaseConnection.php(646): CodeIgniter\Database\BaseConnection->simpleQuery('SELECT `enrollments`.*, `courses`.`id` as `course_id`, `courses`.`title`, `courses`.`description`, `courses`.`course_number`, `enrollments`.`enrollment_date`
FROM `enrollments`
INNER JOIN `courses` ON `courses`.`id` = `enrollments`.`course_id`
WHERE `enrollments`.`user_id` = 35
AND `enrollments`.`status` = \'approved\'
AND `enrollment_date` >= \'2025-08-05 14:27:24\'
ORDER BY `enrollment_date` DESC')
 4 SYSTEMPATH\Database\BaseBuilder.php(1649): CodeIgniter\Database\BaseConnection->query('SELECT `enrollments`.*, `courses`.`id` as `course_id`, `courses`.`title`, `courses`.`description`, `courses`.`course_number`, `enrollments`.`enrollment_date`
FROM `enrollments`
INNER JOIN `courses` ON `courses`.`id` = `enrollments`.`course_id`
WHERE `enrollments`.`user_id` = :enrollments.user_id:
AND `enrollments`.`status` = :enrollments.status:
AND `enrollment_date` >= :enrollment_date:
ORDER BY `enrollment_date` DESC', [...], false)
 5 SYSTEMPATH\Model.php(286): CodeIgniter\Database\BaseBuilder->get()
 6 SYSTEMPATH\BaseModel.php(677): CodeIgniter\Model->doFindAll(0, 0)
 7 APPPATH\Models\EnrollmentModel.php(47): CodeIgniter\BaseModel->findAll()
 8 APPPATH\Controllers\Student\Enrollments.php(24): App\Models\EnrollmentModel->getUserEnrollments(35)
 9 SYSTEMPATH\CodeIgniter.php(933): App\Controllers\Student\Enrollments->index()
10 SYSTEMPATH\CodeIgniter.php(507): CodeIgniter\CodeIgniter->runController(Object(App\Controllers\Student\Enrollments))
11 SYSTEMPATH\CodeIgniter.php(354): CodeIgniter\CodeIgniter->handleRequest(null, Object(Config\Cache), false)
12 SYSTEMPATH\Boot.php(363): CodeIgniter\CodeIgniter->run()
13 SYSTEMPATH\Boot.php(68): CodeIgniter\Boot::runCodeIgniter(Object(CodeIgniter\CodeIgniter))
14 FCPATH\index.php(70): CodeIgniter\Boot::bootWeb(Object(Config\Paths))
15 SYSTEMPATH\rewrite.php(44): require_once('C:\\xampp\\htdocs\\ITE311-CASTILLO\\public\\index.php')
ERROR - 2025-12-05 14:28:59 --> mysqli_sql_exception: Unknown column 'enrollments.status' in 'where clause' in C:\xampp\htdocs\ITE311-CASTILLO\system\Database\MySQLi\Connection.php:327
Stack trace:
#0 C:\xampp\htdocs\ITE311-CASTILLO\system\Database\MySQLi\Connection.php(327): mysqli->query('SELECT `enrollm...', 0)
#1 C:\xampp\htdocs\ITE311-CASTILLO\system\Database\BaseConnection.php(729): CodeIgniter\Database\MySQLi\Connection->execute('SELECT `enrollm...')
#2 C:\xampp\htdocs\ITE311-CASTILLO\system\Database\BaseConnection.php(646): CodeIgniter\Database\BaseConnection->simpleQuery('SELECT `enrollm...')
#3 C:\xampp\htdocs\ITE311-CASTILLO\system\Database\BaseBuilder.php(1649): CodeIgniter\Database\BaseConnection->query('SELECT `enrollm...', Array, false)
#4 C:\xampp\htdocs\ITE311-CASTILLO\system\Model.php(286): CodeIgniter\Database\BaseBuilder->get()
#5 C:\xampp\htdocs\ITE311-CASTILLO\system\BaseModel.php(677): CodeIgniter\Model->doFindAll(0, 0)
#6 C:\xampp\htdocs\ITE311-CASTILLO\app\Models\EnrollmentModel.php(47): CodeIgniter\BaseModel->findAll()
#7 C:\xampp\htdocs\ITE311-CASTILLO\app\Controllers\Student\Enrollments.php(24): App\Models\EnrollmentModel->getUserEnrollments(35)
#8 C:\xampp\htdocs\ITE311-CASTILLO\system\CodeIgniter.php(933): App\Controllers\Student\Enrollments->index()
#9 C:\xampp\htdocs\ITE311-CASTILLO\system\CodeIgniter.php(507): CodeIgniter\CodeIgniter->runController(Object(App\Controllers\Student\Enrollments))
#10 C:\xampp\htdocs\ITE311-CASTILLO\system\CodeIgniter.php(354): CodeIgniter\CodeIgniter->handleRequest(NULL, Object(Config\Cache), false)
#11 C:\xampp\htdocs\ITE311-CASTILLO\system\Boot.php(363): CodeIgniter\CodeIgniter->run()
#12 C:\xampp\htdocs\ITE311-CASTILLO\system\Boot.php(68): CodeIgniter\Boot::runCodeIgniter(Object(CodeIgniter\CodeIgniter))
#13 C:\xampp\htdocs\ITE311-CASTILLO\public\index.php(70): CodeIgniter\Boot::bootWeb(Object(Config\Paths))
#14 C:\xampp\htdocs\ITE311-CASTILLO\system\rewrite.php(44): require_once('C:\\xampp\\htdocs...')
#15 {main}
CRITICAL - 2025-12-05 14:28:59 --> CodeIgniter\Database\Exceptions\DatabaseException: Unknown column 'enrollments.status' in 'where clause'
[Method: GET, Route: student/enrollments]
in SYSTEMPATH\Database\BaseConnection.php on line 684.
 1 SYSTEMPATH\Database\BaseBuilder.php(1649): CodeIgniter\Database\BaseConnection->query('SELECT `enrollments`.*, `courses`.`id` as `course_id`, `courses`.`title`, `courses`.`description`, `courses`.`course_number`, `enrollments`.`enrollment_date`
FROM `enrollments`
INNER JOIN `courses` ON `courses`.`id` = `enrollments`.`course_id`
WHERE `enrollments`.`user_id` = :enrollments.user_id:
AND `enrollments`.`status` = :enrollments.status:
AND `enrollment_date` >= :enrollment_date:
ORDER BY `enrollment_date` DESC', [...], false)
 2 SYSTEMPATH\Model.php(286): CodeIgniter\Database\BaseBuilder->get()
 3 SYSTEMPATH\BaseModel.php(677): CodeIgniter\Model->doFindAll(0, 0)
 4 APPPATH\Models\EnrollmentModel.php(47): CodeIgniter\BaseModel->findAll()
 5 APPPATH\Controllers\Student\Enrollments.php(24): App\Models\EnrollmentModel->getUserEnrollments(35)
 6 SYSTEMPATH\CodeIgniter.php(933): App\Controllers\Student\Enrollments->index()
 7 SYSTEMPATH\CodeIgniter.php(507): CodeIgniter\CodeIgniter->runController(Object(App\Controllers\Student\Enrollments))
 8 SYSTEMPATH\CodeIgniter.php(354): CodeIgniter\CodeIgniter->handleRequest(null, Object(Config\Cache), false)
 9 SYSTEMPATH\Boot.php(363): CodeIgniter\CodeIgniter->run()
10 SYSTEMPATH\Boot.php(68): CodeIgniter\Boot::runCodeIgniter(Object(CodeIgniter\CodeIgniter))
11 FCPATH\index.php(70): CodeIgniter\Boot::bootWeb(Object(Config\Paths))
12 SYSTEMPATH\rewrite.php(44): require_once('C:\\xampp\\htdocs\\ITE311-CASTILLO\\public\\index.php')
CRITICAL - 2025-12-05 14:28:59 --> [Caused by] CodeIgniter\Database\Exceptions\DatabaseException: Unknown column 'enrollments.status' in 'where clause'
in SYSTEMPATH\Database\MySQLi\Connection.php on line 332.
 1 SYSTEMPATH\Database\BaseConnection.php(729): CodeIgniter\Database\MySQLi\Connection->execute('SELECT `enrollments`.*, `courses`.`id` as `course_id`, `courses`.`title`, `courses`.`description`, `courses`.`course_number`, `enrollments`.`enrollment_date`
FROM `enrollments`
INNER JOIN `courses` ON `courses`.`id` = `enrollments`.`course_id`
WHERE `enrollments`.`user_id` = 35
AND `enrollments`.`status` = \'approved\'
AND `enrollment_date` >= \'2025-08-05 14:28:59\'
ORDER BY `enrollment_date` DESC')
 2 SYSTEMPATH\Database\BaseConnection.php(646): CodeIgniter\Database\BaseConnection->simpleQuery('SELECT `enrollments`.*, `courses`.`id` as `course_id`, `courses`.`title`, `courses`.`description`, `courses`.`course_number`, `enrollments`.`enrollment_date`
FROM `enrollments`
INNER JOIN `courses` ON `courses`.`id` = `enrollments`.`course_id`
WHERE `enrollments`.`user_id` = 35
AND `enrollments`.`status` = \'approved\'
AND `enrollment_date` >= \'2025-08-05 14:28:59\'
ORDER BY `enrollment_date` DESC')
 3 SYSTEMPATH\Database\BaseBuilder.php(1649): CodeIgniter\Database\BaseConnection->query('SELECT `enrollments`.*, `courses`.`id` as `course_id`, `courses`.`title`, `courses`.`description`, `courses`.`course_number`, `enrollments`.`enrollment_date`
FROM `enrollments`
INNER JOIN `courses` ON `courses`.`id` = `enrollments`.`course_id`
WHERE `enrollments`.`user_id` = :enrollments.user_id:
AND `enrollments`.`status` = :enrollments.status:
AND `enrollment_date` >= :enrollment_date:
ORDER BY `enrollment_date` DESC', [...], false)
 4 SYSTEMPATH\Model.php(286): CodeIgniter\Database\BaseBuilder->get()
 5 SYSTEMPATH\BaseModel.php(677): CodeIgniter\Model->doFindAll(0, 0)
 6 APPPATH\Models\EnrollmentModel.php(47): CodeIgniter\BaseModel->findAll()
 7 APPPATH\Controllers\Student\Enrollments.php(24): App\Models\EnrollmentModel->getUserEnrollments(35)
 8 SYSTEMPATH\CodeIgniter.php(933): App\Controllers\Student\Enrollments->index()
 9 SYSTEMPATH\CodeIgniter.php(507): CodeIgniter\CodeIgniter->runController(Object(App\Controllers\Student\Enrollments))
10 SYSTEMPATH\CodeIgniter.php(354): CodeIgniter\CodeIgniter->handleRequest(null, Object(Config\Cache), false)
11 SYSTEMPATH\Boot.php(363): CodeIgniter\CodeIgniter->run()
12 SYSTEMPATH\Boot.php(68): CodeIgniter\Boot::runCodeIgniter(Object(CodeIgniter\CodeIgniter))
13 FCPATH\index.php(70): CodeIgniter\Boot::bootWeb(Object(Config\Paths))
14 SYSTEMPATH\rewrite.php(44): require_once('C:\\xampp\\htdocs\\ITE311-CASTILLO\\public\\index.php')
CRITICAL - 2025-12-05 14:28:59 --> [Caused by] mysqli_sql_exception: Unknown column 'enrollments.status' in 'where clause'
in SYSTEMPATH\Database\MySQLi\Connection.php on line 327.
 1 SYSTEMPATH\Database\MySQLi\Connection.php(327): mysqli->query('SELECT `enrollments`.*, `courses`.`id` as `course_id`, `courses`.`title`, `courses`.`description`, `courses`.`course_number`, `enrollments`.`enrollment_date`
FROM `enrollments`
INNER JOIN `courses` ON `courses`.`id` = `enrollments`.`course_id`
WHERE `enrollments`.`user_id` = 35
AND `enrollments`.`status` = \'approved\'
AND `enrollment_date` >= \'2025-08-05 14:28:59\'
ORDER BY `enrollment_date` DESC', 0)
 2 SYSTEMPATH\Database\BaseConnection.php(729): CodeIgniter\Database\MySQLi\Connection->execute('SELECT `enrollments`.*, `courses`.`id` as `course_id`, `courses`.`title`, `courses`.`description`, `courses`.`course_number`, `enrollments`.`enrollment_date`
FROM `enrollments`
INNER JOIN `courses` ON `courses`.`id` = `enrollments`.`course_id`
WHERE `enrollments`.`user_id` = 35
AND `enrollments`.`status` = \'approved\'
AND `enrollment_date` >= \'2025-08-05 14:28:59\'
ORDER BY `enrollment_date` DESC')
 3 SYSTEMPATH\Database\BaseConnection.php(646): CodeIgniter\Database\BaseConnection->simpleQuery('SELECT `enrollments`.*, `courses`.`id` as `course_id`, `courses`.`title`, `courses`.`description`, `courses`.`course_number`, `enrollments`.`enrollment_date`
FROM `enrollments`
INNER JOIN `courses` ON `courses`.`id` = `enrollments`.`course_id`
WHERE `enrollments`.`user_id` = 35
AND `enrollments`.`status` = \'approved\'
AND `enrollment_date` >= \'2025-08-05 14:28:59\'
ORDER BY `enrollment_date` DESC')
 4 SYSTEMPATH\Database\BaseBuilder.php(1649): CodeIgniter\Database\BaseConnection->query('SELECT `enrollments`.*, `courses`.`id` as `course_id`, `courses`.`title`, `courses`.`description`, `courses`.`course_number`, `enrollments`.`enrollment_date`
FROM `enrollments`
INNER JOIN `courses` ON `courses`.`id` = `enrollments`.`course_id`
WHERE `enrollments`.`user_id` = :enrollments.user_id:
AND `enrollments`.`status` = :enrollments.status:
AND `enrollment_date` >= :enrollment_date:
ORDER BY `enrollment_date` DESC', [...], false)
 5 SYSTEMPATH\Model.php(286): CodeIgniter\Database\BaseBuilder->get()
 6 SYSTEMPATH\BaseModel.php(677): CodeIgniter\Model->doFindAll(0, 0)
 7 APPPATH\Models\EnrollmentModel.php(47): CodeIgniter\BaseModel->findAll()
 8 APPPATH\Controllers\Student\Enrollments.php(24): App\Models\EnrollmentModel->getUserEnrollments(35)
 9 SYSTEMPATH\CodeIgniter.php(933): App\Controllers\Student\Enrollments->index()
10 SYSTEMPATH\CodeIgniter.php(507): CodeIgniter\CodeIgniter->runController(Object(App\Controllers\Student\Enrollments))
11 SYSTEMPATH\CodeIgniter.php(354): CodeIgniter\CodeIgniter->handleRequest(null, Object(Config\Cache), false)
12 SYSTEMPATH\Boot.php(363): CodeIgniter\CodeIgniter->run()
13 SYSTEMPATH\Boot.php(68): CodeIgniter\Boot::runCodeIgniter(Object(CodeIgniter\CodeIgniter))
14 FCPATH\index.php(70): CodeIgniter\Boot::bootWeb(Object(Config\Paths))
15 SYSTEMPATH\rewrite.php(44): require_once('C:\\xampp\\htdocs\\ITE311-CASTILLO\\public\\index.php')
ERROR - 2025-12-05 14:29:00 --> mysqli_sql_exception: Unknown column 'enrollments.status' in 'where clause' in C:\xampp\htdocs\ITE311-CASTILLO\system\Database\MySQLi\Connection.php:327
Stack trace:
#0 C:\xampp\htdocs\ITE311-CASTILLO\system\Database\MySQLi\Connection.php(327): mysqli->query('SELECT `enrollm...', 0)
#1 C:\xampp\htdocs\ITE311-CASTILLO\system\Database\BaseConnection.php(729): CodeIgniter\Database\MySQLi\Connection->execute('SELECT `enrollm...')
#2 C:\xampp\htdocs\ITE311-CASTILLO\system\Database\BaseConnection.php(646): CodeIgniter\Database\BaseConnection->simpleQuery('SELECT `enrollm...')
#3 C:\xampp\htdocs\ITE311-CASTILLO\system\Database\BaseBuilder.php(1649): CodeIgniter\Database\BaseConnection->query('SELECT `enrollm...', Array, false)
#4 C:\xampp\htdocs\ITE311-CASTILLO\system\Model.php(286): CodeIgniter\Database\BaseBuilder->get()
#5 C:\xampp\htdocs\ITE311-CASTILLO\system\BaseModel.php(677): CodeIgniter\Model->doFindAll(0, 0)
#6 C:\xampp\htdocs\ITE311-CASTILLO\app\Models\EnrollmentModel.php(47): CodeIgniter\BaseModel->findAll()
#7 C:\xampp\htdocs\ITE311-CASTILLO\app\Controllers\Student\Enrollments.php(24): App\Models\EnrollmentModel->getUserEnrollments(35)
#8 C:\xampp\htdocs\ITE311-CASTILLO\system\CodeIgniter.php(933): App\Controllers\Student\Enrollments->index()
#9 C:\xampp\htdocs\ITE311-CASTILLO\system\CodeIgniter.php(507): CodeIgniter\CodeIgniter->runController(Object(App\Controllers\Student\Enrollments))
#10 C:\xampp\htdocs\ITE311-CASTILLO\system\CodeIgniter.php(354): CodeIgniter\CodeIgniter->handleRequest(NULL, Object(Config\Cache), false)
#11 C:\xampp\htdocs\ITE311-CASTILLO\system\Boot.php(363): CodeIgniter\CodeIgniter->run()
#12 C:\xampp\htdocs\ITE311-CASTILLO\system\Boot.php(68): CodeIgniter\Boot::runCodeIgniter(Object(CodeIgniter\CodeIgniter))
#13 C:\xampp\htdocs\ITE311-CASTILLO\public\index.php(70): CodeIgniter\Boot::bootWeb(Object(Config\Paths))
#14 C:\xampp\htdocs\ITE311-CASTILLO\system\rewrite.php(44): require_once('C:\\xampp\\htdocs...')
#15 {main}
CRITICAL - 2025-12-05 14:29:00 --> CodeIgniter\Database\Exceptions\DatabaseException: Unknown column 'enrollments.status' in 'where clause'
[Method: GET, Route: student/enrollments]
in SYSTEMPATH\Database\BaseConnection.php on line 684.
 1 SYSTEMPATH\Database\BaseBuilder.php(1649): CodeIgniter\Database\BaseConnection->query('SELECT `enrollments`.*, `courses`.`id` as `course_id`, `courses`.`title`, `courses`.`description`, `courses`.`course_number`, `enrollments`.`enrollment_date`
FROM `enrollments`
INNER JOIN `courses` ON `courses`.`id` = `enrollments`.`course_id`
WHERE `enrollments`.`user_id` = :enrollments.user_id:
AND `enrollments`.`status` = :enrollments.status:
AND `enrollment_date` >= :enrollment_date:
ORDER BY `enrollment_date` DESC', [...], false)
 2 SYSTEMPATH\Model.php(286): CodeIgniter\Database\BaseBuilder->get()
 3 SYSTEMPATH\BaseModel.php(677): CodeIgniter\Model->doFindAll(0, 0)
 4 APPPATH\Models\EnrollmentModel.php(47): CodeIgniter\BaseModel->findAll()
 5 APPPATH\Controllers\Student\Enrollments.php(24): App\Models\EnrollmentModel->getUserEnrollments(35)
 6 SYSTEMPATH\CodeIgniter.php(933): App\Controllers\Student\Enrollments->index()
 7 SYSTEMPATH\CodeIgniter.php(507): CodeIgniter\CodeIgniter->runController(Object(App\Controllers\Student\Enrollments))
 8 SYSTEMPATH\CodeIgniter.php(354): CodeIgniter\CodeIgniter->handleRequest(null, Object(Config\Cache), false)
 9 SYSTEMPATH\Boot.php(363): CodeIgniter\CodeIgniter->run()
10 SYSTEMPATH\Boot.php(68): CodeIgniter\Boot::runCodeIgniter(Object(CodeIgniter\CodeIgniter))
11 FCPATH\index.php(70): CodeIgniter\Boot::bootWeb(Object(Config\Paths))
12 SYSTEMPATH\rewrite.php(44): require_once('C:\\xampp\\htdocs\\ITE311-CASTILLO\\public\\index.php')
CRITICAL - 2025-12-05 14:29:00 --> [Caused by] CodeIgniter\Database\Exceptions\DatabaseException: Unknown column 'enrollments.status' in 'where clause'
in SYSTEMPATH\Database\MySQLi\Connection.php on line 332.
 1 SYSTEMPATH\Database\BaseConnection.php(729): CodeIgniter\Database\MySQLi\Connection->execute('SELECT `enrollments`.*, `courses`.`id` as `course_id`, `courses`.`title`, `courses`.`description`, `courses`.`course_number`, `enrollments`.`enrollment_date`
FROM `enrollments`
INNER JOIN `courses` ON `courses`.`id` = `enrollments`.`course_id`
WHERE `enrollments`.`user_id` = 35
AND `enrollments`.`status` = \'approved\'
AND `enrollment_date` >= \'2025-08-05 14:29:00\'
ORDER BY `enrollment_date` DESC')
 2 SYSTEMPATH\Database\BaseConnection.php(646): CodeIgniter\Database\BaseConnection->simpleQuery('SELECT `enrollments`.*, `courses`.`id` as `course_id`, `courses`.`title`, `courses`.`description`, `courses`.`course_number`, `enrollments`.`enrollment_date`
FROM `enrollments`
INNER JOIN `courses` ON `courses`.`id` = `enrollments`.`course_id`
WHERE `enrollments`.`user_id` = 35
AND `enrollments`.`status` = \'approved\'
AND `enrollment_date` >= \'2025-08-05 14:29:00\'
ORDER BY `enrollment_date` DESC')
 3 SYSTEMPATH\Database\BaseBuilder.php(1649): CodeIgniter\Database\BaseConnection->query('SELECT `enrollments`.*, `courses`.`id` as `course_id`, `courses`.`title`, `courses`.`description`, `courses`.`course_number`, `enrollments`.`enrollment_date`
FROM `enrollments`
INNER JOIN `courses` ON `courses`.`id` = `enrollments`.`course_id`
WHERE `enrollments`.`user_id` = :enrollments.user_id:
AND `enrollments`.`status` = :enrollments.status:
AND `enrollment_date` >= :enrollment_date:
ORDER BY `enrollment_date` DESC', [...], false)
 4 SYSTEMPATH\Model.php(286): CodeIgniter\Database\BaseBuilder->get()
 5 SYSTEMPATH\BaseModel.php(677): CodeIgniter\Model->doFindAll(0, 0)
 6 APPPATH\Models\EnrollmentModel.php(47): CodeIgniter\BaseModel->findAll()
 7 APPPATH\Controllers\Student\Enrollments.php(24): App\Models\EnrollmentModel->getUserEnrollments(35)
 8 SYSTEMPATH\CodeIgniter.php(933): App\Controllers\Student\Enrollments->index()
 9 SYSTEMPATH\CodeIgniter.php(507): CodeIgniter\CodeIgniter->runController(Object(App\Controllers\Student\Enrollments))
10 SYSTEMPATH\CodeIgniter.php(354): CodeIgniter\CodeIgniter->handleRequest(null, Object(Config\Cache), false)
11 SYSTEMPATH\Boot.php(363): CodeIgniter\CodeIgniter->run()
12 SYSTEMPATH\Boot.php(68): CodeIgniter\Boot::runCodeIgniter(Object(CodeIgniter\CodeIgniter))
13 FCPATH\index.php(70): CodeIgniter\Boot::bootWeb(Object(Config\Paths))
14 SYSTEMPATH\rewrite.php(44): require_once('C:\\xampp\\htdocs\\ITE311-CASTILLO\\public\\index.php')
CRITICAL - 2025-12-05 14:29:00 --> [Caused by] mysqli_sql_exception: Unknown column 'enrollments.status' in 'where clause'
in SYSTEMPATH\Database\MySQLi\Connection.php on line 327.
 1 SYSTEMPATH\Database\MySQLi\Connection.php(327): mysqli->query('SELECT `enrollments`.*, `courses`.`id` as `course_id`, `courses`.`title`, `courses`.`description`, `courses`.`course_number`, `enrollments`.`enrollment_date`
FROM `enrollments`
INNER JOIN `courses` ON `courses`.`id` = `enrollments`.`course_id`
WHERE `enrollments`.`user_id` = 35
AND `enrollments`.`status` = \'approved\'
AND `enrollment_date` >= \'2025-08-05 14:29:00\'
ORDER BY `enrollment_date` DESC', 0)
 2 SYSTEMPATH\Database\BaseConnection.php(729): CodeIgniter\Database\MySQLi\Connection->execute('SELECT `enrollments`.*, `courses`.`id` as `course_id`, `courses`.`title`, `courses`.`description`, `courses`.`course_number`, `enrollments`.`enrollment_date`
FROM `enrollments`
INNER JOIN `courses` ON `courses`.`id` = `enrollments`.`course_id`
WHERE `enrollments`.`user_id` = 35
AND `enrollments`.`status` = \'approved\'
AND `enrollment_date` >= \'2025-08-05 14:29:00\'
ORDER BY `enrollment_date` DESC')
 3 SYSTEMPATH\Database\BaseConnection.php(646): CodeIgniter\Database\BaseConnection->simpleQuery('SELECT `enrollments`.*, `courses`.`id` as `course_id`, `courses`.`title`, `courses`.`description`, `courses`.`course_number`, `enrollments`.`enrollment_date`
FROM `enrollments`
INNER JOIN `courses` ON `courses`.`id` = `enrollments`.`course_id`
WHERE `enrollments`.`user_id` = 35
AND `enrollments`.`status` = \'approved\'
AND `enrollment_date` >= \'2025-08-05 14:29:00\'
ORDER BY `enrollment_date` DESC')
 4 SYSTEMPATH\Database\BaseBuilder.php(1649): CodeIgniter\Database\BaseConnection->query('SELECT `enrollments`.*, `courses`.`id` as `course_id`, `courses`.`title`, `courses`.`description`, `courses`.`course_number`, `enrollments`.`enrollment_date`
FROM `enrollments`
INNER JOIN `courses` ON `courses`.`id` = `enrollments`.`course_id`
WHERE `enrollments`.`user_id` = :enrollments.user_id:
AND `enrollments`.`status` = :enrollments.status:
AND `enrollment_date` >= :enrollment_date:
ORDER BY `enrollment_date` DESC', [...], false)
 5 SYSTEMPATH\Model.php(286): CodeIgniter\Database\BaseBuilder->get()
 6 SYSTEMPATH\BaseModel.php(677): CodeIgniter\Model->doFindAll(0, 0)
 7 APPPATH\Models\EnrollmentModel.php(47): CodeIgniter\BaseModel->findAll()
 8 APPPATH\Controllers\Student\Enrollments.php(24): App\Models\EnrollmentModel->getUserEnrollments(35)
 9 SYSTEMPATH\CodeIgniter.php(933): App\Controllers\Student\Enrollments->index()
10 SYSTEMPATH\CodeIgniter.php(507): CodeIgniter\CodeIgniter->runController(Object(App\Controllers\Student\Enrollments))
11 SYSTEMPATH\CodeIgniter.php(354): CodeIgniter\CodeIgniter->handleRequest(null, Object(Config\Cache), false)
12 SYSTEMPATH\Boot.php(363): CodeIgniter\CodeIgniter->run()
13 SYSTEMPATH\Boot.php(68): CodeIgniter\Boot::runCodeIgniter(Object(CodeIgniter\CodeIgniter))
14 FCPATH\index.php(70): CodeIgniter\Boot::bootWeb(Object(Config\Paths))
15 SYSTEMPATH\rewrite.php(44): require_once('C:\\xampp\\htdocs\\ITE311-CASTILLO\\public\\index.php')
ERROR - 2025-12-05 14:31:53 --> mysqli_sql_exception: Unknown column 'enrollments.status' in 'where clause' in C:\xampp\htdocs\ITE311-CASTILLO\system\Database\MySQLi\Connection.php:327
Stack trace:
#0 C:\xampp\htdocs\ITE311-CASTILLO\system\Database\MySQLi\Connection.php(327): mysqli->query('SELECT `enrollm...', 0)
#1 C:\xampp\htdocs\ITE311-CASTILLO\system\Database\BaseConnection.php(729): CodeIgniter\Database\MySQLi\Connection->execute('SELECT `enrollm...')
#2 C:\xampp\htdocs\ITE311-CASTILLO\system\Database\BaseConnection.php(646): CodeIgniter\Database\BaseConnection->simpleQuery('SELECT `enrollm...')
#3 C:\xampp\htdocs\ITE311-CASTILLO\system\Database\BaseBuilder.php(1649): CodeIgniter\Database\BaseConnection->query('SELECT `enrollm...', Array, false)
#4 C:\xampp\htdocs\ITE311-CASTILLO\system\Model.php(286): CodeIgniter\Database\BaseBuilder->get()
#5 C:\xampp\htdocs\ITE311-CASTILLO\system\BaseModel.php(677): CodeIgniter\Model->doFindAll(0, 0)
#6 C:\xampp\htdocs\ITE311-CASTILLO\app\Models\EnrollmentModel.php(47): CodeIgniter\BaseModel->findAll()
#7 C:\xampp\htdocs\ITE311-CASTILLO\app\Controllers\Student\Enrollments.php(24): App\Models\EnrollmentModel->getUserEnrollments(35)
#8 C:\xampp\htdocs\ITE311-CASTILLO\system\CodeIgniter.php(933): App\Controllers\Student\Enrollments->index()
#9 C:\xampp\htdocs\ITE311-CASTILLO\system\CodeIgniter.php(507): CodeIgniter\CodeIgniter->runController(Object(App\Controllers\Student\Enrollments))
#10 C:\xampp\htdocs\ITE311-CASTILLO\system\CodeIgniter.php(354): CodeIgniter\CodeIgniter->handleRequest(NULL, Object(Config\Cache), false)
#11 C:\xampp\htdocs\ITE311-CASTILLO\system\Boot.php(363): CodeIgniter\CodeIgniter->run()
#12 C:\xampp\htdocs\ITE311-CASTILLO\system\Boot.php(68): CodeIgniter\Boot::runCodeIgniter(Object(CodeIgniter\CodeIgniter))
#13 C:\xampp\htdocs\ITE311-CASTILLO\public\index.php(70): CodeIgniter\Boot::bootWeb(Object(Config\Paths))
#14 C:\xampp\htdocs\ITE311-CASTILLO\system\rewrite.php(44): require_once('C:\\xampp\\htdocs...')
#15 {main}
CRITICAL - 2025-12-05 14:31:53 --> CodeIgniter\Database\Exceptions\DatabaseException: Unknown column 'enrollments.status' in 'where clause'
[Method: GET, Route: student/enrollments]
in SYSTEMPATH\Database\BaseConnection.php on line 684.
 1 SYSTEMPATH\Database\BaseBuilder.php(1649): CodeIgniter\Database\BaseConnection->query('SELECT `enrollments`.*, `courses`.`id` as `course_id`, `courses`.`title`, `courses`.`description`, `courses`.`course_number`, `enrollments`.`enrollment_date`
FROM `enrollments`
INNER JOIN `courses` ON `courses`.`id` = `enrollments`.`course_id`
WHERE `enrollments`.`user_id` = :enrollments.user_id:
AND `enrollments`.`status` = :enrollments.status:
AND `enrollment_date` >= :enrollment_date:
ORDER BY `enrollment_date` DESC', [...], false)
 2 SYSTEMPATH\Model.php(286): CodeIgniter\Database\BaseBuilder->get()
 3 SYSTEMPATH\BaseModel.php(677): CodeIgniter\Model->doFindAll(0, 0)
 4 APPPATH\Models\EnrollmentModel.php(47): CodeIgniter\BaseModel->findAll()
 5 APPPATH\Controllers\Student\Enrollments.php(24): App\Models\EnrollmentModel->getUserEnrollments(35)
 6 SYSTEMPATH\CodeIgniter.php(933): App\Controllers\Student\Enrollments->index()
 7 SYSTEMPATH\CodeIgniter.php(507): CodeIgniter\CodeIgniter->runController(Object(App\Controllers\Student\Enrollments))
 8 SYSTEMPATH\CodeIgniter.php(354): CodeIgniter\CodeIgniter->handleRequest(null, Object(Config\Cache), false)
 9 SYSTEMPATH\Boot.php(363): CodeIgniter\CodeIgniter->run()
10 SYSTEMPATH\Boot.php(68): CodeIgniter\Boot::runCodeIgniter(Object(CodeIgniter\CodeIgniter))
11 FCPATH\index.php(70): CodeIgniter\Boot::bootWeb(Object(Config\Paths))
12 SYSTEMPATH\rewrite.php(44): require_once('C:\\xampp\\htdocs\\ITE311-CASTILLO\\public\\index.php')
CRITICAL - 2025-12-05 14:31:53 --> [Caused by] CodeIgniter\Database\Exceptions\DatabaseException: Unknown column 'enrollments.status' in 'where clause'
in SYSTEMPATH\Database\MySQLi\Connection.php on line 332.
 1 SYSTEMPATH\Database\BaseConnection.php(729): CodeIgniter\Database\MySQLi\Connection->execute('SELECT `enrollments`.*, `courses`.`id` as `course_id`, `courses`.`title`, `courses`.`description`, `courses`.`course_number`, `enrollments`.`enrollment_date`
FROM `enrollments`
INNER JOIN `courses` ON `courses`.`id` = `enrollments`.`course_id`
WHERE `enrollments`.`user_id` = 35
AND `enrollments`.`status` = \'approved\'
AND `enrollment_date` >= \'2025-08-05 14:31:53\'
ORDER BY `enrollment_date` DESC')
 2 SYSTEMPATH\Database\BaseConnection.php(646): CodeIgniter\Database\BaseConnection->simpleQuery('SELECT `enrollments`.*, `courses`.`id` as `course_id`, `courses`.`title`, `courses`.`description`, `courses`.`course_number`, `enrollments`.`enrollment_date`
FROM `enrollments`
INNER JOIN `courses` ON `courses`.`id` = `enrollments`.`course_id`
WHERE `enrollments`.`user_id` = 35
AND `enrollments`.`status` = \'approved\'
AND `enrollment_date` >= \'2025-08-05 14:31:53\'
ORDER BY `enrollment_date` DESC')
 3 SYSTEMPATH\Database\BaseBuilder.php(1649): CodeIgniter\Database\BaseConnection->query('SELECT `enrollments`.*, `courses`.`id` as `course_id`, `courses`.`title`, `courses`.`description`, `courses`.`course_number`, `enrollments`.`enrollment_date`
FROM `enrollments`
INNER JOIN `courses` ON `courses`.`id` = `enrollments`.`course_id`
WHERE `enrollments`.`user_id` = :enrollments.user_id:
AND `enrollments`.`status` = :enrollments.status:
AND `enrollment_date` >= :enrollment_date:
ORDER BY `enrollment_date` DESC', [...], false)
 4 SYSTEMPATH\Model.php(286): CodeIgniter\Database\BaseBuilder->get()
 5 SYSTEMPATH\BaseModel.php(677): CodeIgniter\Model->doFindAll(0, 0)
 6 APPPATH\Models\EnrollmentModel.php(47): CodeIgniter\BaseModel->findAll()
 7 APPPATH\Controllers\Student\Enrollments.php(24): App\Models\EnrollmentModel->getUserEnrollments(35)
 8 SYSTEMPATH\CodeIgniter.php(933): App\Controllers\Student\Enrollments->index()
 9 SYSTEMPATH\CodeIgniter.php(507): CodeIgniter\CodeIgniter->runController(Object(App\Controllers\Student\Enrollments))
10 SYSTEMPATH\CodeIgniter.php(354): CodeIgniter\CodeIgniter->handleRequest(null, Object(Config\Cache), false)
11 SYSTEMPATH\Boot.php(363): CodeIgniter\CodeIgniter->run()
12 SYSTEMPATH\Boot.php(68): CodeIgniter\Boot::runCodeIgniter(Object(CodeIgniter\CodeIgniter))
13 FCPATH\index.php(70): CodeIgniter\Boot::bootWeb(Object(Config\Paths))
14 SYSTEMPATH\rewrite.php(44): require_once('C:\\xampp\\htdocs\\ITE311-CASTILLO\\public\\index.php')
CRITICAL - 2025-12-05 14:31:53 --> [Caused by] mysqli_sql_exception: Unknown column 'enrollments.status' in 'where clause'
in SYSTEMPATH\Database\MySQLi\Connection.php on line 327.
 1 SYSTEMPATH\Database\MySQLi\Connection.php(327): mysqli->query('SELECT `enrollments`.*, `courses`.`id` as `course_id`, `courses`.`title`, `courses`.`description`, `courses`.`course_number`, `enrollments`.`enrollment_date`
FROM `enrollments`
INNER JOIN `courses` ON `courses`.`id` = `enrollments`.`course_id`
WHERE `enrollments`.`user_id` = 35
AND `enrollments`.`status` = \'approved\'
AND `enrollment_date` >= \'2025-08-05 14:31:53\'
ORDER BY `enrollment_date` DESC', 0)
 2 SYSTEMPATH\Database\BaseConnection.php(729): CodeIgniter\Database\MySQLi\Connection->execute('SELECT `enrollments`.*, `courses`.`id` as `course_id`, `courses`.`title`, `courses`.`description`, `courses`.`course_number`, `enrollments`.`enrollment_date`
FROM `enrollments`
INNER JOIN `courses` ON `courses`.`id` = `enrollments`.`course_id`
WHERE `enrollments`.`user_id` = 35
AND `enrollments`.`status` = \'approved\'
AND `enrollment_date` >= \'2025-08-05 14:31:53\'
ORDER BY `enrollment_date` DESC')
 3 SYSTEMPATH\Database\BaseConnection.php(646): CodeIgniter\Database\BaseConnection->simpleQuery('SELECT `enrollments`.*, `courses`.`id` as `course_id`, `courses`.`title`, `courses`.`description`, `courses`.`course_number`, `enrollments`.`enrollment_date`
FROM `enrollments`
INNER JOIN `courses` ON `courses`.`id` = `enrollments`.`course_id`
WHERE `enrollments`.`user_id` = 35
AND `enrollments`.`status` = \'approved\'
AND `enrollment_date` >= \'2025-08-05 14:31:53\'
ORDER BY `enrollment_date` DESC')
 4 SYSTEMPATH\Database\BaseBuilder.php(1649): CodeIgniter\Database\BaseConnection->query('SELECT `enrollments`.*, `courses`.`id` as `course_id`, `courses`.`title`, `courses`.`description`, `courses`.`course_number`, `enrollments`.`enrollment_date`
FROM `enrollments`
INNER JOIN `courses` ON `courses`.`id` = `enrollments`.`course_id`
WHERE `enrollments`.`user_id` = :enrollments.user_id:
AND `enrollments`.`status` = :enrollments.status:
AND `enrollment_date` >= :enrollment_date:
ORDER BY `enrollment_date` DESC', [...], false)
 5 SYSTEMPATH\Model.php(286): CodeIgniter\Database\BaseBuilder->get()
 6 SYSTEMPATH\BaseModel.php(677): CodeIgniter\Model->doFindAll(0, 0)
 7 APPPATH\Models\EnrollmentModel.php(47): CodeIgniter\BaseModel->findAll()
 8 APPPATH\Controllers\Student\Enrollments.php(24): App\Models\EnrollmentModel->getUserEnrollments(35)
 9 SYSTEMPATH\CodeIgniter.php(933): App\Controllers\Student\Enrollments->index()
10 SYSTEMPATH\CodeIgniter.php(507): CodeIgniter\CodeIgniter->runController(Object(App\Controllers\Student\Enrollments))
11 SYSTEMPATH\CodeIgniter.php(354): CodeIgniter\CodeIgniter->handleRequest(null, Object(Config\Cache), false)
12 SYSTEMPATH\Boot.php(363): CodeIgniter\CodeIgniter->run()
13 SYSTEMPATH\Boot.php(68): CodeIgniter\Boot::runCodeIgniter(Object(CodeIgniter\CodeIgniter))
14 FCPATH\index.php(70): CodeIgniter\Boot::bootWeb(Object(Config\Paths))
15 SYSTEMPATH\rewrite.php(44): require_once('C:\\xampp\\htdocs\\ITE311-CASTILLO\\public\\index.php')
ERROR - 2025-12-05 14:32:22 --> mysqli_sql_exception: Unknown column 'enrollments.status' in 'where clause' in C:\xampp\htdocs\ITE311-CASTILLO\system\Database\MySQLi\Connection.php:327
Stack trace:
#0 C:\xampp\htdocs\ITE311-CASTILLO\system\Database\MySQLi\Connection.php(327): mysqli->query('SELECT `enrollm...', 0)
#1 C:\xampp\htdocs\ITE311-CASTILLO\system\Database\BaseConnection.php(729): CodeIgniter\Database\MySQLi\Connection->execute('SELECT `enrollm...')
#2 C:\xampp\htdocs\ITE311-CASTILLO\system\Database\BaseConnection.php(646): CodeIgniter\Database\BaseConnection->simpleQuery('SELECT `enrollm...')
#3 C:\xampp\htdocs\ITE311-CASTILLO\system\Database\BaseBuilder.php(1649): CodeIgniter\Database\BaseConnection->query('SELECT `enrollm...', Array, false)
#4 C:\xampp\htdocs\ITE311-CASTILLO\system\Model.php(286): CodeIgniter\Database\BaseBuilder->get()
#5 C:\xampp\htdocs\ITE311-CASTILLO\system\BaseModel.php(677): CodeIgniter\Model->doFindAll(0, 0)
#6 C:\xampp\htdocs\ITE311-CASTILLO\app\Models\EnrollmentModel.php(47): CodeIgniter\BaseModel->findAll()
#7 C:\xampp\htdocs\ITE311-CASTILLO\app\Controllers\Student\Enrollments.php(24): App\Models\EnrollmentModel->getUserEnrollments(35)
#8 C:\xampp\htdocs\ITE311-CASTILLO\system\CodeIgniter.php(933): App\Controllers\Student\Enrollments->index()
#9 C:\xampp\htdocs\ITE311-CASTILLO\system\CodeIgniter.php(507): CodeIgniter\CodeIgniter->runController(Object(App\Controllers\Student\Enrollments))
#10 C:\xampp\htdocs\ITE311-CASTILLO\system\CodeIgniter.php(354): CodeIgniter\CodeIgniter->handleRequest(NULL, Object(Config\Cache), false)
#11 C:\xampp\htdocs\ITE311-CASTILLO\system\Boot.php(363): CodeIgniter\CodeIgniter->run()
#12 C:\xampp\htdocs\ITE311-CASTILLO\system\Boot.php(68): CodeIgniter\Boot::runCodeIgniter(Object(CodeIgniter\CodeIgniter))
#13 C:\xampp\htdocs\ITE311-CASTILLO\public\index.php(70): CodeIgniter\Boot::bootWeb(Object(Config\Paths))
#14 C:\xampp\htdocs\ITE311-CASTILLO\system\rewrite.php(44): require_once('C:\\xampp\\htdocs...')
#15 {main}
CRITICAL - 2025-12-05 14:32:22 --> CodeIgniter\Database\Exceptions\DatabaseException: Unknown column 'enrollments.status' in 'where clause'
[Method: GET, Route: student/enrollments]
in SYSTEMPATH\Database\BaseConnection.php on line 684.
 1 SYSTEMPATH\Database\BaseBuilder.php(1649): CodeIgniter\Database\BaseConnection->query('SELECT `enrollments`.*, `courses`.`id` as `course_id`, `courses`.`title`, `courses`.`description`, `courses`.`course_number`, `enrollments`.`enrollment_date`
FROM `enrollments`
INNER JOIN `courses` ON `courses`.`id` = `enrollments`.`course_id`
WHERE `enrollments`.`user_id` = :enrollments.user_id:
AND `enrollments`.`status` = :enrollments.status:
AND `enrollment_date` >= :enrollment_date:
ORDER BY `enrollment_date` DESC', [...], false)
 2 SYSTEMPATH\Model.php(286): CodeIgniter\Database\BaseBuilder->get()
 3 SYSTEMPATH\BaseModel.php(677): CodeIgniter\Model->doFindAll(0, 0)
 4 APPPATH\Models\EnrollmentModel.php(47): CodeIgniter\BaseModel->findAll()
 5 APPPATH\Controllers\Student\Enrollments.php(24): App\Models\EnrollmentModel->getUserEnrollments(35)
 6 SYSTEMPATH\CodeIgniter.php(933): App\Controllers\Student\Enrollments->index()
 7 SYSTEMPATH\CodeIgniter.php(507): CodeIgniter\CodeIgniter->runController(Object(App\Controllers\Student\Enrollments))
 8 SYSTEMPATH\CodeIgniter.php(354): CodeIgniter\CodeIgniter->handleRequest(null, Object(Config\Cache), false)
 9 SYSTEMPATH\Boot.php(363): CodeIgniter\CodeIgniter->run()
10 SYSTEMPATH\Boot.php(68): CodeIgniter\Boot::runCodeIgniter(Object(CodeIgniter\CodeIgniter))
11 FCPATH\index.php(70): CodeIgniter\Boot::bootWeb(Object(Config\Paths))
12 SYSTEMPATH\rewrite.php(44): require_once('C:\\xampp\\htdocs\\ITE311-CASTILLO\\public\\index.php')
CRITICAL - 2025-12-05 14:32:22 --> [Caused by] CodeIgniter\Database\Exceptions\DatabaseException: Unknown column 'enrollments.status' in 'where clause'
in SYSTEMPATH\Database\MySQLi\Connection.php on line 332.
 1 SYSTEMPATH\Database\BaseConnection.php(729): CodeIgniter\Database\MySQLi\Connection->execute('SELECT `enrollments`.*, `courses`.`id` as `course_id`, `courses`.`title`, `courses`.`description`, `courses`.`course_number`, `enrollments`.`enrollment_date`
FROM `enrollments`
INNER JOIN `courses` ON `courses`.`id` = `enrollments`.`course_id`
WHERE `enrollments`.`user_id` = 35
AND `enrollments`.`status` = \'approved\'
AND `enrollment_date` >= \'2025-08-05 14:32:22\'
ORDER BY `enrollment_date` DESC')
 2 SYSTEMPATH\Database\BaseConnection.php(646): CodeIgniter\Database\BaseConnection->simpleQuery('SELECT `enrollments`.*, `courses`.`id` as `course_id`, `courses`.`title`, `courses`.`description`, `courses`.`course_number`, `enrollments`.`enrollment_date`
FROM `enrollments`
INNER JOIN `courses` ON `courses`.`id` = `enrollments`.`course_id`
WHERE `enrollments`.`user_id` = 35
AND `enrollments`.`status` = \'approved\'
AND `enrollment_date` >= \'2025-08-05 14:32:22\'
ORDER BY `enrollment_date` DESC')
 3 SYSTEMPATH\Database\BaseBuilder.php(1649): CodeIgniter\Database\BaseConnection->query('SELECT `enrollments`.*, `courses`.`id` as `course_id`, `courses`.`title`, `courses`.`description`, `courses`.`course_number`, `enrollments`.`enrollment_date`
FROM `enrollments`
INNER JOIN `courses` ON `courses`.`id` = `enrollments`.`course_id`
WHERE `enrollments`.`user_id` = :enrollments.user_id:
AND `enrollments`.`status` = :enrollments.status:
AND `enrollment_date` >= :enrollment_date:
ORDER BY `enrollment_date` DESC', [...], false)
 4 SYSTEMPATH\Model.php(286): CodeIgniter\Database\BaseBuilder->get()
 5 SYSTEMPATH\BaseModel.php(677): CodeIgniter\Model->doFindAll(0, 0)
 6 APPPATH\Models\EnrollmentModel.php(47): CodeIgniter\BaseModel->findAll()
 7 APPPATH\Controllers\Student\Enrollments.php(24): App\Models\EnrollmentModel->getUserEnrollments(35)
 8 SYSTEMPATH\CodeIgniter.php(933): App\Controllers\Student\Enrollments->index()
 9 SYSTEMPATH\CodeIgniter.php(507): CodeIgniter\CodeIgniter->runController(Object(App\Controllers\Student\Enrollments))
10 SYSTEMPATH\CodeIgniter.php(354): CodeIgniter\CodeIgniter->handleRequest(null, Object(Config\Cache), false)
11 SYSTEMPATH\Boot.php(363): CodeIgniter\CodeIgniter->run()
12 SYSTEMPATH\Boot.php(68): CodeIgniter\Boot::runCodeIgniter(Object(CodeIgniter\CodeIgniter))
13 FCPATH\index.php(70): CodeIgniter\Boot::bootWeb(Object(Config\Paths))
14 SYSTEMPATH\rewrite.php(44): require_once('C:\\xampp\\htdocs\\ITE311-CASTILLO\\public\\index.php')
CRITICAL - 2025-12-05 14:32:22 --> [Caused by] mysqli_sql_exception: Unknown column 'enrollments.status' in 'where clause'
in SYSTEMPATH\Database\MySQLi\Connection.php on line 327.
 1 SYSTEMPATH\Database\MySQLi\Connection.php(327): mysqli->query('SELECT `enrollments`.*, `courses`.`id` as `course_id`, `courses`.`title`, `courses`.`description`, `courses`.`course_number`, `enrollments`.`enrollment_date`
FROM `enrollments`
INNER JOIN `courses` ON `courses`.`id` = `enrollments`.`course_id`
WHERE `enrollments`.`user_id` = 35
AND `enrollments`.`status` = \'approved\'
AND `enrollment_date` >= \'2025-08-05 14:32:22\'
ORDER BY `enrollment_date` DESC', 0)
 2 SYSTEMPATH\Database\BaseConnection.php(729): CodeIgniter\Database\MySQLi\Connection->execute('SELECT `enrollments`.*, `courses`.`id` as `course_id`, `courses`.`title`, `courses`.`description`, `courses`.`course_number`, `enrollments`.`enrollment_date`
FROM `enrollments`
INNER JOIN `courses` ON `courses`.`id` = `enrollments`.`course_id`
WHERE `enrollments`.`user_id` = 35
AND `enrollments`.`status` = \'approved\'
AND `enrollment_date` >= \'2025-08-05 14:32:22\'
ORDER BY `enrollment_date` DESC')
 3 SYSTEMPATH\Database\BaseConnection.php(646): CodeIgniter\Database\BaseConnection->simpleQuery('SELECT `enrollments`.*, `courses`.`id` as `course_id`, `courses`.`title`, `courses`.`description`, `courses`.`course_number`, `enrollments`.`enrollment_date`
FROM `enrollments`
INNER JOIN `courses` ON `courses`.`id` = `enrollments`.`course_id`
WHERE `enrollments`.`user_id` = 35
AND `enrollments`.`status` = \'approved\'
AND `enrollment_date` >= \'2025-08-05 14:32:22\'
ORDER BY `enrollment_date` DESC')
 4 SYSTEMPATH\Database\BaseBuilder.php(1649): CodeIgniter\Database\BaseConnection->query('SELECT `enrollments`.*, `courses`.`id` as `course_id`, `courses`.`title`, `courses`.`description`, `courses`.`course_number`, `enrollments`.`enrollment_date`
FROM `enrollments`
INNER JOIN `courses` ON `courses`.`id` = `enrollments`.`course_id`
WHERE `enrollments`.`user_id` = :enrollments.user_id:
AND `enrollments`.`status` = :enrollments.status:
AND `enrollment_date` >= :enrollment_date:
ORDER BY `enrollment_date` DESC', [...], false)
 5 SYSTEMPATH\Model.php(286): CodeIgniter\Database\BaseBuilder->get()
 6 SYSTEMPATH\BaseModel.php(677): CodeIgniter\Model->doFindAll(0, 0)
 7 APPPATH\Models\EnrollmentModel.php(47): CodeIgniter\BaseModel->findAll()
 8 APPPATH\Controllers\Student\Enrollments.php(24): App\Models\EnrollmentModel->getUserEnrollments(35)
 9 SYSTEMPATH\CodeIgniter.php(933): App\Controllers\Student\Enrollments->index()
10 SYSTEMPATH\CodeIgniter.php(507): CodeIgniter\CodeIgniter->runController(Object(App\Controllers\Student\Enrollments))
11 SYSTEMPATH\CodeIgniter.php(354): CodeIgniter\CodeIgniter->handleRequest(null, Object(Config\Cache), false)
12 SYSTEMPATH\Boot.php(363): CodeIgniter\CodeIgniter->run()
13 SYSTEMPATH\Boot.php(68): CodeIgniter\Boot::runCodeIgniter(Object(CodeIgniter\CodeIgniter))
14 FCPATH\index.php(70): CodeIgniter\Boot::bootWeb(Object(Config\Paths))
15 SYSTEMPATH\rewrite.php(44): require_once('C:\\xampp\\htdocs\\ITE311-CASTILLO\\public\\index.php')
ERROR - 2025-12-05 14:32:22 --> mysqli_sql_exception: Unknown column 'enrollments.status' in 'where clause' in C:\xampp\htdocs\ITE311-CASTILLO\system\Database\MySQLi\Connection.php:327
Stack trace:
#0 C:\xampp\htdocs\ITE311-CASTILLO\system\Database\MySQLi\Connection.php(327): mysqli->query('SELECT `enrollm...', 0)
#1 C:\xampp\htdocs\ITE311-CASTILLO\system\Database\BaseConnection.php(729): CodeIgniter\Database\MySQLi\Connection->execute('SELECT `enrollm...')
#2 C:\xampp\htdocs\ITE311-CASTILLO\system\Database\BaseConnection.php(646): CodeIgniter\Database\BaseConnection->simpleQuery('SELECT `enrollm...')
#3 C:\xampp\htdocs\ITE311-CASTILLO\system\Database\BaseBuilder.php(1649): CodeIgniter\Database\BaseConnection->query('SELECT `enrollm...', Array, false)
#4 C:\xampp\htdocs\ITE311-CASTILLO\system\Model.php(286): CodeIgniter\Database\BaseBuilder->get()
#5 C:\xampp\htdocs\ITE311-CASTILLO\system\BaseModel.php(677): CodeIgniter\Model->doFindAll(0, 0)
#6 C:\xampp\htdocs\ITE311-CASTILLO\app\Models\EnrollmentModel.php(47): CodeIgniter\BaseModel->findAll()
#7 C:\xampp\htdocs\ITE311-CASTILLO\app\Controllers\Student\Enrollments.php(24): App\Models\EnrollmentModel->getUserEnrollments(35)
#8 C:\xampp\htdocs\ITE311-CASTILLO\system\CodeIgniter.php(933): App\Controllers\Student\Enrollments->index()
#9 C:\xampp\htdocs\ITE311-CASTILLO\system\CodeIgniter.php(507): CodeIgniter\CodeIgniter->runController(Object(App\Controllers\Student\Enrollments))
#10 C:\xampp\htdocs\ITE311-CASTILLO\system\CodeIgniter.php(354): CodeIgniter\CodeIgniter->handleRequest(NULL, Object(Config\Cache), false)
#11 C:\xampp\htdocs\ITE311-CASTILLO\system\Boot.php(363): CodeIgniter\CodeIgniter->run()
#12 C:\xampp\htdocs\ITE311-CASTILLO\system\Boot.php(68): CodeIgniter\Boot::runCodeIgniter(Object(CodeIgniter\CodeIgniter))
#13 C:\xampp\htdocs\ITE311-CASTILLO\public\index.php(70): CodeIgniter\Boot::bootWeb(Object(Config\Paths))
#14 C:\xampp\htdocs\ITE311-CASTILLO\system\rewrite.php(44): require_once('C:\\xampp\\htdocs...')
#15 {main}
CRITICAL - 2025-12-05 14:32:22 --> CodeIgniter\Database\Exceptions\DatabaseException: Unknown column 'enrollments.status' in 'where clause'
[Method: GET, Route: student/enrollments]
in SYSTEMPATH\Database\BaseConnection.php on line 684.
 1 SYSTEMPATH\Database\BaseBuilder.php(1649): CodeIgniter\Database\BaseConnection->query('SELECT `enrollments`.*, `courses`.`id` as `course_id`, `courses`.`title`, `courses`.`description`, `courses`.`course_number`, `enrollments`.`enrollment_date`
FROM `enrollments`
INNER JOIN `courses` ON `courses`.`id` = `enrollments`.`course_id`
WHERE `enrollments`.`user_id` = :enrollments.user_id:
AND `enrollments`.`status` = :enrollments.status:
AND `enrollment_date` >= :enrollment_date:
ORDER BY `enrollment_date` DESC', [...], false)
 2 SYSTEMPATH\Model.php(286): CodeIgniter\Database\BaseBuilder->get()
 3 SYSTEMPATH\BaseModel.php(677): CodeIgniter\Model->doFindAll(0, 0)
 4 APPPATH\Models\EnrollmentModel.php(47): CodeIgniter\BaseModel->findAll()
 5 APPPATH\Controllers\Student\Enrollments.php(24): App\Models\EnrollmentModel->getUserEnrollments(35)
 6 SYSTEMPATH\CodeIgniter.php(933): App\Controllers\Student\Enrollments->index()
 7 SYSTEMPATH\CodeIgniter.php(507): CodeIgniter\CodeIgniter->runController(Object(App\Controllers\Student\Enrollments))
 8 SYSTEMPATH\CodeIgniter.php(354): CodeIgniter\CodeIgniter->handleRequest(null, Object(Config\Cache), false)
 9 SYSTEMPATH\Boot.php(363): CodeIgniter\CodeIgniter->run()
10 SYSTEMPATH\Boot.php(68): CodeIgniter\Boot::runCodeIgniter(Object(CodeIgniter\CodeIgniter))
11 FCPATH\index.php(70): CodeIgniter\Boot::bootWeb(Object(Config\Paths))
12 SYSTEMPATH\rewrite.php(44): require_once('C:\\xampp\\htdocs\\ITE311-CASTILLO\\public\\index.php')
CRITICAL - 2025-12-05 14:32:22 --> [Caused by] CodeIgniter\Database\Exceptions\DatabaseException: Unknown column 'enrollments.status' in 'where clause'
in SYSTEMPATH\Database\MySQLi\Connection.php on line 332.
 1 SYSTEMPATH\Database\BaseConnection.php(729): CodeIgniter\Database\MySQLi\Connection->execute('SELECT `enrollments`.*, `courses`.`id` as `course_id`, `courses`.`title`, `courses`.`description`, `courses`.`course_number`, `enrollments`.`enrollment_date`
FROM `enrollments`
INNER JOIN `courses` ON `courses`.`id` = `enrollments`.`course_id`
WHERE `enrollments`.`user_id` = 35
AND `enrollments`.`status` = \'approved\'
AND `enrollment_date` >= \'2025-08-05 14:32:22\'
ORDER BY `enrollment_date` DESC')
 2 SYSTEMPATH\Database\BaseConnection.php(646): CodeIgniter\Database\BaseConnection->simpleQuery('SELECT `enrollments`.*, `courses`.`id` as `course_id`, `courses`.`title`, `courses`.`description`, `courses`.`course_number`, `enrollments`.`enrollment_date`
FROM `enrollments`
INNER JOIN `courses` ON `courses`.`id` = `enrollments`.`course_id`
WHERE `enrollments`.`user_id` = 35
AND `enrollments`.`status` = \'approved\'
AND `enrollment_date` >= \'2025-08-05 14:32:22\'
ORDER BY `enrollment_date` DESC')
 3 SYSTEMPATH\Database\BaseBuilder.php(1649): CodeIgniter\Database\BaseConnection->query('SELECT `enrollments`.*, `courses`.`id` as `course_id`, `courses`.`title`, `courses`.`description`, `courses`.`course_number`, `enrollments`.`enrollment_date`
FROM `enrollments`
INNER JOIN `courses` ON `courses`.`id` = `enrollments`.`course_id`
WHERE `enrollments`.`user_id` = :enrollments.user_id:
AND `enrollments`.`status` = :enrollments.status:
AND `enrollment_date` >= :enrollment_date:
ORDER BY `enrollment_date` DESC', [...], false)
 4 SYSTEMPATH\Model.php(286): CodeIgniter\Database\BaseBuilder->get()
 5 SYSTEMPATH\BaseModel.php(677): CodeIgniter\Model->doFindAll(0, 0)
 6 APPPATH\Models\EnrollmentModel.php(47): CodeIgniter\BaseModel->findAll()
 7 APPPATH\Controllers\Student\Enrollments.php(24): App\Models\EnrollmentModel->getUserEnrollments(35)
 8 SYSTEMPATH\CodeIgniter.php(933): App\Controllers\Student\Enrollments->index()
 9 SYSTEMPATH\CodeIgniter.php(507): CodeIgniter\CodeIgniter->runController(Object(App\Controllers\Student\Enrollments))
10 SYSTEMPATH\CodeIgniter.php(354): CodeIgniter\CodeIgniter->handleRequest(null, Object(Config\Cache), false)
11 SYSTEMPATH\Boot.php(363): CodeIgniter\CodeIgniter->run()
12 SYSTEMPATH\Boot.php(68): CodeIgniter\Boot::runCodeIgniter(Object(CodeIgniter\CodeIgniter))
13 FCPATH\index.php(70): CodeIgniter\Boot::bootWeb(Object(Config\Paths))
14 SYSTEMPATH\rewrite.php(44): require_once('C:\\xampp\\htdocs\\ITE311-CASTILLO\\public\\index.php')
CRITICAL - 2025-12-05 14:32:22 --> [Caused by] mysqli_sql_exception: Unknown column 'enrollments.status' in 'where clause'
in SYSTEMPATH\Database\MySQLi\Connection.php on line 327.
 1 SYSTEMPATH\Database\MySQLi\Connection.php(327): mysqli->query('SELECT `enrollments`.*, `courses`.`id` as `course_id`, `courses`.`title`, `courses`.`description`, `courses`.`course_number`, `enrollments`.`enrollment_date`
FROM `enrollments`
INNER JOIN `courses` ON `courses`.`id` = `enrollments`.`course_id`
WHERE `enrollments`.`user_id` = 35
AND `enrollments`.`status` = \'approved\'
AND `enrollment_date` >= \'2025-08-05 14:32:22\'
ORDER BY `enrollment_date` DESC', 0)
 2 SYSTEMPATH\Database\BaseConnection.php(729): CodeIgniter\Database\MySQLi\Connection->execute('SELECT `enrollments`.*, `courses`.`id` as `course_id`, `courses`.`title`, `courses`.`description`, `courses`.`course_number`, `enrollments`.`enrollment_date`
FROM `enrollments`
INNER JOIN `courses` ON `courses`.`id` = `enrollments`.`course_id`
WHERE `enrollments`.`user_id` = 35
AND `enrollments`.`status` = \'approved\'
AND `enrollment_date` >= \'2025-08-05 14:32:22\'
ORDER BY `enrollment_date` DESC')
 3 SYSTEMPATH\Database\BaseConnection.php(646): CodeIgniter\Database\BaseConnection->simpleQuery('SELECT `enrollments`.*, `courses`.`id` as `course_id`, `courses`.`title`, `courses`.`description`, `courses`.`course_number`, `enrollments`.`enrollment_date`
FROM `enrollments`
INNER JOIN `courses` ON `courses`.`id` = `enrollments`.`course_id`
WHERE `enrollments`.`user_id` = 35
AND `enrollments`.`status` = \'approved\'
AND `enrollment_date` >= \'2025-08-05 14:32:22\'
ORDER BY `enrollment_date` DESC')
 4 SYSTEMPATH\Database\BaseBuilder.php(1649): CodeIgniter\Database\BaseConnection->query('SELECT `enrollments`.*, `courses`.`id` as `course_id`, `courses`.`title`, `courses`.`description`, `courses`.`course_number`, `enrollments`.`enrollment_date`
FROM `enrollments`
INNER JOIN `courses` ON `courses`.`id` = `enrollments`.`course_id`
WHERE `enrollments`.`user_id` = :enrollments.user_id:
AND `enrollments`.`status` = :enrollments.status:
AND `enrollment_date` >= :enrollment_date:
ORDER BY `enrollment_date` DESC', [...], false)
 5 SYSTEMPATH\Model.php(286): CodeIgniter\Database\BaseBuilder->get()
 6 SYSTEMPATH\BaseModel.php(677): CodeIgniter\Model->doFindAll(0, 0)
 7 APPPATH\Models\EnrollmentModel.php(47): CodeIgniter\BaseModel->findAll()
 8 APPPATH\Controllers\Student\Enrollments.php(24): App\Models\EnrollmentModel->getUserEnrollments(35)
 9 SYSTEMPATH\CodeIgniter.php(933): App\Controllers\Student\Enrollments->index()
10 SYSTEMPATH\CodeIgniter.php(507): CodeIgniter\CodeIgniter->runController(Object(App\Controllers\Student\Enrollments))
11 SYSTEMPATH\CodeIgniter.php(354): CodeIgniter\CodeIgniter->handleRequest(null, Object(Config\Cache), false)
12 SYSTEMPATH\Boot.php(363): CodeIgniter\CodeIgniter->run()
13 SYSTEMPATH\Boot.php(68): CodeIgniter\Boot::runCodeIgniter(Object(CodeIgniter\CodeIgniter))
14 FCPATH\index.php(70): CodeIgniter\Boot::bootWeb(Object(Config\Paths))
15 SYSTEMPATH\rewrite.php(44): require_once('C:\\xampp\\htdocs\\ITE311-CASTILLO\\public\\index.php')
ERROR - 2025-12-05 14:32:22 --> mysqli_sql_exception: Unknown column 'enrollments.status' in 'where clause' in C:\xampp\htdocs\ITE311-CASTILLO\system\Database\MySQLi\Connection.php:327
Stack trace:
#0 C:\xampp\htdocs\ITE311-CASTILLO\system\Database\MySQLi\Connection.php(327): mysqli->query('SELECT `enrollm...', 0)
#1 C:\xampp\htdocs\ITE311-CASTILLO\system\Database\BaseConnection.php(729): CodeIgniter\Database\MySQLi\Connection->execute('SELECT `enrollm...')
#2 C:\xampp\htdocs\ITE311-CASTILLO\system\Database\BaseConnection.php(646): CodeIgniter\Database\BaseConnection->simpleQuery('SELECT `enrollm...')
#3 C:\xampp\htdocs\ITE311-CASTILLO\system\Database\BaseBuilder.php(1649): CodeIgniter\Database\BaseConnection->query('SELECT `enrollm...', Array, false)
#4 C:\xampp\htdocs\ITE311-CASTILLO\system\Model.php(286): CodeIgniter\Database\BaseBuilder->get()
#5 C:\xampp\htdocs\ITE311-CASTILLO\system\BaseModel.php(677): CodeIgniter\Model->doFindAll(0, 0)
#6 C:\xampp\htdocs\ITE311-CASTILLO\app\Models\EnrollmentModel.php(47): CodeIgniter\BaseModel->findAll()
#7 C:\xampp\htdocs\ITE311-CASTILLO\app\Controllers\Student\Enrollments.php(24): App\Models\EnrollmentModel->getUserEnrollments(35)
#8 C:\xampp\htdocs\ITE311-CASTILLO\system\CodeIgniter.php(933): App\Controllers\Student\Enrollments->index()
#9 C:\xampp\htdocs\ITE311-CASTILLO\system\CodeIgniter.php(507): CodeIgniter\CodeIgniter->runController(Object(App\Controllers\Student\Enrollments))
#10 C:\xampp\htdocs\ITE311-CASTILLO\system\CodeIgniter.php(354): CodeIgniter\CodeIgniter->handleRequest(NULL, Object(Config\Cache), false)
#11 C:\xampp\htdocs\ITE311-CASTILLO\system\Boot.php(363): CodeIgniter\CodeIgniter->run()
#12 C:\xampp\htdocs\ITE311-CASTILLO\system\Boot.php(68): CodeIgniter\Boot::runCodeIgniter(Object(CodeIgniter\CodeIgniter))
#13 C:\xampp\htdocs\ITE311-CASTILLO\public\index.php(70): CodeIgniter\Boot::bootWeb(Object(Config\Paths))
#14 C:\xampp\htdocs\ITE311-CASTILLO\system\rewrite.php(44): require_once('C:\\xampp\\htdocs...')
#15 {main}
CRITICAL - 2025-12-05 14:32:22 --> CodeIgniter\Database\Exceptions\DatabaseException: Unknown column 'enrollments.status' in 'where clause'
[Method: GET, Route: student/enrollments]
in SYSTEMPATH\Database\BaseConnection.php on line 684.
 1 SYSTEMPATH\Database\BaseBuilder.php(1649): CodeIgniter\Database\BaseConnection->query('SELECT `enrollments`.*, `courses`.`id` as `course_id`, `courses`.`title`, `courses`.`description`, `courses`.`course_number`, `enrollments`.`enrollment_date`
FROM `enrollments`
INNER JOIN `courses` ON `courses`.`id` = `enrollments`.`course_id`
WHERE `enrollments`.`user_id` = :enrollments.user_id:
AND `enrollments`.`status` = :enrollments.status:
AND `enrollment_date` >= :enrollment_date:
ORDER BY `enrollment_date` DESC', [...], false)
 2 SYSTEMPATH\Model.php(286): CodeIgniter\Database\BaseBuilder->get()
 3 SYSTEMPATH\BaseModel.php(677): CodeIgniter\Model->doFindAll(0, 0)
 4 APPPATH\Models\EnrollmentModel.php(47): CodeIgniter\BaseModel->findAll()
 5 APPPATH\Controllers\Student\Enrollments.php(24): App\Models\EnrollmentModel->getUserEnrollments(35)
 6 SYSTEMPATH\CodeIgniter.php(933): App\Controllers\Student\Enrollments->index()
 7 SYSTEMPATH\CodeIgniter.php(507): CodeIgniter\CodeIgniter->runController(Object(App\Controllers\Student\Enrollments))
 8 SYSTEMPATH\CodeIgniter.php(354): CodeIgniter\CodeIgniter->handleRequest(null, Object(Config\Cache), false)
 9 SYSTEMPATH\Boot.php(363): CodeIgniter\CodeIgniter->run()
10 SYSTEMPATH\Boot.php(68): CodeIgniter\Boot::runCodeIgniter(Object(CodeIgniter\CodeIgniter))
11 FCPATH\index.php(70): CodeIgniter\Boot::bootWeb(Object(Config\Paths))
12 SYSTEMPATH\rewrite.php(44): require_once('C:\\xampp\\htdocs\\ITE311-CASTILLO\\public\\index.php')
CRITICAL - 2025-12-05 14:32:22 --> [Caused by] CodeIgniter\Database\Exceptions\DatabaseException: Unknown column 'enrollments.status' in 'where clause'
in SYSTEMPATH\Database\MySQLi\Connection.php on line 332.
 1 SYSTEMPATH\Database\BaseConnection.php(729): CodeIgniter\Database\MySQLi\Connection->execute('SELECT `enrollments`.*, `courses`.`id` as `course_id`, `courses`.`title`, `courses`.`description`, `courses`.`course_number`, `enrollments`.`enrollment_date`
FROM `enrollments`
INNER JOIN `courses` ON `courses`.`id` = `enrollments`.`course_id`
WHERE `enrollments`.`user_id` = 35
AND `enrollments`.`status` = \'approved\'
AND `enrollment_date` >= \'2025-08-05 14:32:22\'
ORDER BY `enrollment_date` DESC')
 2 SYSTEMPATH\Database\BaseConnection.php(646): CodeIgniter\Database\BaseConnection->simpleQuery('SELECT `enrollments`.*, `courses`.`id` as `course_id`, `courses`.`title`, `courses`.`description`, `courses`.`course_number`, `enrollments`.`enrollment_date`
FROM `enrollments`
INNER JOIN `courses` ON `courses`.`id` = `enrollments`.`course_id`
WHERE `enrollments`.`user_id` = 35
AND `enrollments`.`status` = \'approved\'
AND `enrollment_date` >= \'2025-08-05 14:32:22\'
ORDER BY `enrollment_date` DESC')
 3 SYSTEMPATH\Database\BaseBuilder.php(1649): CodeIgniter\Database\BaseConnection->query('SELECT `enrollments`.*, `courses`.`id` as `course_id`, `courses`.`title`, `courses`.`description`, `courses`.`course_number`, `enrollments`.`enrollment_date`
FROM `enrollments`
INNER JOIN `courses` ON `courses`.`id` = `enrollments`.`course_id`
WHERE `enrollments`.`user_id` = :enrollments.user_id:
AND `enrollments`.`status` = :enrollments.status:
AND `enrollment_date` >= :enrollment_date:
ORDER BY `enrollment_date` DESC', [...], false)
 4 SYSTEMPATH\Model.php(286): CodeIgniter\Database\BaseBuilder->get()
 5 SYSTEMPATH\BaseModel.php(677): CodeIgniter\Model->doFindAll(0, 0)
 6 APPPATH\Models\EnrollmentModel.php(47): CodeIgniter\BaseModel->findAll()
 7 APPPATH\Controllers\Student\Enrollments.php(24): App\Models\EnrollmentModel->getUserEnrollments(35)
 8 SYSTEMPATH\CodeIgniter.php(933): App\Controllers\Student\Enrollments->index()
 9 SYSTEMPATH\CodeIgniter.php(507): CodeIgniter\CodeIgniter->runController(Object(App\Controllers\Student\Enrollments))
10 SYSTEMPATH\CodeIgniter.php(354): CodeIgniter\CodeIgniter->handleRequest(null, Object(Config\Cache), false)
11 SYSTEMPATH\Boot.php(363): CodeIgniter\CodeIgniter->run()
12 SYSTEMPATH\Boot.php(68): CodeIgniter\Boot::runCodeIgniter(Object(CodeIgniter\CodeIgniter))
13 FCPATH\index.php(70): CodeIgniter\Boot::bootWeb(Object(Config\Paths))
14 SYSTEMPATH\rewrite.php(44): require_once('C:\\xampp\\htdocs\\ITE311-CASTILLO\\public\\index.php')
CRITICAL - 2025-12-05 14:32:22 --> [Caused by] mysqli_sql_exception: Unknown column 'enrollments.status' in 'where clause'
in SYSTEMPATH\Database\MySQLi\Connection.php on line 327.
 1 SYSTEMPATH\Database\MySQLi\Connection.php(327): mysqli->query('SELECT `enrollments`.*, `courses`.`id` as `course_id`, `courses`.`title`, `courses`.`description`, `courses`.`course_number`, `enrollments`.`enrollment_date`
FROM `enrollments`
INNER JOIN `courses` ON `courses`.`id` = `enrollments`.`course_id`
WHERE `enrollments`.`user_id` = 35
AND `enrollments`.`status` = \'approved\'
AND `enrollment_date` >= \'2025-08-05 14:32:22\'
ORDER BY `enrollment_date` DESC', 0)
 2 SYSTEMPATH\Database\BaseConnection.php(729): CodeIgniter\Database\MySQLi\Connection->execute('SELECT `enrollments`.*, `courses`.`id` as `course_id`, `courses`.`title`, `courses`.`description`, `courses`.`course_number`, `enrollments`.`enrollment_date`
FROM `enrollments`
INNER JOIN `courses` ON `courses`.`id` = `enrollments`.`course_id`
WHERE `enrollments`.`user_id` = 35
AND `enrollments`.`status` = \'approved\'
AND `enrollment_date` >= \'2025-08-05 14:32:22\'
ORDER BY `enrollment_date` DESC')
 3 SYSTEMPATH\Database\BaseConnection.php(646): CodeIgniter\Database\BaseConnection->simpleQuery('SELECT `enrollments`.*, `courses`.`id` as `course_id`, `courses`.`title`, `courses`.`description`, `courses`.`course_number`, `enrollments`.`enrollment_date`
FROM `enrollments`
INNER JOIN `courses` ON `courses`.`id` = `enrollments`.`course_id`
WHERE `enrollments`.`user_id` = 35
AND `enrollments`.`status` = \'approved\'
AND `enrollment_date` >= \'2025-08-05 14:32:22\'
ORDER BY `enrollment_date` DESC')
 4 SYSTEMPATH\Database\BaseBuilder.php(1649): CodeIgniter\Database\BaseConnection->query('SELECT `enrollments`.*, `courses`.`id` as `course_id`, `courses`.`title`, `courses`.`description`, `courses`.`course_number`, `enrollments`.`enrollment_date`
FROM `enrollments`
INNER JOIN `courses` ON `courses`.`id` = `enrollments`.`course_id`
WHERE `enrollments`.`user_id` = :enrollments.user_id:
AND `enrollments`.`status` = :enrollments.status:
AND `enrollment_date` >= :enrollment_date:
ORDER BY `enrollment_date` DESC', [...], false)
 5 SYSTEMPATH\Model.php(286): CodeIgniter\Database\BaseBuilder->get()
 6 SYSTEMPATH\BaseModel.php(677): CodeIgniter\Model->doFindAll(0, 0)
 7 APPPATH\Models\EnrollmentModel.php(47): CodeIgniter\BaseModel->findAll()
 8 APPPATH\Controllers\Student\Enrollments.php(24): App\Models\EnrollmentModel->getUserEnrollments(35)
 9 SYSTEMPATH\CodeIgniter.php(933): App\Controllers\Student\Enrollments->index()
10 SYSTEMPATH\CodeIgniter.php(507): CodeIgniter\CodeIgniter->runController(Object(App\Controllers\Student\Enrollments))
11 SYSTEMPATH\CodeIgniter.php(354): CodeIgniter\CodeIgniter->handleRequest(null, Object(Config\Cache), false)
12 SYSTEMPATH\Boot.php(363): CodeIgniter\CodeIgniter->run()
13 SYSTEMPATH\Boot.php(68): CodeIgniter\Boot::runCodeIgniter(Object(CodeIgniter\CodeIgniter))
14 FCPATH\index.php(70): CodeIgniter\Boot::bootWeb(Object(Config\Paths))
15 SYSTEMPATH\rewrite.php(44): require_once('C:\\xampp\\htdocs\\ITE311-CASTILLO\\public\\index.php')
ERROR - 2025-12-05 14:32:22 --> mysqli_sql_exception: Unknown column 'enrollments.status' in 'where clause' in C:\xampp\htdocs\ITE311-CASTILLO\system\Database\MySQLi\Connection.php:327
Stack trace:
#0 C:\xampp\htdocs\ITE311-CASTILLO\system\Database\MySQLi\Connection.php(327): mysqli->query('SELECT `enrollm...', 0)
#1 C:\xampp\htdocs\ITE311-CASTILLO\system\Database\BaseConnection.php(729): CodeIgniter\Database\MySQLi\Connection->execute('SELECT `enrollm...')
#2 C:\xampp\htdocs\ITE311-CASTILLO\system\Database\BaseConnection.php(646): CodeIgniter\Database\BaseConnection->simpleQuery('SELECT `enrollm...')
#3 C:\xampp\htdocs\ITE311-CASTILLO\system\Database\BaseBuilder.php(1649): CodeIgniter\Database\BaseConnection->query('SELECT `enrollm...', Array, false)
#4 C:\xampp\htdocs\ITE311-CASTILLO\system\Model.php(286): CodeIgniter\Database\BaseBuilder->get()
#5 C:\xampp\htdocs\ITE311-CASTILLO\system\BaseModel.php(677): CodeIgniter\Model->doFindAll(0, 0)
#6 C:\xampp\htdocs\ITE311-CASTILLO\app\Models\EnrollmentModel.php(47): CodeIgniter\BaseModel->findAll()
#7 C:\xampp\htdocs\ITE311-CASTILLO\app\Controllers\Student\Enrollments.php(24): App\Models\EnrollmentModel->getUserEnrollments(35)
#8 C:\xampp\htdocs\ITE311-CASTILLO\system\CodeIgniter.php(933): App\Controllers\Student\Enrollments->index()
#9 C:\xampp\htdocs\ITE311-CASTILLO\system\CodeIgniter.php(507): CodeIgniter\CodeIgniter->runController(Object(App\Controllers\Student\Enrollments))
#10 C:\xampp\htdocs\ITE311-CASTILLO\system\CodeIgniter.php(354): CodeIgniter\CodeIgniter->handleRequest(NULL, Object(Config\Cache), false)
#11 C:\xampp\htdocs\ITE311-CASTILLO\system\Boot.php(363): CodeIgniter\CodeIgniter->run()
#12 C:\xampp\htdocs\ITE311-CASTILLO\system\Boot.php(68): CodeIgniter\Boot::runCodeIgniter(Object(CodeIgniter\CodeIgniter))
#13 C:\xampp\htdocs\ITE311-CASTILLO\public\index.php(70): CodeIgniter\Boot::bootWeb(Object(Config\Paths))
#14 C:\xampp\htdocs\ITE311-CASTILLO\system\rewrite.php(44): require_once('C:\\xampp\\htdocs...')
#15 {main}
CRITICAL - 2025-12-05 14:32:22 --> CodeIgniter\Database\Exceptions\DatabaseException: Unknown column 'enrollments.status' in 'where clause'
[Method: GET, Route: student/enrollments]
in SYSTEMPATH\Database\BaseConnection.php on line 684.
 1 SYSTEMPATH\Database\BaseBuilder.php(1649): CodeIgniter\Database\BaseConnection->query('SELECT `enrollments`.*, `courses`.`id` as `course_id`, `courses`.`title`, `courses`.`description`, `courses`.`course_number`, `enrollments`.`enrollment_date`
FROM `enrollments`
INNER JOIN `courses` ON `courses`.`id` = `enrollments`.`course_id`
WHERE `enrollments`.`user_id` = :enrollments.user_id:
AND `enrollments`.`status` = :enrollments.status:
AND `enrollment_date` >= :enrollment_date:
ORDER BY `enrollment_date` DESC', [...], false)
 2 SYSTEMPATH\Model.php(286): CodeIgniter\Database\BaseBuilder->get()
 3 SYSTEMPATH\BaseModel.php(677): CodeIgniter\Model->doFindAll(0, 0)
 4 APPPATH\Models\EnrollmentModel.php(47): CodeIgniter\BaseModel->findAll()
 5 APPPATH\Controllers\Student\Enrollments.php(24): App\Models\EnrollmentModel->getUserEnrollments(35)
 6 SYSTEMPATH\CodeIgniter.php(933): App\Controllers\Student\Enrollments->index()
 7 SYSTEMPATH\CodeIgniter.php(507): CodeIgniter\CodeIgniter->runController(Object(App\Controllers\Student\Enrollments))
 8 SYSTEMPATH\CodeIgniter.php(354): CodeIgniter\CodeIgniter->handleRequest(null, Object(Config\Cache), false)
 9 SYSTEMPATH\Boot.php(363): CodeIgniter\CodeIgniter->run()
10 SYSTEMPATH\Boot.php(68): CodeIgniter\Boot::runCodeIgniter(Object(CodeIgniter\CodeIgniter))
11 FCPATH\index.php(70): CodeIgniter\Boot::bootWeb(Object(Config\Paths))
12 SYSTEMPATH\rewrite.php(44): require_once('C:\\xampp\\htdocs\\ITE311-CASTILLO\\public\\index.php')
CRITICAL - 2025-12-05 14:32:22 --> [Caused by] CodeIgniter\Database\Exceptions\DatabaseException: Unknown column 'enrollments.status' in 'where clause'
in SYSTEMPATH\Database\MySQLi\Connection.php on line 332.
 1 SYSTEMPATH\Database\BaseConnection.php(729): CodeIgniter\Database\MySQLi\Connection->execute('SELECT `enrollments`.*, `courses`.`id` as `course_id`, `courses`.`title`, `courses`.`description`, `courses`.`course_number`, `enrollments`.`enrollment_date`
FROM `enrollments`
INNER JOIN `courses` ON `courses`.`id` = `enrollments`.`course_id`
WHERE `enrollments`.`user_id` = 35
AND `enrollments`.`status` = \'approved\'
AND `enrollment_date` >= \'2025-08-05 14:32:22\'
ORDER BY `enrollment_date` DESC')
 2 SYSTEMPATH\Database\BaseConnection.php(646): CodeIgniter\Database\BaseConnection->simpleQuery('SELECT `enrollments`.*, `courses`.`id` as `course_id`, `courses`.`title`, `courses`.`description`, `courses`.`course_number`, `enrollments`.`enrollment_date`
FROM `enrollments`
INNER JOIN `courses` ON `courses`.`id` = `enrollments`.`course_id`
WHERE `enrollments`.`user_id` = 35
AND `enrollments`.`status` = \'approved\'
AND `enrollment_date` >= \'2025-08-05 14:32:22\'
ORDER BY `enrollment_date` DESC')
 3 SYSTEMPATH\Database\BaseBuilder.php(1649): CodeIgniter\Database\BaseConnection->query('SELECT `enrollments`.*, `courses`.`id` as `course_id`, `courses`.`title`, `courses`.`description`, `courses`.`course_number`, `enrollments`.`enrollment_date`
FROM `enrollments`
INNER JOIN `courses` ON `courses`.`id` = `enrollments`.`course_id`
WHERE `enrollments`.`user_id` = :enrollments.user_id:
AND `enrollments`.`status` = :enrollments.status:
AND `enrollment_date` >= :enrollment_date:
ORDER BY `enrollment_date` DESC', [...], false)
 4 SYSTEMPATH\Model.php(286): CodeIgniter\Database\BaseBuilder->get()
 5 SYSTEMPATH\BaseModel.php(677): CodeIgniter\Model->doFindAll(0, 0)
 6 APPPATH\Models\EnrollmentModel.php(47): CodeIgniter\BaseModel->findAll()
 7 APPPATH\Controllers\Student\Enrollments.php(24): App\Models\EnrollmentModel->getUserEnrollments(35)
 8 SYSTEMPATH\CodeIgniter.php(933): App\Controllers\Student\Enrollments->index()
 9 SYSTEMPATH\CodeIgniter.php(507): CodeIgniter\CodeIgniter->runController(Object(App\Controllers\Student\Enrollments))
10 SYSTEMPATH\CodeIgniter.php(354): CodeIgniter\CodeIgniter->handleRequest(null, Object(Config\Cache), false)
11 SYSTEMPATH\Boot.php(363): CodeIgniter\CodeIgniter->run()
12 SYSTEMPATH\Boot.php(68): CodeIgniter\Boot::runCodeIgniter(Object(CodeIgniter\CodeIgniter))
13 FCPATH\index.php(70): CodeIgniter\Boot::bootWeb(Object(Config\Paths))
14 SYSTEMPATH\rewrite.php(44): require_once('C:\\xampp\\htdocs\\ITE311-CASTILLO\\public\\index.php')
CRITICAL - 2025-12-05 14:32:22 --> [Caused by] mysqli_sql_exception: Unknown column 'enrollments.status' in 'where clause'
in SYSTEMPATH\Database\MySQLi\Connection.php on line 327.
 1 SYSTEMPATH\Database\MySQLi\Connection.php(327): mysqli->query('SELECT `enrollments`.*, `courses`.`id` as `course_id`, `courses`.`title`, `courses`.`description`, `courses`.`course_number`, `enrollments`.`enrollment_date`
FROM `enrollments`
INNER JOIN `courses` ON `courses`.`id` = `enrollments`.`course_id`
WHERE `enrollments`.`user_id` = 35
AND `enrollments`.`status` = \'approved\'
AND `enrollment_date` >= \'2025-08-05 14:32:22\'
ORDER BY `enrollment_date` DESC', 0)
 2 SYSTEMPATH\Database\BaseConnection.php(729): CodeIgniter\Database\MySQLi\Connection->execute('SELECT `enrollments`.*, `courses`.`id` as `course_id`, `courses`.`title`, `courses`.`description`, `courses`.`course_number`, `enrollments`.`enrollment_date`
FROM `enrollments`
INNER JOIN `courses` ON `courses`.`id` = `enrollments`.`course_id`
WHERE `enrollments`.`user_id` = 35
AND `enrollments`.`status` = \'approved\'
AND `enrollment_date` >= \'2025-08-05 14:32:22\'
ORDER BY `enrollment_date` DESC')
 3 SYSTEMPATH\Database\BaseConnection.php(646): CodeIgniter\Database\BaseConnection->simpleQuery('SELECT `enrollments`.*, `courses`.`id` as `course_id`, `courses`.`title`, `courses`.`description`, `courses`.`course_number`, `enrollments`.`enrollment_date`
FROM `enrollments`
INNER JOIN `courses` ON `courses`.`id` = `enrollments`.`course_id`
WHERE `enrollments`.`user_id` = 35
AND `enrollments`.`status` = \'approved\'
AND `enrollment_date` >= \'2025-08-05 14:32:22\'
ORDER BY `enrollment_date` DESC')
 4 SYSTEMPATH\Database\BaseBuilder.php(1649): CodeIgniter\Database\BaseConnection->query('SELECT `enrollments`.*, `courses`.`id` as `course_id`, `courses`.`title`, `courses`.`description`, `courses`.`course_number`, `enrollments`.`enrollment_date`
FROM `enrollments`
INNER JOIN `courses` ON `courses`.`id` = `enrollments`.`course_id`
WHERE `enrollments`.`user_id` = :enrollments.user_id:
AND `enrollments`.`status` = :enrollments.status:
AND `enrollment_date` >= :enrollment_date:
ORDER BY `enrollment_date` DESC', [...], false)
 5 SYSTEMPATH\Model.php(286): CodeIgniter\Database\BaseBuilder->get()
 6 SYSTEMPATH\BaseModel.php(677): CodeIgniter\Model->doFindAll(0, 0)
 7 APPPATH\Models\EnrollmentModel.php(47): CodeIgniter\BaseModel->findAll()
 8 APPPATH\Controllers\Student\Enrollments.php(24): App\Models\EnrollmentModel->getUserEnrollments(35)
 9 SYSTEMPATH\CodeIgniter.php(933): App\Controllers\Student\Enrollments->index()
10 SYSTEMPATH\CodeIgniter.php(507): CodeIgniter\CodeIgniter->runController(Object(App\Controllers\Student\Enrollments))
11 SYSTEMPATH\CodeIgniter.php(354): CodeIgniter\CodeIgniter->handleRequest(null, Object(Config\Cache), false)
12 SYSTEMPATH\Boot.php(363): CodeIgniter\CodeIgniter->run()
13 SYSTEMPATH\Boot.php(68): CodeIgniter\Boot::runCodeIgniter(Object(CodeIgniter\CodeIgniter))
14 FCPATH\index.php(70): CodeIgniter\Boot::bootWeb(Object(Config\Paths))
15 SYSTEMPATH\rewrite.php(44): require_once('C:\\xampp\\htdocs\\ITE311-CASTILLO\\public\\index.php')
ERROR - 2025-12-05 14:32:26 --> mysqli_sql_exception: Unknown column 'enrollments.status' in 'where clause' in C:\xampp\htdocs\ITE311-CASTILLO\system\Database\MySQLi\Connection.php:327
Stack trace:
#0 C:\xampp\htdocs\ITE311-CASTILLO\system\Database\MySQLi\Connection.php(327): mysqli->query('SELECT `enrollm...', 0)
#1 C:\xampp\htdocs\ITE311-CASTILLO\system\Database\BaseConnection.php(729): CodeIgniter\Database\MySQLi\Connection->execute('SELECT `enrollm...')
#2 C:\xampp\htdocs\ITE311-CASTILLO\system\Database\BaseConnection.php(646): CodeIgniter\Database\BaseConnection->simpleQuery('SELECT `enrollm...')
#3 C:\xampp\htdocs\ITE311-CASTILLO\system\Database\BaseBuilder.php(1649): CodeIgniter\Database\BaseConnection->query('SELECT `enrollm...', Array, false)
#4 C:\xampp\htdocs\ITE311-CASTILLO\system\Model.php(286): CodeIgniter\Database\BaseBuilder->get()
#5 C:\xampp\htdocs\ITE311-CASTILLO\system\BaseModel.php(677): CodeIgniter\Model->doFindAll(0, 0)
#6 C:\xampp\htdocs\ITE311-CASTILLO\app\Models\EnrollmentModel.php(47): CodeIgniter\BaseModel->findAll()
#7 C:\xampp\htdocs\ITE311-CASTILLO\app\Controllers\Student\Enrollments.php(24): App\Models\EnrollmentModel->getUserEnrollments(35)
#8 C:\xampp\htdocs\ITE311-CASTILLO\system\CodeIgniter.php(933): App\Controllers\Student\Enrollments->index()
#9 C:\xampp\htdocs\ITE311-CASTILLO\system\CodeIgniter.php(507): CodeIgniter\CodeIgniter->runController(Object(App\Controllers\Student\Enrollments))
#10 C:\xampp\htdocs\ITE311-CASTILLO\system\CodeIgniter.php(354): CodeIgniter\CodeIgniter->handleRequest(NULL, Object(Config\Cache), false)
#11 C:\xampp\htdocs\ITE311-CASTILLO\system\Boot.php(363): CodeIgniter\CodeIgniter->run()
#12 C:\xampp\htdocs\ITE311-CASTILLO\system\Boot.php(68): CodeIgniter\Boot::runCodeIgniter(Object(CodeIgniter\CodeIgniter))
#13 C:\xampp\htdocs\ITE311-CASTILLO\public\index.php(70): CodeIgniter\Boot::bootWeb(Object(Config\Paths))
#14 C:\xampp\htdocs\ITE311-CASTILLO\system\rewrite.php(44): require_once('C:\\xampp\\htdocs...')
#15 {main}
CRITICAL - 2025-12-05 14:32:26 --> CodeIgniter\Database\Exceptions\DatabaseException: Unknown column 'enrollments.status' in 'where clause'
[Method: GET, Route: student/enrollments]
in SYSTEMPATH\Database\BaseConnection.php on line 684.
 1 SYSTEMPATH\Database\BaseBuilder.php(1649): CodeIgniter\Database\BaseConnection->query('SELECT `enrollments`.*, `courses`.`id` as `course_id`, `courses`.`title`, `courses`.`description`, `courses`.`course_number`, `enrollments`.`enrollment_date`
FROM `enrollments`
INNER JOIN `courses` ON `courses`.`id` = `enrollments`.`course_id`
WHERE `enrollments`.`user_id` = :enrollments.user_id:
AND `enrollments`.`status` = :enrollments.status:
AND `enrollment_date` >= :enrollment_date:
ORDER BY `enrollment_date` DESC', [...], false)
 2 SYSTEMPATH\Model.php(286): CodeIgniter\Database\BaseBuilder->get()
 3 SYSTEMPATH\BaseModel.php(677): CodeIgniter\Model->doFindAll(0, 0)
 4 APPPATH\Models\EnrollmentModel.php(47): CodeIgniter\BaseModel->findAll()
 5 APPPATH\Controllers\Student\Enrollments.php(24): App\Models\EnrollmentModel->getUserEnrollments(35)
 6 SYSTEMPATH\CodeIgniter.php(933): App\Controllers\Student\Enrollments->index()
 7 SYSTEMPATH\CodeIgniter.php(507): CodeIgniter\CodeIgniter->runController(Object(App\Controllers\Student\Enrollments))
 8 SYSTEMPATH\CodeIgniter.php(354): CodeIgniter\CodeIgniter->handleRequest(null, Object(Config\Cache), false)
 9 SYSTEMPATH\Boot.php(363): CodeIgniter\CodeIgniter->run()
10 SYSTEMPATH\Boot.php(68): CodeIgniter\Boot::runCodeIgniter(Object(CodeIgniter\CodeIgniter))
11 FCPATH\index.php(70): CodeIgniter\Boot::bootWeb(Object(Config\Paths))
12 SYSTEMPATH\rewrite.php(44): require_once('C:\\xampp\\htdocs\\ITE311-CASTILLO\\public\\index.php')
CRITICAL - 2025-12-05 14:32:26 --> [Caused by] CodeIgniter\Database\Exceptions\DatabaseException: Unknown column 'enrollments.status' in 'where clause'
in SYSTEMPATH\Database\MySQLi\Connection.php on line 332.
 1 SYSTEMPATH\Database\BaseConnection.php(729): CodeIgniter\Database\MySQLi\Connection->execute('SELECT `enrollments`.*, `courses`.`id` as `course_id`, `courses`.`title`, `courses`.`description`, `courses`.`course_number`, `enrollments`.`enrollment_date`
FROM `enrollments`
INNER JOIN `courses` ON `courses`.`id` = `enrollments`.`course_id`
WHERE `enrollments`.`user_id` = 35
AND `enrollments`.`status` = \'approved\'
AND `enrollment_date` >= \'2025-08-05 14:32:26\'
ORDER BY `enrollment_date` DESC')
 2 SYSTEMPATH\Database\BaseConnection.php(646): CodeIgniter\Database\BaseConnection->simpleQuery('SELECT `enrollments`.*, `courses`.`id` as `course_id`, `courses`.`title`, `courses`.`description`, `courses`.`course_number`, `enrollments`.`enrollment_date`
FROM `enrollments`
INNER JOIN `courses` ON `courses`.`id` = `enrollments`.`course_id`
WHERE `enrollments`.`user_id` = 35
AND `enrollments`.`status` = \'approved\'
AND `enrollment_date` >= \'2025-08-05 14:32:26\'
ORDER BY `enrollment_date` DESC')
 3 SYSTEMPATH\Database\BaseBuilder.php(1649): CodeIgniter\Database\BaseConnection->query('SELECT `enrollments`.*, `courses`.`id` as `course_id`, `courses`.`title`, `courses`.`description`, `courses`.`course_number`, `enrollments`.`enrollment_date`
FROM `enrollments`
INNER JOIN `courses` ON `courses`.`id` = `enrollments`.`course_id`
WHERE `enrollments`.`user_id` = :enrollments.user_id:
AND `enrollments`.`status` = :enrollments.status:
AND `enrollment_date` >= :enrollment_date:
ORDER BY `enrollment_date` DESC', [...], false)
 4 SYSTEMPATH\Model.php(286): CodeIgniter\Database\BaseBuilder->get()
 5 SYSTEMPATH\BaseModel.php(677): CodeIgniter\Model->doFindAll(0, 0)
 6 APPPATH\Models\EnrollmentModel.php(47): CodeIgniter\BaseModel->findAll()
 7 APPPATH\Controllers\Student\Enrollments.php(24): App\Models\EnrollmentModel->getUserEnrollments(35)
 8 SYSTEMPATH\CodeIgniter.php(933): App\Controllers\Student\Enrollments->index()
 9 SYSTEMPATH\CodeIgniter.php(507): CodeIgniter\CodeIgniter->runController(Object(App\Controllers\Student\Enrollments))
10 SYSTEMPATH\CodeIgniter.php(354): CodeIgniter\CodeIgniter->handleRequest(null, Object(Config\Cache), false)
11 SYSTEMPATH\Boot.php(363): CodeIgniter\CodeIgniter->run()
12 SYSTEMPATH\Boot.php(68): CodeIgniter\Boot::runCodeIgniter(Object(CodeIgniter\CodeIgniter))
13 FCPATH\index.php(70): CodeIgniter\Boot::bootWeb(Object(Config\Paths))
14 SYSTEMPATH\rewrite.php(44): require_once('C:\\xampp\\htdocs\\ITE311-CASTILLO\\public\\index.php')
CRITICAL - 2025-12-05 14:32:26 --> [Caused by] mysqli_sql_exception: Unknown column 'enrollments.status' in 'where clause'
in SYSTEMPATH\Database\MySQLi\Connection.php on line 327.
 1 SYSTEMPATH\Database\MySQLi\Connection.php(327): mysqli->query('SELECT `enrollments`.*, `courses`.`id` as `course_id`, `courses`.`title`, `courses`.`description`, `courses`.`course_number`, `enrollments`.`enrollment_date`
FROM `enrollments`
INNER JOIN `courses` ON `courses`.`id` = `enrollments`.`course_id`
WHERE `enrollments`.`user_id` = 35
AND `enrollments`.`status` = \'approved\'
AND `enrollment_date` >= \'2025-08-05 14:32:26\'
ORDER BY `enrollment_date` DESC', 0)
 2 SYSTEMPATH\Database\BaseConnection.php(729): CodeIgniter\Database\MySQLi\Connection->execute('SELECT `enrollments`.*, `courses`.`id` as `course_id`, `courses`.`title`, `courses`.`description`, `courses`.`course_number`, `enrollments`.`enrollment_date`
FROM `enrollments`
INNER JOIN `courses` ON `courses`.`id` = `enrollments`.`course_id`
WHERE `enrollments`.`user_id` = 35
AND `enrollments`.`status` = \'approved\'
AND `enrollment_date` >= \'2025-08-05 14:32:26\'
ORDER BY `enrollment_date` DESC')
 3 SYSTEMPATH\Database\BaseConnection.php(646): CodeIgniter\Database\BaseConnection->simpleQuery('SELECT `enrollments`.*, `courses`.`id` as `course_id`, `courses`.`title`, `courses`.`description`, `courses`.`course_number`, `enrollments`.`enrollment_date`
FROM `enrollments`
INNER JOIN `courses` ON `courses`.`id` = `enrollments`.`course_id`
WHERE `enrollments`.`user_id` = 35
AND `enrollments`.`status` = \'approved\'
AND `enrollment_date` >= \'2025-08-05 14:32:26\'
ORDER BY `enrollment_date` DESC')
 4 SYSTEMPATH\Database\BaseBuilder.php(1649): CodeIgniter\Database\BaseConnection->query('SELECT `enrollments`.*, `courses`.`id` as `course_id`, `courses`.`title`, `courses`.`description`, `courses`.`course_number`, `enrollments`.`enrollment_date`
FROM `enrollments`
INNER JOIN `courses` ON `courses`.`id` = `enrollments`.`course_id`
WHERE `enrollments`.`user_id` = :enrollments.user_id:
AND `enrollments`.`status` = :enrollments.status:
AND `enrollment_date` >= :enrollment_date:
ORDER BY `enrollment_date` DESC', [...], false)
 5 SYSTEMPATH\Model.php(286): CodeIgniter\Database\BaseBuilder->get()
 6 SYSTEMPATH\BaseModel.php(677): CodeIgniter\Model->doFindAll(0, 0)
 7 APPPATH\Models\EnrollmentModel.php(47): CodeIgniter\BaseModel->findAll()
 8 APPPATH\Controllers\Student\Enrollments.php(24): App\Models\EnrollmentModel->getUserEnrollments(35)
 9 SYSTEMPATH\CodeIgniter.php(933): App\Controllers\Student\Enrollments->index()
10 SYSTEMPATH\CodeIgniter.php(507): CodeIgniter\CodeIgniter->runController(Object(App\Controllers\Student\Enrollments))
11 SYSTEMPATH\CodeIgniter.php(354): CodeIgniter\CodeIgniter->handleRequest(null, Object(Config\Cache), false)
12 SYSTEMPATH\Boot.php(363): CodeIgniter\CodeIgniter->run()
13 SYSTEMPATH\Boot.php(68): CodeIgniter\Boot::runCodeIgniter(Object(CodeIgniter\CodeIgniter))
14 FCPATH\index.php(70): CodeIgniter\Boot::bootWeb(Object(Config\Paths))
15 SYSTEMPATH\rewrite.php(44): require_once('C:\\xampp\\htdocs\\ITE311-CASTILLO\\public\\index.php')
ERROR - 2025-12-05 14:32:26 --> mysqli_sql_exception: Unknown column 'enrollments.status' in 'where clause' in C:\xampp\htdocs\ITE311-CASTILLO\system\Database\MySQLi\Connection.php:327
Stack trace:
#0 C:\xampp\htdocs\ITE311-CASTILLO\system\Database\MySQLi\Connection.php(327): mysqli->query('SELECT `enrollm...', 0)
#1 C:\xampp\htdocs\ITE311-CASTILLO\system\Database\BaseConnection.php(729): CodeIgniter\Database\MySQLi\Connection->execute('SELECT `enrollm...')
#2 C:\xampp\htdocs\ITE311-CASTILLO\system\Database\BaseConnection.php(646): CodeIgniter\Database\BaseConnection->simpleQuery('SELECT `enrollm...')
#3 C:\xampp\htdocs\ITE311-CASTILLO\system\Database\BaseBuilder.php(1649): CodeIgniter\Database\BaseConnection->query('SELECT `enrollm...', Array, false)
#4 C:\xampp\htdocs\ITE311-CASTILLO\system\Model.php(286): CodeIgniter\Database\BaseBuilder->get()
#5 C:\xampp\htdocs\ITE311-CASTILLO\system\BaseModel.php(677): CodeIgniter\Model->doFindAll(0, 0)
#6 C:\xampp\htdocs\ITE311-CASTILLO\app\Models\EnrollmentModel.php(47): CodeIgniter\BaseModel->findAll()
#7 C:\xampp\htdocs\ITE311-CASTILLO\app\Controllers\Student\Enrollments.php(24): App\Models\EnrollmentModel->getUserEnrollments(35)
#8 C:\xampp\htdocs\ITE311-CASTILLO\system\CodeIgniter.php(933): App\Controllers\Student\Enrollments->index()
#9 C:\xampp\htdocs\ITE311-CASTILLO\system\CodeIgniter.php(507): CodeIgniter\CodeIgniter->runController(Object(App\Controllers\Student\Enrollments))
#10 C:\xampp\htdocs\ITE311-CASTILLO\system\CodeIgniter.php(354): CodeIgniter\CodeIgniter->handleRequest(NULL, Object(Config\Cache), false)
#11 C:\xampp\htdocs\ITE311-CASTILLO\system\Boot.php(363): CodeIgniter\CodeIgniter->run()
#12 C:\xampp\htdocs\ITE311-CASTILLO\system\Boot.php(68): CodeIgniter\Boot::runCodeIgniter(Object(CodeIgniter\CodeIgniter))
#13 C:\xampp\htdocs\ITE311-CASTILLO\public\index.php(70): CodeIgniter\Boot::bootWeb(Object(Config\Paths))
#14 C:\xampp\htdocs\ITE311-CASTILLO\system\rewrite.php(44): require_once('C:\\xampp\\htdocs...')
#15 {main}
CRITICAL - 2025-12-05 14:32:26 --> CodeIgniter\Database\Exceptions\DatabaseException: Unknown column 'enrollments.status' in 'where clause'
[Method: GET, Route: student/enrollments]
in SYSTEMPATH\Database\BaseConnection.php on line 684.
 1 SYSTEMPATH\Database\BaseBuilder.php(1649): CodeIgniter\Database\BaseConnection->query('SELECT `enrollments`.*, `courses`.`id` as `course_id`, `courses`.`title`, `courses`.`description`, `courses`.`course_number`, `enrollments`.`enrollment_date`
FROM `enrollments`
INNER JOIN `courses` ON `courses`.`id` = `enrollments`.`course_id`
WHERE `enrollments`.`user_id` = :enrollments.user_id:
AND `enrollments`.`status` = :enrollments.status:
AND `enrollment_date` >= :enrollment_date:
ORDER BY `enrollment_date` DESC', [...], false)
 2 SYSTEMPATH\Model.php(286): CodeIgniter\Database\BaseBuilder->get()
 3 SYSTEMPATH\BaseModel.php(677): CodeIgniter\Model->doFindAll(0, 0)
 4 APPPATH\Models\EnrollmentModel.php(47): CodeIgniter\BaseModel->findAll()
 5 APPPATH\Controllers\Student\Enrollments.php(24): App\Models\EnrollmentModel->getUserEnrollments(35)
 6 SYSTEMPATH\CodeIgniter.php(933): App\Controllers\Student\Enrollments->index()
 7 SYSTEMPATH\CodeIgniter.php(507): CodeIgniter\CodeIgniter->runController(Object(App\Controllers\Student\Enrollments))
 8 SYSTEMPATH\CodeIgniter.php(354): CodeIgniter\CodeIgniter->handleRequest(null, Object(Config\Cache), false)
 9 SYSTEMPATH\Boot.php(363): CodeIgniter\CodeIgniter->run()
10 SYSTEMPATH\Boot.php(68): CodeIgniter\Boot::runCodeIgniter(Object(CodeIgniter\CodeIgniter))
11 FCPATH\index.php(70): CodeIgniter\Boot::bootWeb(Object(Config\Paths))
12 SYSTEMPATH\rewrite.php(44): require_once('C:\\xampp\\htdocs\\ITE311-CASTILLO\\public\\index.php')
CRITICAL - 2025-12-05 14:32:26 --> [Caused by] CodeIgniter\Database\Exceptions\DatabaseException: Unknown column 'enrollments.status' in 'where clause'
in SYSTEMPATH\Database\MySQLi\Connection.php on line 332.
 1 SYSTEMPATH\Database\BaseConnection.php(729): CodeIgniter\Database\MySQLi\Connection->execute('SELECT `enrollments`.*, `courses`.`id` as `course_id`, `courses`.`title`, `courses`.`description`, `courses`.`course_number`, `enrollments`.`enrollment_date`
FROM `enrollments`
INNER JOIN `courses` ON `courses`.`id` = `enrollments`.`course_id`
WHERE `enrollments`.`user_id` = 35
AND `enrollments`.`status` = \'approved\'
AND `enrollment_date` >= \'2025-08-05 14:32:26\'
ORDER BY `enrollment_date` DESC')
 2 SYSTEMPATH\Database\BaseConnection.php(646): CodeIgniter\Database\BaseConnection->simpleQuery('SELECT `enrollments`.*, `courses`.`id` as `course_id`, `courses`.`title`, `courses`.`description`, `courses`.`course_number`, `enrollments`.`enrollment_date`
FROM `enrollments`
INNER JOIN `courses` ON `courses`.`id` = `enrollments`.`course_id`
WHERE `enrollments`.`user_id` = 35
AND `enrollments`.`status` = \'approved\'
AND `enrollment_date` >= \'2025-08-05 14:32:26\'
ORDER BY `enrollment_date` DESC')
 3 SYSTEMPATH\Database\BaseBuilder.php(1649): CodeIgniter\Database\BaseConnection->query('SELECT `enrollments`.*, `courses`.`id` as `course_id`, `courses`.`title`, `courses`.`description`, `courses`.`course_number`, `enrollments`.`enrollment_date`
FROM `enrollments`
INNER JOIN `courses` ON `courses`.`id` = `enrollments`.`course_id`
WHERE `enrollments`.`user_id` = :enrollments.user_id:
AND `enrollments`.`status` = :enrollments.status:
AND `enrollment_date` >= :enrollment_date:
ORDER BY `enrollment_date` DESC', [...], false)
 4 SYSTEMPATH\Model.php(286): CodeIgniter\Database\BaseBuilder->get()
 5 SYSTEMPATH\BaseModel.php(677): CodeIgniter\Model->doFindAll(0, 0)
 6 APPPATH\Models\EnrollmentModel.php(47): CodeIgniter\BaseModel->findAll()
 7 APPPATH\Controllers\Student\Enrollments.php(24): App\Models\EnrollmentModel->getUserEnrollments(35)
 8 SYSTEMPATH\CodeIgniter.php(933): App\Controllers\Student\Enrollments->index()
 9 SYSTEMPATH\CodeIgniter.php(507): CodeIgniter\CodeIgniter->runController(Object(App\Controllers\Student\Enrollments))
10 SYSTEMPATH\CodeIgniter.php(354): CodeIgniter\CodeIgniter->handleRequest(null, Object(Config\Cache), false)
11 SYSTEMPATH\Boot.php(363): CodeIgniter\CodeIgniter->run()
12 SYSTEMPATH\Boot.php(68): CodeIgniter\Boot::runCodeIgniter(Object(CodeIgniter\CodeIgniter))
13 FCPATH\index.php(70): CodeIgniter\Boot::bootWeb(Object(Config\Paths))
14 SYSTEMPATH\rewrite.php(44): require_once('C:\\xampp\\htdocs\\ITE311-CASTILLO\\public\\index.php')
CRITICAL - 2025-12-05 14:32:26 --> [Caused by] mysqli_sql_exception: Unknown column 'enrollments.status' in 'where clause'
in SYSTEMPATH\Database\MySQLi\Connection.php on line 327.
 1 SYSTEMPATH\Database\MySQLi\Connection.php(327): mysqli->query('SELECT `enrollments`.*, `courses`.`id` as `course_id`, `courses`.`title`, `courses`.`description`, `courses`.`course_number`, `enrollments`.`enrollment_date`
FROM `enrollments`
INNER JOIN `courses` ON `courses`.`id` = `enrollments`.`course_id`
WHERE `enrollments`.`user_id` = 35
AND `enrollments`.`status` = \'approved\'
AND `enrollment_date` >= \'2025-08-05 14:32:26\'
ORDER BY `enrollment_date` DESC', 0)
 2 SYSTEMPATH\Database\BaseConnection.php(729): CodeIgniter\Database\MySQLi\Connection->execute('SELECT `enrollments`.*, `courses`.`id` as `course_id`, `courses`.`title`, `courses`.`description`, `courses`.`course_number`, `enrollments`.`enrollment_date`
FROM `enrollments`
INNER JOIN `courses` ON `courses`.`id` = `enrollments`.`course_id`
WHERE `enrollments`.`user_id` = 35
AND `enrollments`.`status` = \'approved\'
AND `enrollment_date` >= \'2025-08-05 14:32:26\'
ORDER BY `enrollment_date` DESC')
 3 SYSTEMPATH\Database\BaseConnection.php(646): CodeIgniter\Database\BaseConnection->simpleQuery('SELECT `enrollments`.*, `courses`.`id` as `course_id`, `courses`.`title`, `courses`.`description`, `courses`.`course_number`, `enrollments`.`enrollment_date`
FROM `enrollments`
INNER JOIN `courses` ON `courses`.`id` = `enrollments`.`course_id`
WHERE `enrollments`.`user_id` = 35
AND `enrollments`.`status` = \'approved\'
AND `enrollment_date` >= \'2025-08-05 14:32:26\'
ORDER BY `enrollment_date` DESC')
 4 SYSTEMPATH\Database\BaseBuilder.php(1649): CodeIgniter\Database\BaseConnection->query('SELECT `enrollments`.*, `courses`.`id` as `course_id`, `courses`.`title`, `courses`.`description`, `courses`.`course_number`, `enrollments`.`enrollment_date`
FROM `enrollments`
INNER JOIN `courses` ON `courses`.`id` = `enrollments`.`course_id`
WHERE `enrollments`.`user_id` = :enrollments.user_id:
AND `enrollments`.`status` = :enrollments.status:
AND `enrollment_date` >= :enrollment_date:
ORDER BY `enrollment_date` DESC', [...], false)
 5 SYSTEMPATH\Model.php(286): CodeIgniter\Database\BaseBuilder->get()
 6 SYSTEMPATH\BaseModel.php(677): CodeIgniter\Model->doFindAll(0, 0)
 7 APPPATH\Models\EnrollmentModel.php(47): CodeIgniter\BaseModel->findAll()
 8 APPPATH\Controllers\Student\Enrollments.php(24): App\Models\EnrollmentModel->getUserEnrollments(35)
 9 SYSTEMPATH\CodeIgniter.php(933): App\Controllers\Student\Enrollments->index()
10 SYSTEMPATH\CodeIgniter.php(507): CodeIgniter\CodeIgniter->runController(Object(App\Controllers\Student\Enrollments))
11 SYSTEMPATH\CodeIgniter.php(354): CodeIgniter\CodeIgniter->handleRequest(null, Object(Config\Cache), false)
12 SYSTEMPATH\Boot.php(363): CodeIgniter\CodeIgniter->run()
13 SYSTEMPATH\Boot.php(68): CodeIgniter\Boot::runCodeIgniter(Object(CodeIgniter\CodeIgniter))
14 FCPATH\index.php(70): CodeIgniter\Boot::bootWeb(Object(Config\Paths))
15 SYSTEMPATH\rewrite.php(44): require_once('C:\\xampp\\htdocs\\ITE311-CASTILLO\\public\\index.php')
ERROR - 2025-12-05 14:32:26 --> mysqli_sql_exception: Unknown column 'enrollments.status' in 'where clause' in C:\xampp\htdocs\ITE311-CASTILLO\system\Database\MySQLi\Connection.php:327
Stack trace:
#0 C:\xampp\htdocs\ITE311-CASTILLO\system\Database\MySQLi\Connection.php(327): mysqli->query('SELECT `enrollm...', 0)
#1 C:\xampp\htdocs\ITE311-CASTILLO\system\Database\BaseConnection.php(729): CodeIgniter\Database\MySQLi\Connection->execute('SELECT `enrollm...')
#2 C:\xampp\htdocs\ITE311-CASTILLO\system\Database\BaseConnection.php(646): CodeIgniter\Database\BaseConnection->simpleQuery('SELECT `enrollm...')
#3 C:\xampp\htdocs\ITE311-CASTILLO\system\Database\BaseBuilder.php(1649): CodeIgniter\Database\BaseConnection->query('SELECT `enrollm...', Array, false)
#4 C:\xampp\htdocs\ITE311-CASTILLO\system\Model.php(286): CodeIgniter\Database\BaseBuilder->get()
#5 C:\xampp\htdocs\ITE311-CASTILLO\system\BaseModel.php(677): CodeIgniter\Model->doFindAll(0, 0)
#6 C:\xampp\htdocs\ITE311-CASTILLO\app\Models\EnrollmentModel.php(47): CodeIgniter\BaseModel->findAll()
#7 C:\xampp\htdocs\ITE311-CASTILLO\app\Controllers\Student\Enrollments.php(24): App\Models\EnrollmentModel->getUserEnrollments(35)
#8 C:\xampp\htdocs\ITE311-CASTILLO\system\CodeIgniter.php(933): App\Controllers\Student\Enrollments->index()
#9 C:\xampp\htdocs\ITE311-CASTILLO\system\CodeIgniter.php(507): CodeIgniter\CodeIgniter->runController(Object(App\Controllers\Student\Enrollments))
#10 C:\xampp\htdocs\ITE311-CASTILLO\system\CodeIgniter.php(354): CodeIgniter\CodeIgniter->handleRequest(NULL, Object(Config\Cache), false)
#11 C:\xampp\htdocs\ITE311-CASTILLO\system\Boot.php(363): CodeIgniter\CodeIgniter->run()
#12 C:\xampp\htdocs\ITE311-CASTILLO\system\Boot.php(68): CodeIgniter\Boot::runCodeIgniter(Object(CodeIgniter\CodeIgniter))
#13 C:\xampp\htdocs\ITE311-CASTILLO\public\index.php(70): CodeIgniter\Boot::bootWeb(Object(Config\Paths))
#14 C:\xampp\htdocs\ITE311-CASTILLO\system\rewrite.php(44): require_once('C:\\xampp\\htdocs...')
#15 {main}
CRITICAL - 2025-12-05 14:32:26 --> CodeIgniter\Database\Exceptions\DatabaseException: Unknown column 'enrollments.status' in 'where clause'
[Method: GET, Route: student/enrollments]
in SYSTEMPATH\Database\BaseConnection.php on line 684.
 1 SYSTEMPATH\Database\BaseBuilder.php(1649): CodeIgniter\Database\BaseConnection->query('SELECT `enrollments`.*, `courses`.`id` as `course_id`, `courses`.`title`, `courses`.`description`, `courses`.`course_number`, `enrollments`.`enrollment_date`
FROM `enrollments`
INNER JOIN `courses` ON `courses`.`id` = `enrollments`.`course_id`
WHERE `enrollments`.`user_id` = :enrollments.user_id:
AND `enrollments`.`status` = :enrollments.status:
AND `enrollment_date` >= :enrollment_date:
ORDER BY `enrollment_date` DESC', [...], false)
 2 SYSTEMPATH\Model.php(286): CodeIgniter\Database\BaseBuilder->get()
 3 SYSTEMPATH\BaseModel.php(677): CodeIgniter\Model->doFindAll(0, 0)
 4 APPPATH\Models\EnrollmentModel.php(47): CodeIgniter\BaseModel->findAll()
 5 APPPATH\Controllers\Student\Enrollments.php(24): App\Models\EnrollmentModel->getUserEnrollments(35)
 6 SYSTEMPATH\CodeIgniter.php(933): App\Controllers\Student\Enrollments->index()
 7 SYSTEMPATH\CodeIgniter.php(507): CodeIgniter\CodeIgniter->runController(Object(App\Controllers\Student\Enrollments))
 8 SYSTEMPATH\CodeIgniter.php(354): CodeIgniter\CodeIgniter->handleRequest(null, Object(Config\Cache), false)
 9 SYSTEMPATH\Boot.php(363): CodeIgniter\CodeIgniter->run()
10 SYSTEMPATH\Boot.php(68): CodeIgniter\Boot::runCodeIgniter(Object(CodeIgniter\CodeIgniter))
11 FCPATH\index.php(70): CodeIgniter\Boot::bootWeb(Object(Config\Paths))
12 SYSTEMPATH\rewrite.php(44): require_once('C:\\xampp\\htdocs\\ITE311-CASTILLO\\public\\index.php')
CRITICAL - 2025-12-05 14:32:26 --> [Caused by] CodeIgniter\Database\Exceptions\DatabaseException: Unknown column 'enrollments.status' in 'where clause'
in SYSTEMPATH\Database\MySQLi\Connection.php on line 332.
 1 SYSTEMPATH\Database\BaseConnection.php(729): CodeIgniter\Database\MySQLi\Connection->execute('SELECT `enrollments`.*, `courses`.`id` as `course_id`, `courses`.`title`, `courses`.`description`, `courses`.`course_number`, `enrollments`.`enrollment_date`
FROM `enrollments`
INNER JOIN `courses` ON `courses`.`id` = `enrollments`.`course_id`
WHERE `enrollments`.`user_id` = 35
AND `enrollments`.`status` = \'approved\'
AND `enrollment_date` >= \'2025-08-05 14:32:26\'
ORDER BY `enrollment_date` DESC')
 2 SYSTEMPATH\Database\BaseConnection.php(646): CodeIgniter\Database\BaseConnection->simpleQuery('SELECT `enrollments`.*, `courses`.`id` as `course_id`, `courses`.`title`, `courses`.`description`, `courses`.`course_number`, `enrollments`.`enrollment_date`
FROM `enrollments`
INNER JOIN `courses` ON `courses`.`id` = `enrollments`.`course_id`
WHERE `enrollments`.`user_id` = 35
AND `enrollments`.`status` = \'approved\'
AND `enrollment_date` >= \'2025-08-05 14:32:26\'
ORDER BY `enrollment_date` DESC')
 3 SYSTEMPATH\Database\BaseBuilder.php(1649): CodeIgniter\Database\BaseConnection->query('SELECT `enrollments`.*, `courses`.`id` as `course_id`, `courses`.`title`, `courses`.`description`, `courses`.`course_number`, `enrollments`.`enrollment_date`
FROM `enrollments`
INNER JOIN `courses` ON `courses`.`id` = `enrollments`.`course_id`
WHERE `enrollments`.`user_id` = :enrollments.user_id:
AND `enrollments`.`status` = :enrollments.status:
AND `enrollment_date` >= :enrollment_date:
ORDER BY `enrollment_date` DESC', [...], false)
 4 SYSTEMPATH\Model.php(286): CodeIgniter\Database\BaseBuilder->get()
 5 SYSTEMPATH\BaseModel.php(677): CodeIgniter\Model->doFindAll(0, 0)
 6 APPPATH\Models\EnrollmentModel.php(47): CodeIgniter\BaseModel->findAll()
 7 APPPATH\Controllers\Student\Enrollments.php(24): App\Models\EnrollmentModel->getUserEnrollments(35)
 8 SYSTEMPATH\CodeIgniter.php(933): App\Controllers\Student\Enrollments->index()
 9 SYSTEMPATH\CodeIgniter.php(507): CodeIgniter\CodeIgniter->runController(Object(App\Controllers\Student\Enrollments))
10 SYSTEMPATH\CodeIgniter.php(354): CodeIgniter\CodeIgniter->handleRequest(null, Object(Config\Cache), false)
11 SYSTEMPATH\Boot.php(363): CodeIgniter\CodeIgniter->run()
12 SYSTEMPATH\Boot.php(68): CodeIgniter\Boot::runCodeIgniter(Object(CodeIgniter\CodeIgniter))
13 FCPATH\index.php(70): CodeIgniter\Boot::bootWeb(Object(Config\Paths))
14 SYSTEMPATH\rewrite.php(44): require_once('C:\\xampp\\htdocs\\ITE311-CASTILLO\\public\\index.php')
CRITICAL - 2025-12-05 14:32:26 --> [Caused by] mysqli_sql_exception: Unknown column 'enrollments.status' in 'where clause'
in SYSTEMPATH\Database\MySQLi\Connection.php on line 327.
 1 SYSTEMPATH\Database\MySQLi\Connection.php(327): mysqli->query('SELECT `enrollments`.*, `courses`.`id` as `course_id`, `courses`.`title`, `courses`.`description`, `courses`.`course_number`, `enrollments`.`enrollment_date`
FROM `enrollments`
INNER JOIN `courses` ON `courses`.`id` = `enrollments`.`course_id`
WHERE `enrollments`.`user_id` = 35
AND `enrollments`.`status` = \'approved\'
AND `enrollment_date` >= \'2025-08-05 14:32:26\'
ORDER BY `enrollment_date` DESC', 0)
 2 SYSTEMPATH\Database\BaseConnection.php(729): CodeIgniter\Database\MySQLi\Connection->execute('SELECT `enrollments`.*, `courses`.`id` as `course_id`, `courses`.`title`, `courses`.`description`, `courses`.`course_number`, `enrollments`.`enrollment_date`
FROM `enrollments`
INNER JOIN `courses` ON `courses`.`id` = `enrollments`.`course_id`
WHERE `enrollments`.`user_id` = 35
AND `enrollments`.`status` = \'approved\'
AND `enrollment_date` >= \'2025-08-05 14:32:26\'
ORDER BY `enrollment_date` DESC')
 3 SYSTEMPATH\Database\BaseConnection.php(646): CodeIgniter\Database\BaseConnection->simpleQuery('SELECT `enrollments`.*, `courses`.`id` as `course_id`, `courses`.`title`, `courses`.`description`, `courses`.`course_number`, `enrollments`.`enrollment_date`
FROM `enrollments`
INNER JOIN `courses` ON `courses`.`id` = `enrollments`.`course_id`
WHERE `enrollments`.`user_id` = 35
AND `enrollments`.`status` = \'approved\'
AND `enrollment_date` >= \'2025-08-05 14:32:26\'
ORDER BY `enrollment_date` DESC')
 4 SYSTEMPATH\Database\BaseBuilder.php(1649): CodeIgniter\Database\BaseConnection->query('SELECT `enrollments`.*, `courses`.`id` as `course_id`, `courses`.`title`, `courses`.`description`, `courses`.`course_number`, `enrollments`.`enrollment_date`
FROM `enrollments`
INNER JOIN `courses` ON `courses`.`id` = `enrollments`.`course_id`
WHERE `enrollments`.`user_id` = :enrollments.user_id:
AND `enrollments`.`status` = :enrollments.status:
AND `enrollment_date` >= :enrollment_date:
ORDER BY `enrollment_date` DESC', [...], false)
 5 SYSTEMPATH\Model.php(286): CodeIgniter\Database\BaseBuilder->get()
 6 SYSTEMPATH\BaseModel.php(677): CodeIgniter\Model->doFindAll(0, 0)
 7 APPPATH\Models\EnrollmentModel.php(47): CodeIgniter\BaseModel->findAll()
 8 APPPATH\Controllers\Student\Enrollments.php(24): App\Models\EnrollmentModel->getUserEnrollments(35)
 9 SYSTEMPATH\CodeIgniter.php(933): App\Controllers\Student\Enrollments->index()
10 SYSTEMPATH\CodeIgniter.php(507): CodeIgniter\CodeIgniter->runController(Object(App\Controllers\Student\Enrollments))
11 SYSTEMPATH\CodeIgniter.php(354): CodeIgniter\CodeIgniter->handleRequest(null, Object(Config\Cache), false)
12 SYSTEMPATH\Boot.php(363): CodeIgniter\CodeIgniter->run()
13 SYSTEMPATH\Boot.php(68): CodeIgniter\Boot::runCodeIgniter(Object(CodeIgniter\CodeIgniter))
14 FCPATH\index.php(70): CodeIgniter\Boot::bootWeb(Object(Config\Paths))
15 SYSTEMPATH\rewrite.php(44): require_once('C:\\xampp\\htdocs\\ITE311-CASTILLO\\public\\index.php')
ERROR - 2025-12-05 14:32:26 --> mysqli_sql_exception: Unknown column 'enrollments.status' in 'where clause' in C:\xampp\htdocs\ITE311-CASTILLO\system\Database\MySQLi\Connection.php:327
Stack trace:
#0 C:\xampp\htdocs\ITE311-CASTILLO\system\Database\MySQLi\Connection.php(327): mysqli->query('SELECT `enrollm...', 0)
#1 C:\xampp\htdocs\ITE311-CASTILLO\system\Database\BaseConnection.php(729): CodeIgniter\Database\MySQLi\Connection->execute('SELECT `enrollm...')
#2 C:\xampp\htdocs\ITE311-CASTILLO\system\Database\BaseConnection.php(646): CodeIgniter\Database\BaseConnection->simpleQuery('SELECT `enrollm...')
#3 C:\xampp\htdocs\ITE311-CASTILLO\system\Database\BaseBuilder.php(1649): CodeIgniter\Database\BaseConnection->query('SELECT `enrollm...', Array, false)
#4 C:\xampp\htdocs\ITE311-CASTILLO\system\Model.php(286): CodeIgniter\Database\BaseBuilder->get()
#5 C:\xampp\htdocs\ITE311-CASTILLO\system\BaseModel.php(677): CodeIgniter\Model->doFindAll(0, 0)
#6 C:\xampp\htdocs\ITE311-CASTILLO\app\Models\EnrollmentModel.php(47): CodeIgniter\BaseModel->findAll()
#7 C:\xampp\htdocs\ITE311-CASTILLO\app\Controllers\Student\Enrollments.php(24): App\Models\EnrollmentModel->getUserEnrollments(35)
#8 C:\xampp\htdocs\ITE311-CASTILLO\system\CodeIgniter.php(933): App\Controllers\Student\Enrollments->index()
#9 C:\xampp\htdocs\ITE311-CASTILLO\system\CodeIgniter.php(507): CodeIgniter\CodeIgniter->runController(Object(App\Controllers\Student\Enrollments))
#10 C:\xampp\htdocs\ITE311-CASTILLO\system\CodeIgniter.php(354): CodeIgniter\CodeIgniter->handleRequest(NULL, Object(Config\Cache), false)
#11 C:\xampp\htdocs\ITE311-CASTILLO\system\Boot.php(363): CodeIgniter\CodeIgniter->run()
#12 C:\xampp\htdocs\ITE311-CASTILLO\system\Boot.php(68): CodeIgniter\Boot::runCodeIgniter(Object(CodeIgniter\CodeIgniter))
#13 C:\xampp\htdocs\ITE311-CASTILLO\public\index.php(70): CodeIgniter\Boot::bootWeb(Object(Config\Paths))
#14 C:\xampp\htdocs\ITE311-CASTILLO\system\rewrite.php(44): require_once('C:\\xampp\\htdocs...')
#15 {main}
CRITICAL - 2025-12-05 14:32:26 --> CodeIgniter\Database\Exceptions\DatabaseException: Unknown column 'enrollments.status' in 'where clause'
[Method: GET, Route: student/enrollments]
in SYSTEMPATH\Database\BaseConnection.php on line 684.
 1 SYSTEMPATH\Database\BaseBuilder.php(1649): CodeIgniter\Database\BaseConnection->query('SELECT `enrollments`.*, `courses`.`id` as `course_id`, `courses`.`title`, `courses`.`description`, `courses`.`course_number`, `enrollments`.`enrollment_date`
FROM `enrollments`
INNER JOIN `courses` ON `courses`.`id` = `enrollments`.`course_id`
WHERE `enrollments`.`user_id` = :enrollments.user_id:
AND `enrollments`.`status` = :enrollments.status:
AND `enrollment_date` >= :enrollment_date:
ORDER BY `enrollment_date` DESC', [...], false)
 2 SYSTEMPATH\Model.php(286): CodeIgniter\Database\BaseBuilder->get()
 3 SYSTEMPATH\BaseModel.php(677): CodeIgniter\Model->doFindAll(0, 0)
 4 APPPATH\Models\EnrollmentModel.php(47): CodeIgniter\BaseModel->findAll()
 5 APPPATH\Controllers\Student\Enrollments.php(24): App\Models\EnrollmentModel->getUserEnrollments(35)
 6 SYSTEMPATH\CodeIgniter.php(933): App\Controllers\Student\Enrollments->index()
 7 SYSTEMPATH\CodeIgniter.php(507): CodeIgniter\CodeIgniter->runController(Object(App\Controllers\Student\Enrollments))
 8 SYSTEMPATH\CodeIgniter.php(354): CodeIgniter\CodeIgniter->handleRequest(null, Object(Config\Cache), false)
 9 SYSTEMPATH\Boot.php(363): CodeIgniter\CodeIgniter->run()
10 SYSTEMPATH\Boot.php(68): CodeIgniter\Boot::runCodeIgniter(Object(CodeIgniter\CodeIgniter))
11 FCPATH\index.php(70): CodeIgniter\Boot::bootWeb(Object(Config\Paths))
12 SYSTEMPATH\rewrite.php(44): require_once('C:\\xampp\\htdocs\\ITE311-CASTILLO\\public\\index.php')
CRITICAL - 2025-12-05 14:32:26 --> [Caused by] CodeIgniter\Database\Exceptions\DatabaseException: Unknown column 'enrollments.status' in 'where clause'
in SYSTEMPATH\Database\MySQLi\Connection.php on line 332.
 1 SYSTEMPATH\Database\BaseConnection.php(729): CodeIgniter\Database\MySQLi\Connection->execute('SELECT `enrollments`.*, `courses`.`id` as `course_id`, `courses`.`title`, `courses`.`description`, `courses`.`course_number`, `enrollments`.`enrollment_date`
FROM `enrollments`
INNER JOIN `courses` ON `courses`.`id` = `enrollments`.`course_id`
WHERE `enrollments`.`user_id` = 35
AND `enrollments`.`status` = \'approved\'
AND `enrollment_date` >= \'2025-08-05 14:32:26\'
ORDER BY `enrollment_date` DESC')
 2 SYSTEMPATH\Database\BaseConnection.php(646): CodeIgniter\Database\BaseConnection->simpleQuery('SELECT `enrollments`.*, `courses`.`id` as `course_id`, `courses`.`title`, `courses`.`description`, `courses`.`course_number`, `enrollments`.`enrollment_date`
FROM `enrollments`
INNER JOIN `courses` ON `courses`.`id` = `enrollments`.`course_id`
WHERE `enrollments`.`user_id` = 35
AND `enrollments`.`status` = \'approved\'
AND `enrollment_date` >= \'2025-08-05 14:32:26\'
ORDER BY `enrollment_date` DESC')
 3 SYSTEMPATH\Database\BaseBuilder.php(1649): CodeIgniter\Database\BaseConnection->query('SELECT `enrollments`.*, `courses`.`id` as `course_id`, `courses`.`title`, `courses`.`description`, `courses`.`course_number`, `enrollments`.`enrollment_date`
FROM `enrollments`
INNER JOIN `courses` ON `courses`.`id` = `enrollments`.`course_id`
WHERE `enrollments`.`user_id` = :enrollments.user_id:
AND `enrollments`.`status` = :enrollments.status:
AND `enrollment_date` >= :enrollment_date:
ORDER BY `enrollment_date` DESC', [...], false)
 4 SYSTEMPATH\Model.php(286): CodeIgniter\Database\BaseBuilder->get()
 5 SYSTEMPATH\BaseModel.php(677): CodeIgniter\Model->doFindAll(0, 0)
 6 APPPATH\Models\EnrollmentModel.php(47): CodeIgniter\BaseModel->findAll()
 7 APPPATH\Controllers\Student\Enrollments.php(24): App\Models\EnrollmentModel->getUserEnrollments(35)
 8 SYSTEMPATH\CodeIgniter.php(933): App\Controllers\Student\Enrollments->index()
 9 SYSTEMPATH\CodeIgniter.php(507): CodeIgniter\CodeIgniter->runController(Object(App\Controllers\Student\Enrollments))
10 SYSTEMPATH\CodeIgniter.php(354): CodeIgniter\CodeIgniter->handleRequest(null, Object(Config\Cache), false)
11 SYSTEMPATH\Boot.php(363): CodeIgniter\CodeIgniter->run()
12 SYSTEMPATH\Boot.php(68): CodeIgniter\Boot::runCodeIgniter(Object(CodeIgniter\CodeIgniter))
13 FCPATH\index.php(70): CodeIgniter\Boot::bootWeb(Object(Config\Paths))
14 SYSTEMPATH\rewrite.php(44): require_once('C:\\xampp\\htdocs\\ITE311-CASTILLO\\public\\index.php')
CRITICAL - 2025-12-05 14:32:26 --> [Caused by] mysqli_sql_exception: Unknown column 'enrollments.status' in 'where clause'
in SYSTEMPATH\Database\MySQLi\Connection.php on line 327.
 1 SYSTEMPATH\Database\MySQLi\Connection.php(327): mysqli->query('SELECT `enrollments`.*, `courses`.`id` as `course_id`, `courses`.`title`, `courses`.`description`, `courses`.`course_number`, `enrollments`.`enrollment_date`
FROM `enrollments`
INNER JOIN `courses` ON `courses`.`id` = `enrollments`.`course_id`
WHERE `enrollments`.`user_id` = 35
AND `enrollments`.`status` = \'approved\'
AND `enrollment_date` >= \'2025-08-05 14:32:26\'
ORDER BY `enrollment_date` DESC', 0)
 2 SYSTEMPATH\Database\BaseConnection.php(729): CodeIgniter\Database\MySQLi\Connection->execute('SELECT `enrollments`.*, `courses`.`id` as `course_id`, `courses`.`title`, `courses`.`description`, `courses`.`course_number`, `enrollments`.`enrollment_date`
FROM `enrollments`
INNER JOIN `courses` ON `courses`.`id` = `enrollments`.`course_id`
WHERE `enrollments`.`user_id` = 35
AND `enrollments`.`status` = \'approved\'
AND `enrollment_date` >= \'2025-08-05 14:32:26\'
ORDER BY `enrollment_date` DESC')
 3 SYSTEMPATH\Database\BaseConnection.php(646): CodeIgniter\Database\BaseConnection->simpleQuery('SELECT `enrollments`.*, `courses`.`id` as `course_id`, `courses`.`title`, `courses`.`description`, `courses`.`course_number`, `enrollments`.`enrollment_date`
FROM `enrollments`
INNER JOIN `courses` ON `courses`.`id` = `enrollments`.`course_id`
WHERE `enrollments`.`user_id` = 35
AND `enrollments`.`status` = \'approved\'
AND `enrollment_date` >= \'2025-08-05 14:32:26\'
ORDER BY `enrollment_date` DESC')
 4 SYSTEMPATH\Database\BaseBuilder.php(1649): CodeIgniter\Database\BaseConnection->query('SELECT `enrollments`.*, `courses`.`id` as `course_id`, `courses`.`title`, `courses`.`description`, `courses`.`course_number`, `enrollments`.`enrollment_date`
FROM `enrollments`
INNER JOIN `courses` ON `courses`.`id` = `enrollments`.`course_id`
WHERE `enrollments`.`user_id` = :enrollments.user_id:
AND `enrollments`.`status` = :enrollments.status:
AND `enrollment_date` >= :enrollment_date:
ORDER BY `enrollment_date` DESC', [...], false)
 5 SYSTEMPATH\Model.php(286): CodeIgniter\Database\BaseBuilder->get()
 6 SYSTEMPATH\BaseModel.php(677): CodeIgniter\Model->doFindAll(0, 0)
 7 APPPATH\Models\EnrollmentModel.php(47): CodeIgniter\BaseModel->findAll()
 8 APPPATH\Controllers\Student\Enrollments.php(24): App\Models\EnrollmentModel->getUserEnrollments(35)
 9 SYSTEMPATH\CodeIgniter.php(933): App\Controllers\Student\Enrollments->index()
10 SYSTEMPATH\CodeIgniter.php(507): CodeIgniter\CodeIgniter->runController(Object(App\Controllers\Student\Enrollments))
11 SYSTEMPATH\CodeIgniter.php(354): CodeIgniter\CodeIgniter->handleRequest(null, Object(Config\Cache), false)
12 SYSTEMPATH\Boot.php(363): CodeIgniter\CodeIgniter->run()
13 SYSTEMPATH\Boot.php(68): CodeIgniter\Boot::runCodeIgniter(Object(CodeIgniter\CodeIgniter))
14 FCPATH\index.php(70): CodeIgniter\Boot::bootWeb(Object(Config\Paths))
15 SYSTEMPATH\rewrite.php(44): require_once('C:\\xampp\\htdocs\\ITE311-CASTILLO\\public\\index.php')
ERROR - 2025-12-05 14:32:26 --> mysqli_sql_exception: Unknown column 'enrollments.status' in 'where clause' in C:\xampp\htdocs\ITE311-CASTILLO\system\Database\MySQLi\Connection.php:327
Stack trace:
#0 C:\xampp\htdocs\ITE311-CASTILLO\system\Database\MySQLi\Connection.php(327): mysqli->query('SELECT `enrollm...', 0)
#1 C:\xampp\htdocs\ITE311-CASTILLO\system\Database\BaseConnection.php(729): CodeIgniter\Database\MySQLi\Connection->execute('SELECT `enrollm...')
#2 C:\xampp\htdocs\ITE311-CASTILLO\system\Database\BaseConnection.php(646): CodeIgniter\Database\BaseConnection->simpleQuery('SELECT `enrollm...')
#3 C:\xampp\htdocs\ITE311-CASTILLO\system\Database\BaseBuilder.php(1649): CodeIgniter\Database\BaseConnection->query('SELECT `enrollm...', Array, false)
#4 C:\xampp\htdocs\ITE311-CASTILLO\system\Model.php(286): CodeIgniter\Database\BaseBuilder->get()
#5 C:\xampp\htdocs\ITE311-CASTILLO\system\BaseModel.php(677): CodeIgniter\Model->doFindAll(0, 0)
#6 C:\xampp\htdocs\ITE311-CASTILLO\app\Models\EnrollmentModel.php(47): CodeIgniter\BaseModel->findAll()
#7 C:\xampp\htdocs\ITE311-CASTILLO\app\Controllers\Student\Enrollments.php(24): App\Models\EnrollmentModel->getUserEnrollments(35)
#8 C:\xampp\htdocs\ITE311-CASTILLO\system\CodeIgniter.php(933): App\Controllers\Student\Enrollments->index()
#9 C:\xampp\htdocs\ITE311-CASTILLO\system\CodeIgniter.php(507): CodeIgniter\CodeIgniter->runController(Object(App\Controllers\Student\Enrollments))
#10 C:\xampp\htdocs\ITE311-CASTILLO\system\CodeIgniter.php(354): CodeIgniter\CodeIgniter->handleRequest(NULL, Object(Config\Cache), false)
#11 C:\xampp\htdocs\ITE311-CASTILLO\system\Boot.php(363): CodeIgniter\CodeIgniter->run()
#12 C:\xampp\htdocs\ITE311-CASTILLO\system\Boot.php(68): CodeIgniter\Boot::runCodeIgniter(Object(CodeIgniter\CodeIgniter))
#13 C:\xampp\htdocs\ITE311-CASTILLO\public\index.php(70): CodeIgniter\Boot::bootWeb(Object(Config\Paths))
#14 C:\xampp\htdocs\ITE311-CASTILLO\system\rewrite.php(44): require_once('C:\\xampp\\htdocs...')
#15 {main}
CRITICAL - 2025-12-05 14:32:26 --> CodeIgniter\Database\Exceptions\DatabaseException: Unknown column 'enrollments.status' in 'where clause'
[Method: GET, Route: student/enrollments]
in SYSTEMPATH\Database\BaseConnection.php on line 684.
 1 SYSTEMPATH\Database\BaseBuilder.php(1649): CodeIgniter\Database\BaseConnection->query('SELECT `enrollments`.*, `courses`.`id` as `course_id`, `courses`.`title`, `courses`.`description`, `courses`.`course_number`, `enrollments`.`enrollment_date`
FROM `enrollments`
INNER JOIN `courses` ON `courses`.`id` = `enrollments`.`course_id`
WHERE `enrollments`.`user_id` = :enrollments.user_id:
AND `enrollments`.`status` = :enrollments.status:
AND `enrollment_date` >= :enrollment_date:
ORDER BY `enrollment_date` DESC', [...], false)
 2 SYSTEMPATH\Model.php(286): CodeIgniter\Database\BaseBuilder->get()
 3 SYSTEMPATH\BaseModel.php(677): CodeIgniter\Model->doFindAll(0, 0)
 4 APPPATH\Models\EnrollmentModel.php(47): CodeIgniter\BaseModel->findAll()
 5 APPPATH\Controllers\Student\Enrollments.php(24): App\Models\EnrollmentModel->getUserEnrollments(35)
 6 SYSTEMPATH\CodeIgniter.php(933): App\Controllers\Student\Enrollments->index()
 7 SYSTEMPATH\CodeIgniter.php(507): CodeIgniter\CodeIgniter->runController(Object(App\Controllers\Student\Enrollments))
 8 SYSTEMPATH\CodeIgniter.php(354): CodeIgniter\CodeIgniter->handleRequest(null, Object(Config\Cache), false)
 9 SYSTEMPATH\Boot.php(363): CodeIgniter\CodeIgniter->run()
10 SYSTEMPATH\Boot.php(68): CodeIgniter\Boot::runCodeIgniter(Object(CodeIgniter\CodeIgniter))
11 FCPATH\index.php(70): CodeIgniter\Boot::bootWeb(Object(Config\Paths))
12 SYSTEMPATH\rewrite.php(44): require_once('C:\\xampp\\htdocs\\ITE311-CASTILLO\\public\\index.php')
CRITICAL - 2025-12-05 14:32:26 --> [Caused by] CodeIgniter\Database\Exceptions\DatabaseException: Unknown column 'enrollments.status' in 'where clause'
in SYSTEMPATH\Database\MySQLi\Connection.php on line 332.
 1 SYSTEMPATH\Database\BaseConnection.php(729): CodeIgniter\Database\MySQLi\Connection->execute('SELECT `enrollments`.*, `courses`.`id` as `course_id`, `courses`.`title`, `courses`.`description`, `courses`.`course_number`, `enrollments`.`enrollment_date`
FROM `enrollments`
INNER JOIN `courses` ON `courses`.`id` = `enrollments`.`course_id`
WHERE `enrollments`.`user_id` = 35
AND `enrollments`.`status` = \'approved\'
AND `enrollment_date` >= \'2025-08-05 14:32:26\'
ORDER BY `enrollment_date` DESC')
 2 SYSTEMPATH\Database\BaseConnection.php(646): CodeIgniter\Database\BaseConnection->simpleQuery('SELECT `enrollments`.*, `courses`.`id` as `course_id`, `courses`.`title`, `courses`.`description`, `courses`.`course_number`, `enrollments`.`enrollment_date`
FROM `enrollments`
INNER JOIN `courses` ON `courses`.`id` = `enrollments`.`course_id`
WHERE `enrollments`.`user_id` = 35
AND `enrollments`.`status` = \'approved\'
AND `enrollment_date` >= \'2025-08-05 14:32:26\'
ORDER BY `enrollment_date` DESC')
 3 SYSTEMPATH\Database\BaseBuilder.php(1649): CodeIgniter\Database\BaseConnection->query('SELECT `enrollments`.*, `courses`.`id` as `course_id`, `courses`.`title`, `courses`.`description`, `courses`.`course_number`, `enrollments`.`enrollment_date`
FROM `enrollments`
INNER JOIN `courses` ON `courses`.`id` = `enrollments`.`course_id`
WHERE `enrollments`.`user_id` = :enrollments.user_id:
AND `enrollments`.`status` = :enrollments.status:
AND `enrollment_date` >= :enrollment_date:
ORDER BY `enrollment_date` DESC', [...], false)
 4 SYSTEMPATH\Model.php(286): CodeIgniter\Database\BaseBuilder->get()
 5 SYSTEMPATH\BaseModel.php(677): CodeIgniter\Model->doFindAll(0, 0)
 6 APPPATH\Models\EnrollmentModel.php(47): CodeIgniter\BaseModel->findAll()
 7 APPPATH\Controllers\Student\Enrollments.php(24): App\Models\EnrollmentModel->getUserEnrollments(35)
 8 SYSTEMPATH\CodeIgniter.php(933): App\Controllers\Student\Enrollments->index()
 9 SYSTEMPATH\CodeIgniter.php(507): CodeIgniter\CodeIgniter->runController(Object(App\Controllers\Student\Enrollments))
10 SYSTEMPATH\CodeIgniter.php(354): CodeIgniter\CodeIgniter->handleRequest(null, Object(Config\Cache), false)
11 SYSTEMPATH\Boot.php(363): CodeIgniter\CodeIgniter->run()
12 SYSTEMPATH\Boot.php(68): CodeIgniter\Boot::runCodeIgniter(Object(CodeIgniter\CodeIgniter))
13 FCPATH\index.php(70): CodeIgniter\Boot::bootWeb(Object(Config\Paths))
14 SYSTEMPATH\rewrite.php(44): require_once('C:\\xampp\\htdocs\\ITE311-CASTILLO\\public\\index.php')
CRITICAL - 2025-12-05 14:32:26 --> [Caused by] mysqli_sql_exception: Unknown column 'enrollments.status' in 'where clause'
in SYSTEMPATH\Database\MySQLi\Connection.php on line 327.
 1 SYSTEMPATH\Database\MySQLi\Connection.php(327): mysqli->query('SELECT `enrollments`.*, `courses`.`id` as `course_id`, `courses`.`title`, `courses`.`description`, `courses`.`course_number`, `enrollments`.`enrollment_date`
FROM `enrollments`
INNER JOIN `courses` ON `courses`.`id` = `enrollments`.`course_id`
WHERE `enrollments`.`user_id` = 35
AND `enrollments`.`status` = \'approved\'
AND `enrollment_date` >= \'2025-08-05 14:32:26\'
ORDER BY `enrollment_date` DESC', 0)
 2 SYSTEMPATH\Database\BaseConnection.php(729): CodeIgniter\Database\MySQLi\Connection->execute('SELECT `enrollments`.*, `courses`.`id` as `course_id`, `courses`.`title`, `courses`.`description`, `courses`.`course_number`, `enrollments`.`enrollment_date`
FROM `enrollments`
INNER JOIN `courses` ON `courses`.`id` = `enrollments`.`course_id`
WHERE `enrollments`.`user_id` = 35
AND `enrollments`.`status` = \'approved\'
AND `enrollment_date` >= \'2025-08-05 14:32:26\'
ORDER BY `enrollment_date` DESC')
 3 SYSTEMPATH\Database\BaseConnection.php(646): CodeIgniter\Database\BaseConnection->simpleQuery('SELECT `enrollments`.*, `courses`.`id` as `course_id`, `courses`.`title`, `courses`.`description`, `courses`.`course_number`, `enrollments`.`enrollment_date`
FROM `enrollments`
INNER JOIN `courses` ON `courses`.`id` = `enrollments`.`course_id`
WHERE `enrollments`.`user_id` = 35
AND `enrollments`.`status` = \'approved\'
AND `enrollment_date` >= \'2025-08-05 14:32:26\'
ORDER BY `enrollment_date` DESC')
 4 SYSTEMPATH\Database\BaseBuilder.php(1649): CodeIgniter\Database\BaseConnection->query('SELECT `enrollments`.*, `courses`.`id` as `course_id`, `courses`.`title`, `courses`.`description`, `courses`.`course_number`, `enrollments`.`enrollment_date`
FROM `enrollments`
INNER JOIN `courses` ON `courses`.`id` = `enrollments`.`course_id`
WHERE `enrollments`.`user_id` = :enrollments.user_id:
AND `enrollments`.`status` = :enrollments.status:
AND `enrollment_date` >= :enrollment_date:
ORDER BY `enrollment_date` DESC', [...], false)
 5 SYSTEMPATH\Model.php(286): CodeIgniter\Database\BaseBuilder->get()
 6 SYSTEMPATH\BaseModel.php(677): CodeIgniter\Model->doFindAll(0, 0)
 7 APPPATH\Models\EnrollmentModel.php(47): CodeIgniter\BaseModel->findAll()
 8 APPPATH\Controllers\Student\Enrollments.php(24): App\Models\EnrollmentModel->getUserEnrollments(35)
 9 SYSTEMPATH\CodeIgniter.php(933): App\Controllers\Student\Enrollments->index()
10 SYSTEMPATH\CodeIgniter.php(507): CodeIgniter\CodeIgniter->runController(Object(App\Controllers\Student\Enrollments))
11 SYSTEMPATH\CodeIgniter.php(354): CodeIgniter\CodeIgniter->handleRequest(null, Object(Config\Cache), false)
12 SYSTEMPATH\Boot.php(363): CodeIgniter\CodeIgniter->run()
13 SYSTEMPATH\Boot.php(68): CodeIgniter\Boot::runCodeIgniter(Object(CodeIgniter\CodeIgniter))
14 FCPATH\index.php(70): CodeIgniter\Boot::bootWeb(Object(Config\Paths))
15 SYSTEMPATH\rewrite.php(44): require_once('C:\\xampp\\htdocs\\ITE311-CASTILLO\\public\\index.php')
ERROR - 2025-12-05 14:32:29 --> mysqli_sql_exception: Unknown column 'status' in 'where clause' in C:\xampp\htdocs\ITE311-CASTILLO\system\Database\MySQLi\Connection.php:327
Stack trace:
#0 C:\xampp\htdocs\ITE311-CASTILLO\system\Database\MySQLi\Connection.php(327): mysqli->query('SELECT COUNT(*)...', 0)
#1 C:\xampp\htdocs\ITE311-CASTILLO\system\Database\BaseConnection.php(729): CodeIgniter\Database\MySQLi\Connection->execute('SELECT COUNT(*)...')
#2 C:\xampp\htdocs\ITE311-CASTILLO\system\Database\BaseConnection.php(646): CodeIgniter\Database\BaseConnection->simpleQuery('SELECT COUNT(*)...')
#3 C:\xampp\htdocs\ITE311-CASTILLO\system\Database\BaseBuilder.php(1733): CodeIgniter\Database\BaseConnection->query('SELECT COUNT(*)...', Array, false)
#4 C:\xampp\htdocs\ITE311-CASTILLO\app\Controllers\Student.php(36): CodeIgniter\Database\BaseBuilder->countAllResults()
#5 C:\xampp\htdocs\ITE311-CASTILLO\system\CodeIgniter.php(933): App\Controllers\Student->dashboard()
#6 C:\xampp\htdocs\ITE311-CASTILLO\system\CodeIgniter.php(507): CodeIgniter\CodeIgniter->runController(Object(App\Controllers\Student))
#7 C:\xampp\htdocs\ITE311-CASTILLO\system\CodeIgniter.php(354): CodeIgniter\CodeIgniter->handleRequest(NULL, Object(Config\Cache), false)
#8 C:\xampp\htdocs\ITE311-CASTILLO\system\Boot.php(363): CodeIgniter\CodeIgniter->run()
#9 C:\xampp\htdocs\ITE311-CASTILLO\system\Boot.php(68): CodeIgniter\Boot::runCodeIgniter(Object(CodeIgniter\CodeIgniter))
#10 C:\xampp\htdocs\ITE311-CASTILLO\public\index.php(70): CodeIgniter\Boot::bootWeb(Object(Config\Paths))
#11 C:\xampp\htdocs\ITE311-CASTILLO\system\rewrite.php(44): require_once('C:\\xampp\\htdocs...')
#12 {main}
CRITICAL - 2025-12-05 14:32:29 --> CodeIgniter\Database\Exceptions\DatabaseException: Unknown column 'status' in 'where clause'
[Method: GET, Route: student/dashboard]
in SYSTEMPATH\Database\BaseConnection.php on line 684.
 1 SYSTEMPATH\Database\BaseBuilder.php(1733): CodeIgniter\Database\BaseConnection->query('SELECT COUNT(*) AS `numrows`
FROM `enrollments`
WHERE `user_id` = :user_id:
AND `status` = :status:
AND `enrollment_date` >= :enrollment_date:', [...], false)
 2 APPPATH\Controllers\Student.php(36): CodeIgniter\Database\BaseBuilder->countAllResults()
 3 SYSTEMPATH\CodeIgniter.php(933): App\Controllers\Student->dashboard()
 4 SYSTEMPATH\CodeIgniter.php(507): CodeIgniter\CodeIgniter->runController(Object(App\Controllers\Student))
 5 SYSTEMPATH\CodeIgniter.php(354): CodeIgniter\CodeIgniter->handleRequest(null, Object(Config\Cache), false)
 6 SYSTEMPATH\Boot.php(363): CodeIgniter\CodeIgniter->run()
 7 SYSTEMPATH\Boot.php(68): CodeIgniter\Boot::runCodeIgniter(Object(CodeIgniter\CodeIgniter))
 8 FCPATH\index.php(70): CodeIgniter\Boot::bootWeb(Object(Config\Paths))
 9 SYSTEMPATH\rewrite.php(44): require_once('C:\\xampp\\htdocs\\ITE311-CASTILLO\\public\\index.php')
CRITICAL - 2025-12-05 14:32:29 --> [Caused by] CodeIgniter\Database\Exceptions\DatabaseException: Unknown column 'status' in 'where clause'
in SYSTEMPATH\Database\MySQLi\Connection.php on line 332.
 1 SYSTEMPATH\Database\BaseConnection.php(729): CodeIgniter\Database\MySQLi\Connection->execute('SELECT COUNT(*) AS `numrows`
FROM `enrollments`
WHERE `user_id` = \'35\'
AND `status` = \'approved\'
AND `enrollment_date` >= \'2025-08-05 14:32:29\'')
 2 SYSTEMPATH\Database\BaseConnection.php(646): CodeIgniter\Database\BaseConnection->simpleQuery('SELECT COUNT(*) AS `numrows`
FROM `enrollments`
WHERE `user_id` = \'35\'
AND `status` = \'approved\'
AND `enrollment_date` >= \'2025-08-05 14:32:29\'')
 3 SYSTEMPATH\Database\BaseBuilder.php(1733): CodeIgniter\Database\BaseConnection->query('SELECT COUNT(*) AS `numrows`
FROM `enrollments`
WHERE `user_id` = :user_id:
AND `status` = :status:
AND `enrollment_date` >= :enrollment_date:', [...], false)
 4 APPPATH\Controllers\Student.php(36): CodeIgniter\Database\BaseBuilder->countAllResults()
 5 SYSTEMPATH\CodeIgniter.php(933): App\Controllers\Student->dashboard()
 6 SYSTEMPATH\CodeIgniter.php(507): CodeIgniter\CodeIgniter->runController(Object(App\Controllers\Student))
 7 SYSTEMPATH\CodeIgniter.php(354): CodeIgniter\CodeIgniter->handleRequest(null, Object(Config\Cache), false)
 8 SYSTEMPATH\Boot.php(363): CodeIgniter\CodeIgniter->run()
 9 SYSTEMPATH\Boot.php(68): CodeIgniter\Boot::runCodeIgniter(Object(CodeIgniter\CodeIgniter))
10 FCPATH\index.php(70): CodeIgniter\Boot::bootWeb(Object(Config\Paths))
11 SYSTEMPATH\rewrite.php(44): require_once('C:\\xampp\\htdocs\\ITE311-CASTILLO\\public\\index.php')
CRITICAL - 2025-12-05 14:32:29 --> [Caused by] mysqli_sql_exception: Unknown column 'status' in 'where clause'
in SYSTEMPATH\Database\MySQLi\Connection.php on line 327.
 1 SYSTEMPATH\Database\MySQLi\Connection.php(327): mysqli->query('SELECT COUNT(*) AS `numrows`
FROM `enrollments`
WHERE `user_id` = \'35\'
AND `status` = \'approved\'
AND `enrollment_date` >= \'2025-08-05 14:32:29\'', 0)
 2 SYSTEMPATH\Database\BaseConnection.php(729): CodeIgniter\Database\MySQLi\Connection->execute('SELECT COUNT(*) AS `numrows`
FROM `enrollments`
WHERE `user_id` = \'35\'
AND `status` = \'approved\'
AND `enrollment_date` >= \'2025-08-05 14:32:29\'')
 3 SYSTEMPATH\Database\BaseConnection.php(646): CodeIgniter\Database\BaseConnection->simpleQuery('SELECT COUNT(*) AS `numrows`
FROM `enrollments`
WHERE `user_id` = \'35\'
AND `status` = \'approved\'
AND `enrollment_date` >= \'2025-08-05 14:32:29\'')
 4 SYSTEMPATH\Database\BaseBuilder.php(1733): CodeIgniter\Database\BaseConnection->query('SELECT COUNT(*) AS `numrows`
FROM `enrollments`
WHERE `user_id` = :user_id:
AND `status` = :status:
AND `enrollment_date` >= :enrollment_date:', [...], false)
 5 APPPATH\Controllers\Student.php(36): CodeIgniter\Database\BaseBuilder->countAllResults()
 6 SYSTEMPATH\CodeIgniter.php(933): App\Controllers\Student->dashboard()
 7 SYSTEMPATH\CodeIgniter.php(507): CodeIgniter\CodeIgniter->runController(Object(App\Controllers\Student))
 8 SYSTEMPATH\CodeIgniter.php(354): CodeIgniter\CodeIgniter->handleRequest(null, Object(Config\Cache), false)
 9 SYSTEMPATH\Boot.php(363): CodeIgniter\CodeIgniter->run()
10 SYSTEMPATH\Boot.php(68): CodeIgniter\Boot::runCodeIgniter(Object(CodeIgniter\CodeIgniter))
11 FCPATH\index.php(70): CodeIgniter\Boot::bootWeb(Object(Config\Paths))
12 SYSTEMPATH\rewrite.php(44): require_once('C:\\xampp\\htdocs\\ITE311-CASTILLO\\public\\index.php')
ERROR - 2025-12-05 14:32:32 --> mysqli_sql_exception: Unknown column 'status' in 'where clause' in C:\xampp\htdocs\ITE311-CASTILLO\system\Database\MySQLi\Connection.php:327
Stack trace:
#0 C:\xampp\htdocs\ITE311-CASTILLO\system\Database\MySQLi\Connection.php(327): mysqli->query('SELECT COUNT(*)...', 0)
#1 C:\xampp\htdocs\ITE311-CASTILLO\system\Database\BaseConnection.php(729): CodeIgniter\Database\MySQLi\Connection->execute('SELECT COUNT(*)...')
#2 C:\xampp\htdocs\ITE311-CASTILLO\system\Database\BaseConnection.php(646): CodeIgniter\Database\BaseConnection->simpleQuery('SELECT COUNT(*)...')
#3 C:\xampp\htdocs\ITE311-CASTILLO\system\Database\BaseBuilder.php(1733): CodeIgniter\Database\BaseConnection->query('SELECT COUNT(*)...', Array, false)
#4 C:\xampp\htdocs\ITE311-CASTILLO\app\Controllers\Student.php(36): CodeIgniter\Database\BaseBuilder->countAllResults()
#5 C:\xampp\htdocs\ITE311-CASTILLO\system\CodeIgniter.php(933): App\Controllers\Student->dashboard()
#6 C:\xampp\htdocs\ITE311-CASTILLO\system\CodeIgniter.php(507): CodeIgniter\CodeIgniter->runController(Object(App\Controllers\Student))
#7 C:\xampp\htdocs\ITE311-CASTILLO\system\CodeIgniter.php(354): CodeIgniter\CodeIgniter->handleRequest(NULL, Object(Config\Cache), false)
#8 C:\xampp\htdocs\ITE311-CASTILLO\system\Boot.php(363): CodeIgniter\CodeIgniter->run()
#9 C:\xampp\htdocs\ITE311-CASTILLO\system\Boot.php(68): CodeIgniter\Boot::runCodeIgniter(Object(CodeIgniter\CodeIgniter))
#10 C:\xampp\htdocs\ITE311-CASTILLO\public\index.php(70): CodeIgniter\Boot::bootWeb(Object(Config\Paths))
#11 C:\xampp\htdocs\ITE311-CASTILLO\system\rewrite.php(44): require_once('C:\\xampp\\htdocs...')
#12 {main}
CRITICAL - 2025-12-05 14:32:32 --> CodeIgniter\Database\Exceptions\DatabaseException: Unknown column 'status' in 'where clause'
[Method: GET, Route: student/dashboard]
in SYSTEMPATH\Database\BaseConnection.php on line 684.
 1 SYSTEMPATH\Database\BaseBuilder.php(1733): CodeIgniter\Database\BaseConnection->query('SELECT COUNT(*) AS `numrows`
FROM `enrollments`
WHERE `user_id` = :user_id:
AND `status` = :status:
AND `enrollment_date` >= :enrollment_date:', [...], false)
 2 APPPATH\Controllers\Student.php(36): CodeIgniter\Database\BaseBuilder->countAllResults()
 3 SYSTEMPATH\CodeIgniter.php(933): App\Controllers\Student->dashboard()
 4 SYSTEMPATH\CodeIgniter.php(507): CodeIgniter\CodeIgniter->runController(Object(App\Controllers\Student))
 5 SYSTEMPATH\CodeIgniter.php(354): CodeIgniter\CodeIgniter->handleRequest(null, Object(Config\Cache), false)
 6 SYSTEMPATH\Boot.php(363): CodeIgniter\CodeIgniter->run()
 7 SYSTEMPATH\Boot.php(68): CodeIgniter\Boot::runCodeIgniter(Object(CodeIgniter\CodeIgniter))
 8 FCPATH\index.php(70): CodeIgniter\Boot::bootWeb(Object(Config\Paths))
 9 SYSTEMPATH\rewrite.php(44): require_once('C:\\xampp\\htdocs\\ITE311-CASTILLO\\public\\index.php')
CRITICAL - 2025-12-05 14:32:32 --> [Caused by] CodeIgniter\Database\Exceptions\DatabaseException: Unknown column 'status' in 'where clause'
in SYSTEMPATH\Database\MySQLi\Connection.php on line 332.
 1 SYSTEMPATH\Database\BaseConnection.php(729): CodeIgniter\Database\MySQLi\Connection->execute('SELECT COUNT(*) AS `numrows`
FROM `enrollments`
WHERE `user_id` = \'35\'
AND `status` = \'approved\'
AND `enrollment_date` >= \'2025-08-05 14:32:32\'')
 2 SYSTEMPATH\Database\BaseConnection.php(646): CodeIgniter\Database\BaseConnection->simpleQuery('SELECT COUNT(*) AS `numrows`
FROM `enrollments`
WHERE `user_id` = \'35\'
AND `status` = \'approved\'
AND `enrollment_date` >= \'2025-08-05 14:32:32\'')
 3 SYSTEMPATH\Database\BaseBuilder.php(1733): CodeIgniter\Database\BaseConnection->query('SELECT COUNT(*) AS `numrows`
FROM `enrollments`
WHERE `user_id` = :user_id:
AND `status` = :status:
AND `enrollment_date` >= :enrollment_date:', [...], false)
 4 APPPATH\Controllers\Student.php(36): CodeIgniter\Database\BaseBuilder->countAllResults()
 5 SYSTEMPATH\CodeIgniter.php(933): App\Controllers\Student->dashboard()
 6 SYSTEMPATH\CodeIgniter.php(507): CodeIgniter\CodeIgniter->runController(Object(App\Controllers\Student))
 7 SYSTEMPATH\CodeIgniter.php(354): CodeIgniter\CodeIgniter->handleRequest(null, Object(Config\Cache), false)
 8 SYSTEMPATH\Boot.php(363): CodeIgniter\CodeIgniter->run()
 9 SYSTEMPATH\Boot.php(68): CodeIgniter\Boot::runCodeIgniter(Object(CodeIgniter\CodeIgniter))
10 FCPATH\index.php(70): CodeIgniter\Boot::bootWeb(Object(Config\Paths))
11 SYSTEMPATH\rewrite.php(44): require_once('C:\\xampp\\htdocs\\ITE311-CASTILLO\\public\\index.php')
CRITICAL - 2025-12-05 14:32:32 --> [Caused by] mysqli_sql_exception: Unknown column 'status' in 'where clause'
in SYSTEMPATH\Database\MySQLi\Connection.php on line 327.
 1 SYSTEMPATH\Database\MySQLi\Connection.php(327): mysqli->query('SELECT COUNT(*) AS `numrows`
FROM `enrollments`
WHERE `user_id` = \'35\'
AND `status` = \'approved\'
AND `enrollment_date` >= \'2025-08-05 14:32:32\'', 0)
 2 SYSTEMPATH\Database\BaseConnection.php(729): CodeIgniter\Database\MySQLi\Connection->execute('SELECT COUNT(*) AS `numrows`
FROM `enrollments`
WHERE `user_id` = \'35\'
AND `status` = \'approved\'
AND `enrollment_date` >= \'2025-08-05 14:32:32\'')
 3 SYSTEMPATH\Database\BaseConnection.php(646): CodeIgniter\Database\BaseConnection->simpleQuery('SELECT COUNT(*) AS `numrows`
FROM `enrollments`
WHERE `user_id` = \'35\'
AND `status` = \'approved\'
AND `enrollment_date` >= \'2025-08-05 14:32:32\'')
 4 SYSTEMPATH\Database\BaseBuilder.php(1733): CodeIgniter\Database\BaseConnection->query('SELECT COUNT(*) AS `numrows`
FROM `enrollments`
WHERE `user_id` = :user_id:
AND `status` = :status:
AND `enrollment_date` >= :enrollment_date:', [...], false)
 5 APPPATH\Controllers\Student.php(36): CodeIgniter\Database\BaseBuilder->countAllResults()
 6 SYSTEMPATH\CodeIgniter.php(933): App\Controllers\Student->dashboard()
 7 SYSTEMPATH\CodeIgniter.php(507): CodeIgniter\CodeIgniter->runController(Object(App\Controllers\Student))
 8 SYSTEMPATH\CodeIgniter.php(354): CodeIgniter\CodeIgniter->handleRequest(null, Object(Config\Cache), false)
 9 SYSTEMPATH\Boot.php(363): CodeIgniter\CodeIgniter->run()
10 SYSTEMPATH\Boot.php(68): CodeIgniter\Boot::runCodeIgniter(Object(CodeIgniter\CodeIgniter))
11 FCPATH\index.php(70): CodeIgniter\Boot::bootWeb(Object(Config\Paths))
12 SYSTEMPATH\rewrite.php(44): require_once('C:\\xampp\\htdocs\\ITE311-CASTILLO\\public\\index.php')
ERROR - 2025-12-05 14:32:36 --> mysqli_sql_exception: Unknown column 'status' in 'where clause' in C:\xampp\htdocs\ITE311-CASTILLO\system\Database\MySQLi\Connection.php:327
Stack trace:
#0 C:\xampp\htdocs\ITE311-CASTILLO\system\Database\MySQLi\Connection.php(327): mysqli->query('SELECT COUNT(*)...', 0)
#1 C:\xampp\htdocs\ITE311-CASTILLO\system\Database\BaseConnection.php(729): CodeIgniter\Database\MySQLi\Connection->execute('SELECT COUNT(*)...')
#2 C:\xampp\htdocs\ITE311-CASTILLO\system\Database\BaseConnection.php(646): CodeIgniter\Database\BaseConnection->simpleQuery('SELECT COUNT(*)...')
#3 C:\xampp\htdocs\ITE311-CASTILLO\system\Database\BaseBuilder.php(1733): CodeIgniter\Database\BaseConnection->query('SELECT COUNT(*)...', Array, false)
#4 C:\xampp\htdocs\ITE311-CASTILLO\app\Controllers\Student.php(36): CodeIgniter\Database\BaseBuilder->countAllResults()
#5 C:\xampp\htdocs\ITE311-CASTILLO\system\CodeIgniter.php(933): App\Controllers\Student->dashboard()
#6 C:\xampp\htdocs\ITE311-CASTILLO\system\CodeIgniter.php(507): CodeIgniter\CodeIgniter->runController(Object(App\Controllers\Student))
#7 C:\xampp\htdocs\ITE311-CASTILLO\system\CodeIgniter.php(354): CodeIgniter\CodeIgniter->handleRequest(NULL, Object(Config\Cache), false)
#8 C:\xampp\htdocs\ITE311-CASTILLO\system\Boot.php(363): CodeIgniter\CodeIgniter->run()
#9 C:\xampp\htdocs\ITE311-CASTILLO\system\Boot.php(68): CodeIgniter\Boot::runCodeIgniter(Object(CodeIgniter\CodeIgniter))
#10 C:\xampp\htdocs\ITE311-CASTILLO\public\index.php(70): CodeIgniter\Boot::bootWeb(Object(Config\Paths))
#11 C:\xampp\htdocs\ITE311-CASTILLO\system\rewrite.php(44): require_once('C:\\xampp\\htdocs...')
#12 {main}
CRITICAL - 2025-12-05 14:32:36 --> CodeIgniter\Database\Exceptions\DatabaseException: Unknown column 'status' in 'where clause'
[Method: GET, Route: student/dashboard]
in SYSTEMPATH\Database\BaseConnection.php on line 684.
 1 SYSTEMPATH\Database\BaseBuilder.php(1733): CodeIgniter\Database\BaseConnection->query('SELECT COUNT(*) AS `numrows`
FROM `enrollments`
WHERE `user_id` = :user_id:
AND `status` = :status:
AND `enrollment_date` >= :enrollment_date:', [...], false)
 2 APPPATH\Controllers\Student.php(36): CodeIgniter\Database\BaseBuilder->countAllResults()
 3 SYSTEMPATH\CodeIgniter.php(933): App\Controllers\Student->dashboard()
 4 SYSTEMPATH\CodeIgniter.php(507): CodeIgniter\CodeIgniter->runController(Object(App\Controllers\Student))
 5 SYSTEMPATH\CodeIgniter.php(354): CodeIgniter\CodeIgniter->handleRequest(null, Object(Config\Cache), false)
 6 SYSTEMPATH\Boot.php(363): CodeIgniter\CodeIgniter->run()
 7 SYSTEMPATH\Boot.php(68): CodeIgniter\Boot::runCodeIgniter(Object(CodeIgniter\CodeIgniter))
 8 FCPATH\index.php(70): CodeIgniter\Boot::bootWeb(Object(Config\Paths))
 9 SYSTEMPATH\rewrite.php(44): require_once('C:\\xampp\\htdocs\\ITE311-CASTILLO\\public\\index.php')
CRITICAL - 2025-12-05 14:32:36 --> [Caused by] CodeIgniter\Database\Exceptions\DatabaseException: Unknown column 'status' in 'where clause'
in SYSTEMPATH\Database\MySQLi\Connection.php on line 332.
 1 SYSTEMPATH\Database\BaseConnection.php(729): CodeIgniter\Database\MySQLi\Connection->execute('SELECT COUNT(*) AS `numrows`
FROM `enrollments`
WHERE `user_id` = \'35\'
AND `status` = \'approved\'
AND `enrollment_date` >= \'2025-08-05 14:32:36\'')
 2 SYSTEMPATH\Database\BaseConnection.php(646): CodeIgniter\Database\BaseConnection->simpleQuery('SELECT COUNT(*) AS `numrows`
FROM `enrollments`
WHERE `user_id` = \'35\'
AND `status` = \'approved\'
AND `enrollment_date` >= \'2025-08-05 14:32:36\'')
 3 SYSTEMPATH\Database\BaseBuilder.php(1733): CodeIgniter\Database\BaseConnection->query('SELECT COUNT(*) AS `numrows`
FROM `enrollments`
WHERE `user_id` = :user_id:
AND `status` = :status:
AND `enrollment_date` >= :enrollment_date:', [...], false)
 4 APPPATH\Controllers\Student.php(36): CodeIgniter\Database\BaseBuilder->countAllResults()
 5 SYSTEMPATH\CodeIgniter.php(933): App\Controllers\Student->dashboard()
 6 SYSTEMPATH\CodeIgniter.php(507): CodeIgniter\CodeIgniter->runController(Object(App\Controllers\Student))
 7 SYSTEMPATH\CodeIgniter.php(354): CodeIgniter\CodeIgniter->handleRequest(null, Object(Config\Cache), false)
 8 SYSTEMPATH\Boot.php(363): CodeIgniter\CodeIgniter->run()
 9 SYSTEMPATH\Boot.php(68): CodeIgniter\Boot::runCodeIgniter(Object(CodeIgniter\CodeIgniter))
10 FCPATH\index.php(70): CodeIgniter\Boot::bootWeb(Object(Config\Paths))
11 SYSTEMPATH\rewrite.php(44): require_once('C:\\xampp\\htdocs\\ITE311-CASTILLO\\public\\index.php')
CRITICAL - 2025-12-05 14:32:36 --> [Caused by] mysqli_sql_exception: Unknown column 'status' in 'where clause'
in SYSTEMPATH\Database\MySQLi\Connection.php on line 327.
 1 SYSTEMPATH\Database\MySQLi\Connection.php(327): mysqli->query('SELECT COUNT(*) AS `numrows`
FROM `enrollments`
WHERE `user_id` = \'35\'
AND `status` = \'approved\'
AND `enrollment_date` >= \'2025-08-05 14:32:36\'', 0)
 2 SYSTEMPATH\Database\BaseConnection.php(729): CodeIgniter\Database\MySQLi\Connection->execute('SELECT COUNT(*) AS `numrows`
FROM `enrollments`
WHERE `user_id` = \'35\'
AND `status` = \'approved\'
AND `enrollment_date` >= \'2025-08-05 14:32:36\'')
 3 SYSTEMPATH\Database\BaseConnection.php(646): CodeIgniter\Database\BaseConnection->simpleQuery('SELECT COUNT(*) AS `numrows`
FROM `enrollments`
WHERE `user_id` = \'35\'
AND `status` = \'approved\'
AND `enrollment_date` >= \'2025-08-05 14:32:36\'')
 4 SYSTEMPATH\Database\BaseBuilder.php(1733): CodeIgniter\Database\BaseConnection->query('SELECT COUNT(*) AS `numrows`
FROM `enrollments`
WHERE `user_id` = :user_id:
AND `status` = :status:
AND `enrollment_date` >= :enrollment_date:', [...], false)
 5 APPPATH\Controllers\Student.php(36): CodeIgniter\Database\BaseBuilder->countAllResults()
 6 SYSTEMPATH\CodeIgniter.php(933): App\Controllers\Student->dashboard()
 7 SYSTEMPATH\CodeIgniter.php(507): CodeIgniter\CodeIgniter->runController(Object(App\Controllers\Student))
 8 SYSTEMPATH\CodeIgniter.php(354): CodeIgniter\CodeIgniter->handleRequest(null, Object(Config\Cache), false)
 9 SYSTEMPATH\Boot.php(363): CodeIgniter\CodeIgniter->run()
10 SYSTEMPATH\Boot.php(68): CodeIgniter\Boot::runCodeIgniter(Object(CodeIgniter\CodeIgniter))
11 FCPATH\index.php(70): CodeIgniter\Boot::bootWeb(Object(Config\Paths))
12 SYSTEMPATH\rewrite.php(44): require_once('C:\\xampp\\htdocs\\ITE311-CASTILLO\\public\\index.php')
ERROR - 2025-12-05 14:32:41 --> mysqli_sql_exception: Unknown column 'status' in 'where clause' in C:\xampp\htdocs\ITE311-CASTILLO\system\Database\MySQLi\Connection.php:327
Stack trace:
#0 C:\xampp\htdocs\ITE311-CASTILLO\system\Database\MySQLi\Connection.php(327): mysqli->query('SELECT COUNT(*)...', 0)
#1 C:\xampp\htdocs\ITE311-CASTILLO\system\Database\BaseConnection.php(729): CodeIgniter\Database\MySQLi\Connection->execute('SELECT COUNT(*)...')
#2 C:\xampp\htdocs\ITE311-CASTILLO\system\Database\BaseConnection.php(646): CodeIgniter\Database\BaseConnection->simpleQuery('SELECT COUNT(*)...')
#3 C:\xampp\htdocs\ITE311-CASTILLO\system\Database\BaseBuilder.php(1733): CodeIgniter\Database\BaseConnection->query('SELECT COUNT(*)...', Array, false)
#4 C:\xampp\htdocs\ITE311-CASTILLO\app\Controllers\Student.php(36): CodeIgniter\Database\BaseBuilder->countAllResults()
#5 C:\xampp\htdocs\ITE311-CASTILLO\system\CodeIgniter.php(933): App\Controllers\Student->dashboard()
#6 C:\xampp\htdocs\ITE311-CASTILLO\system\CodeIgniter.php(507): CodeIgniter\CodeIgniter->runController(Object(App\Controllers\Student))
#7 C:\xampp\htdocs\ITE311-CASTILLO\system\CodeIgniter.php(354): CodeIgniter\CodeIgniter->handleRequest(NULL, Object(Config\Cache), false)
#8 C:\xampp\htdocs\ITE311-CASTILLO\system\Boot.php(363): CodeIgniter\CodeIgniter->run()
#9 C:\xampp\htdocs\ITE311-CASTILLO\system\Boot.php(68): CodeIgniter\Boot::runCodeIgniter(Object(CodeIgniter\CodeIgniter))
#10 C:\xampp\htdocs\ITE311-CASTILLO\public\index.php(70): CodeIgniter\Boot::bootWeb(Object(Config\Paths))
#11 C:\xampp\htdocs\ITE311-CASTILLO\system\rewrite.php(44): require_once('C:\\xampp\\htdocs...')
#12 {main}
CRITICAL - 2025-12-05 14:32:41 --> CodeIgniter\Database\Exceptions\DatabaseException: Unknown column 'status' in 'where clause'
[Method: GET, Route: student/dashboard]
in SYSTEMPATH\Database\BaseConnection.php on line 684.
 1 SYSTEMPATH\Database\BaseBuilder.php(1733): CodeIgniter\Database\BaseConnection->query('SELECT COUNT(*) AS `numrows`
FROM `enrollments`
WHERE `user_id` = :user_id:
AND `status` = :status:
AND `enrollment_date` >= :enrollment_date:', [...], false)
 2 APPPATH\Controllers\Student.php(36): CodeIgniter\Database\BaseBuilder->countAllResults()
 3 SYSTEMPATH\CodeIgniter.php(933): App\Controllers\Student->dashboard()
 4 SYSTEMPATH\CodeIgniter.php(507): CodeIgniter\CodeIgniter->runController(Object(App\Controllers\Student))
 5 SYSTEMPATH\CodeIgniter.php(354): CodeIgniter\CodeIgniter->handleRequest(null, Object(Config\Cache), false)
 6 SYSTEMPATH\Boot.php(363): CodeIgniter\CodeIgniter->run()
 7 SYSTEMPATH\Boot.php(68): CodeIgniter\Boot::runCodeIgniter(Object(CodeIgniter\CodeIgniter))
 8 FCPATH\index.php(70): CodeIgniter\Boot::bootWeb(Object(Config\Paths))
 9 SYSTEMPATH\rewrite.php(44): require_once('C:\\xampp\\htdocs\\ITE311-CASTILLO\\public\\index.php')
CRITICAL - 2025-12-05 14:32:41 --> [Caused by] CodeIgniter\Database\Exceptions\DatabaseException: Unknown column 'status' in 'where clause'
in SYSTEMPATH\Database\MySQLi\Connection.php on line 332.
 1 SYSTEMPATH\Database\BaseConnection.php(729): CodeIgniter\Database\MySQLi\Connection->execute('SELECT COUNT(*) AS `numrows`
FROM `enrollments`
WHERE `user_id` = \'35\'
AND `status` = \'approved\'
AND `enrollment_date` >= \'2025-08-05 14:32:41\'')
 2 SYSTEMPATH\Database\BaseConnection.php(646): CodeIgniter\Database\BaseConnection->simpleQuery('SELECT COUNT(*) AS `numrows`
FROM `enrollments`
WHERE `user_id` = \'35\'
AND `status` = \'approved\'
AND `enrollment_date` >= \'2025-08-05 14:32:41\'')
 3 SYSTEMPATH\Database\BaseBuilder.php(1733): CodeIgniter\Database\BaseConnection->query('SELECT COUNT(*) AS `numrows`
FROM `enrollments`
WHERE `user_id` = :user_id:
AND `status` = :status:
AND `enrollment_date` >= :enrollment_date:', [...], false)
 4 APPPATH\Controllers\Student.php(36): CodeIgniter\Database\BaseBuilder->countAllResults()
 5 SYSTEMPATH\CodeIgniter.php(933): App\Controllers\Student->dashboard()
 6 SYSTEMPATH\CodeIgniter.php(507): CodeIgniter\CodeIgniter->runController(Object(App\Controllers\Student))
 7 SYSTEMPATH\CodeIgniter.php(354): CodeIgniter\CodeIgniter->handleRequest(null, Object(Config\Cache), false)
 8 SYSTEMPATH\Boot.php(363): CodeIgniter\CodeIgniter->run()
 9 SYSTEMPATH\Boot.php(68): CodeIgniter\Boot::runCodeIgniter(Object(CodeIgniter\CodeIgniter))
10 FCPATH\index.php(70): CodeIgniter\Boot::bootWeb(Object(Config\Paths))
11 SYSTEMPATH\rewrite.php(44): require_once('C:\\xampp\\htdocs\\ITE311-CASTILLO\\public\\index.php')
CRITICAL - 2025-12-05 14:32:41 --> [Caused by] mysqli_sql_exception: Unknown column 'status' in 'where clause'
in SYSTEMPATH\Database\MySQLi\Connection.php on line 327.
 1 SYSTEMPATH\Database\MySQLi\Connection.php(327): mysqli->query('SELECT COUNT(*) AS `numrows`
FROM `enrollments`
WHERE `user_id` = \'35\'
AND `status` = \'approved\'
AND `enrollment_date` >= \'2025-08-05 14:32:41\'', 0)
 2 SYSTEMPATH\Database\BaseConnection.php(729): CodeIgniter\Database\MySQLi\Connection->execute('SELECT COUNT(*) AS `numrows`
FROM `enrollments`
WHERE `user_id` = \'35\'
AND `status` = \'approved\'
AND `enrollment_date` >= \'2025-08-05 14:32:41\'')
 3 SYSTEMPATH\Database\BaseConnection.php(646): CodeIgniter\Database\BaseConnection->simpleQuery('SELECT COUNT(*) AS `numrows`
FROM `enrollments`
WHERE `user_id` = \'35\'
AND `status` = \'approved\'
AND `enrollment_date` >= \'2025-08-05 14:32:41\'')
 4 SYSTEMPATH\Database\BaseBuilder.php(1733): CodeIgniter\Database\BaseConnection->query('SELECT COUNT(*) AS `numrows`
FROM `enrollments`
WHERE `user_id` = :user_id:
AND `status` = :status:
AND `enrollment_date` >= :enrollment_date:', [...], false)
 5 APPPATH\Controllers\Student.php(36): CodeIgniter\Database\BaseBuilder->countAllResults()
 6 SYSTEMPATH\CodeIgniter.php(933): App\Controllers\Student->dashboard()
 7 SYSTEMPATH\CodeIgniter.php(507): CodeIgniter\CodeIgniter->runController(Object(App\Controllers\Student))
 8 SYSTEMPATH\CodeIgniter.php(354): CodeIgniter\CodeIgniter->handleRequest(null, Object(Config\Cache), false)
 9 SYSTEMPATH\Boot.php(363): CodeIgniter\CodeIgniter->run()
10 SYSTEMPATH\Boot.php(68): CodeIgniter\Boot::runCodeIgniter(Object(CodeIgniter\CodeIgniter))
11 FCPATH\index.php(70): CodeIgniter\Boot::bootWeb(Object(Config\Paths))
12 SYSTEMPATH\rewrite.php(44): require_once('C:\\xampp\\htdocs\\ITE311-CASTILLO\\public\\index.php')
